alpha,fold,mse,mae,model,split
0.0001,0,15466.615997566094,89.22121841271822,Ridge,val
0.00014208308325339223,0,15466.62561285985,89.22124197056617,Ridge,val
0.00020187602546790388,0,15466.639275238025,89.22127544181834,Ridge,val
0.00028683168133420117,0,15466.658688521848,89.22132299786226,Ridge,val
0.0004075392965871778,0,15466.686274251193,89.22139056505429,Ridge,val
0.000579044398060249,0,15466.72547443019,89.22148656276175,Ridge,val
0.0008227241341700474,0,15466.78118240442,89.22162295151519,Ridge,val
0.0011689518164985776,0,15466.860356515253,89.22181672121005,Ridge,val
0.0016608827826277166,0,15466.972894947237,89.22209200358414,Ridge,val
0.0023598334667821936,0,15467.132884651808,89.22248306952343,Ridge,val
0.00335292414924956,0,15467.360387796256,89.22303857942525,Ridge,val
0.004763938010401341,0,15467.684004020055,89.22382760544646,Ridge,val
0.006768750009458534,0,15468.144559248394,89.22494815428246,Ridge,val
0.009617248711152965,0,15468.800443743274,89.22653920851123,Ridge,val
0.013664483492953258,0,15469.73539042688,89.22879769832474,Ridge,val
0.019414919457438815,0,15471.069913122112,89.23201826318089,Ridge,val
0.02758531617629184,0,15472.978324978063,89.23663886048132,Ridge,val
0.039194067748472214,0,15475.714427668758,89.24336298814755,Ridge,val
0.055688139909452726,0,15479.650948396074,89.2530751921719,Ridge,val
0.07912342618981326,0,15485.34119793069,89.26698685075087,Ridge,val
0.11242100350620873,0,15493.617191828476,89.28688707367981,Ridge,val
0.15973122800602557,0,15505.748016101039,89.31745240804896,Ridge,val
0.22695105366946708,0,15523.697072093875,89.363770845222,Ridge,val
0.3224590545296398,0,15550.537253165212,89.43334636238029,Ridge,val
0.45815976690544913,0,15591.103764482064,89.54249109237657,Ridge,val
0.6509675230458171,0,15652.964890580452,89.72913585166863,Ridge,val
0.9249147277217336,0,15747.722591917975,90.02617137217548,Ridge,val
1.3141473626117581,0,15892.438856461858,90.50218513008231,Ridge,val
1.8671810912919207,0,16110.578216739492,91.24676746482749,Ridge,val
2.6529484644319,0,16431.461594145265,92.31251014006348,Ridge,val
3.7693909753883634,0,16887.526917573847,93.76335667227308,Ridge,val
5.355666917706907,0,17510.531491219124,95.66268760043077,Ridge,val
7.609496685459884,0,18330.621510653506,98.11802137531352,Ridge,val
10.811807510766078,0,19382.4648774748,101.09626336470524,Ridge,val
15.361749466718296,0,20716.701516896246,104.67145625127397,Ridge,val
21.826447283974872,0,22405.317720494928,108.95924885784973,Ridge,val
31.011689265747815,0,24526.23859484621,114.14199365459089,Ridge,val
44.062364277735725,0,27124.513906224278,120.47854026593586,Ridge,val
62.60516572014828,0,30171.58141754829,127.80532065001297,Ridge,val
88.95134973108236,0,33559.57095556808,135.6694084114784,Ridge,val
126.38482029342997,0,37151.17809939515,143.7925767516652,Ridge,val
179.5714494371641,0,40864.02313611949,151.95746273965366,Ridge,val
255.14065200312925,0,44741.64946223899,160.2048138406325,Ridge,val
362.51170499885353,0,48976.12374958925,168.94737066975682,Ridge,val
515.0678076168133,0,53881.76691690127,178.58854079525926,Ridge,val
731.8242219076182,0,59853.36220693496,189.44694098514134,Ridge,val
1039.798418481492,0,67373.8807679987,201.8563072188539,Ridge,val
1477.3776525985127,0,77147.62263630482,216.61152366234572,Ridge,val
2099.1037201085546,0,90376.75901730754,235.0487735231374,Ridge,val
2982.471286216894,0,109090.60708553145,258.7372034740506,Ridge,val
4237.587160604064,0,136387.20550431425,290.30728545150725,Ridge,val
6020.894493336138,0,176464.9503083802,332.44316462250464,Ridge,val
8554.672535565684,0,234270.51683847635,386.9126497161666,Ridge,val
12154.742500762884,0,314495.74173295614,453.4618101360944,Ridge,val
17269.832906594394,0,419824.77294656,528.5726934689276,Ridge,val
24537.51106639817,0,548949.3518924306,608.476209388797,Ridge,val
34863.65227678088,0,695546.1569299268,688.1028811791509,Ridge,val
49535.3520895918,0,849279.4230282822,762.581159793077,Ridge,val
70381.35554931576,0,998631.4436776002,828.6433485343323,Ridge,val
100000.0,0,1134036.2663974315,884.4149465093816,Ridge,val
0.0001,1,42221.203393659576,147.12441049465392,Ridge,val
0.00014208308325339223,1,42221.17533621106,147.12438604107336,Ridge,val
0.00020187602546790388,1,42221.13547245958,147.1243512968794,Ridge,val
0.00028683168133420117,1,42221.07883510885,147.12430193168126,Ridge,val
0.0004075392965871778,1,42220.998367650864,147.12423179294083,Ridge,val
0.000579044398060249,1,42220.884046363295,147.1241321393817,Ridge,val
0.0008227241341700474,1,42220.72163403984,147.1239905520095,Ridge,val
0.0011689518164985776,1,42220.49091173325,147.1237893873372,Ridge,val
0.0016608827826277166,1,42220.163171323205,147.12350358054945,Ridge,val
0.0023598334667821936,1,42219.69766296745,147.1230975260871,Ridge,val
0.00335292414924956,1,42219.03656780178,147.12252064917288,Ridge,val
0.004763938010401341,1,42218.0978959093,147.12170112130028,Ridge,val
0.006768750009458534,1,42216.76547797258,147.12053694619325,Ridge,val
0.009617248711152965,1,42214.87491105384,147.11888332519285,Ridge,val
0.013664483492953258,1,42212.19392377277,147.11656419933396,Ridge,val
0.019414919457438815,1,42208.395148833,147.11333156618505,Ridge,val
0.02758531617629184,1,42203.018780485414,147.10876085555816,Ridge,val
0.039194067748472214,1,42195.422199530694,147.10227407815154,Ridge,val
0.055688139909452726,1,42184.713731971875,147.09314885880698,Ridge,val
0.07912342618981326,1,42169.66906500557,147.08062504485784,Ridge,val
0.11242100350620873,1,42148.63309977741,147.06357950783726,Ridge,val
0.15973122800602557,1,42119.42028798385,147.03988811885924,Ridge,val
0.22695105366946708,1,42079.248325315755,147.00735906661228,Ridge,val
0.3224590545296398,1,42024.78234282648,146.96378790399888,Ridge,val
0.45815976690544913,1,41952.441117570874,146.90567603817243,Ridge,val
0.6509675230458171,1,41859.231718842864,146.8304828822838,Ridge,val
0.9249147277217336,1,41744.5193022996,146.7401754486177,Ridge,val
1.3141473626117581,1,41613.21966211669,146.6449910769285,Ridge,val
1.8671810912919207,1,41480.70186624486,146.5970260147566,Ridge,val
2.6529484644319,1,41378.843659433645,146.70295146541517,Ridge,val
3.7693909753883634,1,41360.99646399264,147.13625621958553,Ridge,val
5.355666917706907,1,41501.94963735171,147.93306208333425,Ridge,val
7.609496685459884,1,41890.11677472632,149.12866086837468,Ridge,val
10.811807510766078,1,42616.0643958483,150.88472008296682,Ridge,val
15.361749466718296,1,43771.16941812867,153.06803952042648,Ridge,val
21.826447283974872,1,45470.17112293377,155.7541034936553,Ridge,val
31.011689265747815,1,47891.40733413928,159.55302748128523,Ridge,val
44.062364277735725,1,51299.30904564612,165.3082233415295,Ridge,val
62.60516572014828,1,56004.37531000839,173.5480891947168,Ridge,val
88.95134973108236,1,62247.54281502932,184.65220838405997,Ridge,val
126.38482029342997,1,70057.07368705721,198.5953562883173,Ridge,val
179.5714494371641,1,79166.84843764523,214.2434640980398,Ridge,val
255.14065200312925,1,89055.4106120969,230.07482506889508,Ridge,val
362.51170499885353,1,99085.4109388566,244.72474694168477,Ridge,val
515.0678076168133,1,108674.92354719077,257.5994564113986,Ridge,val
731.8242219076182,1,117449.99827434948,268.72523281385486,Ridge,val
1039.798418481492,1,125362.21682347202,278.70287952223015,Ridge,val
1477.3776525985127,1,132767.8507059006,288.41130841866845,Ridge,val
2099.1037201085546,1,140483.91053284617,299.0788579704421,Ridge,val
2982.471286216894,1,149883.6179486107,311.945044883267,Ridge,val
4237.587160604064,1,163130.35803549187,327.69582447430025,Ridge,val
6020.894493336138,1,183615.4961100357,348.60249393850535,Ridge,val
8554.672535565684,1,216528.7428930451,378.46570172478033,Ridge,val
12154.742500762884,1,269239.9646069987,421.02906222323196,Ridge,val
17269.832906594394,1,350871.2512635916,477.83422592299024,Ridge,val
24537.51106639817,1,470365.3229884502,550.7836392435078,Ridge,val
34863.65227678088,1,632971.8666478771,640.7511576578572,Ridge,val
49535.3520895918,1,836466.6038577273,744.3682243588614,Ridge,val
70381.35554931576,1,1069564.1460790718,851.5736146748789,Ridge,val
100000.0,1,1314249.7112821168,952.575160479881,Ridge,val
0.0001,2,23915.376608072173,109.8623248674824,Ridge,val
0.00014208308325339223,2,23915.382903094043,109.86234260349913,Ridge,val
0.00020187602546790388,2,23915.391847282455,109.86236780326803,Ridge,val
0.00028683168133420117,2,23915.404555515677,109.86240360765461,Ridge,val
0.0004075392965871778,2,23915.422611878326,109.86245447918812,Ridge,val
0.000579044398060249,2,23915.448267139735,109.86252675812979,Ridge,val
0.0008227241341700474,2,23915.484719383083,109.86262945246524,Ridge,val
0.0011689518164985776,2,23915.536512772047,109.8627753600731,Ridge,val
0.0016608827826277166,2,23915.61010427383,109.86298266270506,Ridge,val
0.0023598334667821936,2,23915.714669093668,109.8632771897345,Ridge,val
0.00335292414924956,2,23915.86324557429,109.8636956326637,Ridge,val
0.004763938010401341,2,23916.074362875253,109.86429010841167,Ridge,val
0.006768750009458534,2,23916.374355626074,109.86513463502945,Ridge,val
0.009617248711152965,2,23916.800656659587,109.86633431653779,Ridge,val
0.013664483492953258,2,23917.40648349511,109.86803836066225,Ridge,val
0.019414919457438815,2,23918.267513221315,109.87045850955523,Ridge,val
0.02758531617629184,2,23919.491398856477,109.87389509530087,Ridge,val
0.039194067748472214,2,23921.231355386197,109.8787737958001,Ridge,val
0.055688139909452726,2,23923.70559245882,109.88569732693416,Ridge,val
0.07912342618981326,2,23927.22518067909,109.89553192378744,Ridge,val
0.11242100350620873,2,23932.2341465225,109.90952296172995,Ridge,val
0.15973122800602557,2,23939.367411857926,109.92940513923526,Ridge,val
0.22695105366946708,2,23949.534961761183,109.9576353850625,Ridge,val
0.3224590545296398,2,23964.0448381015,109.99802924982407,Ridge,val
0.45815976690544913,2,23984.783891472987,110.05607493940143,Ridge,val
0.6509675230458171,2,24014.484365063865,110.13844805770293,Ridge,val
0.9249147277217336,2,24057.11629374839,110.25569771312357,Ridge,val
1.3141473626117581,2,24118.457444590902,110.42380031277243,Ridge,val
1.8671810912919207,2,24206.893161071228,110.65764694413578,Ridge,val
2.6529484644319,2,24334.460130999552,110.98990953485485,Ridge,val
3.7693909753883634,2,24518.018848769618,111.47704102895567,Ridge,val
5.355666917706907,2,24780.165100278085,112.16087254719336,Ridge,val
7.609496685459884,2,25149.12557243668,113.1055089220313,Ridge,val
10.811807510766078,2,25656.81959540674,114.41223056991413,Ridge,val
15.361749466718296,2,26335.326387118952,116.22607673961951,Ridge,val
21.826447283974872,2,27214.609795698958,118.53333690322944,Ridge,val
31.011689265747815,2,28326.67757857934,121.46795667338706,Ridge,val
44.062364277735725,2,29719.009355593178,125.04893802169995,Ridge,val
62.60516572014828,2,31471.196743673314,129.39663705615766,Ridge,val
88.95134973108236,2,33699.95361786497,134.7077695863051,Ridge,val
126.38482029342997,2,36540.15702529145,141.22251509700567,Ridge,val
179.5714494371641,2,40105.874913298314,148.87884226301867,Ridge,val
255.14065200312925,2,44452.73740049266,157.77272909108729,Ridge,val
362.51170499885353,2,49564.59850381895,167.70518137199892,Ridge,val
515.0678076168133,2,55371.39714070207,178.3764760724833,Ridge,val
731.8242219076182,2,61788.06291584385,189.4574837693779,Ridge,val
1039.798418481492,2,68763.13000008478,200.87380485221624,Ridge,val
1477.3776525985127,2,76343.09079827958,212.4615522516758,Ridge,val
2099.1037201085546,2,84783.60833948068,224.4263238695613,Ridge,val
2982.471286216894,2,94753.61473555458,237.12420048022594,Ridge,val
4237.587160604064,2,107666.4224202134,251.71382637966326,Ridge,val
6020.894493336138,2,126132.07191903517,270.42047797369935,Ridge,val
8554.672535565684,2,154476.77444192013,296.9084581930005,Ridge,val
12154.742500762884,2,199222.53728309183,334.9372776021553,Ridge,val
17269.832906594394,2,269309.6475976345,388.8327884834188,Ridge,val
24537.51106639817,2,375620.2243168343,462.4637547396298,Ridge,val
34863.65227678088,2,529146.48558472,555.5965714286358,Ridge,val
49535.3520895918,2,737403.9682412322,665.080483403476,Ridge,val
70381.35554931576,2,999902.7330432929,784.1973834124741,Ridge,val
100000.0,2,1305156.8653149365,905.1197591013291,Ridge,val
0.0001,3,13344.422561065167,87.02699829243932,Ridge,val
0.00014208308325339223,3,13344.425569046281,87.02700555909568,Ridge,val
0.00020187602546790388,3,13344.429842903048,87.02701588375612,Ridge,val
0.00028683168133420117,3,13344.435915381404,87.02703055329783,Ridge,val
0.0004075392965871778,3,13344.44454344819,87.02705139612402,Ridge,val
0.000579044398060249,3,13344.456802677965,87.02708101003044,Ridge,val
0.0008227241341700474,3,13344.474221388127,87.02712308593473,Ridge,val
0.0011689518164985776,3,13344.498971270166,87.02718286776519,Ridge,val
0.0016608827826277166,3,13344.534138364737,87.02726780579397,Ridge,val
0.0023598334667821936,3,13344.584108289588,87.02738848465995,Ridge,val
0.00335292414924956,3,13344.655114025489,87.02755994143018,Ridge,val
0.004763938010401341,3,13344.756015142719,87.02780353739026,Ridge,val
0.006768750009458534,3,13344.899406769637,87.028149615552,Ridge,val
0.009617248711152965,3,13345.103198931305,87.02864127254313,Ridge,val
0.013664483492953258,3,13345.39286792949,87.02933970976926,Ridge,val
0.019414919457438815,3,13345.804670098323,87.0303318203278,Ridge,val
0.02758531617629184,3,13346.390237991141,87.03174093605533,Ridge,val
0.039194067748472214,3,13347.223170943975,87.03374203148167,Ridge,val
0.055688139909452726,3,13348.408519562641,87.03658319380943,Ridge,val
0.07912342618981326,3,13350.096501623018,87.04062897827691,Ridge,val
0.11242100350620873,3,13352.502466100354,87.04638296134443,Ridge,val
0.15973122800602557,3,13355.936195503127,87.05458115313425,Ridge,val
0.22695105366946708,3,13360.845362595583,87.06628708865335,Ridge,val
0.3224590545296398,3,13367.880765041695,87.08294987135031,Ridge,val
0.45815976690544913,3,13377.995532888724,87.10654700476238,Ridge,val
0.6509675230458171,3,13392.597821343212,87.14090601999295,Ridge,val
0.9249147277217336,3,13413.787669061274,87.19169195310361,Ridge,val
1.3141473626117581,3,13444.724025099931,87.26394504327499,Ridge,val
1.8671810912919207,3,13490.184157170186,87.3684228276796,Ridge,val
2.6529484644319,3,13557.381674423374,87.51584045896188,Ridge,val
3.7693909753883634,3,13657.068788512946,87.74560218186052,Ridge,val
5.355666917706907,3,13804.808440294639,88.0892162127829,Ridge,val
7.609496685459884,3,14022.022984339446,88.601207470268,Ridge,val
10.811807510766078,3,14336.11125807994,89.3695927815338,Ridge,val
15.361749466718296,3,14778.987091466379,90.4898758983901,Ridge,val
21.826447283974872,3,15384.384911879151,92.0674401104782,Ridge,val
31.011689265747815,3,16185.937758139195,94.060653505242,Ridge,val
44.062364277735725,3,17218.34632788979,96.53848535975382,Ridge,val
62.60516572014828,3,18520.841401885133,99.58278566986709,Ridge,val
88.95134973108236,3,20137.521391389128,103.37842835824758,Ridge,val
126.38482029342997,3,22109.032841881508,108.01247844974526,Ridge,val
179.5714494371641,3,24457.270838765027,113.48250205578182,Ridge,val
255.14065200312925,3,27172.901338734722,119.81288315416094,Ridge,val
362.51170499885353,3,30214.737106549648,126.68585835789831,Ridge,val
515.0678076168133,3,33520.633728581975,133.92884576089554,Ridge,val
731.8242219076182,3,37023.01200305341,141.32912033334324,Ridge,val
1039.798418481492,3,40664.26238381712,148.97224024755283,Ridge,val
1477.3776525985127,3,44412.55141377538,156.6398356010703,Ridge,val
2099.1037201085546,3,48282.89286878204,164.3977291539604,Ridge,val
2982.471286216894,3,52373.63857943742,172.39809001500387,Ridge,val
4237.587160604064,3,56933.170277697194,181.2225230230885,Ridge,val
6020.894493336138,3,62467.47956812802,191.4154441897631,Ridge,val
8554.672535565684,3,69884.97590520224,204.45254472816885,Ridge,val
12154.742500762884,3,80663.9084641015,221.59267876744218,Ridge,val
17269.832906594394,3,97023.63199998606,244.1906240358874,Ridge,val
24537.51106639817,3,122044.92634333034,274.8009415020225,Ridge,val
34863.65227678088,3,159569.9719340296,315.455971653082,Ridge,val
49535.3520895918,3,213581.2853364254,366.504756043743,Ridge,val
70381.35554931576,3,286854.918366979,426.92114594889597,Ridge,val
100000.0,3,379221.94749270653,492.7058604276968,Ridge,val
0.0001,4,21602.773528439207,108.95183879387993,Ridge,val
0.00014208308325339223,4,21602.77026007717,108.95183643487745,Ridge,val
0.00020187602546790388,4,21602.76561633732,108.95183308312183,Ridge,val
0.00028683168133420117,4,21602.75901846897,108.95182832082061,Ridge,val
0.0004075392965871778,4,21602.74964421666,108.95182155434163,Ridge,val
0.000579044398060249,4,21602.736325397243,108.95181194021383,Ridge,val
0.0008227241341700474,4,21602.71740243275,108.95179827995044,Ridge,val
0.0011689518164985776,4,21602.69051776527,108.9517788705992,Ridge,val
0.0016608827826277166,4,21602.652322560145,108.95175129232287,Ridge,val
0.0023598334667821936,4,21602.598060415876,108.95171316944362,Ridge,val
0.00335292414924956,4,21602.520976773325,108.9516610671518,Ridge,val
0.004763938010401341,4,21602.411481583105,108.95158703108929,Ridge,val
0.006768750009458534,4,21602.255963194984,108.95148182318503,Ridge,val
0.009617248711152965,4,21602.03511038971,108.95133230990415,Ridge,val
0.013664483492953258,4,21601.72154294698,108.95111981498205,Ridge,val
0.019414919457438815,4,21601.2764746642,108.95081777085659,Ridge,val
0.02758531617629184,4,21600.64503162428,108.95039143243758,Ridge,val
0.039194067748472214,4,21599.749720013268,108.94979498187935,Ridge,val
0.055688139909452726,4,21598.481385425024,108.9489804910699,Ridge,val
0.07912342618981326,4,21596.686849143774,108.94782108504354,Ridge,val
0.11242100350620873,4,21594.152302769176,108.94618629300327,Ridge,val
0.15973122800602557,4,21590.58162478668,108.94387166988243,Ridge,val
0.22695105366946708,4,21585.569340983664,108.94061908475543,Ridge,val
0.3224590545296398,4,21578.569569747033,108.93630689471946,Ridge,val
0.45815976690544913,4,21568.8660832929,108.93029877963471,Ridge,val
0.6509675230458171,4,21555.556529091158,108.92187210610777,Ridge,val
0.9249147277217336,4,21537.57895560607,108.91030475521296,Ridge,val
1.3141473626117581,4,21513.83491294669,108.89872427022311,Ridge,val
1.8671810912919207,4,21483.50269579625,108.88798220616833,Ridge,val
2.6529484644319,4,21446.67940054071,108.87800916567531,Ridge,val
3.7693909753883634,4,21405.50735743317,108.88762975651683,Ridge,val
5.355666917706907,4,21365.845163015205,108.95687269243078,Ridge,val
7.609496685459884,4,21339.20740544838,109.09311332656387,Ridge,val
10.811807510766078,4,21344.079404817927,109.35971376482651,Ridge,val
15.361749466718296,4,21405.216298021664,109.76758799569866,Ridge,val
21.826447283974872,4,21550.30958391664,110.33961734337484,Ridge,val
31.011689265747815,4,21806.533002592536,111.02871434539604,Ridge,val
44.062364277735725,4,22203.388735035533,111.86398704321174,Ridge,val
62.60516572014828,4,22787.46898444116,113.06466735520418,Ridge,val
88.95134973108236,4,23645.184899865326,114.77788628537205,Ridge,val
126.38482029342997,4,24916.84062110833,117.59503842660992,Ridge,val
179.5714494371641,4,26783.003087899895,121.96947525533132,Ridge,val
255.14065200312925,4,29419.616829941417,128.2257162397166,Ridge,val
362.51170499885353,4,32943.11326871472,136.44737628274893,Ridge,val
515.0678076168133,4,37379.45216464954,146.1310985863913,Ridge,val
731.8242219076182,4,42677.10360901754,157.14153203009477,Ridge,val
1039.798418481492,4,48754.32375409478,169.05707598463587,Ridge,val
1477.3776525985127,4,55552.33959011515,181.49313608046702,Ridge,val
2099.1037201085546,4,63072.77637728913,194.32605715916728,Ridge,val
2982.471286216894,4,71402.03391456541,208.09461360958835,Ridge,val
4237.587160604064,4,80749.84755480409,223.59135596250943,Ridge,val
6020.894493336138,4,91539.12758565601,240.95575905916763,Ridge,val
8554.672535565684,4,104575.35779476192,261.1432395788966,Ridge,val
12154.742500762884,4,121315.95667800285,283.98142816948206,Ridge,val
17269.832906594394,4,144275.4159614205,311.16578614257924,Ridge,val
24537.51106639817,4,177589.77135551002,345.2142260379765,Ridge,val
34863.65227678088,4,227576.15783145628,389.5667443311343,Ridge,val
49535.3520895918,4,302692.7982585964,446.0541370107017,Ridge,val
70381.35554931576,4,411972.6654285155,516.9506630902207,Ridge,val
100000.0,4,561524.9746982647,602.948145190574,Ridge,val
1311.4059216764028,0,1623790.4857333626,1062.6007115804723,Lasso,val
1037.629296486468,0,1623790.4857333626,1062.6007115804723,Lasso,val
821.0078505293492,0,1162149.4134834113,898.6445885351679,Lasso,val
649.6095406261613,0,751076.1704630264,721.6783813414904,Lasso,val
513.9933253993258,0,492697.46567042236,583.1045367755472,Lasso,val
406.68912944290184,0,330127.5438489185,475.19678418683964,Lasso,val
321.78637315674825,0,223367.8575802194,388.7395732266697,Lasso,val
254.6084034535568,0,155439.31044075033,322.0031202024931,Lasso,val
201.45489217963677,0,112708.94225834182,272.9679195466746,Lasso,val
159.39801291952264,0,85802.13991249492,237.6703724935961,Lasso,val
126.12116910040751,0,68831.85863672217,213.19431321639834,Lasso,val
99.7913901428904,0,58108.480672125836,196.3609415662969,Lasso,val
78.95836692349845,0,51316.67531749267,184.65493751826725,Lasso,val
62.47456517339619,0,45589.24960854245,174.25357651743587,Lasso,val
49.43201646237887,0,40583.213884375196,164.51669342096264,Lasso,val
39.11230505974667,0,35024.5629939607,152.3409136062305,Lasso,val
30.94699582508324,0,30914.90766207763,142.18377956739388,Lasso,val
24.486323399624318,0,28490.36267432192,135.4326064233958,Lasso,val
19.374418021700713,0,27180.251839723038,130.96300613862726,Lasso,val
15.329703343106226,0,26711.229337650224,128.83295209775017,Lasso,val
12.129386509799993,0,26628.968195428813,127.56364015973601,Lasso,val
9.597186182358755,0,25141.566877481982,122.81786600198554,Lasso,val
7.593622525297579,0,23471.893754044584,116.99959620859637,Lasso,val
6.008334313936864,0,22213.521103306608,112.22174156365219,Lasso,val
4.753999966125053,0,21365.663973477676,108.7095389253679,Lasso,val
3.7615276542607003,0,20664.797820410542,105.6041890024985,Lasso,val
2.9762495571283796,0,19326.689636633113,101.10568373506723,Lasso,val
2.354910621559115,0,18006.429852951198,96.87658026545347,Lasso,val
1.8632859674853974,0,16985.360249479225,93.29372513067383,Lasso,val
1.4742956971884564,0,16332.958116377236,91.03215251964798,Lasso,val
1.1665132677845,0,15843.57954223336,89.27665566995294,Lasso,val
0.9229852644298476,0,15537.57726837239,88.2684973813,Lasso,val
0.7302975644440026,0,15355.93083829757,87.77486260397664,Lasso,val
0.5778364543688538,0,15276.88464136912,87.69621925197828,Lasso,val
0.457204000470374,0,15274.90379553696,87.82481216284067,Lasso,val
0.3617554698490495,0,15293.711978108387,88.02006952360388,Lasso,val
0.2862333221736249,0,15321.007057784835,88.23077878084395,Lasso,val
0.22647761140069828,0,15347.765663272165,88.39375711611135,Lasso,val
0.17919684569308342,0,15365.70626925367,88.52582810430405,Lasso,val
0.14178668393644045,0,15364.559840174235,88.56742086815082,Lasso,val
0.11218648221143328,0,15314.849783606578,88.42771598058297,Lasso,val
0.0887657884475112,0,15272.9539374526,88.31584851584647,Lasso,val
0.07023453310407232,0,15241.743289023774,88.23476612843366,Lasso,val
0.05557196896036063,0,15275.953011971833,88.39725320175995,Lasso,val
0.04397044584257679,0,15304.424083582633,88.53247277997896,Lasso,val
0.03479092326158306,0,15328.161662046416,88.6426806002812,Lasso,val
0.02752777048763325,0,15354.688422663809,88.75742331984507,Lasso,val
0.02178091516348365,0,15376.938375489306,88.84939055703323,Lasso,val
0.017233806332844832,0,15394.965709608317,88.92420203496367,Lasso,val
0.013635978033463845,0,15409.484416670324,88.98440899296263,Lasso,val
0.010789253014566893,0,15421.138530129596,89.0329956360415,Lasso,val
0.008536826645413038,0,15430.458050539737,89.07167404902157,Lasso,val
0.006754629729735698,0,15437.894992998688,89.10253061936183,Lasso,val
0.005344494468602598,0,15443.819177336156,89.12694472117562,Lasso,val
0.004228747136083429,0,15448.531619460657,89.14634810441348,Lasso,val
0.003345929618972814,0,15452.277379749925,89.16180834611556,Lasso,val
0.0026474141524310494,0,15455.24880299509,89.17409184524129,Lasso,val
0.002094724782837452,0,15457.607499472559,89.18383361026976,Lasso,val
0.0016574180174281175,0,15459.477122842954,89.19157994579703,Lasso,val
0.0013114059216764028,0,15460.958155966675,89.19772087632337,Lasso,val
1311.4059216764028,1,2524660.888866099,1351.7536547474026,Lasso,val
1037.629296486468,1,2197824.2081460757,1260.1931213886753,Lasso,val
821.0078505293492,1,1416448.8921064443,1007.9138815241515,Lasso,val
649.6095406261613,1,928076.072933004,811.0069196484835,Lasso,val
513.9933253993258,1,622969.1669888996,660.4960474954946,Lasso,val
406.68912944290184,1,421258.9239221804,540.4234172221718,Lasso,val
321.78637315674825,1,292298.05180088244,448.48806423288465,Lasso,val
254.6084034535568,1,211557.42796677593,379.4035845398403,Lasso,val
201.45489217963677,1,161006.84085937607,330.13035965586226,Lasso,val
159.39801291952264,1,129352.00154004358,295.1188954972096,Lasso,val
126.12116910040751,1,109536.60098816312,270.0728929967378,Lasso,val
99.7913901428904,1,97123.76154607409,251.81091991708965,Lasso,val
78.95836692349845,1,88512.25013837268,237.09870199890528,Lasso,val
62.47456517339619,1,81953.50637055696,223.46799698241213,Lasso,val
49.43201646237887,1,77413.74991978832,211.38495354209,Lasso,val
39.11230505974667,1,75894.06597974195,203.8250536549278,Lasso,val
30.94699582508324,1,76250.0093078499,199.52741990158523,Lasso,val
24.486323399624318,1,78578.96454326935,199.32536289490065,Lasso,val
19.374418021700713,1,81406.82164779813,202.1462307135251,Lasso,val
15.329703343106226,1,84641.21584539162,208.28069446148623,Lasso,val
12.129386509799993,1,85299.01564165807,210.59573633045008,Lasso,val
9.597186182358755,1,75255.90108586248,194.50477613373184,Lasso,val
7.593622525297579,1,68905.54808704265,185.03963671779917,Lasso,val
6.008334313936864,1,64827.91126619206,179.89553061966694,Lasso,val
4.753999966125053,1,61777.30227317688,176.32919110196582,Lasso,val
3.7615276542607003,1,59602.21107886232,174.23943160893552,Lasso,val
2.9762495571283796,1,55623.37379493196,167.4986268790724,Lasso,val
2.354910621559115,1,52007.56512601112,161.97109463570817,Lasso,val
1.8632859674853974,1,49626.35771578042,158.2910340570683,Lasso,val
1.4742956971884564,1,47804.3428104063,155.62017263771492,Lasso,val
1.1665132677845,1,46222.34455989394,153.27156598385724,Lasso,val
0.9229852644298476,1,45059.92713045954,151.52987486869944,Lasso,val
0.7302975644440026,1,44205.77865516581,150.24056604234144,Lasso,val
0.5778364543688538,1,43709.366052901474,149.5880073634093,Lasso,val
0.457204000470374,1,43406.18134635849,149.25378444681152,Lasso,val
0.3617554698490495,1,43093.444908651734,148.93793225739728,Lasso,val
0.2862333221736249,1,42800.71023351151,148.62081463855424,Lasso,val
0.22647761140069828,1,42633.967973500665,148.38895330312693,Lasso,val
0.17919684569308342,1,42480.72145611713,148.09751791852244,Lasso,val
0.14178668393644045,1,42394.694285011516,147.83918541251387,Lasso,val
0.11218648221143328,1,42338.557865786446,147.65852466401407,Lasso,val
0.0887657884475112,1,42301.48034464447,147.53104323623535,Lasso,val
0.07023453310407232,1,42276.79584718801,147.4369480229038,Lasso,val
0.05557196896036063,1,42260.15108066949,147.36599969558287,Lasso,val
0.04397044584257679,1,42249.575003420876,147.31042013087585,Lasso,val
0.03479092326158306,1,42242.74041159154,147.26718673603423,Lasso,val
0.02752777048763325,1,42237.70487953486,147.23501054174736,Lasso,val
0.02178091516348365,1,42233.46088691524,147.21091414515465,Lasso,val
0.017233806332844832,1,42230.38927741061,147.19204023941,Lasso,val
0.013635978033463845,1,42228.1698393955,147.17712780705327,Lasso,val
0.010789253014566893,1,42226.53593140221,147.16555532778318,Lasso,val
0.008536826645413038,1,42225.30086503974,147.15662013509066,Lasso,val
0.006754629729735698,1,42224.3799597262,147.14975813938094,Lasso,val
0.005344494468602598,1,42223.68264602414,147.14442349720431,Lasso,val
0.004228747136083429,1,42223.149366506914,147.14020331716776,Lasso,val
0.003345929618972814,1,42222.738633308065,147.13686439111245,Lasso,val
0.0026474141524310494,1,42222.42056905728,147.13422258401673,Lasso,val
0.002094724782837452,1,42222.173210008674,147.13213231485463,Lasso,val
0.0016574180174281175,1,42221.98017721858,147.1304868309777,Lasso,val
0.0013114059216764028,1,42221.82912224294,147.12921579039562,Lasso,val
1311.4059216764028,2,3354770.919408649,1493.8405896338923,Lasso,val
1037.629296486468,2,2518328.795274857,1292.9349269957258,Lasso,val
821.0078505293492,2,1612232.9208394694,1031.743339762317,Lasso,val
649.6095406261613,2,1031152.3236678415,821.7811984063593,Lasso,val
513.9933253993258,2,667089.7385478432,656.38260788858,Lasso,val
406.68912944290184,2,438954.7462082518,526.4390523632094,Lasso,val
321.78637315674825,2,295957.40945463406,425.7196081181421,Lasso,val
254.6084034535568,2,206291.80430898577,348.9109684773496,Lasso,val
201.45489217963677,2,150052.02333919893,291.9274267814668,Lasso,val
159.39801291952264,2,113931.54421103651,250.9556805649412,Lasso,val
126.12116910040751,2,91015.8029245178,222.95535536495382,Lasso,val
99.7913901428904,2,76681.76053818851,204.41024619350137,Lasso,val
78.95836692349845,2,67721.66900388831,192.3550751702589,Lasso,val
62.47456517339619,2,62123.96731450376,184.78552932119595,Lasso,val
49.43201646237887,2,58272.771591851815,179.79218545228244,Lasso,val
39.11230505974667,2,54522.25742054037,174.7295309850675,Lasso,val
30.94699582508324,2,52055.49934725228,171.35100585451818,Lasso,val
24.486323399624318,2,50047.499734991,168.02196469004713,Lasso,val
19.374418021700713,2,48505.94800555356,165.1542310004746,Lasso,val
15.329703343106226,2,43466.66628701496,154.90820749027918,Lasso,val
12.129386509799993,2,39047.78588533839,145.43152256237312,Lasso,val
9.597186182358755,2,36025.90955731032,138.4196611360324,Lasso,val
7.593622525297579,2,34152.31652437957,133.60416569644593,Lasso,val
6.008334313936864,2,32844.894010130054,130.0955872787441,Lasso,val
4.753999966125053,2,31936.553002106622,127.59078489562255,Lasso,val
3.7615276542607003,2,30584.578788146526,124.08243601116742,Lasso,val
2.9762495571283796,2,28281.2902214905,118.46795580174683,Lasso,val
2.354910621559115,2,26639.8073468702,114.5458533937081,Lasso,val
1.8632859674853974,2,25543.93205271529,112.12956497066584,Lasso,val
1.4742956971884564,2,24859.16982268841,110.81509536182605,Lasso,val
1.1665132677845,2,24406.485416022344,110.00231989934846,Lasso,val
0.9229852644298476,2,24121.664399277088,109.55972866186862,Lasso,val
0.7302975644440026,2,23896.003002709276,109.15238210738379,Lasso,val
0.5778364543688538,2,23777.53147743877,108.9651674387478,Lasso,val
0.457204000470374,2,23744.131921682332,108.98712927443393,Lasso,val
0.3617554698490495,2,23742.531340468573,109.05858968027022,Lasso,val
0.2862333221736249,2,23757.34853455874,109.1713694285736,Lasso,val
0.22647761140069828,2,23777.762910995676,109.28004654122805,Lasso,val
0.17919684569308342,2,23800.290557240078,109.38555566267455,Lasso,val
0.14178668393644045,2,23818.842319181196,109.47322744355388,Lasso,val
0.11218648221143328,2,23839.37386549566,109.55905137073064,Lasso,val
0.0887657884475112,2,23855.696956871096,109.62718724488572,Lasso,val
0.07023453310407232,2,23866.071899936916,109.6726656719264,Lasso,val
0.05557196896036063,2,23875.14412933819,109.70921748011313,Lasso,val
0.04397044584257679,2,23882.792112957715,109.73900810031789,Lasso,val
0.03479092326158306,2,23889.110276171752,109.76355681254832,Lasso,val
0.02752777048763325,2,23894.30300752434,109.78367150915236,Lasso,val
0.02178091516348365,2,23898.513221460053,109.8000043389077,Lasso,val
0.017233806332844832,2,23901.923543539855,109.81297108052834,Lasso,val
0.013635978033463845,2,23904.658570378102,109.8231989427266,Lasso,val
0.010789253014566893,2,23906.847398782415,109.83127915097482,Lasso,val
0.008536826645413038,2,23908.59565011324,109.83772109151063,Lasso,val
0.006754629729735698,2,23909.989564349322,109.84285052477762,Lasso,val
0.005344494468602598,2,23911.099303470375,109.84690808556081,Lasso,val
0.004228747136083429,2,23911.981712801964,109.85011812297434,Lasso,val
0.003345929618972814,2,23912.682657112837,109.8526578220344,Lasso,val
0.0026474141524310494,2,23913.24088056471,109.85467306860572,Lasso,val
0.002094724782837452,2,23913.681141411565,109.85625943596543,Lasso,val
0.0016574180174281175,2,23914.030521237368,109.8575160859327,Lasso,val
0.0013114059216764028,2,23914.308488584447,109.85851372993409,Lasso,val
1311.4059216764028,3,1140791.6301517254,871.625799061709,Lasso,val
1037.629296486468,3,731105.3097459764,696.7918345631723,Lasso,val
821.0078505293492,3,472593.08451451396,558.5208909039503,Lasso,val
649.6095406261613,3,309816.8697273525,449.7382592264015,Lasso,val
513.9933253993258,3,208070.72526517595,365.76934095142076,Lasso,val
406.68912944290184,3,144497.91144638578,302.2033236184254,Lasso,val
321.78637315674825,3,104797.15954101516,255.0122923756873,Lasso,val
254.6084034535568,3,80024.09506047376,221.28110607268408,Lasso,val
201.45489217963677,3,64507.021160150725,198.10795859972484,Lasso,val
159.39801291952264,3,54661.59744401181,182.4888822384142,Lasso,val
126.12116910040751,3,48596.58742545949,171.7367226561449,Lasso,val
99.7913901428904,3,44885.83647856965,164.76839091827898,Lasso,val
78.95836692349845,3,42629.590140078646,160.35121584737612,Lasso,val
62.47456517339619,3,41274.43678626081,157.57322880613467,Lasso,val
49.43201646237887,3,39196.81730796276,153.3854885626962,Lasso,val
39.11230505974667,3,36909.52219522761,148.81392073905747,Lasso,val
30.94699582508324,3,35123.88386196664,144.9440730661852,Lasso,val
24.486323399624318,3,32922.93724787738,139.7023676614611,Lasso,val
19.374418021700713,3,30940.996801242218,134.4468877664147,Lasso,val
15.329703343106226,3,27670.545046777253,126.32829883820857,Lasso,val
12.129386509799993,3,24136.72343410975,117.52535416022765,Lasso,val
9.597186182358755,3,21725.07905160115,111.2171200015267,Lasso,val
7.593622525297579,3,20030.601076098694,106.53828954509213,Lasso,val
6.008334313936864,3,18818.10157251519,102.99791191894106,Lasso,val
4.753999966125053,3,17858.409217287623,100.18464448279639,Lasso,val
3.7615276542607003,3,16831.3763797531,97.17573298004693,Lasso,val
2.9762495571283796,3,15705.394820005855,93.7442398921255,Lasso,val
2.354910621559115,3,14888.022587931184,91.08238741336672,Lasso,val
1.8632859674853974,3,14332.0525368761,89.25398139224127,Lasso,val
1.4742956971884564,3,14000.376705439146,88.22109141883939,Lasso,val
1.1665132677845,3,13773.433712311467,87.53301747105863,Lasso,val
0.9229852644298476,3,13620.270490316589,87.08046674279662,Lasso,val
0.7302975644440026,3,13493.275902814947,86.72367310723092,Lasso,val
0.5778364543688538,3,13407.427011811898,86.49363483824608,Lasso,val
0.457204000470374,3,13364.494992459737,86.4853105091552,Lasso,val
0.3617554698490495,3,13332.620246944949,86.47762187251988,Lasso,val
0.2862333221736249,3,13317.879314221294,86.52787428720576,Lasso,val
0.22647761140069828,3,13310.571391123121,86.5871928487456,Lasso,val
0.17919684569308342,3,13309.609410790707,86.65268677100644,Lasso,val
0.14178668393644045,3,13312.340124227603,86.7106683948289,Lasso,val
0.11218648221143328,3,13315.684307080552,86.75952362797348,Lasso,val
0.0887657884475112,3,13319.256021610912,86.80365388779755,Lasso,val
0.07023453310407232,3,13323.161174058801,86.84751749780986,Lasso,val
0.05557196896036063,3,13326.831066895555,86.88335195032785,Lasso,val
0.04397044584257679,3,13329.429513198214,86.9112284846439,Lasso,val
0.03479092326158306,3,13332.008787488494,86.93291143047112,Lasso,val
0.02752777048763325,3,13334.167555935453,86.95055953382126,Lasso,val
0.02178091516348365,3,13335.994535168766,86.96468483321247,Lasso,val
0.017233806332844832,3,13337.497488565547,86.97605395829729,Lasso,val
0.013635978033463845,3,13338.9691604918,86.98600315761706,Lasso,val
0.010789253014566893,3,13340.099248019695,86.99424779586981,Lasso,val
0.008536826645413038,3,13340.96430953555,87.00084958252818,Lasso,val
0.006754629729735698,3,13341.661570380225,87.00621494310354,Lasso,val
0.005344494468602598,3,13342.22148921094,87.0105169997739,Lasso,val
0.004228747136083429,3,13342.669997381716,87.01392028352993,Lasso,val
0.003345929618972814,3,13343.02839403626,87.01661289992096,Lasso,val
0.0026474141524310494,3,13343.314199090377,87.01874739058808,Lasso,val
0.002094724782837452,3,13343.541740256145,87.02046629637663,Lasso,val
0.0016574180174281175,3,13343.722658447667,87.02182634987832,Lasso,val
0.0013114059216764028,3,13343.866358439202,87.02290246980687,Lasso,val
1311.4059216764028,4,2339734.9826340787,1296.1213584701982,Lasso,val
1037.629296486468,4,1544858.2194863227,1049.1803976277286,Lasso,val
821.0078505293492,4,1003256.2418675383,840.1366301976838,Lasso,val
649.6095406261613,4,649135.1964113037,672.0612079753541,Lasso,val
513.9933253993258,4,427430.3055534975,543.2997830469458,Lasso,val
406.68912944290184,4,288626.51227427536,445.7916061063493,Lasso,val
321.78637315674825,4,201724.9346649936,372.02298084326145,Lasso,val
254.6084034535568,4,147315.36159377478,317.4248863349556,Lasso,val
201.45489217963677,4,113249.03800755029,278.71997498023154,Lasso,val
159.39801291952264,4,91059.49028540174,249.98744553838227,Lasso,val
126.12116910040751,4,76624.32322759923,228.15191609625154,Lasso,val
99.7913901428904,4,67613.54215455119,212.06442507641663,Lasso,val
78.95836692349845,4,61977.890672413974,200.31187933304395,Lasso,val
62.47456517339619,4,58230.500509909325,191.58555816371828,Lasso,val
49.43201646237887,4,55436.74206338748,183.71991175653335,Lasso,val
39.11230505974667,4,54048.266674875624,177.93279960310545,Lasso,val
30.94699582508324,4,53429.22056701386,173.58653476732252,Lasso,val
24.486323399624318,4,53334.63373156173,170.17160651135822,Lasso,val
19.374418021700713,4,52257.17992737862,166.265879889558,Lasso,val
15.329703343106226,4,48770.869652363,159.31310476470205,Lasso,val
12.129386509799993,4,42672.31414123778,147.48863232757458,Lasso,val
9.597186182358755,4,38671.11621164344,140.09722023530168,Lasso,val
7.593622525297579,4,35965.23429931262,135.60499658365939,Lasso,val
6.008334313936864,4,34079.05718076068,132.7708960699756,Lasso,val
4.753999966125053,4,32526.919161513764,131.46148358962756,Lasso,val
3.7615276542607003,4,31116.687412985953,129.72745907912346,Lasso,val
2.9762495571283796,4,29012.062766623774,125.31078498446496,Lasso,val
2.354910621559115,4,27476.221095072535,122.13548060699001,Lasso,val
1.8632859674853974,4,25961.08579457858,118.65815988911693,Lasso,val
1.4742956971884564,4,24954.147748203908,116.1934042812613,Lasso,val
1.1665132677845,4,24200.984836442945,114.28003478932297,Lasso,val
0.9229852644298476,4,23638.74962521638,112.91809705248527,Lasso,val
0.7302975644440026,4,23133.323701649275,111.7778831526371,Lasso,val
0.5778364543688538,4,22787.289566568317,110.9653880899719,Lasso,val
0.457204000470374,4,22585.987957367906,110.58541630702861,Lasso,val
0.3617554698490495,4,22342.97947394232,110.07583704207983,Lasso,val
0.2862333221736249,4,22165.214987253166,109.73903323940758,Lasso,val
0.22647761140069828,4,22031.651191107827,109.50244794426673,Lasso,val
0.17919684569308342,4,21934.328993643998,109.3505428599698,Lasso,val
0.14178668393644045,4,21858.331533399774,109.24577403709841,Lasso,val
0.11218648221143328,4,21801.40048315313,109.17480785358289,Lasso,val
0.0887657884475112,4,21759.720530756895,109.12486878801585,Lasso,val
0.07023453310407232,4,21726.5021766977,109.08564269453704,Lasso,val
0.05557196896036063,4,21699.150921953173,109.05454111267356,Lasso,val
0.04397044584257679,4,21677.957809668293,109.03050985210888,Lasso,val
0.03479092326158306,4,21661.55332826573,109.01258582141386,Lasso,val
0.02752777048763325,4,21648.82250046195,108.99868535783212,Lasso,val
0.02178091516348365,4,21638.985868794378,108.98824153414333,Lasso,val
0.017233806332844832,4,21631.300761839204,108.98131915581394,Lasso,val
0.013635978033463845,4,21625.43991708527,108.98062810474194,Lasso,val
0.010789253014566893,4,21620.780366459567,108.97886715662247,Lasso,val
0.008536826645413038,4,21617.062168967463,108.97783686520533,Lasso,val
0.006754629729735698,4,21614.12991588994,108.97703365598632,Lasso,val
0.005344494468602598,4,21611.732597577447,108.97460312375516,Lasso,val
0.004228747136083429,4,21609.8453933523,108.96997425623942,Lasso,val
0.003345929618972814,4,21608.362600242024,108.96615205750001,Lasso,val
0.0026474141524310494,4,21607.190142088537,108.96315198401896,Lasso,val
0.002094724782837452,4,21606.266919364556,108.96079022797014,Lasso,val
0.0016574180174281175,4,21605.536227303037,108.95892072508687,Lasso,val
0.0013114059216764028,4,21604.960235122715,108.95744216160585,Lasso,val
0.0001,0,22935.70561247419,106.915679606516,Ridge,test
0.00014208308325339223,0,22935.724399178158,106.91569668052163,Ridge,test
0.00020187602546790388,0,22935.751092411934,106.91572093956079,Ridge,test
0.00028683168133420117,0,22935.789020002227,106.91575540707935,Ridge,test
0.0004075392965871778,0,22935.842910752253,106.91580437863813,Ridge,test
0.000579044398060249,0,22935.91948455003,106.91587395701278,Ridge,test
0.0008227241341700474,0,22936.028291357234,106.91597281222572,Ridge,test
0.0011689518164985776,0,22936.18290436526,106.91611326091366,Ridge,test
0.0016608827826277166,0,22936.402617483767,106.9163127989017,Ridge,test
0.0023598334667821936,0,22936.71486164377,106.91659627666009,Ridge,test
0.00335292414924956,0,22937.158646944714,106.91699898608353,Ridge,test
0.004763938010401341,0,22937.789471460546,106.91757103785797,Ridge,test
0.006768750009458534,0,22938.6863322112,106.91838356398239,Ridge,test
0.009617248711152965,0,22939.961759623016,106.91953749630429,Ridge,test
0.013664483492953258,0,22941.77622112253,106.9211759705127,Ridge,test
0.019414919457438815,0,22944.3588782871,106.92350181182631,Ridge,test
0.02758531617629184,0,22948.037659462643,106.92686671416104,Ridge,test
0.039194067748472214,0,22953.283132511246,106.93187612804476,Ridge,test
0.055688139909452726,0,22960.773076026187,106.93899860196571,Ridge,test
0.07912342618981326,0,22971.48852613415,106.94913000595182,Ridge,test
0.11242100350620873,0,22986.858342961517,106.96466312927203,Ridge,test
0.15973122800602557,0,23008.97937035789,106.98797860137316,Ridge,test
0.22695105366946708,0,23040.95475964321,107.02488539616776,Ridge,test
0.3224590545296398,0,23087.415086191497,107.08000502082605,Ridge,test
0.45815976690544913,0,23155.312829705712,107.16602178796857,Ridge,test
0.6509675230458171,0,23255.096438121513,107.29890757580618,Ridge,test
0.9249147277217336,0,23402.336273973164,107.5056891186291,Ridge,test
1.3141473626117581,0,23619.71657909868,107.85919953224727,Ridge,test
1.8671810912919207,0,23938.94974209025,108.44232286251888,Ridge,test
2.6529484644319,0,24401.699625576864,109.39932195497117,Ridge,test
3.7693909753883634,0,25058.575867987754,110.85296551811581,Ridge,test
5.355666917706907,0,25966.712238063836,112.83761888554453,Ridge,test
7.609496685459884,0,27189.575547222237,115.4892614505226,Ridge,test
10.811807510766078,0,28804.424135215406,118.86902109808759,Ridge,test
15.361749466718296,0,30917.48559575602,123.29981977268407,Ridge,test
21.826447283974872,0,33673.31535640414,129.3621472896777,Ridge,test
31.011689265747815,0,37233.7168501282,137.23065948640198,Ridge,test
44.062364277735725,0,41710.47461177817,147.02802451986975,Ridge,test
62.60516572014828,0,47071.25673441011,157.8178284825212,Ridge,test
88.95134973108236,0,53077.56556277102,169.15665449746587,Ridge,test
126.38482029342997,0,59315.387102387656,180.41829147806592,Ridge,test
179.5714494371641,0,65328.47294097955,191.0198407942753,Ridge,test
255.14065200312925,0,70805.72954115123,200.62296308071046,Ridge,test
362.51170499885353,0,75758.29962410986,209.64692363282907,Ridge,test
515.0678076168133,0,80640.2365975771,218.4635660576684,Ridge,test
731.8242219076182,0,86389.1570793844,228.28291580115743,Ridge,test
1039.798418481492,0,94401.54999421212,240.836817919045,Ridge,test
1477.3776525985127,0,106527.64706380531,256.6311915224115,Ridge,test
2099.1037201085546,0,125209.5005476932,277.82669349623023,Ridge,test
2982.471286216894,0,153788.40250819927,307.5018725484933,Ridge,test
4237.587160604064,0,196790.66688808167,349.5287509371187,Ridge,test
6020.894493336138,0,259838.94792860205,403.69976450260845,Ridge,test
8554.672535565684,0,348883.5256787975,471.20331753761155,Ridge,test
12154.742500762884,0,468696.97907602735,551.9466297740123,Ridge,test
17269.832906594394,0,620912.2982136122,642.215481677765,Ridge,test
24537.51106639817,0,802241.8423372107,736.41579451045,Ridge,test
34863.65227678088,0,1003825.790776878,829.2878233607821,Ridge,test
49535.3520895918,0,1212536.8562192076,916.2010442197151,Ridge,test
70381.35554931576,0,1414097.0809560933,993.1929029599391,Ridge,test
100000.0,0,1596601.3615132875,1058.2502334343883,Ridge,test
0.0001,1,27080.522813836604,108.32007633485927,Ridge,test
0.00014208308325339223,1,27080.497858279065,108.32005224345271,Ridge,test
0.00020187602546790388,1,27080.462401246903,108.32001801385654,Ridge,test
0.00028683168133420117,1,27080.412023994417,108.31996937982304,Ridge,test
0.0004075392965871778,1,27080.34044884953,108.31990027996264,Ridge,test
0.000579044398060249,1,27080.238757537394,108.31980210251507,Ridge,test
0.0008227241341700474,1,27080.09428119683,108.31966261252997,Ridge,test
0.0011689518164985776,1,27079.889024567485,108.31946442804951,Ridge,test
0.0016608827826277166,1,27079.597429600122,108.31918285593962,Ridge,test
0.0023598334667821936,1,27079.183203179917,108.318782818898,Ridge,test
0.00335292414924956,1,27078.594820381357,108.31821449306055,Ridge,test
0.004763938010401341,1,27077.75915664266,108.3174071175255,Ridge,test
0.006768750009458534,1,27076.572483021253,108.31626170604738,Ridge,test
0.009617248711152965,1,27074.88775838721,108.31464811946633,Ridge,test
0.013664483492953258,1,27072.49674765606,108.31236737670385,Ridge,test
0.019414919457438815,1,27069.10496443838,108.30914202148814,Ridge,test
0.02758531617629184,1,27064.296770451907,108.30456323151635,Ridge,test
0.039194067748472214,1,27057.487192530534,108.29806539235624,Ridge,test
0.055688139909452726,1,27047.85626534323,108.28884886122954,Ridge,test
0.07912342618981326,1,27034.261306920504,108.27584178089997,Ridge,test
0.11242100350620873,1,27015.12324117287,108.25754526917794,Ridge,test
0.15973122800602557,1,26988.286467022146,108.23208893351347,Ridge,test
0.22695105366946708,1,26950.860848922697,108.19648076859416,Ridge,test
0.3224590545296398,1,26899.074468727846,108.14754738968436,Ridge,test
0.45815976690544913,1,26828.205049384942,108.08124259925545,Ridge,test
0.6509675230458171,1,26732.72636057613,107.99622515477557,Ridge,test
0.9249147277217336,1,26606.90779235283,107.89498619791752,Ridge,test
1.3141473626117581,1,26446.21794292788,107.7911072833653,Ridge,test
1.8671810912919207,1,26249.913345122484,107.70446601364107,Ridge,test
2.6529484644319,1,26024.92902909217,107.71358604099143,Ridge,test
3.7693909753883634,1,25790.343912938697,107.83122166486777,Ridge,test
5.355666917706907,1,25580.278464020514,108.12657551436344,Ridge,test
7.609496685459884,1,25442.15080384724,108.65029628536098,Ridge,test
10.811807510766078,1,25429.10652497775,109.38796834638721,Ridge,test
15.361749466718296,1,25591.392015863752,110.40845491371036,Ridge,test
21.826447283974872,1,25977.1341618987,111.7087137406434,Ridge,test
31.011689265747815,1,26649.418122785515,113.65359851351204,Ridge,test
44.062364277735725,1,27711.29345994828,116.66473092937855,Ridge,test
62.60516572014828,1,29315.647862895235,120.89541814019515,Ridge,test
88.95134973108236,1,31639.473049920063,126.46809909439806,Ridge,test
126.38482029342997,1,34825.53810670018,133.48410822665562,Ridge,test
179.5714494371641,1,38922.77743762871,142.11168923911677,Ridge,test
255.14065200312925,1,43863.779789111075,152.27513624383172,Ridge,test
362.51170499885353,1,49493.73373924384,163.17278212149176,Ridge,test
515.0678076168133,1,55632.52383060973,174.14233182478299,Ridge,test
731.8242219076182,1,62140.57120849173,184.8298471312266,Ridge,test
1039.798418481492,1,68972.71320808242,195.62144674431562,Ridge,test
1477.3776525985127,1,76223.82016048972,206.78203266142114,Ridge,test
2099.1037201085546,1,84180.40281157705,218.27647408153956,Ridge,test
2982.471286216894,1,93391.18329890753,231.1897589068566,Ridge,test
4237.587160604064,1,104760.34118292914,246.27097911401972,Ridge,test
6020.894493336138,1,119667.81908337286,264.6521867031534,Ridge,test
8554.672535565684,1,140144.43833673466,287.71788045450785,Ridge,test
12154.742500762884,1,169121.25491942573,317.70071301849725,Ridge,test
17269.832906594394,1,210623.64315842598,356.2859875602375,Ridge,test
24537.51106639817,1,269503.07259752,404.13529942708834,Ridge,test
34863.65227678088,1,350202.87796591583,460.8665778525115,Ridge,test
49535.3520895918,1,454572.44083721354,525.2787995829176,Ridge,test
70381.35554931576,1,579789.3093042882,594.148020068967,Ridge,test
100000.0,1,718000.792555081,663.8287553658034,Ridge,test
0.0001,2,23538.079989880982,114.37929841325291,Ridge,test
0.00014208308325339223,2,23538.08861738758,114.37931909718108,Ridge,test
0.00020187602546790388,2,23538.100875618056,114.37934848544499,Ridge,test
0.00028683168133420117,2,23538.118292495532,114.3793902409962,Ridge,test
0.0004075392965871778,2,23538.143038944563,114.37944956816688,Ridge,test
0.000579044398060249,2,23538.17819948915,114.37953386123064,Ridge,test
0.0008227241341700474,2,23538.22815672725,114.37965362577481,Ridge,test
0.0011689518164985776,2,23538.299137616716,114.3798237876212,Ridge,test
0.0016608827826277166,2,23538.399989666796,114.38006555213954,Ridge,test
0.0023598334667821936,2,23538.543283797942,114.38040904513218,Ridge,test
0.00335292414924956,2,23538.74688138438,114.3808970633416,Ridge,test
0.004763938010401341,2,23539.036160860862,114.38159039970786,Ridge,test
0.006768750009458534,2,23539.44718158077,114.38257540247174,Ridge,test
0.009617248711152965,2,23540.031179579375,114.38397470089495,Ridge,test
0.013664483492953258,2,23540.860956189023,114.38596241543328,Ridge,test
0.019414919457438815,2,23542.039956972134,114.38878570986606,Ridge,test
0.02758531617629184,2,23543.715174875117,114.39279529440198,Ridge,test
0.039194067748472214,2,23546.09549028655,114.39848852616181,Ridge,test
0.055688139909452726,2,23549.477742324434,114.4065752576736,Ridge,test
0.07912342618981326,2,23554.283796256772,114.41806065666553,Ridge,test
0.11242100350620873,2,23561.113253887343,114.4343954501262,Ridge,test
0.15973122800602557,2,23570.818418491785,114.45754407700497,Ridge,test
0.22695105366946708,2,23584.61090826623,114.49031135339365,Ridge,test
0.3224590545296398,2,23604.213214430405,114.53681516710557,Ridge,test
0.45815976690544913,2,23632.073854656417,114.60284461519379,Ridge,test
0.6509675230458171,2,23671.671775710438,114.69678520927212,Ridge,test
0.9249147277217336,2,23727.943851341093,114.82993724090296,Ridge,test
1.3141473626117581,2,23807.87622603289,115.01910201075707,Ridge,test
1.8671810912919207,2,23921.298323522893,115.28813878863546,Ridge,test
2.6529484644319,2,24081.889463565258,115.6651185539769,Ridge,test
3.7693909753883634,2,24308.317846705562,116.19933868940174,Ridge,test
5.355666917706907,2,24625.237268360994,116.94696198876358,Ridge,test
7.609496685459884,2,25063.575252850555,117.97078485259253,Ridge,test
10.811807510766078,2,25659.36629343893,119.34871342014681,Ridge,test
15.361749466718296,2,26450.881308092714,121.17829595058542,Ridge,test
21.826447283974872,2,27475.587180053335,123.59168038559186,Ridge,test
31.011689265747815,2,28770.8592933437,126.61191376523976,Ridge,test
44.062364277735725,2,30382.200256609474,130.29953929311563,Ridge,test
62.60516572014828,2,32376.789605059017,134.72520684752388,Ridge,test
88.95134973108236,2,34851.364483532736,140.16557411890952,Ridge,test
126.38482029342997,2,37921.48353864505,146.69151556335785,Ridge,test
179.5714494371641,2,41690.482352464656,154.3606660444016,Ridge,test
255.14065200312925,2,46213.15723423792,163.25581890483247,Ridge,test
362.51170499885353,2,51475.01945510048,173.22078384021884,Ridge,test
515.0678076168133,2,57397.45301505258,183.80881191437805,Ridge,test
731.8242219076182,2,63865.50997132052,194.76377381289635,Ridge,test
1039.798418481492,2,70771.72524166112,205.93657648236783,Ridge,test
1477.3776525985127,2,78076.9564542564,217.3044667821279,Ridge,test
2099.1037201085546,2,85905.2628006379,228.94887251674976,Ridge,test
2982.471286216894,2,94708.85602118992,241.25779612819576,Ridge,test
4237.587160604064,2,105545.88398036426,255.16477815433805,Ridge,test
6020.894493336138,2,120496.7747876995,272.06346178681827,Ridge,test
8554.672535565684,2,143213.59657571866,295.4440378825773,Ridge,test
12154.742500762884,2,179555.13885918295,329.5904899971771,Ridge,test
17269.832906594394,2,238150.7249191349,378.6446191116757,Ridge,test
24537.51106639817,2,330464.37542128604,448.12024690408833,Ridge,test
34863.65227678088,2,469558.903413843,541.0417619890933,Ridge,test
49535.3520895918,2,666748.7801920185,654.9065748957033,Ridge,test
70381.35554931576,2,926391.6300027837,785.6810234668852,Ridge,test
100000.0,2,1241132.8471537633,923.3189056756039,Ridge,test
0.0001,3,19462.63797149216,101.87362043150272,Ridge,test
0.00014208308325339223,3,19462.634651986635,101.87361563635352,Ridge,test
0.00020187602546790388,3,19462.629935586905,101.87360882326068,Ridge,test
0.00028683168133420117,3,19462.62323449311,101.87359914301275,Ridge,test
0.0004075392965871778,3,19462.613713600484,101.87358538903099,Ridge,test
0.000579044398060249,3,19462.600186481824,101.87356584697153,Ridge,test
0.0008227241341700474,3,19462.580967662136,101.87353808105397,Ridge,test
0.0011689518164985776,3,19462.55366284239,101.8734986304729,Ridge,test
0.0016608827826277166,3,19462.514871091902,101.87344257805226,Ridge,test
0.0023598334667821936,3,19462.459762204944,101.87336293741097,Ridge,test
0.00335292414924956,3,19462.38147719713,101.87324978227281,Ridge,test
0.004763938010401341,3,19462.27027852364,101.87308900945808,Ridge,test
0.006768750009458534,3,19462.112346744398,101.87286058150339,Ridge,test
0.009617248711152965,3,19461.888078981236,101.87253603011112,Ridge,test
0.013664483492953258,3,19461.569687823412,101.87207490978078,Ridge,test
0.019414919457438815,3,19461.11782304262,101.87141976061947,Ridge,test
0.02758531617629184,3,19460.476838563674,101.87048895460667,Ridge,test
0.039194067748472214,3,19459.568202209633,101.86916653789417,Ridge,test
0.055688139909452726,3,19458.281402111512,101.86728781173088,Ridge,test
0.07912342618981326,3,19456.46156670535,101.86461887211811,Ridge,test
0.11242100350620873,3,19453.89295264167,101.86082759327435,Ridge,test
0.15973122800602557,3,19450.277621882076,101.85546700823924,Ridge,test
0.22695105366946708,3,19445.20935499969,101.8480808495171,Ridge,test
0.3224590545296398,3,19438.144785265136,101.83802305393687,Ridge,test
0.45815976690544913,3,19428.378105297124,101.82449559502436,Ridge,test
0.6509675230458171,3,19415.034584849065,101.80594634433032,Ridge,test
0.9249147277217336,3,19397.114689781025,101.78134538752353,Ridge,test
1.3141473626117581,3,19373.648370793857,101.75132111315229,Ridge,test
1.8671810912919207,3,19344.05882555577,101.71352753108623,Ridge,test
2.6529484644319,3,19308.875352114854,101.67184530583397,Ridge,test
3.7693909753883634,3,19270.933791119667,101.6394835315973,Ridge,test
5.355666917706907,3,19237.06761093327,101.64615457624284,Ridge,test
7.609496685459884,3,19219.902753269842,101.72976178811382,Ridge,test
10.811807510766078,3,19238.74914023817,101.94269017406309,Ridge,test
15.361749466718296,3,19318.266977050018,102.3133395781122,Ridge,test
21.826447283974872,3,19484.76097584215,102.87792940489342,Ridge,test
31.011689265747815,3,19763.269017488976,103.59162956712589,Ridge,test
44.062364277735725,3,20181.67954687122,104.55582332345874,Ridge,test
62.60516572014828,3,20785.619942647656,105.91586291037648,Ridge,test
88.95134973108236,3,21657.946403657228,107.75550184086988,Ridge,test
126.38482029342997,3,22926.84466124286,110.61794915234512,Ridge,test
179.5714494371641,3,24748.30478847698,114.91666538400862,Ridge,test
255.14065200312925,3,27265.00902266257,120.94102070514191,Ridge,test
362.51170499885353,3,30563.05470206081,128.6541342959379,Ridge,test
515.0678076168133,3,34652.68184601268,137.63501604787018,Ridge,test
731.8242219076182,3,39483.50256379873,147.8087346717254,Ridge,test
1039.798418481492,3,44983.08010763377,158.79639534742287,Ridge,test
1477.3776525985127,3,51098.668780939806,170.34088702471448,Ridge,test
2099.1037201085546,3,57830.02339229949,182.34461431373805,Ridge,test
2982.471286216894,3,65259.252628764014,195.28153577483255,Ridge,test
4237.587160604064,3,73601.60515852283,209.60765172196628,Ridge,test
6020.894493336138,3,83305.45101050343,225.51458909959618,Ridge,test
8554.672535565684,3,95214.8636649933,243.96562372266177,Ridge,test
12154.742500762884,3,110797.33805126432,265.48436554650493,Ridge,test
17269.832906594394,3,132454.77186320708,291.4690200715529,Ridge,test
24537.51106639817,3,163922.4309664171,324.24999772217495,Ridge,test
34863.65227678088,3,210587.459781082,367.2843761749181,Ridge,test
49535.3520895918,3,279208.0026826001,420.98270645409735,Ridge,test
70381.35554931576,3,376341.17713488906,486.3913968391765,Ridge,test
100000.0,3,505397.7632699211,562.6211281563747,Ridge,test
0.0001,4,20776.507466501174,97.39927709989387,Ridge,test
0.00014208308325339223,4,20776.507917872445,97.39928189307078,Ridge,test
0.00020187602546790388,4,20776.508559222435,97.39928870334921,Ridge,test
0.00028683168133420117,4,20776.50947052838,97.39929837957318,Ridge,test
0.0004075392965871778,4,20776.510765453153,97.39931212778937,Ridge,test
0.000579044398060249,4,20776.51260555107,97.39933166155545,Ridge,test
0.0008227241341700474,4,20776.515220480487,97.39935941548471,Ridge,test
0.0011689518164985776,4,20776.518936784752,97.39939884862328,Ridge,test
0.0016608827826277166,4,20776.524218905954,97.39945487543004,Ridge,test
0.0023598334667821936,4,20776.53172770462,97.39953447800568,Ridge,test
0.00335292414924956,4,20776.54240410324,97.39964757568106,Ridge,test
0.004763938010401341,4,20776.557588933345,97.39980826003134,Ridge,test
0.006768750009458534,4,20776.57919523927,97.40003654852997,Ridge,test
0.009617248711152965,4,20776.60995717376,97.40036087399737,Ridge,test
0.013664483492953258,4,20776.65379186272,97.40082161725958,Ridge,test
0.019414919457438815,4,20776.716330135554,97.40147611753319,Ridge,test
0.02758531617629184,4,20776.80570398888,97.40240577332108,Ridge,test
0.039194067748472214,4,20776.933732611815,97.40372609531408,Ridge,test
0.055688139909452726,4,20777.11774244953,97.40560091679919,Ridge,test
0.07912342618981326,4,20777.383423678435,97.40826243731883,Ridge,test
0.11242100350620873,4,20777.76942931311,97.41204721065924,Ridge,test
0.15973122800602557,4,20778.33498544992,97.41745522147203,Ridge,test
0.22695105366946708,4,20779.17283163764,97.42515657619636,Ridge,test
0.3224590545296398,4,20780.43177773094,97.43612166968711,Ridge,test
0.45815976690544913,4,20782.356825707015,97.4520289440061,Ridge,test
0.6509675230458171,4,20785.36150995702,97.4752021418518,Ridge,test
0.9249147277217336,4,20790.15901136306,97.50831469772213,Ridge,test
1.3141473626117581,4,20797.99863230894,97.55591342239806,Ridge,test
1.8671810912919207,4,20811.08495247721,97.62531278496492,Ridge,test
2.6529484644319,4,20833.296362906163,97.72816674407643,Ridge,test
3.7693909753883634,4,20871.350290967683,97.88327221308614,Ridge,test
5.355666917706907,4,20936.532735945024,98.1099535612656,Ridge,test
7.609496685459884,4,21046.920537267735,98.46849596527863,Ridge,test
10.811807510766078,4,21229.57640972065,99.00713328421352,Ridge,test
15.361749466718296,4,21521.594810219263,99.786078461609,Ridge,test
21.826447283974872,4,21968.76384389531,100.96134654588893,Ridge,test
31.011689265747815,4,22622.046678906107,102.65774710120273,Ridge,test
44.062364277735725,4,23535.043187595453,104.89727703956072,Ridge,test
62.60516572014828,4,24766.955787255298,107.65547034648186,Ridge,test
88.95134973108236,4,26391.066192577127,111.11778390127118,Ridge,test
126.38482029342997,4,28499.833648217696,115.46150124343711,Ridge,test
179.5714494371641,4,31194.145018639745,120.9409569717473,Ridge,test
255.14065200312925,4,34553.90355973664,127.67667236727557,Ridge,test
362.51170499885353,4,38604.27002650736,135.5335157702013,Ridge,test
515.0678076168133,4,43299.804331727864,144.31318493708818,Ridge,test
731.8242219076182,4,48538.14931041113,153.60283658178403,Ridge,test
1039.798418481492,4,54195.63245555381,163.22223296512044,Ridge,test
1477.3776525985127,4,60166.19988740129,173.0609423665567,Ridge,test
2099.1037201085546,4,66390.01812398047,182.96359354834524,Ridge,test
2982.471286216894,4,72876.29318898956,193.03979971377262,Ridge,test
4237.587160604064,4,79746.28358645295,203.34934433999064,Ridge,test
6020.894493336138,4,87331.78163294276,214.52372531221923,Ridge,test
8554.672535565684,4,96350.01306875976,227.60588294148334,Ridge,test
12154.742500762884,4,108144.03141724764,243.65229940046038,Ridge,test
17269.832906594394,4,124951.5554847285,265.02378498444,Ridge,test
24537.51106639817,4,150150.82868981204,293.66018172428954,Ridge,test
34863.65227678088,4,188385.60919547846,331.5849221456211,Ridge,test
49535.3520895918,4,245339.48776994276,380.97605911977877,Ridge,test
70381.35554931576,4,326781.69553135714,443.814050749435,Ridge,test
100000.0,4,436638.22440479434,518.5553410417223,Ridge,test
1307.2529146171103,0,2261507.3181631407,1268.775980526385,Lasso,test
1034.3432950112508,0,2261507.3181631407,1268.775980526385,Lasso,test
818.4078535775095,0,1586426.9307001098,1061.3985655693355,Lasso,test
647.5523339570351,0,1023437.7542636819,850.4198590103523,Lasso,test
512.3655929989072,0,669279.3753359598,684.5336532117203,Lasso,test
405.40121179848944,0,446214.3625246327,554.9298639810714,Lasso,test
320.76732858998605,0,298123.3990531111,450.657772253894,Lasso,test
253.80210047793312,0,204207.0074686952,370.645856380999,Lasso,test
200.8169176398531,0,145096.15293730667,310.82103994827514,Lasso,test
158.8932256054273,0,107838.84504967774,267.6084905403832,Lasso,test
125.72176408252359,0,84315.35624250842,237.442941544857,Lasso,test
99.47536720836662,0,69431.39382288187,216.13661598653843,Lasso,test
78.70831875015763,0,59783.757649612024,200.52067090400953,Lasso,test
62.2767184915239,0,52137.955900963694,186.40082719789058,Lasso,test
49.275473389078655,0,46270.76251838813,173.9925334277182,Lasso,test
38.9884428166887,0,40822.396870337594,160.59884381349727,Lasso,test
30.848991774620224,0,38272.719412149716,151.91855703356964,Lasso,test
24.408779237093185,0,37911.476295447654,148.27558122234046,Lasso,test
19.313062423495882,0,38917.39870804788,148.26583186902369,Lasso,test
15.281156691647311,0,40508.55063749773,150.48226598696476,Lasso,test
12.09097473586527,0,42240.469817086625,153.11277640624792,Lasso,test
9.566793470761317,0,40480.514358175395,149.28233684484155,Lasso,test
7.569574770569698,0,38294.34899240201,144.2194147764625,Lasso,test
5.989306906474442,0,36225.37310849222,138.93753228686253,Lasso,test
4.738944829425688,0,34710.08993969629,134.78026426667086,Lasso,test
3.749615514286603,0,33449.5862719858,131.00177835228294,Lasso,test
2.9668242638483475,0,31783.615570146725,126.84816523454218,Lasso,test
2.3474530065875157,0,29543.412084418305,121.53493804492464,Lasso,test
1.8573852470078234,0,28007.431782185453,117.91204498722597,Lasso,test
1.469626844976716,0,26812.988822964646,115.01072675821506,Lasso,test
1.1628191119508322,0,25977.46818201281,113.05186772066548,Lasso,test
0.9200623217654588,0,25285.729347899454,111.50824900583241,Lasso,test
0.7279848320623742,0,24743.35603387613,110.34860524589105,Lasso,test
0.5760065412699081,0,24315.713408077016,109.38981858953248,Lasso,test
0.45575611053019205,0,23995.81838714834,108.71297040713391,Lasso,test
0.3606098497209199,0,23708.86284011795,108.22393321275683,Lasso,test
0.2853268682771286,0,23543.176983047062,107.94697281071377,Lasso,test
0.22576039402095935,0,23418.882545264827,107.75143023589844,Lasso,test
0.1786293587290052,0,23318.61221237968,107.60662682825968,Lasso,test
0.14133766880728119,0,23246.149334279635,107.47958809265496,Lasso,test
0.11183120605713186,0,23175.915738008534,107.3258319668244,Lasso,test
0.08848468178179253,0,23120.511714819164,107.22253242464231,Lasso,test
0.07001211187890775,0,23078.235900162686,107.148627960224,Lasso,test
0.05539598166643707,0,23046.086229972876,107.0952598731125,Lasso,test
0.04383119866596573,0,23021.39766069381,107.05449153586015,Lasso,test
0.03468074612457581,0,23002.509711653158,107.02127846588897,Lasso,test
0.02744059456195527,0,22987.962150378888,106.99636655608651,Lasso,test
0.021711938584274545,0,22976.68796852287,106.97789566895895,Lasso,test
0.017179229700106057,0,22967.891877673694,106.96398934152857,Lasso,test
0.013592795131741895,0,22961.028387215414,106.95344286387535,Lasso,test
0.010755085223196308,0,22955.643121732457,106.94534335324019,Lasso,test
0.008509791918227243,0,22951.41424837356,106.93897860179166,Lasso,test
0.006733238927325228,0,22948.089302070934,106.93397579609473,Lasso,test
0.00532756933284594,0,22945.476599067384,106.93006960713063,Lasso,test
0.004215355388785484,0,22943.410695801453,106.92701117978591,Lasso,test
0.003335333609683999,0,22941.78613949306,106.92459547998958,Lasso,test
0.002639030226842348,0,22940.50240643864,106.92268259192541,Lasso,test
0.0020880911336624668,0,22939.488328687476,106.92119282735837,Lasso,test
0.001652169246919457,0,22938.687152208335,106.92002840051406,Lasso,test
0.0013072529146171102,0,22938.054025020923,106.91911206060003,Lasso,test
1307.2529146171103,1,1500900.9609046688,973.7888108680428,Lasso,test
1034.3432950112508,1,1167670.5457331405,858.0095238035633,Lasso,test
818.4078535775095,1,761318.9947688744,690.5786408026603,Lasso,test
647.5523339570351,1,508025.2901697581,562.9420960475114,Lasso,test
512.3655929989072,1,341546.7718607332,461.1906107569593,Lasso,test
405.40121179848944,1,235896.94982307687,383.2895086966483,Lasso,test
320.76732858998605,1,169724.07897456794,324.4203881874129,Lasso,test
253.80210047793312,1,128272.52055339738,280.42657394015527,Lasso,test
200.8169176398531,1,102302.98231120378,249.21539351946097,Lasso,test
158.8932256054273,1,86030.11708687106,227.30636051510507,Lasso,test
125.72176408252359,1,75831.15890404064,212.12962618612252,Lasso,test
99.47536720836662,1,68572.44548942953,199.64380608202129,Lasso,test
78.70831875015763,1,63876.782854584584,190.33317606974813,Lasso,test
62.2767184915239,1,60751.6646810771,183.50102852499313,Lasso,test
49.275473389078655,1,57770.67375019567,176.23717625454609,Lasso,test
38.9884428166887,1,56253.82615140482,171.49796204437317,Lasso,test
30.848991774620224,1,55135.6487317338,166.71352008448565,Lasso,test
24.408779237093185,1,54554.8431014573,162.51749636273016,Lasso,test
19.313062423495882,1,54373.05099744432,159.85094644493117,Lasso,test
15.281156691647311,1,53739.18638450251,157.94976457709836,Lasso,test
12.09097473586527,1,47066.10631371478,145.5131876241761,Lasso,test
9.566793470761317,1,42432.22055767457,137.52668735151096,Lasso,test
7.569574770569698,1,39182.515690482076,132.52899232215876,Lasso,test
5.989306906474442,1,37004.32608958459,129.0656989685697,Lasso,test
4.738944829425688,1,35261.38732409859,126.32041563119111,Lasso,test
3.749615514286603,1,33902.20991422929,124.25880538478815,Lasso,test
2.9668242638483475,1,32035.441740339123,119.80075051985058,Lasso,test
2.3474530065875157,1,30737.075068310613,116.76939504880569,Lasso,test
1.8573852470078234,1,29636.723121082345,114.34056337197784,Lasso,test
1.469626844976716,1,28775.947696369,112.5155820902581,Lasso,test
1.1628191119508322,1,28256.965311120057,111.28444550972856,Lasso,test
0.9200623217654588,1,27995.379321932727,110.49172218682126,Lasso,test
0.7279848320623742,1,27836.286058554182,109.96494612173538,Lasso,test
0.5760065412699081,1,27725.325857838307,109.61728705003812,Lasso,test
0.45575611053019205,1,27589.061326512063,109.24354426622371,Lasso,test
0.3606098497209199,1,27434.976678649295,108.98813625780754,Lasso,test
0.2853268682771286,1,27314.377297678326,108.81714183994872,Lasso,test
0.22576039402095935,1,27189.13779150426,108.65069232131701,Lasso,test
0.1786293587290052,1,27094.05955200439,108.52560086419965,Lasso,test
0.14133766880728119,1,27030.706312399776,108.43084032446531,Lasso,test
0.11183120605713186,1,27029.645270804955,108.37300240251724,Lasso,test
0.08848468178179253,1,27037.194526116757,108.34439021316167,Lasso,test
0.07001211187890775,1,27045.848414050204,108.33192109704956,Lasso,test
0.05539598166643707,1,27052.717985247742,108.32779848568488,Lasso,test
0.04383119866596573,1,27056.777622511967,108.3229274178837,Lasso,test
0.03468074612457581,1,27060.64124253027,108.31982601959875,Lasso,test
0.02744059456195527,1,27064.098783284106,108.31798748862857,Lasso,test
0.021711938584274545,1,27067.340654074884,108.31760910534221,Lasso,test
0.017179229700106057,1,27074.06324807254,108.31973823403665,Lasso,test
0.013592795131741895,1,27075.2546199406,108.31967974245237,Lasso,test
0.010755085223196308,1,27076.245055605883,108.31967428486985,Lasso,test
0.008509791918227243,1,27077.081613487546,108.31971902411318,Lasso,test
0.006733238927325228,1,27077.771427288164,108.31976903843054,Lasso,test
0.00532756933284594,1,27078.33318626261,108.31981298675284,Lasso,test
0.004215355388785484,1,27078.787211002993,108.3198481347953,Lasso,test
0.003335333609683999,1,27079.14602573358,108.31987013204382,Lasso,test
0.002639030226842348,1,27079.442945604405,108.31989895038808,Lasso,test
0.0020880911336624668,1,27079.67398285927,108.31992568430786,Lasso,test
0.001652169246919457,1,27079.863447406075,108.31995470067788,Lasso,test
0.0013072529146171102,1,27080.010193749426,108.31998795769019,Lasso,test
1307.2529146171103,2,3614401.8579844236,1653.946312481167,Lasso,test
1034.3432950112508,2,2883770.7029255438,1475.5492140762701,Lasso,test
818.4078535775095,2,1846865.8197482151,1176.129389607725,Lasso,test
647.5523339570351,2,1176107.780211858,931.5955777137459,Lasso,test
512.3655929989072,2,756732.426930482,739.0890192071101,Lasso,test
405.40121179848944,2,494618.5349995414,588.1886244496037,Lasso,test
320.76732858998605,2,330874.33742919617,471.2526030749315,Lasso,test
253.80210047793312,2,228636.80336603746,382.66406834653486,Lasso,test
200.8169176398531,2,164848.21384180986,317.18068368528907,Lasso,test
158.8932256054273,2,123904.1155871111,270.2785521194576,Lasso,test
125.72176408252359,2,98135.75350468226,239.03927756310134,Lasso,test
99.47536720836662,2,82341.57136188225,218.7126452416292,Lasso,test
78.70831875015763,2,72725.26822574991,205.91576662195925,Lasso,test
62.2767184915239,2,66921.18266021776,198.33479426131416,Lasso,test
49.275473389078655,2,62815.44134154149,193.15601055617563,Lasso,test
38.9884428166887,2,59054.85501973978,188.17038691327548,Lasso,test
30.848991774620224,2,56414.33072597444,184.59928931653712,Lasso,test
24.408779237093185,2,54070.86678385284,181.05829792367518,Lasso,test
19.313062423495882,2,52254.08664215268,177.82210291346757,Lasso,test
15.281156691647311,2,46737.4312782583,167.2001486103046,Lasso,test
12.09097473586527,2,41485.58497980107,156.3683739771711,Lasso,test
9.566793470761317,2,37978.48641818161,148.37096088376467,Lasso,test
7.569574770569698,2,35773.24079622409,142.7907871216295,Lasso,test
5.989306906474442,2,34136.31672258049,138.52846811748807,Lasso,test
4.738944829425688,2,32839.916513851174,135.05084573075806,Lasso,test
3.749615514286603,2,31223.15846892167,130.95791666431705,Lasso,test
2.9668242638483475,2,28801.94308756347,125.1289619700303,Lasso,test
2.3474530065875157,2,27052.142154473935,120.92008539929051,Lasso,test
1.8573852470078234,2,25900.95905980217,118.26900453804551,Lasso,test
1.469626844976716,2,25133.71142284103,116.74465029429444,Lasso,test
1.1628191119508322,2,24617.978873536827,115.79663472434028,Lasso,test
0.9200623217654588,2,24270.27438965715,115.19204693422695,Lasso,test
0.7279848320623742,2,23984.19300812252,114.62271329413393,Lasso,test
0.5760065412699081,2,23790.437326247487,114.30411204459772,Lasso,test
0.45575611053019205,2,23673.43526291974,114.14946839314851,Lasso,test
0.3606098497209199,2,23605.87894639141,114.08779413207894,Lasso,test
0.2853268682771286,2,23567.036865277812,114.07452916804758,Lasso,test
0.22576039402095935,2,23545.38108650582,114.08505691210958,Lasso,test
0.1786293587290052,2,23533.274470215878,114.11028371839518,Lasso,test
0.14133766880728119,2,23528.85184773564,114.14614379261862,Lasso,test
0.11183120605713186,2,23526.639075443814,114.17785459020428,Lasso,test
0.08848468178179253,2,23525.850460559035,114.20713770230066,Lasso,test
0.07001211187890775,2,23526.459595410768,114.23942387184255,Lasso,test
0.05539598166643707,2,23527.863396084333,114.26724263993448,Lasso,test
0.04383119866596573,2,23529.383335211547,114.28969671411366,Lasso,test
0.03468074612457581,2,23530.913813869713,114.30819955637794,Lasso,test
0.02744059456195527,2,23532.134534127996,114.3222289447203,Lasso,test
0.021711938584274545,2,23533.21487272649,114.33353478866803,Lasso,test
0.017179229700106057,2,23534.11591554601,114.34281338318628,Lasso,test
0.013592795131741895,2,23534.865759345725,114.35013977079043,Lasso,test
0.010755085223196308,2,23535.48464840051,114.3559301190333,Lasso,test
0.008509791918227243,2,23535.991428849105,114.36067137828664,Lasso,test
0.006733238927325228,2,23536.403571582592,114.36454376163508,Lasso,test
0.00532756933284594,2,23536.736855811363,114.36760672100695,Lasso,test
0.004215355388785484,2,23537.010753883325,114.37004383531969,Lasso,test
0.003335333609683999,2,23537.22244632774,114.37195195292853,Lasso,test
0.002639030226842348,2,23537.396842838574,114.37347460240655,Lasso,test
0.0020880911336624668,2,23537.531452870877,114.37466782394279,Lasso,test
0.001652169246919457,2,23537.64204767254,114.37562050240979,Lasso,test
0.0013072529146171102,2,23537.727253568115,114.37636727083834,Lasso,test
1307.2529146171103,3,1883473.9751577408,1117.3215066212692,Lasso,test
1034.3432950112508,3,1195606.1425782153,887.1371318479605,Lasso,test
818.4078535775095,3,777201.598098467,712.0851793277421,Lasso,test
647.5523339570351,3,506534.7955686989,573.5608763065087,Lasso,test
512.3655929989072,3,336832.74270939705,467.9614241890346,Lasso,test
405.40121179848944,3,230392.40680812753,387.72716801374526,Lasso,test
320.76732858998605,3,163599.08132018056,326.84493122770937,Lasso,test
253.80210047793312,3,121658.60039442049,282.2329166504659,Lasso,test
200.8169176398531,3,95303.24298155452,250.91626280692492,Lasso,test
158.8932256054273,3,78027.52937688201,227.6355054607124,Lasso,test
125.72176408252359,3,67069.06869078096,210.34245839347042,Lasso,test
99.47536720836662,3,60143.62828808149,197.62694423776307,Lasso,test
78.70831875015763,3,55751.39192420166,188.34136554395297,Lasso,test
62.2767184915239,3,52738.46932622954,181.24380162194245,Lasso,test
49.275473389078655,3,49868.342138351436,173.71202732666768,Lasso,test
38.9884428166887,3,48116.19546360268,167.81540547102728,Lasso,test
30.848991774620224,3,46987.383686986504,163.0456187190745,Lasso,test
24.408779237093185,3,46223.27551208343,158.66197468721202,Lasso,test
19.313062423495882,3,44981.47814587842,154.05199193209933,Lasso,test
15.281156691647311,3,40791.0987243488,145.0071531342892,Lasso,test
12.09097473586527,3,35891.403523069006,134.63914798837988,Lasso,test
9.566793470761317,3,32827.71976930151,128.32568843968772,Lasso,test
7.569574770569698,3,30683.83548047812,124.22447707604836,Lasso,test
5.989306906474442,3,29357.596811129104,122.27249661645169,Lasso,test
4.738944829425688,3,28126.60139532762,120.89217118486387,Lasso,test
3.749615514286603,3,26845.984672562594,118.73086664734761,Lasso,test
2.9668242638483475,3,25213.598573739277,115.04511109329809,Lasso,test
2.3474530065875157,3,23937.02176018329,112.1642168211534,Lasso,test
1.8573852470078234,3,22776.596173572885,109.28702298156787,Lasso,test
1.469626844976716,3,21975.70439897676,107.18288808374149,Lasso,test
1.1628191119508322,3,21373.180633631797,105.51155202052173,Lasso,test
0.9200623217654588,3,20931.353655386658,104.5337137894163,Lasso,test
0.7279848320623742,3,20567.084035977954,103.72403899304399,Lasso,test
0.5760065412699081,3,20284.210313293654,103.11361000276716,Lasso,test
0.45575611053019205,3,20135.77512168901,102.83064159212452,Lasso,test
0.3606098497209199,3,19961.841688106273,102.48133798944302,Lasso,test
0.2853268682771286,3,19833.426410947573,102.26136183881748,Lasso,test
0.22576039402095935,3,19744.45180505008,102.1174033249291,Lasso,test
0.1786293587290052,3,19679.36419674701,102.02951346387911,Lasso,test
0.14133766880728119,3,19627.775253346324,101.97589806589338,Lasso,test
0.11183120605713186,3,19591.656554265774,101.94009587150222,Lasso,test
0.08848468178179253,3,19564.79384526181,101.91761178989499,Lasso,test
0.07001211187890775,3,19541.69727429929,101.90325113551809,Lasso,test
0.05539598166643707,3,19523.52500869671,101.89429392618219,Lasso,test
0.04383119866596573,3,19510.160731664273,101.8963236494644,Lasso,test
0.03468074612457581,3,19499.69073477755,101.89754549167522,Lasso,test
0.02744059456195527,3,19491.45339893917,101.89893681362959,Lasso,test
0.021711938584274545,3,19485.271625432822,101.90065902449697,Lasso,test
0.017179229700106057,3,19480.336234353206,101.90123632899008,Lasso,test
0.013592795131741895,3,19476.34373583549,101.89583195734329,Lasso,test
0.010755085223196308,3,19473.39301863788,101.89099292826951,Lasso,test
0.008509791918227243,3,19471.09541780076,101.88722259219523,Lasso,test
0.006733238927325228,3,19469.294542244108,101.88429678385455,Lasso,test
0.00532756933284594,3,19467.887283613138,101.88198790486386,Lasso,test
0.004215355388785484,3,19466.7783223198,101.88017159672658,Lasso,test
0.003335333609683999,3,19465.906986092745,101.87873658551216,Lasso,test
0.002639030226842348,3,19465.22092383449,101.8776101876352,Lasso,test
0.0020880911336624668,3,19464.680091740545,101.87677960776381,Lasso,test
0.001652169246919457,3,19464.25339220012,101.87612244931725,Lasso,test
0.0013072529146171102,3,19463.916531954295,101.87560248988783,Lasso,test
1307.2529146171103,4,1790526.065393385,1103.9644879065484,Lasso,test
1034.3432950112508,4,1149157.3143705286,882.4714454178721,Lasso,test
818.4078535775095,4,741989.0423061382,705.6424091684449,Lasso,test
647.5523339570351,4,485622.0442770991,566.5283224730624,Lasso,test
512.3655929989072,4,324931.54276951926,458.90886448203554,Lasso,test
405.40121179848944,4,224176.67996115427,376.609715129066,Lasso,test
320.76732858998605,4,160976.63893943044,314.8469294486264,Lasso,test
253.80210047793312,4,121317.6857690806,269.376545885507,Lasso,test
200.8169176398531,4,96252.96648927976,236.65953728722724,Lasso,test
158.8932256054273,4,80189.11174055716,213.20479532667937,Lasso,test
125.72176408252359,4,70006.81497842242,197.00338344222746,Lasso,test
99.47536720836662,4,63545.394585624184,185.66307578510188,Lasso,test
78.70831875015763,4,59430.95270279658,177.87017141218226,Lasso,test
62.2767184915239,4,56804.238529597766,172.65051422486542,Lasso,test
49.275473389078655,4,54062.466222551484,167.52440961237244,Lasso,test
38.9884428166887,4,51589.73302957164,162.96304487219166,Lasso,test
30.848991774620224,4,49655.29166936395,159.2095625578429,Lasso,test
24.408779237093185,4,47434.3233736589,154.8647279481431,Lasso,test
19.313062423495882,4,45558.40871796526,150.85823665923303,Lasso,test
15.281156691647311,4,40803.83551023867,141.32118619237497,Lasso,test
12.09097473586527,4,35999.49113674009,132.0654253649755,Lasso,test
9.566793470761317,4,32784.39125458805,125.69999960139468,Lasso,test
7.569574770569698,4,30461.63223538759,120.94093858460523,Lasso,test
5.989306906474442,4,28904.725239355335,117.584349045734,Lasso,test
4.738944829425688,4,27833.667234355467,115.16111124660804,Lasso,test
3.749615514286603,4,26467.724498252614,111.94049581775533,Lasso,test
2.9668242638483475,4,24857.671231962762,107.86943988059797,Lasso,test
2.3474530065875157,4,23483.939061682617,104.18913505389077,Lasso,test
1.8573852470078234,4,22490.63393249414,101.47950523628484,Lasso,test
1.469626844976716,4,21854.89417980787,99.73905437436838,Lasso,test
1.1628191119508322,4,21456.956888124412,98.68607930983677,Lasso,test
0.9200623217654588,4,21183.034989126296,97.93686322005843,Lasso,test
0.7279848320623742,4,21003.33416812383,97.45485889534086,Lasso,test
0.5760065412699081,4,20889.56399662216,97.22646574382127,Lasso,test
0.45575611053019205,4,20836.036229217032,97.15189408284002,Lasso,test
0.3606098497209199,4,20796.69443685647,97.11946534777827,Lasso,test
0.2853268682771286,4,20774.528815787817,97.12831845220636,Lasso,test
0.22576039402095935,4,20759.116835910787,97.14190281198822,Lasso,test
0.1786293587290052,4,20752.94838338831,97.1698310948672,Lasso,test
0.14133766880728119,4,20751.99704328727,97.20109055346838,Lasso,test
0.11183120605713186,4,20753.694448352686,97.23148162209785,Lasso,test
0.08848468178179253,4,20756.009991764295,97.25939719830562,Lasso,test
0.07001211187890775,4,20758.31381505456,97.28351829687207,Lasso,test
0.05539598166643707,4,20760.895163802234,97.30465604504164,Lasso,test
0.04383119866596573,4,20763.383845578122,97.32221460066866,Lasso,test
0.03468074612457581,4,20765.645267958298,97.33725170093915,Lasso,test
0.02744059456195527,4,20767.131258388068,97.34851924616925,Lasso,test
0.021711938584274545,4,20768.202623279853,97.35719796842308,Lasso,test
0.017179229700106057,4,20769.727910660225,97.36531907984826,Lasso,test
0.013592795131741895,4,20771.057412242524,97.372068081603,Lasso,test
0.010755085223196308,4,20772.14198914372,97.37759986381542,Lasso,test
0.008509791918227243,4,20773.020216198347,97.38215551908311,Lasso,test
0.006733238927325228,4,20773.727292580264,97.38574235075924,Lasso,test
0.00532756933284594,4,20774.29305312926,97.38853314801266,Lasso,test
0.004215355388785484,4,20774.746211407197,97.39074829692791,Lasso,test
0.003335333609683999,4,20775.10807283555,97.39250787798758,Lasso,test
0.002639030226842348,4,20775.396480858784,97.39390958119228,Lasso,test
0.0020880911336624668,4,20775.62599080824,97.39502311717996,Lasso,test
0.001652169246919457,4,20775.80840933885,97.39590796065363,Lasso,test
0.0013072529146171102,4,20775.953260545833,97.39660805219911,Lasso,test
0.0001,0,15266.863265981805,89.38589851789442,Ridge + hour×month,val
0.00014208308325339223,0,15266.867874447662,89.38589108635718,Ridge + hour×month,val
0.00020187602546790388,0,15266.874430742553,89.38588079026158,Ridge + hour×month,val
0.00028683168133420117,0,15266.883876752314,89.38586592749195,Ridge + hour×month,val
0.0004075392965871778,0,15266.897353052933,89.38584509624404,Ridge + hour×month,val
0.000579044398060249,0,15266.916604470623,89.38581543462138,Ridge + hour×month,val
0.0008227241341700474,0,15266.943919320458,89.38577337620949,Ridge + hour×month,val
0.0011689518164985776,0,15266.982819170951,89.38571441886712,Ridge + hour×month,val
0.0016608827826277166,0,15267.038164896172,89.38563252724651,Ridge + hour×month,val
0.0023598334667821936,0,15267.116980661267,89.38551633657735,Ridge + hour×month,val
0.00335292414924956,0,15267.22926834831,89.3853514075375,Ridge + hour×month,val
0.004763938010401341,0,15267.389415778642,89.3851174778293,Ridge + hour×month,val
0.006768750009458534,0,15267.618195063089,89.38478588373987,Ridge + hour×month,val
0.009617248711152965,0,15267.945728519211,89.38431633987346,Ridge + hour×month,val
0.013664483492953258,0,15268.416076393501,89.38365237948783,Ridge + hour×month,val
0.019414919457438815,0,15269.094363097543,89.38271922171093,Ridge + hour×month,val
0.02758531617629184,0,15270.078151475027,89.3814607895195,Ridge + hour×month,val
0.039194067748472214,0,15271.516044911454,89.37973340976639,Ridge + hour×month,val
0.055688139909452726,0,15273.638891495832,89.37744942107432,Ridge + hour×month,val
0.07912342618981326,0,15276.813174538298,89.37494024286444,Ridge + hour×month,val
0.11242100350620873,0,15281.633716588794,89.37210651879685,Ridge + hour×month,val
0.15973122800602557,0,15289.085475028602,89.37113056248893,Ridge + hour×month,val
0.22695105366946708,0,15300.823887861408,89.37376889855985,Ridge + hour×month,val
0.3224590545296398,0,15319.649345448583,89.38692769071845,Ridge + hour×month,val
0.45815976690544913,0,15350.274365225046,89.42832280738442,Ridge + hour×month,val
0.6509675230458171,0,15400.470843387886,89.52310700519953,Ridge + hour×month,val
0.9249147277217336,0,15482.574062626383,89.72407358834558,Ridge + hour×month,val
1.3141473626117581,0,15615.03018389336,90.11440820652138,Ridge + hour×month,val
1.8671810912919207,0,15823.23678953038,90.75196274475336,Ridge + hour×month,val
2.6529484644319,0,16138.74971780535,91.81303022188271,Ridge + hour×month,val
3.7693909753883634,0,16596.88257153217,93.39035953547067,Ridge + hour×month,val
5.355666917706907,0,17235.21204407746,95.58015529510074,Ridge + hour×month,val
7.609496685459884,0,18097.496672521123,98.38052064759931,Ridge + hour×month,val
10.811807510766078,0,19244.623512573475,101.96952888618932,Ridge + hour×month,val
15.361749466718296,0,20765.013931324498,106.48154846982332,Ridge + hour×month,val
21.826447283974872,0,22768.667320228087,112.31064546559428,Ridge + hour×month,val
31.011689265747815,0,25353.54817866463,119.43795485705319,Ridge + hour×month,val
44.062364277735725,0,28554.04216506677,127.73631146394005,Ridge + hour×month,val
62.60516572014828,0,32304.552793058305,136.92546937051955,Ridge + hour×month,val
88.95134973108236,0,36452.39224149992,146.39250696391775,Ridge + hour×month,val
126.38482029342997,0,40826.25831981061,155.73070006122416,Ridge + hour×month,val
179.5714494371641,0,45335.64791889794,164.67783287728344,Ridge + hour×month,val
255.14065200312925,0,50068.48265544882,173.35586381115004,Ridge + hour×month,val
362.51170499885353,0,55362.77461232239,182.28677565029457,Ridge + hour×month,val
515.0678076168133,0,61836.48702519018,192.4701927393441,Ridge + hour×month,val
731.8242219076182,0,70371.02135720532,204.44223507043492,Ridge + hour×month,val
1039.798418481492,0,82068.69701882635,219.78584631228716,Ridge + hour×month,val
1477.3776525985127,0,98232.85526625396,240.0952424651316,Ridge + hour×month,val
2099.1037201085546,0,120419.13771595735,267.0088558049675,Ridge + hour×month,val
2982.471286216894,0,150560.17731637383,301.11893946622604,Ridge + hour×month,val
4237.587160604064,0,191095.6069098977,342.1997945336662,Ridge + hour×month,val
6020.894493336138,0,244976.38318607488,390.8115865886411,Ridge + hour×month,val
8554.672535565684,0,315368.8282934225,447.66648142256616,Ridge + hour×month,val
12154.742500762884,0,404896.7638575369,511.62770117938334,Ridge + hour×month,val
17269.832906594394,0,514424.70712197234,580.8932125492221,Ridge + hour×month,val
24537.51106639817,0,641761.0159427198,653.1681619897066,Ridge + hour×month,val
34863.65227678088,0,781061.7637278565,724.864968515581,Ridge + hour×month,val
49535.3520895918,0,923649.3346101517,791.7825723318514,Ridge + hour×month,val
70381.35554931576,0,1060145.6817314713,851.0026495301128,Ridge + hour×month,val
100000.0,0,1182863.0036466809,901.1238995198753,Ridge + hour×month,val
0.0001,1,48934.06585805517,149.58626238843618,Ridge + hour×month,val
0.00014208308325339223,1,48934.104051239294,149.58630296752136,Ridge + hour×month,val
0.00020187602546790388,1,48934.15700133288,149.5863594414248,Ridge + hour×month,val
0.00028683168133420117,1,48934.2347282108,149.58644194029216,Ridge + hour×month,val
0.0004075392965871778,1,48934.34333503371,149.58655794044782,Ridge + hour×month,val
0.000579044398060249,1,48934.498258973385,149.5867238481705,Ridge + hour×month,val
0.0008227241341700474,1,48934.71833319043,149.58695908998232,Ridge + hour×month,val
0.0011689518164985776,1,48935.03070515627,149.5872934738079,Ridge + hour×month,val
0.0016608827826277166,1,48935.4747338495,149.58776846011864,Ridge + hour×month,val
0.0023598334667821936,1,48936.10578835636,149.58844345213214,Ridge + hour×month,val
0.00335292414924956,1,48937.002584752816,149.58940243639762,Ridge + hour×month,val
0.004763938010401341,1,48938.27734278026,149.59076495088317,Ridge + hour×month,val
0.006768750009458534,1,48940.08966917708,149.59270079363694,Ridge + hour×month,val
0.009617248711152965,1,48942.66688107828,149.59545111612394,Ridge + hour×month,val
0.013664483492953258,1,48946.33310492349,149.59935843146218,Ridge + hour×month,val
0.019414919457438815,1,48951.55117184396,149.60490922079174,Ridge + hour×month,val
0.02758531617629184,1,48958.98318053086,149.612855319946,Ridge + hour×month,val
0.039194067748472214,1,48969.57895444715,149.62432548180072,Ridge + hour×month,val
0.055688139909452726,1,48984.70604369903,149.6407991421834,Ridge + hour×month,val
0.07912342618981326,1,49006.34308268863,149.66445388035945,Ridge + hour×month,val
0.11242100350620873,1,49037.37088159398,149.69890563933976,Ridge + hour×month,val
0.15973122800602557,1,49082.016628811994,149.75076654010576,Ridge + hour×month,val
0.22695105366946708,1,49146.53972445131,149.82751593192253,Ridge + hour×month,val
0.3224590545296398,1,49240.29856095211,149.9429237787456,Ridge + hour×month,val
0.45815976690544913,1,49377.406847237384,150.11490302097147,Ridge + hour×month,val
0.6509675230458171,1,49579.26205484284,150.373389843459,Ridge + hour×month,val
0.9249147277217336,1,49878.255295424184,150.7558805555379,Ridge + hour×month,val
1.3141473626117581,1,50322.83472670277,151.34552356015226,Ridge + hour×month,val
1.8671810912919207,1,50983.63802270699,152.2632047467032,Ridge + hour×month,val
2.6529484644319,1,51959.64417458554,153.73191592487296,Ridge + hour×month,val
3.7693909753883634,1,53382.843559507266,155.82567521873418,Ridge + hour×month,val
5.355666917706907,1,55421.14097235666,158.80156032925208,Ridge + hour×month,val
7.609496685459884,1,58282.414647873054,163.06420823087075,Ridge + hour×month,val
10.811807510766078,1,62223.41377318323,169.1245046882361,Ridge + hour×month,val
15.361749466718296,1,67556.74535472797,177.1146345865751,Ridge + hour×month,val
21.826447283974872,1,74626.88216533152,187.66076624461934,Ridge + hour×month,val
31.011689265747815,1,83713.59794409054,201.20873455078907,Ridge + hour×month,val
44.062364277735725,1,94852.11258448512,217.2633158748996,Ridge + hour×month,val
62.60516572014828,1,107637.32216713452,234.80955365764436,Ridge + hour×month,val
88.95134973108236,1,121146.04079930465,252.48302511248707,Ridge + hour×month,val
126.38482029342997,1,134085.2229379879,268.9022676060704,Ridge + hour×month,val
179.5714494371641,1,145153.12238209613,283.4054361339315,Ridge + hour×month,val
255.14065200312925,1,153478.85417020356,295.5274255733431,Ridge + hour×month,val
362.51170499885353,1,158967.4547052511,304.93278496112066,Ridge + hour×month,val
515.0678076168133,1,162425.61148642146,312.7035594556457,Ridge + hour×month,val
731.8242219076182,1,165432.7589517448,320.9707085141067,Ridge + hour×month,val
1039.798418481492,1,170007.17300561277,330.4154836733504,Ridge + hour×month,val
1477.3776525985127,1,178187.9122266948,341.19062912402995,Ridge + hour×month,val
2099.1037201085546,1,191722.72097600336,355.23918331737366,Ridge + hour×month,val
2982.471286216894,1,212069.51554367514,373.9134918733956,Ridge + hour×month,val
4237.587160604064,1,240790.85861117454,399.1957317165474,Ridge + hour×month,val
6020.894493336138,1,280182.0291983105,431.3234352405652,Ridge + hour×month,val
8554.672535565684,1,333814.7908852869,469.953974348944,Ridge + hour×month,val
12154.742500762884,1,406685.8903949085,516.9300910184693,Ridge + hour×month,val
17269.832906594394,1,504704.5914744843,574.8500285031658,Ridge + hour×month,val
24537.51106639817,1,633286.1887536083,645.4183477428047,Ridge + hour×month,val
34863.65227678088,1,795068.8850401444,729.0213492048963,Ridge + hour×month,val
49535.3520895918,1,987455.4732706333,819.9452583333605,Ridge + hour×month,val
70381.35554931576,1,1201427.6206147282,911.4693523230171,Ridge + hour×month,val
100000.0,1,1422907.6886471596,997.8599463643028,Ridge + hour×month,val
0.0001,2,16456.230771325452,84.8514605810464,Ridge + hour×month,val
0.00014208308325339223,2,16456.237574302035,84.85148335999939,Ridge + hour×month,val
0.00020187602546790388,2,16456.247240265584,84.85151572493196,Ridge + hour×month,val
0.00028683168133420117,2,16456.26097413338,84.8515617098052,Ridge + hour×month,val
0.0004075392965871778,2,16456.28048797983,84.85162704609354,Ridge + hour×month,val
0.000579044398060249,2,16456.308214546894,84.85171987702176,Ridge + hour×month,val
0.0008227241341700474,2,16456.347610705012,84.85185177227535,Ridge + hour×month,val
0.0011689518164985776,2,16456.403588801582,84.8520391695076,Ridge + hour×month,val
0.0016608827826277166,2,16456.48312989665,84.85230542197509,Ridge + hour×month,val
0.0023598334667821936,2,16456.59615582234,84.85268370697216,Ridge + hour×month,val
0.00335292414924956,2,16456.756769711374,84.85322115623418,Ridge + hour×month,val
0.004763938010401341,2,16456.985021611275,84.8539847207123,Ridge + hour×month,val
0.006768750009458534,2,16457.309423178114,84.85506949552254,Ridge + hour×month,val
0.009617248711152965,2,16457.77053282382,84.85661053243022,Ridge + hour×month,val
0.013664483492953258,2,16458.426074047686,84.85879959137027,Ridge + hour×month,val
0.019414919457438815,2,16459.358256559583,84.86191799114305,Ridge + hour×month,val
0.02758531617629184,2,16460.684275627293,84.86637978931853,Ridge + hour×month,val
0.039194067748472214,2,16462.5714223251,84.87275287040703,Ridge + hour×month,val
0.055688139909452726,2,16465.258930152482,84.88181002665631,Ridge + hour×month,val
0.07912342618981326,2,16469.089746615275,84.89474038680531,Ridge + hour×month,val
0.11242100350620873,2,16474.55706519884,84.91321292342063,Ridge + hour×month,val
0.15973122800602557,2,16482.373007726655,84.94029757392163,Ridge + hour×month,val
0.22695105366946708,2,16493.570751361982,84.9796568035148,Ridge + hour×month,val
0.3224590545296398,2,16509.657099125423,85.03616667600537,Ridge + hour×month,val
0.45815976690544913,2,16532.839987719464,85.11610991104969,Ridge + hour×month,val
0.6509675230458171,2,16566.36290488519,85.23078891558262,Ridge + hour×month,val
0.9249147277217336,2,16614.97916135395,85.39926745047603,Ridge + hour×month,val
1.3141473626117581,2,16685.578053495617,85.65316204151513,Ridge + hour×month,val
1.8671810912919207,2,16787.907294897916,86.02360313296424,Ridge + hour×month,val
2.6529484644319,2,16935.206256186884,86.55206744760459,Ridge + hour×month,val
3.7693909753883634,2,17144.427395676925,87.29419032725858,Ridge + hour×month,val
5.355666917706907,2,17435.78154288645,88.31515077486425,Ridge + hour×month,val
7.609496685459884,2,17831.863212646895,89.68144246611219,Ridge + hour×month,val
10.811807510766078,2,18357.437227399878,91.4811096137471,Ridge + hour×month,val
15.361749466718296,2,19040.977988563438,93.85529900222983,Ridge + hour×month,val
21.826447283974872,2,19916.99117398232,96.84977236453516,Ridge + hour×month,val
31.011689265747815,2,21025.23265914556,100.51522670930096,Ridge + hour×month,val
44.062364277735725,2,22403.60528117287,104.90482793263273,Ridge + hour×month,val
62.60516572014828,2,24078.145922574546,109.89431952060549,Ridge + hour×month,val
88.95134973108236,2,26060.165807321035,115.44653951827567,Ridge + hour×month,val
126.38482029342997,2,28357.592964754105,121.54050329410659,Ridge + hour×month,val
179.5714494371641,2,30995.45491980035,128.10296725977173,Ridge + hour×month,val
255.14065200312925,2,34032.42456104787,135.2947115540677,Ridge + hour×month,val
362.51170499885353,2,37566.03556635596,143.0831993983757,Ridge + hour×month,val
515.0678076168133,2,41734.240049744316,151.77515523258197,Ridge + hour×month,val
731.8242219076182,2,46734.3283129221,161.4329151450775,Ridge + hour×month,val
1039.798418481492,2,52879.95092341425,172.36971349340345,Ridge + hour×month,val
1477.3776525985127,2,60694.7012049495,185.11752006101904,Ridge + hour×month,val
2099.1037201085546,2,71010.66907171995,200.41563019090188,Ridge + hour×month,val
2982.471286216894,2,85045.70438135028,218.9555015458595,Ridge + hour×month,val
4237.587160604064,2,104493.58851750246,241.79151667114706,Ridge + hour×month,val
6020.894493336138,2,131719.2349722975,270.3610294915959,Ridge + hour×month,val
8554.672535565684,2,170127.88196078842,306.4363745757345,Ridge + hour×month,val
12154.742500762884,2,224667.9336442097,352.12960488047173,Ridge + hour×month,val
17269.832906594394,2,302262.86524991057,410.5692191808409,Ridge + hour×month,val
24537.51106639817,2,411745.0756893947,483.61490875845533,Ridge + hour×month,val
34863.65227678088,2,562654.3468902652,572.819025480807,Ridge + hour×month,val
49535.3520895918,2,762393.3366072032,675.9697251136241,Ridge + hour×month,val
70381.35554931576,2,1012150.5470876907,788.4395853640011,Ridge + hour×month,val
100000.0,2,1303535.5021055185,903.7555765463336,Ridge + hour×month,val
0.0001,3,9027.548966759841,67.12392129189253,Ridge + hour×month,val
0.00014208308325339223,3,9027.550277652097,67.12392483684104,Ridge + hour×month,val
0.00020187602546790388,3,9027.552140285949,67.12392987359623,Ridge + hour×month,val
0.00028683168133420117,3,9027.55478693058,67.12393702994007,Ridge + hour×month,val
0.0004075392965871778,3,9027.55854768232,67.12394719782684,Ridge + hour×month,val
0.000579044398060249,3,9027.5638917139,67.12396164453648,Ridge + hour×month,val
0.0008227241341700474,3,9027.571485971797,67.12398217059307,Ridge + hour×month,val
0.0011689518164985776,3,9027.582278736085,67.12401133409284,Ridge + hour×month,val
0.0016608827826277166,3,9027.597618693911,67.12405276937186,Ridge + hour×month,val
0.0023598334667821936,3,9027.6194248057,67.1241116396335,Ridge + hour×month,val
0.00335292414924956,3,9027.650429046762,67.12419527975266,Ridge + hour×month,val
0.004763938010401341,3,9027.694524098937,67.12431410900459,Ridge + hour×month,val
0.006768750009458534,3,9027.757262996496,67.12448292668587,Ridge + hour×month,val
0.009617248711152965,3,9027.846580384987,67.124722750557,Ridge + hour×month,val
0.013664483492953258,3,9027.97384011464,67.12506342407146,Ridge + hour×month,val
0.019414919457438815,3,9028.155369464546,67.12554731098056,Ridge + hour×month,val
0.02758531617629184,3,9028.414730644201,67.12623452498762,Ridge + hour×month,val
0.039194067748472214,3,9028.786130985447,67.12721032056429,Ridge + hour×month,val
0.055688139909452726,3,9029.319630980426,67.12859551473242,Ridge + hour×month,val
0.07912342618981326,3,9030.089258644006,67.1305611364734,Ridge + hour×month,val
0.11242100350620873,3,9031.20593181241,67.1333489272662,Ridge + hour×month,val
0.15973122800602557,3,9032.8384934487,67.1372998509289,Ridge + hour×month,val
0.22695105366946708,3,9035.248621897343,67.14297120580133,Ridge + hour×month,val
0.3224590545296398,3,9038.849556404706,67.15146468424192,Ridge + hour×month,val
0.45815976690544913,3,9044.305294676082,67.16401233989009,Ridge + hour×month,val
0.6509675230458171,3,9052.696644006284,67.18472857240435,Ridge + hour×month,val
0.9249147277217336,3,9065.791867376161,67.21949912403817,Ridge + hour×month,val
1.3141473626117581,3,9086.466285791603,67.28214918755612,Ridge + hour×month,val
1.8671810912919207,3,9119.301618464871,67.38685154574108,Ridge + hour×month,val
2.6529484644319,3,9171.338607147089,67.55536264409203,Ridge + hour×month,val
3.7693909753883634,3,9252.845595783545,67.8156703489442,Ridge + hour×month,val
5.355666917706907,3,9377.85801265425,68.25616719383166,Ridge + hour×month,val
7.609496685459884,3,9564.302002727922,68.92391828261405,Ridge + hour×month,val
10.811807510766078,3,9833.884632423533,69.87677447406338,Ridge + hour×month,val
15.361749466718296,3,10212.3706764327,71.23850227522907,Ridge + hour×month,val
21.826447283974872,3,10730.562633553172,73.07391600796613,Ridge + hour×month,val
31.011689265747815,3,11424.743974557714,75.51372928281981,Ridge + hour×month,val
44.062364277735725,3,12333.874074974936,78.64157623838929,Ridge + hour×month,val
62.60516572014828,3,13492.205594664083,82.5286552084105,Ridge + hour×month,val
88.95134973108236,3,14920.619192249784,87.00064896453397,Ridge + hour×month,val
126.38482029342997,3,16623.25717696494,92.02991917814619,Ridge + hour×month,val
179.5714494371641,3,18593.010807926963,97.44696238658307,Ridge + hour×month,val
255.14065200312925,3,20822.08682987359,103.18381441782162,Ridge + hour×month,val
362.51170499885353,3,23309.73851254973,109.29033728821285,Ridge + hour×month,val
515.0678076168133,3,26062.002397502172,115.7573417840303,Ridge + hour×month,val
731.8242219076182,3,29084.747162510965,122.44814444378598,Ridge + hour×month,val
1039.798418481492,3,32376.550870580442,129.42891855497479,Ridge + hour×month,val
1477.3776525985127,3,35929.63632413322,136.79485328327982,Ridge + hour×month,val
2099.1037201085546,3,39746.28158737353,144.52906768402076,Ridge + hour×month,val
2982.471286216894,3,43876.149571126945,152.64289836907713,Ridge + hour×month,val
4237.587160604064,3,48477.67957919122,161.44156932512473,Ridge + hour×month,val
6020.894493336138,3,53907.22183384397,171.75406780503135,Ridge + hour×month,val
8554.672535565684,3,60844.967602507895,184.51492073017442,Ridge + hour×month,val
12154.742500762884,3,70469.37597596382,200.7246686182364,Ridge + hour×month,val
17269.832906594394,3,84675.66073690647,222.94163965753,Ridge + hour×month,val
24537.51106639817,3,106278.67788845468,252.44918593158945,Ridge + hour×month,val
34863.65227678088,3,139031.10645212606,290.62734095972064,Ridge + hour×month,val
49535.3520895918,3,187164.72161365216,339.49287555260776,Ridge + hour×month,val
70381.35554931576,3,254195.6903741561,398.2093652380061,Ridge + hour×month,val
100000.0,3,341153.80426961166,464.1796982432599,Ridge + hour×month,val
0.0001,4,10475.938959375007,65.68259340410269,Ridge + hour×month,val
0.00014208308325339223,4,10475.912512600416,65.68254789632392,Ridge + hour×month,val
0.00020187602546790388,4,10475.874936957653,65.68248323798583,Ridge + hour×month,val
0.00028683168133420117,4,10475.821549835002,65.68239137045444,Ridge + hour×month,val
0.0004075392965871778,4,10475.745698810082,65.68226084430638,Ridge + hour×month,val
0.000579044398060249,4,10475.637933484604,65.68207539291859,Ridge + hour×month,val
0.0008227241341700474,4,10475.484829598943,65.68181190632536,Ridge + hour×month,val
0.0011689518164985776,4,10475.267319931518,65.68143755352096,Ridge + hour×month,val
0.0016608827826277166,4,10474.958326051836,65.68090569595468,Ridge + hour×month,val
0.0023598334667821936,4,10474.519400078401,65.68015008586883,Ridge + hour×month,val
0.00335292414924956,4,10473.895966477432,65.6790766321148,Ridge + hour×month,val
0.004763938010401341,4,10473.010588363817,65.67755171917734,Ridge + hour×month,val
0.006768750009458534,4,10471.753454179765,65.6753856474325,Ridge + hour×month,val
0.009617248711152965,4,10469.9689698896,65.6723091791061,Ridge + hour×month,val
0.013664483492953258,4,10467.436927911454,65.66794118916958,Ridge + hour×month,val
0.019414919457438815,4,10463.846191310504,65.6617415247026,Ridge + hour×month,val
0.02758531617629184,4,10458.758184666744,65.65295081721855,Ridge + hour×month,val
0.039194067748472214,4,10451.556779355293,65.64052935853908,Ridge + hour×month,val
0.055688139909452726,4,10441.38058224549,65.62293434699583,Ridge + hour×month,val
0.07912342618981326,4,10427.033620039865,65.59820708436042,Ridge + hour×month,val
0.11242100350620873,4,10406.871895424478,65.56331688052889,Ridge + hour×month,val
0.15973122800602557,4,10378.668116286995,65.51455360274723,Ridge + hour×month,val
0.22695105366946708,4,10339.468370780203,65.44655495492869,Ridge + hour×month,val
0.3224590545296398,4,10285.47789559323,65.35145666819339,Ridge + hour×month,val
0.45815976690544913,4,10212.055070225373,65.21975287757233,Ridge + hour×month,val
0.6509675230458171,4,10113.957578147396,65.03970012024551,Ridge + hour×month,val
0.9249147277217336,4,9986.061840525015,64.79773565803552,Ridge + hour×month,val
1.3141473626117581,4,9824.81580684348,64.47763284216963,Ridge + hour×month,val
1.8671810912919207,4,9630.564524904514,64.06459639121412,Ridge + hour×month,val
2.6529484644319,4,9410.431100809314,63.551773175777434,Ridge + hour×month,val
3.7693909753883634,4,9180.588917494277,62.93314681392938,Ridge + hour×month,val
5.355666917706907,4,8965.977854395513,62.234562570198854,Ridge + hour×month,val
7.609496685459884,4,8795.931581894882,61.49978234171795,Ridge + hour×month,val
10.811807510766078,4,8696.663877967181,60.82428588309519,Ridge + hour×month,val
15.361749466718296,4,8684.883023580183,60.43695585555744,Ridge + hour×month,val
21.826447283974872,4,8767.778420686498,60.80321816708738,Ridge + hour×month,val
31.011689265747815,4,8951.672468706536,61.70195600774636,Ridge + hour×month,val
44.062364277735725,4,9257.145121773541,63.07224422365024,Ridge + hour×month,val
62.60516572014828,4,9735.992328179864,64.91948418069228,Ridge + hour×month,val
88.95134973108236,4,10485.363490794092,67.53795568295178,Ridge + hour×month,val
126.38482029342997,4,11653.10913640538,71.30949226060963,Ridge + hour×month,val
179.5714494371641,4,13423.360766975451,76.2488822734627,Ridge + hour×month,val
255.14065200312925,4,15970.61524777893,83.33728525079711,Ridge + hour×month,val
362.51170499885353,4,19388.172205993007,92.16029826324493,Ridge + hour×month,val
515.0678076168133,4,23627.935676148907,102.09626639511345,Ridge + hour×month,val
731.8242219076182,4,28500.308519560516,112.24893600184896,Ridge + hour×month,val
1039.798418481492,4,33751.844049134925,122.0915637141851,Ridge + hour×month,val
1477.3776525985127,4,39188.78872373904,131.64472188829595,Ridge + hour×month,val
2099.1037201085546,4,44792.29615521197,141.19911710731472,Ridge + hour×month,val
2982.471286216894,4,50789.317441245155,151.18421245166053,Ridge + hour×month,val
4237.587160604064,4,57681.13144145874,162.8560884423119,Ridge + hour×month,val
6020.894493336138,4,66265.83474011201,177.78116829769183,Ridge + hour×month,val
8554.672535565684,4,77706.33304937482,198.23522012071518,Ridge + hour×month,val
12154.742500762884,4,93690.05171999971,225.02452672635874,Ridge + hour×month,val
17269.832906594394,4,116719.70531616792,258.6189500122886,Ridge + hour×month,val
24537.51106639817,4,150557.64806359506,300.1745223352568,Ridge + hour×month,val
34863.65227678088,4,200721.96471553258,351.27993057438476,Ridge + hour×month,val
49535.3520895918,4,274604.6536161075,412.956576494572,Ridge + hour×month,val
70381.35554931576,4,380427.7361367953,488.0624631990368,Ridge + hour×month,val
100000.0,4,524457.072545039,577.0609354875065,Ridge + hour×month,val
1311.4059216764028,0,1623790.4857333626,1062.6007115804723,Lasso + hour×month,val
1037.629296486468,0,1623790.4857333626,1062.6007115804723,Lasso + hour×month,val
821.0078505293492,0,1162149.4134834113,898.6445885351679,Lasso + hour×month,val
649.6095406261613,0,751076.1704630264,721.6783813414904,Lasso + hour×month,val
513.9933253993258,0,492697.46567042236,583.1045367755472,Lasso + hour×month,val
406.68912944290184,0,330127.5438489185,475.19678418683964,Lasso + hour×month,val
321.78637315674825,0,223367.8575802194,388.7395732266697,Lasso + hour×month,val
254.6084034535568,0,155439.31044075033,322.0031202024931,Lasso + hour×month,val
201.45489217963677,0,112708.94225834178,272.96791954667447,Lasso + hour×month,val
159.39801291952264,0,85802.13991249492,237.6703724935961,Lasso + hour×month,val
126.12116910040751,0,68831.85863672214,213.19431321639834,Lasso + hour×month,val
99.7913901428904,0,58108.480672125836,196.3609415662969,Lasso + hour×month,val
78.95836692349845,0,51316.675317492656,184.65493751826725,Lasso + hour×month,val
62.47456517339619,0,45589.24960854244,174.25357651743587,Lasso + hour×month,val
49.43201646237887,0,40583.2138843752,164.5166934209627,Lasso + hour×month,val
39.11230505974667,0,35024.56299396071,152.34091360623052,Lasso + hour×month,val
30.94699582508324,0,30914.907662077632,142.18377956739388,Lasso + hour×month,val
24.486323399624318,0,28491.437519743406,135.38653406727283,Lasso + hour×month,val
19.374418021700713,0,27190.593000449317,130.96892354053801,Lasso + hour×month,val
15.329703343106226,0,26673.43090230485,128.81220937283666,Lasso + hour×month,val
12.129386509799993,0,26591.162761328567,127.68514206888038,Lasso + hour×month,val
9.597186182358755,0,25366.409446053785,123.52752001951276,Lasso + hour×month,val
7.593622525297579,0,23416.33337816294,117.18856757970872,Lasso + hour×month,val
6.008334313936864,0,21607.221424434978,111.22829280251966,Lasso + hour×month,val
4.753999966125053,0,20192.78457738596,105.76876862046022,Lasso + hour×month,val
3.7615276542607003,0,19251.837494144944,101.83339931395916,Lasso + hour×month,val
2.9762495571283796,0,18565.12347077116,98.83217800002012,Lasso + hour×month,val
2.354910621559115,0,17473.815831116888,94.93243002352918,Lasso + hour×month,val
1.8632859674853974,0,16453.954504225836,91.5821891503508,Lasso + hour×month,val
1.4742956971884564,0,15810.170426663788,89.54146179432416,Lasso + hour×month,val
1.1665132677845,0,15416.929212483143,88.22079055819407,Lasso + hour×month,val
0.9229852644298476,0,15136.696555918103,87.23294654113884,Lasso + hour×month,val
0.7302975644440026,0,14946.717998174656,86.52343831078171,Lasso + hour×month,val
0.5778364543688538,0,14868.901255146453,86.30794153569204,Lasso + hour×month,val
0.457204000470374,0,14803.834861503903,86.15139036446543,Lasso + hour×month,val
0.3617554698490495,0,14726.08623589813,86.00520747868882,Lasso + hour×month,val
0.2862333221736249,0,14725.651283185496,86.0982080089105,Lasso + hour×month,val
0.22647761140069828,0,14729.686280011769,86.22965322916608,Lasso + hour×month,val
0.17919684569308342,0,14735.720925727534,86.44297436392993,Lasso + hour×month,val
0.14178668393644045,0,14771.253189351695,86.70392937920059,Lasso + hour×month,val
0.11218648221143328,0,14836.321294773801,87.07177208681922,Lasso + hour×month,val
0.0887657884475112,0,14907.619889641364,87.52777434006227,Lasso + hour×month,val
0.07023453310407232,0,14970.644071335168,87.99539876993573,Lasso + hour×month,val
0.05557196896036063,0,15027.456057653802,88.39751726124149,Lasso + hour×month,val
0.04397044584257679,0,15067.490803014618,88.7066893561978,Lasso + hour×month,val
0.03479092326158306,0,15087.27823915049,88.93798730834314,Lasso + hour×month,val
0.02752777048763325,0,15106.065503701648,89.13625207407692,Lasso + hour×month,val
0.02178091516348365,0,15121.523831166925,89.2902620337422,Lasso + hour×month,val
0.017233806332844832,0,15131.773957816147,89.3892053114582,Lasso + hour×month,val
0.013635978033463845,0,15136.106434546664,89.45295005367163,Lasso + hour×month,val
0.010789253014566893,0,15137.785089519874,89.49605993580528,Lasso + hour×month,val
0.008536826645413038,0,15139.412898387729,89.5310989697416,Lasso + hour×month,val
0.006754629729735698,0,15147.500006909964,89.58366160615809,Lasso + hour×month,val
0.005344494468602598,0,15154.061826077046,89.6257529711805,Lasso + hour×month,val
0.004228747136083429,0,15159.292918954441,89.65904777300238,Lasso + hour×month,val
0.003345929618972814,0,15163.494690621612,89.68543423742865,Lasso + hour×month,val
0.0026474141524310494,0,15166.842011709934,89.7063555893109,Lasso + hour×month,val
0.002094724782837452,0,15169.507659945555,89.7229129763673,Lasso + hour×month,val
0.0016574180174281175,0,15171.623286715252,89.73600980941184,Lasso + hour×month,val
0.0013114059216764028,0,15173.305171737364,89.74639767764737,Lasso + hour×month,val
1311.4059216764028,1,2524660.888866099,1351.7536547474026,Lasso + hour×month,val
1037.629296486468,1,2197824.2081460757,1260.1931213886753,Lasso + hour×month,val
821.0078505293492,1,1416448.8921064443,1007.9138815241515,Lasso + hour×month,val
649.6095406261613,1,928076.072933004,811.0069196484835,Lasso + hour×month,val
513.9933253993258,1,622969.1669888996,660.4960474954946,Lasso + hour×month,val
406.68912944290184,1,421258.9239221804,540.4234172221718,Lasso + hour×month,val
321.78637315674825,1,292298.05180088256,448.48806423288465,Lasso + hour×month,val
254.6084034535568,1,211557.42796677593,379.4035845398403,Lasso + hour×month,val
201.45489217963677,1,161006.8408593761,330.1303596558623,Lasso + hour×month,val
159.39801291952264,1,129352.00154004358,295.1188954972096,Lasso + hour×month,val
126.12116910040751,1,109536.60098816307,270.0728929967378,Lasso + hour×month,val
99.7913901428904,1,97123.76154607408,251.81091991708965,Lasso + hour×month,val
78.95836692349845,1,88512.25013837269,237.09870199890528,Lasso + hour×month,val
62.47456517339619,1,81953.506370557,223.46799698241216,Lasso + hour×month,val
49.43201646237887,1,77413.7499197883,211.38495354209,Lasso + hour×month,val
39.11230505974667,1,75894.06597974194,203.8250536549278,Lasso + hour×month,val
30.94699582508324,1,76250.0093078499,199.52741990158523,Lasso + hour×month,val
24.486323399624318,1,78616.67998270458,199.30509277034696,Lasso + hour×month,val
19.374418021700713,1,81664.47385497743,202.0109626534994,Lasso + hour×month,val
15.329703343106226,1,85591.20341315173,208.09441969170433,Lasso + hour×month,val
12.129386509799993,1,89325.64675889783,214.04936034451978,Lasso + hour×month,val
9.597186182358755,1,85594.09488221964,208.34050925794068,Lasso + hour×month,val
7.593622525297579,1,79784.84561137618,198.56177373627267,Lasso + hour×month,val
6.008334313936864,1,75711.05358184126,191.82437686294915,Lasso + hour×month,val
4.753999966125053,1,73329.9396991591,187.6056151112647,Lasso + hour×month,val
3.7615276542607003,1,71137.0349740118,183.79396567340993,Lasso + hour×month,val
2.9762495571283796,1,69595.19267411264,181.22447827655276,Lasso + hour×month,val
2.354910621559115,1,68709.79760144334,179.61388745864585,Lasso + hour×month,val
1.8632859674853974,1,67951.06238317858,177.90484151356705,Lasso + hour×month,val
1.4742956971884564,1,65588.16592559597,173.99634151476798,Lasso + hour×month,val
1.1665132677845,1,63882.66442452867,171.5597462458423,Lasso + hour×month,val
0.9229852644298476,1,62862.67492018334,170.19717418238298,Lasso + hour×month,val
0.7302975644440026,1,61497.30009709675,168.2360744350031,Lasso + hour×month,val
0.5778364543688538,1,60506.174578493046,166.93672501037747,Lasso + hour×month,val
0.457204000470374,1,59590.21460865663,165.6316085821757,Lasso + hour×month,val
0.3617554698490495,1,58852.210745402524,164.5330741773117,Lasso + hour×month,val
0.2862333221736249,1,58418.47822070744,163.99695128214628,Lasso + hour×month,val
0.22647761140069828,1,58209.872592415,163.93518121827236,Lasso + hour×month,val
0.17919684569308342,1,57963.40797241194,163.79773584641327,Lasso + hour×month,val
0.14178668393644045,1,57613.94936583619,163.57715096511006,Lasso + hour×month,val
0.11218648221143328,1,57472.15082789766,163.92514166407062,Lasso + hour×month,val
0.0887657884475112,1,57275.927303313736,164.46194866084815,Lasso + hour×month,val
0.07023453310407232,1,57157.053752461914,165.08290756159258,Lasso + hour×month,val
0.05557196896036063,1,57117.5670718379,165.7434429635269,Lasso + hour×month,val
0.04397044584257679,1,57108.544160901256,166.25059722071938,Lasso + hour×month,val
0.03479092326158306,1,57092.450375655906,166.59488278851606,Lasso + hour×month,val
0.02752777048763325,1,57125.24068429117,167.15094721818787,Lasso + hour×month,val
0.02178091516348365,1,57161.751802187755,167.62017961579423,Lasso + hour×month,val
0.017233806332844832,1,57187.338674807856,167.96364643671038,Lasso + hour×month,val
0.013635978033463845,1,57209.75023724119,168.24500530471977,Lasso + hour×month,val
0.010789253014566893,1,57234.371089138214,168.48969515317626,Lasso + hour×month,val
0.008536826645413038,1,57255.00762340915,168.68712659588508,Lasso + hour×month,val
0.006754629729735698,1,57272.01794895273,168.84612643597447,Lasso + hour×month,val
0.005344494468602598,1,57285.899675274224,168.97350226923842,Lasso + hour×month,val
0.004228747136083429,1,57292.13613697297,169.07227078559873,Lasso + hour×month,val
0.003345929618972814,1,57299.43489002208,169.1374464988611,Lasso + hour×month,val
0.0026474141524310494,1,57304.58459840445,169.19036996168995,Lasso + hour×month,val
0.002094724782837452,1,57308.52956978913,169.23273683919825,Lasso + hour×month,val
0.0016574180174281175,1,57311.69084775477,169.2664644202989,Lasso + hour×month,val
0.0013114059216764028,1,57316.8084933655,169.2999852396594,Lasso + hour×month,val
1311.4059216764028,2,3354770.919408649,1493.8405896338923,Lasso + hour×month,val
1037.629296486468,2,2518328.795274857,1292.9349269957258,Lasso + hour×month,val
821.0078505293492,2,1612232.9208394694,1031.743339762317,Lasso + hour×month,val
649.6095406261613,2,1031152.3236678415,821.7811984063593,Lasso + hour×month,val
513.9933253993258,2,667089.7385478432,656.38260788858,Lasso + hour×month,val
406.68912944290184,2,438954.7462082518,526.4390523632094,Lasso + hour×month,val
321.78637315674825,2,295957.40945463424,425.7196081181422,Lasso + hour×month,val
254.6084034535568,2,206291.804308986,348.91096847734985,Lasso + hour×month,val
201.45489217963677,2,150052.02333919896,291.9274267814668,Lasso + hour×month,val
159.39801291952264,2,113931.54421103653,250.9556805649412,Lasso + hour×month,val
126.12116910040751,2,91015.80292451782,222.95535536495382,Lasso + hour×month,val
99.7913901428904,2,76681.76053818851,204.41024619350137,Lasso + hour×month,val
78.95836692349845,2,67721.66900388832,192.3550751702589,Lasso + hour×month,val
62.47456517339619,2,62123.967314503745,184.78552932119595,Lasso + hour×month,val
49.43201646237887,2,58272.771591851815,179.79218545228244,Lasso + hour×month,val
39.11230505974667,2,54522.25742054037,174.7295309850675,Lasso + hour×month,val
30.94699582508324,2,52055.49934725228,171.35100585451818,Lasso + hour×month,val
24.486323399624318,2,49850.35368101397,167.74130228983867,Lasso + hour×month,val
19.374418021700713,2,48052.06641427176,164.5737294816584,Lasso + hour×month,val
15.329703343106226,2,42851.02059336216,154.2280132070141,Lasso + hour×month,val
12.129386509799993,2,37968.2147221374,144.07575021685795,Lasso + hour×month,val
9.597186182358755,2,33818.08778762774,135.10486762801182,Lasso + hour×month,val
7.593622525297579,2,30591.54730072376,127.49311599572646,Lasso + hour×month,val
6.008334313936864,2,28182.503439888922,121.25653866173317,Lasso + hour×month,val
4.753999966125053,2,26063.118891554997,115.41903904473243,Lasso + hour×month,val
3.7615276542607003,2,24158.74162170821,110.13528004461726,Lasso + hour×month,val
2.9762495571283796,2,22532.96136608433,105.31117405796984,Lasso + hour×month,val
2.354910621559115,2,21261.208726853776,101.23627190740594,Lasso + hour×month,val
1.8632859674853974,2,20190.48853477168,97.73511533870528,Lasso + hour×month,val
1.4742956971884564,2,19239.2089889469,94.58756427502095,Lasso + hour×month,val
1.1665132677845,2,18500.45064652087,92.03491293690551,Lasso + hour×month,val
0.9229852644298476,2,18009.52792870794,90.34785325534604,Lasso + hour×month,val
0.7302975644440026,2,17669.789726556624,89.25208129871764,Lasso + hour×month,val
0.5778364543688538,2,17423.314143463656,88.46779547876818,Lasso + hour×month,val
0.457204000470374,2,17202.53740405293,87.8001657113005,Lasso + hour×month,val
0.3617554698490495,2,17045.896397266715,87.27917515341278,Lasso + hour×month,val
0.2862333221736249,2,16962.766746662797,86.89968425181453,Lasso + hour×month,val
0.22647761140069828,2,16904.999616220088,86.60860533482466,Lasso + hour×month,val
0.17919684569308342,2,16825.982987887448,86.33563856377364,Lasso + hour×month,val
0.14178668393644045,2,16725.427051093367,86.02561549599662,Lasso + hour×month,val
0.11218648221143328,2,16647.368322988634,85.65736917318188,Lasso + hour×month,val
0.0887657884475112,2,16585.611292690985,85.37786355434395,Lasso + hour×month,val
0.07023453310407232,2,16549.94667699901,85.15915252565895,Lasso + hour×month,val
0.05557196896036063,2,16522.03128281645,85.00217098855495,Lasso + hour×month,val
0.04397044584257679,2,16496.33901098041,84.90404327719347,Lasso + hour×month,val
0.03479092326158306,2,16474.560165490166,84.815369517808,Lasso + hour×month,val
0.02752777048763325,2,16457.57030553244,84.7624996222427,Lasso + hour×month,val
0.02178091516348365,2,16449.114160570054,84.74664574636509,Lasso + hour×month,val
0.017233806332844832,2,16444.391252517624,84.73914257631743,Lasso + hour×month,val
0.013635978033463845,2,16443.717389442216,84.75036557777258,Lasso + hour×month,val
0.010789253014566893,2,16444.31526602468,84.76385615771274,Lasso + hour×month,val
0.008536826645413038,2,16445.485345962577,84.77687119343089,Lasso + hour×month,val
0.006754629729735698,2,16446.939997572732,84.78928909455372,Lasso + hour×month,val
0.005344494468602598,2,16448.38415994151,84.80046730606418,Lasso + hour×month,val
0.004228747136083429,2,16449.711067802004,84.80977310102972,Lasso + hour×month,val
0.003345929618972814,2,16450.874735379643,84.81744579254699,Lasso + hour×month,val
0.0026474141524310494,2,16451.867849665472,84.82359717042925,Lasso + hour×month,val
0.002094724782837452,2,16452.698488270828,84.8288498438457,Lasso + hour×month,val
0.0016574180174281175,2,16453.384557795096,84.8332543387419,Lasso + hour×month,val
0.0013114059216764028,2,16453.94565089587,84.83698723470556,Lasso + hour×month,val
1311.4059216764028,3,1140791.6301517254,871.625799061709,Lasso + hour×month,val
1037.629296486468,3,731105.3097459764,696.7918345631723,Lasso + hour×month,val
821.0078505293492,3,472593.08451451396,558.5208909039503,Lasso + hour×month,val
649.6095406261613,3,309816.8697273528,449.7382592264017,Lasso + hour×month,val
513.9933253993258,3,208070.72526517595,365.76934095142076,Lasso + hour×month,val
406.68912944290184,3,144497.91144638578,302.2033236184254,Lasso + hour×month,val
321.78637315674825,3,104797.15954101516,255.0122923756873,Lasso + hour×month,val
254.6084034535568,3,80024.09506047373,221.281106072684,Lasso + hour×month,val
201.45489217963677,3,64507.02116015074,198.10795859972484,Lasso + hour×month,val
159.39801291952264,3,54661.5974440118,182.4888822384142,Lasso + hour×month,val
126.12116910040751,3,48596.58742545949,171.7367226561449,Lasso + hour×month,val
99.7913901428904,3,44885.83647856962,164.76839091827895,Lasso + hour×month,val
78.95836692349845,3,42629.59014007864,160.35121584737612,Lasso + hour×month,val
62.47456517339619,3,41274.43678626082,157.57322880613467,Lasso + hour×month,val
49.43201646237887,3,39196.81730796277,153.3854885626962,Lasso + hour×month,val
39.11230505974667,3,36909.52219522761,148.81392073905747,Lasso + hour×month,val
30.94699582508324,3,35123.88386196664,144.9440730661852,Lasso + hour×month,val
24.486323399624318,3,32787.87433920593,139.44781235598722,Lasso + hour×month,val
19.374418021700713,3,30659.50313036918,133.92934761499393,Lasso + hour×month,val
15.329703343106226,3,27360.1136770905,125.75536377602016,Lasso + hour×month,val
12.129386509799993,3,23309.68959491029,115.76880592204917,Lasso + hour×month,val
9.597186182358755,3,20087.4494961557,107.23972030347723,Lasso + hour×month,val
7.593622525297579,3,17616.48234958907,99.90058353899761,Lasso + hour×month,val
6.008334313936864,3,15465.670254425835,93.14696733044221,Lasso + hour×month,val
4.753999966125053,3,13839.02897884739,87.67413030050108,Lasso + hour×month,val
3.7615276542607003,3,12617.21162879803,83.12762656137171,Lasso + hour×month,val
2.9762495571283796,3,11704.705961458472,79.37928352889581,Lasso + hour×month,val
2.354910621559115,3,11074.823602886301,76.61179135051994,Lasso + hour×month,val
1.8632859674853974,3,10520.265485491123,74.14380854302327,Lasso + hour×month,val
1.4742956971884564,3,10101.922375904789,72.12402802532814,Lasso + hour×month,val
1.1665132677845,3,9757.92844617476,70.47070162862589,Lasso + hour×month,val
0.9229852644298476,3,9517.630477774264,69.35695967632456,Lasso + hour×month,val
0.7302975644440026,3,9350.565658617152,68.6556952698685,Lasso + hour×month,val
0.5778364543688538,3,9269.93174120847,68.35877522561965,Lasso + hour×month,val
0.457204000470374,3,9217.89294056076,68.1131858383093,Lasso + hour×month,val
0.3617554698490495,3,9156.262592438245,67.97807971976837,Lasso + hour×month,val
0.2862333221736249,3,9132.387366611745,68.00039809934036,Lasso + hour×month,val
0.22647761140069828,3,9113.691614695656,68.05161880238362,Lasso + hour×month,val
0.17919684569308342,3,9099.234672910758,68.06989391497186,Lasso + hour×month,val
0.14178668393644045,3,9073.263725022312,67.9897582994701,Lasso + hour×month,val
0.11218648221143328,3,9070.412426739706,67.95677555669711,Lasso + hour×month,val
0.0887657884475112,3,9038.616115830037,67.75595350212109,Lasso + hour×month,val
0.07023453310407232,3,9026.163200838619,67.61370989047889,Lasso + hour×month,val
0.05557196896036063,3,9027.400120014523,67.50022881929739,Lasso + hour×month,val
0.04397044584257679,3,9021.426869148592,67.39192440021446,Lasso + hour×month,val
0.03479092326158306,3,9013.326286547504,67.28436323915749,Lasso + hour×month,val
0.02752777048763325,3,9010.084387953942,67.21293921646341,Lasso + hour×month,val
0.02178091516348365,3,9007.98958392618,67.15468077045539,Lasso + hour×month,val
0.017233806332844832,3,9008.690997123926,67.1221210376946,Lasso + hour×month,val
0.013635978033463845,3,9010.511483607692,67.11175793177651,Lasso + hour×month,val
0.010789253014566893,3,9012.93904794469,67.11127421552749,Lasso + hour×month,val
0.008536826645413038,3,9015.211005307918,67.11071320841097,Lasso + hour×month,val
0.006754629729735698,3,9017.237469043897,67.11155443738248,Lasso + hour×month,val
0.005344494468602598,3,9019.042216382322,67.11263528679324,Lasso + hour×month,val
0.004228747136083429,3,9020.602399713589,67.11440798455965,Lasso + hour×month,val
0.003345929618972814,3,9021.917140266209,67.11610088527463,Lasso + hour×month,val
0.0026474141524310494,3,9023.007742769973,67.11750992697544,Lasso + hour×month,val
0.002094724782837452,3,9023.90212688791,67.1186741689869,Lasso + hour×month,val
0.0016574180174281175,3,9024.62961902155,67.11966582003885,Lasso + hour×month,val
0.0013114059216764028,3,9025.217601360326,67.12055355714243,Lasso + hour×month,val
1311.4059216764028,4,2339734.9826340787,1296.1213584701982,Lasso + hour×month,val
1037.629296486468,4,1544858.2194863227,1049.1803976277286,Lasso + hour×month,val
821.0078505293492,4,1003256.2418675383,840.1366301976838,Lasso + hour×month,val
649.6095406261613,4,649135.1964113035,672.061207975354,Lasso + hour×month,val
513.9933253993258,4,427430.30555349734,543.2997830469458,Lasso + hour×month,val
406.68912944290184,4,288626.5122742755,445.7916061063495,Lasso + hour×month,val
321.78637315674825,4,201724.93466499358,372.0229808432614,Lasso + hour×month,val
254.6084034535568,4,147315.3615937748,317.4248863349556,Lasso + hour×month,val
201.45489217963677,4,113249.0380075503,278.7199749802316,Lasso + hour×month,val
159.39801291952264,4,91059.49028540174,249.98744553838225,Lasso + hour×month,val
126.12116910040751,4,76624.32322759923,228.15191609625157,Lasso + hour×month,val
99.7913901428904,4,67613.54215455119,212.06442507641663,Lasso + hour×month,val
78.95836692349845,4,61977.89067241398,200.31187933304395,Lasso + hour×month,val
62.47456517339619,4,58230.500509909325,191.58555816371822,Lasso + hour×month,val
49.43201646237887,4,55436.74206338748,183.71991175653332,Lasso + hour×month,val
39.11230505974667,4,54048.26667487563,177.93279960310548,Lasso + hour×month,val
30.94699582508324,4,53429.22056701386,173.58653476732252,Lasso + hour×month,val
24.486323399624318,4,52344.833416895104,169.15308804433184,Lasso + hour×month,val
19.374418021700713,4,50044.27448663256,163.80826371895648,Lasso + hour×month,val
15.329703343106226,4,45272.13504186464,154.87973769583618,Lasso + hour×month,val
12.129386509799993,4,38546.822453676825,141.1117458422475,Lasso + hour×month,val
9.597186182358755,4,33772.42151757291,130.5794207827148,Lasso + hour×month,val
7.593622525297579,4,30456.51826725728,122.82804054934775,Lasso + hour×month,val
6.008334313936864,4,27738.306268850192,116.14739940781834,Lasso + hour×month,val
4.753999966125053,4,25558.842931124494,110.14786474168032,Lasso + hour×month,val
3.7615276542607003,4,23797.881390663184,104.40742120370032,Lasso + hour×month,val
2.9762495571283796,4,22166.32053127784,98.922596396012,Lasso + hour×month,val
2.354910621559115,4,20233.816151723506,93.0628289769513,Lasso + hour×month,val
1.8632859674853974,4,18347.526332356916,87.6163867912055,Lasso + hour×month,val
1.4742956971884564,4,16638.177556507067,82.74159377731063,Lasso + hour×month,val
1.1665132677845,4,15432.029744952624,79.23243588228564,Lasso + hour×month,val
0.9229852644298476,4,13981.219205263233,75.50091703942118,Lasso + hour×month,val
0.7302975644440026,4,12738.827759776419,72.53539890037733,Lasso + hour×month,val
0.5778364543688538,4,11949.818640475885,70.64248886372198,Lasso + hour×month,val
0.457204000470374,4,11355.704558528598,69.10362128544187,Lasso + hour×month,val
0.3617554698490495,4,10892.089244499513,67.70466119035304,Lasso + hour×month,val
0.2862333221736249,4,10439.247652977665,66.40158004196248,Lasso + hour×month,val
0.22647761140069828,4,10066.241544543582,65.1164509782531,Lasso + hour×month,val
0.17919684569308342,4,9797.058742806,63.9241732301981,Lasso + hour×month,val
0.14178668393644045,4,9653.403654712907,63.106959906745615,Lasso + hour×month,val
0.11218648221143328,4,9551.066892099623,62.70402346880161,Lasso + hour×month,val
0.0887657884475112,4,9475.78891161316,62.3975919268899,Lasso + hour×month,val
0.07023453310407232,4,9425.872062318816,62.315806169850106,Lasso + hour×month,val
0.05557196896036063,4,9388.060747943888,62.493853381439195,Lasso + hour×month,val
0.04397044584257679,4,9381.815211255178,62.76430276876035,Lasso + hour×month,val
0.03479092326158306,4,9418.238557344761,63.1110354519371,Lasso + hour×month,val
0.02752777048763325,4,9461.050808784967,63.47410508404275,Lasso + hour×month,val
0.02178091516348365,4,9526.533469660826,63.87036096676857,Lasso + hour×month,val
0.017233806332844832,4,9611.18736561137,64.21054405258393,Lasso + hour×month,val
0.013635978033463845,4,9717.33572471806,64.49755484571796,Lasso + hour×month,val
0.010789253014566893,4,9831.749060665605,64.73502759654264,Lasso + hour×month,val
0.008536826645413038,4,9936.770143143056,64.92519514632237,Lasso + hour×month,val
0.006754629729735698,4,10030.804280040556,65.07881489038755,Lasso + hour×month,val
0.005344494468602598,4,10112.148042260722,65.20364303954035,Lasso + hour×month,val
0.004228747136083429,4,10180.750601388858,65.30114373211406,Lasso + hour×month,val
0.003345929618972814,4,10237.791541206105,65.37920410527539,Lasso + hour×month,val
0.0026474141524310494,4,10284.634613906417,65.44208660139326,Lasso + hour×month,val
0.002094724782837452,4,10322.776578386172,65.49208739341088,Lasso + hour×month,val
0.0016574180174281175,4,10353.627201200945,65.53175221072954,Lasso + hour×month,val
0.0013114059216764028,4,10378.463413169853,65.56317117580129,Lasso + hour×month,val
0.0001,0,22395.47666107921,105.50745151740433,Ridge + hour×month,test
0.00014208308325339223,0,22395.5020052335,105.50747003587747,Ridge + hour×month,test
0.00020187602546790388,0,22395.53766455611,105.50749549012204,Ridge + hour×month,test
0.00028683168133420117,0,22395.58832368972,105.50753033021724,Ridge + hour×month,test
0.0004075392965871778,0,22395.660413168902,105.50757978047355,Ridge + hour×month,test
0.000579044398060249,0,22395.762859840517,105.50765040322337,Ridge + hour×month,test
0.0008227241341700474,0,22395.9084110943,105.5077500696828,Ridge + hour×month,test
0.0011689518164985776,0,22396.115179719953,105.50789158423363,Ridge + hour×month,test
0.0016608827826277166,0,22396.40905263452,105.50809265407635,Ridge + hour×month,test
0.0023598334667821936,0,22396.826700816702,105.5083783510734,Ridge + hour×month,test
0.00335292414924956,0,22397.420258210197,105.50878431862076,Ridge + hour×month,test
0.004763938010401341,0,22398.263956940013,105.5093739500959,Ridge + hour×month,test
0.006768750009458534,0,22399.463380907408,105.5102139960198,Ridge + hour×month,test
0.009617248711152965,0,22401.168939101524,105.51140967896434,Ridge + hour×month,test
0.013664483492953258,0,22403.595014991402,105.51315973506634,Ridge + hour×month,test
0.019414919457438815,0,22407.04762023495,105.51566293193457,Ridge + hour×month,test
0.02758531617629184,0,22411.96433831063,105.51927227880498,Ridge + hour×month,test
0.039194067748472214,0,22418.972440307058,105.52479480917543,Ridge + hour×month,test
0.055688139909452726,0,22428.97411334139,105.53315079051198,Ridge + hour×month,test
0.07912342618981326,0,22443.27253057761,105.54622023287733,Ridge + hour×month,test
0.11242100350620873,0,22463.760253339475,105.56563070550271,Ridge + hour×month,test
0.15973122800602557,0,22493.203308846038,105.59437656327826,Ridge + hour×month,test
0.22695105366946708,0,22535.671875028813,105.63744879827802,Ridge + hour×month,test
0.3224590545296398,0,22597.191511680747,105.70856020125376,Ridge + hour×month,test
0.45815976690544913,0,22686.711008386766,105.82230462222311,Ridge + hour×month,test
0.6509675230458171,0,22817.482496838762,106.00242632460981,Ridge + hour×month,test
0.9249147277217336,0,23008.877473045814,106.29462818153718,Ridge + hour×month,test
1.3141473626117581,0,23288.448192470758,106.79519417514234,Ridge + hour×month,test
1.8671810912919207,0,23693.6756785342,107.59867096227397,Ridge + hour×month,test
2.6529484644319,0,24272.587069935595,108.82562585397021,Ridge + hour×month,test
3.7693909753883634,0,25083.009302075734,110.68387294968777,Ridge + hour×month,test
5.355666917706907,0,26192.31460267407,113.31527561031221,Ridge + hour×month,test
7.609496685459884,0,27681.790038745912,116.95433395784157,Ridge + hour×month,test
10.811807510766078,0,29657.679149912005,121.65015508782112,Ridge + hour×month,test
15.361749466718296,0,32260.893665036645,127.700477318753,Ridge + hour×month,test
21.826447283974872,0,35655.26978164611,135.4572917379025,Ridge + hour×month,test
31.011689265747815,0,39976.21206249239,145.18250706074045,Ridge + hour×month,test
44.062364277735725,0,45248.85265509115,156.4164135249632,Ridge + hour×month,test
62.60516572014828,0,51323.26332535861,168.7087127214137,Ridge + hour×month,test
88.95134973108236,0,57885.17347936215,181.33392870871256,Ridge + hour×month,test
126.38482029342997,0,64562.56044950745,193.59153388008164,Ridge + hour×month,test
179.5714494371641,0,71095.45631670133,205.04570573358737,Ridge + hour×month,test
255.14065200312925,0,77518.46993286764,215.8115275997573,Ridge + hour×month,test
362.51170499885353,0,84319.00702573133,227.09417212282173,Ridge + hour×month,test
515.0678076168133,0,92539.35746539601,239.2716374705425,Ridge + hour×month,test
731.8242219076182,0,103783.75562421545,253.36505476408624,Ridge + hour×month,test
1039.798418481492,0,120110.94979623996,271.2687663133294,Ridge + hour×month,test
1477.3776525985127,0,143860.14022151905,295.7014768684321,Ridge + hour×month,test
2099.1037201085546,0,177524.94272994035,329.25804976679643,Ridge + hour×month,test
2982.471286216894,0,223766.88856564506,371.66033893774227,Ridge + hour×month,test
4237.587160604064,0,285527.42268629884,422.1937881526606,Ridge + hour×month,test
6020.894493336138,0,366049.7148210501,481.7361374192791,Ridge + hour×month,test
8554.672535565684,0,468566.67445383524,550.8547288346152,Ridge + hour×month,test
12154.742500762884,0,595489.1944111194,627.1348720893111,Ridge + hour×month,test
17269.832906594394,0,747141.254915584,708.0330312163924,Ridge + hour×month,test
24537.51106639817,0,920427.1079359953,790.9656286411764,Ridge + hour×month,test
34863.65227678088,0,1108166.6262755506,872.6160883159082,Ridge + hour×month,test
49535.3520895918,0,1299846.9801600717,949.2970661645304,Ridge + hour×month,test
70381.35554931576,0,1483866.893596231,1017.7798988420386,Ridge + hour×month,test
100000.0,0,1650324.0670000126,1076.177914579042,Ridge + hour×month,test
0.0001,1,35917.6274313911,117.76862872455249,Ridge + hour×month,test
0.00014208308325339223,1,35917.65126988981,117.76867918821348,Ridge + hour×month,test
0.00020187602546790388,1,35917.686828153375,117.7687538714634,Ridge + hour×month,test
0.00028683168133420117,1,35917.73713465199,117.76885913044299,Ridge + hour×month,test
0.0004075392965871778,1,35917.808242300845,117.76900772507494,Ridge + hour×month,test
0.000579044398060249,1,35917.909641702725,117.76922010886534,Ridge + hour×month,test
0.0008227241341700474,1,35918.05279728548,117.76951973296852,Ridge + hour×month,test
0.0011689518164985776,1,35918.256539971306,117.7699456905257,Ridge + hour×month,test
0.0016608827826277166,1,35918.545844852895,117.77055056266036,Ridge + hour×month,test
0.0023598334667821936,1,35918.95693734112,117.77140982971692,Ridge + hour×month,test
0.00335292414924956,1,35919.54111918512,117.77263031983183,Ridge + hour×month,test
0.004763938010401341,1,35920.37146632238,117.77436421502192,Ridge + hour×month,test
0.006768750009458534,1,35921.55184973993,117.77682714661061,Ridge + hour×month,test
0.009617248711152965,1,35923.23027889734,117.78032551132286,Ridge + hour×month,test
0.013664483492953258,1,35925.617600191625,117.78533960834747,Ridge + hour×month,test
0.019414919457438815,1,35929.01475318549,117.79246613715779,Ridge + hour×month,test
0.02758531617629184,1,35933.85196893359,117.80258251047786,Ridge + hour×month,test
0.039194067748472214,1,35940.7457413771,117.81694305258159,Ridge + hour×month,test
0.055688139909452726,1,35950.58248062495,117.83752432919285,Ridge + hour×month,test
0.07912342618981326,1,35964.64230646334,117.86698562114415,Ridge + hour×month,test
0.11242100350620873,1,35984.78463145901,117.908919844907,Ridge + hour×month,test
0.15973122800602557,1,36013.729929899026,117.96840162723157,Ridge + hour×month,test
0.22695105366946708,1,36055.49306955152,118.05507763534025,Ridge + hour×month,test
0.3224590545296398,1,36116.0557706154,118.18274041751599,Ridge + hour×month,test
0.45815976690544913,1,36204.41209562413,118.36972153138285,Ridge + hour×month,test
0.6509675230458171,1,36334.17618457125,118.63933457846817,Ridge + hour×month,test
0.9249147277217336,1,36525.98092331185,119.02059748395386,Ridge + hour×month,test
1.3141473626117581,1,36810.85609409882,119.5560252256355,Ridge + hour×month,test
1.8671810912919207,1,37234.553715702976,120.32388497232118,Ridge + hour×month,test
2.6529484644319,1,37862.33745893867,121.39197005652069,Ridge + hour×month,test
3.7693909753883634,1,38783.31062201707,122.87712832892221,Ridge + hour×month,test
5.355666917706907,1,40113.590815413954,124.92532321711026,Ridge + hour×month,test
7.609496685459884,1,41998.849684728855,127.85285096078589,Ridge + hour×month,test
10.811807510766078,1,44616.76529158229,132.12573547935497,Ridge + hour×month,test
15.361749466718296,1,48173.94170521949,137.86819711526655,Ridge + hour×month,test
21.826447283974872,1,52879.239821812036,145.54561979248155,Ridge + hour×month,test
31.011689265747815,1,58869.69300421597,154.9489635559278,Ridge + hour×month,test
44.062364277735725,1,66088.36112945617,165.61750149527236,Ridge + hour×month,test
62.60516572014828,1,74167.34428568532,176.8374596257841,Ridge + hour×month,test
88.95134973108236,1,82410.50859307958,188.05203435304907,Ridge + hour×month,test
126.38482029342997,1,89940.84921416565,198.29917014225921,Ridge + hour×month,test
179.5714494371641,1,95979.17120871415,207.10627177948624,Ridge + hour×month,test
255.14065200312925,1,100132.73018524905,214.42270126181936,Ridge + hour×month,test
362.51170499885353,1,102562.59166157433,220.55449566251477,Ridge + hour×month,test
515.0678076168133,1,103960.1445539682,225.76900147287648,Ridge + hour×month,test
731.8242219076182,1,105350.56860219121,231.733358086196,Ridge + hour×month,test
1039.798418481492,1,107816.86746554669,239.0014517504935,Ridge + hour×month,test
1477.3776525985127,1,112276.19692140927,247.4783269005057,Ridge + hour×month,test
2099.1037201085546,1,119418.74100826458,257.8314079629098,Ridge + hour×month,test
2982.471286216894,1,129837.02996948149,270.7917257791434,Ridge + hour×month,test
4237.587160604064,1,144275.092529989,287.1301748963305,Ridge + hour×month,test
6020.894493336138,1,163886.36968894885,307.9125721158289,Ridge + hour×month,test
8554.672535565684,1,190428.90811857933,333.3513241154227,Ridge + hour×month,test
12154.742500762884,1,226370.86132431935,364.38543709572923,Ridge + hour×month,test
17269.832906594394,1,274840.3809284076,402.3568457134763,Ridge + hour×month,test
24537.51106639817,1,339242.9483963779,448.0449002121969,Ridge + hour×month,test
34863.65227678088,1,422330.1325296825,501.4153128092459,Ridge + hour×month,test
49535.3520895918,1,524749.6595684702,561.1039750235851,Ridge + hour×month,test
70381.35554931576,1,643671.6349374051,624.5275099973085,Ridge + hour×month,test
100000.0,1,772503.3842405309,687.8541421566896,Ridge + hour×month,test
0.0001,2,14808.383578946077,85.65457518387996,Ridge + hour×month,test
0.00014208308325339223,2,14808.390807241127,85.65459605860318,Ridge + hour×month,test
0.00020187602546790388,2,14808.401077464456,85.6546257179272,Ridge + hour×month,test
0.00028683168133420117,2,14808.415669793509,85.654667858555,Ridge + hour×month,test
0.0004075392965871778,2,14808.436403182899,85.65472773274237,Ridge + hour×month,test
0.000579044398060249,2,14808.46586214452,85.65481280280102,Ridge + hour×month,test
0.0008227241341700474,2,14808.507718995535,85.6549336708733,Ridge + hour×month,test
0.0011689518164985776,2,14808.567191809698,85.6551053997327,Ridge + hour×month,test
0.0016608827826277166,2,14808.65169526442,85.65534938887244,Ridge + hour×month,test
0.0023598334667821936,2,14808.771765715355,85.65569603896047,Ridge + hour×month,test
0.00335292414924956,2,14808.94237628265,85.65618853537039,Ridge + hour×month,test
0.004763938010401341,2,14809.184806754933,85.6568882193673,Ridge + hour×month,test
0.006768750009458534,2,14809.529303222434,85.65788221048695,Ridge + hour×month,test
0.009617248711152965,2,14810.0188626258,85.65929421818502,Ridge + hour×month,test
0.013664483492953258,2,14810.714621256988,85.66129986600909,Ridge + hour×month,test
0.019414919457438815,2,14811.703533509126,85.66416753232755,Ridge + hour×month,test
0.02758531617629184,2,14813.109326890795,85.66824457603073,Ridge + hour×month,test
0.039194067748472214,2,14815.10815564182,85.67403254255221,Ridge + hour×month,test
0.055688139909452726,2,14817.951014253602,85.68224654081135,Ridge + hour×month,test
0.07912342618981326,2,14821.995914398534,85.69391194178569,Ridge + hour×month,test
0.11242100350620873,2,14827.754224037128,85.71054290304211,Ridge + hour×month,test
0.15973122800602557,2,14835.957631330926,85.73438385722129,Ridge + hour×month,test
0.22695105366946708,2,14847.655205242754,85.76878032721612,Ridge + hour×month,test
0.3224590545296398,2,14864.354239016142,85.81936320699519,Ridge + hour×month,test
0.45815976690544913,2,14888.223918864092,85.89154715276669,Ridge + hour×month,test
0.6509675230458171,2,14922.38613988332,85.99586579234892,Ridge + hour×month,test
0.9249147277217336,2,14971.318834273463,86.14834881091917,Ridge + hour×month,test
1.3141473626117581,2,15041.38421305557,86.37005983389537,Ridge + hour×month,test
1.8671810912919207,2,15141.451157410225,86.69606126841815,Ridge + hour×month,test
2.6529484644319,2,15283.495401764667,87.17251210827983,Ridge + hour×month,test
3.7693909753883634,2,15482.96130518291,87.84375236370782,Ridge + hour×month,test
5.355666917706907,2,15758.678462212683,88.7648844481643,Ridge + hour×month,test
7.609496685459884,2,16132.444318013933,89.98072727403297,Ridge + hour×month,test
10.811807510766078,2,16629.02372906585,91.6100195660876,Ridge + hour×month,test
15.361749466718296,2,17277.673464125393,93.75028317324775,Ridge + hour×month,test
21.826447283974872,2,18115.26183389557,96.49978237640246,Ridge + hour×month,test
31.011689265747815,2,19188.44405336014,99.93577555626081,Ridge + hour×month,test
44.062364277735725,2,20550.639535754795,104.08191010634583,Ridge + hour×month,test
62.60516572014828,2,22252.41471410882,108.96645288354621,Ridge + hour×month,test
88.95134973108236,2,24330.72104831951,114.5695293023777,Ridge + hour×month,test
126.38482029342997,2,26806.043603779297,120.87143261186992,Ridge + hour×month,test
179.5714494371641,2,29690.96344654467,127.7103841025825,Ridge + hour×month,test
255.14065200312925,2,33003.71753477593,135.15341261957485,Ridge + hour×month,test
362.51170499885353,2,36776.68332970651,143.2721359244697,Ridge + hour×month,test
515.0678076168133,2,41056.843598692954,151.9570238675924,Ridge + hour×month,test
731.8242219076182,2,45909.83350970245,161.3429068363794,Ridge + hour×month,test
1039.798418481492,2,51451.81225753997,171.57092267026562,Ridge + hour×month,test
1477.3776525985127,2,57929.26682068992,182.74929085589199,Ridge + hour×month,test
2099.1037201085546,2,65840.53049434487,195.40770645155922,Ridge + hour×month,test
2982.471286216894,2,76069.33573279742,210.40620972560933,Ridge + hour×month,test
4237.587160604064,2,90019.95033521926,228.76732751959847,Ridge + hour×month,test
6020.894493336138,2,109804.10337993401,252.43072669397714,Ridge + hour×month,test
8554.672535565684,2,138570.58473299665,283.01059904826707,Ridge + hour×month,test
12154.742500762884,2,181028.06436206246,323.2133292275317,Ridge + hour×month,test
17269.832906594394,2,244068.75676574564,376.19028840698985,Ridge + hour×month,test
24537.51106639817,2,337135.407252779,445.73417481273225,Ridge + hour×month,test
34863.65227678088,2,471617.515116485,535.4240403469958,Ridge + hour×month,test
49535.3520895918,2,658413.469771516,644.355551872706,Ridge + hour×month,test
70381.35554931576,2,903471.1837606953,768.7310400009121,Ridge + hour×month,test
100000.0,2,1202885.5862087766,901.8328605267287,Ridge + hour×month,test
0.0001,3,10271.556600811738,66.11525399685017,Ridge + hour×month,test
0.00014208308325339223,3,10271.532894659693,66.11521524436803,Ridge + hour×month,test
0.00020187602546790388,3,10271.499212925843,66.11516018410715,Ridge + hour×month,test
0.00028683168133420117,3,10271.451358292972,66.1150819537282,Ridge + hour×month,test
0.0004075392965871778,3,10271.383367797003,66.11497080346518,Ridge + hour×month,test
0.000579044398060249,3,10271.286770551793,66.1148128815453,Ridge + hour×month,test
0.0008227241341700474,3,10271.149533807096,66.11458850887928,Ridge + hour×month,test
0.0011689518164985776,3,10270.954567018061,66.11426972874052,Ridge + hour×month,test
0.0016608827826277166,3,10270.677599445937,66.11381682731586,Ridge + hour×month,test
0.0023598334667821936,3,10270.284170749224,66.11317339403327,Ridge + hour×month,test
0.00335292414924956,3,10269.725367583598,66.11225931138769,Ridge + hour×month,test
0.004763938010401341,3,10268.931791151452,66.11096081130346,Ridge + hour×month,test
0.006768750009458534,3,10267.80503668126,66.10911638037528,Ridge + hour×month,test
0.009617248711152965,3,10266.2056890697,66.10649680117325,Ridge + hour×month,test
0.013664483492953258,3,10263.936471498397,66.10277693033002,Ridge + hour×month,test
0.019414919457438815,3,10260.718713496526,66.09749587355213,Ridge + hour×month,test
0.02758531617629184,3,10256.159739185363,66.09000095082888,Ridge + hour×month,test
0.039194067748472214,3,10249.70817411082,66.07939490180402,Ridge + hour×month,test
0.055688139909452726,3,10240.593705941139,66.06436217734664,Ridge + hour×month,test
0.07912342618981326,3,10227.747927583207,66.04309185326925,Ridge + hour×month,test
0.11242100350620873,3,10209.704428076977,66.01323047830492,Ridge + hour×month,test
0.15973122800602557,3,10184.48100660196,65.97132687275484,Ridge + hour×month,test
0.22695105366946708,3,10149.457858260203,65.91269659330945,Ridge + hour×month,test
0.3224590545296398,3,10101.287702084453,65.83176771522764,Ridge + hour×month,test
0.45815976690544913,3,10035.913259263507,65.72145559787938,Ridge + hour×month,test
0.6509675230458171,3,9948.827922493032,65.57089631731147,Ridge + hour×month,test
0.9249147277217336,3,9835.786611023766,65.36682206224282,Ridge + hour×month,test
1.3141473626117581,3,9694.207834746332,65.10369169039612,Ridge + hour×month,test
1.8671810912919207,3,9525.391508607827,64.76974104807896,Ridge + hour×month,test
2.6529484644319,3,9337.24806423999,64.36280827995282,Ridge + hour×month,test
3.7693909753883634,3,9146.450252933766,63.89268368196705,Ridge + hour×month,test
5.355666917706907,3,8978.211143360088,63.384321773205265,Ridge + hour×month,test
7.609496685459884,3,8862.312167550175,62.889410668140634,Ridge + hour×month,test
10.811807510766078,3,8826.334492406932,62.52244950839188,Ridge + hour×month,test
15.361749466718296,3,8890.094478262474,62.47715701502497,Ridge + hour×month,test
21.826447283974872,3,9065.999824098662,63.188667814247744,Ridge + hour×month,test
31.011689265747815,3,9366.90664195254,64.51992136194417,Ridge + hour×month,test
44.062364277735725,3,9818.62166715473,66.39707933136171,Ridge + hour×month,test
62.60516572014828,3,10472.475037653556,68.85753318255222,Ridge + hour×month,test
88.95134973108236,3,11414.717743597634,72.2039489722891,Ridge + hour×month,test
126.38482029342997,3,12769.186339573156,76.58752870156653,Ridge + hour×month,test
179.5714494371641,3,14684.793330405051,82.08117099943051,Ridge + hour×month,test
255.14065200312925,3,17298.02915494734,89.44253713399476,Ridge + hour×month,test
362.51170499885353,3,20675.809419180903,98.02023819116486,Ridge + hour×month,test
515.0678076168133,3,24770.239042406723,107.41492724241051,Ridge + hour×month,test
731.8242219076182,3,29425.236998878794,117.06620424447561,Ridge + hour×month,test
1039.798418481492,3,34447.33868738563,126.57615942607353,Ridge + hour×month,test
1477.3776525985127,3,39711.1235034359,136.15680062023776,Ridge + hour×month,test
2099.1037201085546,3,45251.54525967036,146.10000347713816,Ridge + hour×month,test
2982.471286216894,3,51312.36290687914,156.88231806341622,Ridge + hour×month,test
4237.587160604064,3,58355.256372864256,169.44272078311508,Ridge + hour×month,test
6020.894493336138,3,67067.8913775016,184.9491766747961,Ridge + hour×month,test
8554.672535565684,3,78425.85345337678,204.2007030709789,Ridge + hour×month,test
12154.742500762884,3,93857.32606207911,227.90444511256544,Ridge + hour×month,test
17269.832906594394,3,115538.38635710595,257.46196986677916,Ridge + hour×month,test
24537.51106639817,3,146797.7204715553,294.5508219379576,Ridge + hour×month,test
34863.65227678088,3,192466.0082603763,340.1728328023537,Ridge + hour×month,test
49535.3520895918,3,258740.03699482756,395.451677615168,Ridge + hour×month,test
70381.35554931576,3,351954.91574977053,462.21606194185904,Ridge + hour×month,test
100000.0,3,476036.6521320666,539.8767748643787,Ridge + hour×month,test
0.0001,4,14178.552508821083,71.54795085827269,Ridge + hour×month,test
0.00014208308325339223,4,14178.552963637292,71.54795518384755,Ridge + hour×month,test
0.00020187602546790388,4,14178.553609885881,71.54796132974445,Ridge + hour×month,test
0.00028683168133420117,4,14178.554528159812,71.54797006199232,Ridge + hour×month,test
0.0004075392965871778,4,14178.55583300102,71.54798246898005,Ridge + hour×month,test
0.000579044398060249,4,14178.557687220395,71.54800009708798,Ridge + hour×month,test
0.0008227241341700474,4,14178.5603222787,71.54802514339968,Ridge + hour×month,test
0.0011689518164985776,4,14178.564067313613,71.54806072947153,Ridge + hour×month,test
0.0016608827826277166,4,14178.569390519895,71.54811129025134,Ridge + hour×month,test
0.0023598334667821936,4,14178.576958225472,71.54818312653131,Ridge + hour×month,test
0.00335292414924956,4,14178.587719394507,71.54828518962418,Ridge + hour×month,test
0.004763938010401341,4,14178.60302683335,71.54843019571892,Ridge + hour×month,test
0.006768750009458534,4,14178.624811707634,71.548636208109,Ridge + hour×month,test
0.009617248711152965,4,14178.655836144375,71.54892888307855,Ridge + hour×month,test
0.013664483492953258,4,14178.700061485373,71.54934465651274,Ridge + hour×month,test
0.019414919457438815,4,14178.763190336971,71.54993614847474,Ridge + hour×month,test
0.02758531617629184,4,14178.853474556177,71.55078519000523,Ridge + hour×month,test
0.039194067748472214,4,14178.982939151883,71.55199096653871,Ridge + hour×month,test
0.055688139909452726,4,14179.16927308983,71.55370302618037,Ridge + hour×month,test
0.07912342618981326,4,14179.43881849769,71.55613397472528,Ridge + hour×month,test
0.11242100350620873,4,14179.831417954125,71.55969273631521,Ridge + hour×month,test
0.15973122800602557,4,14180.40848234841,71.56487787840338,Ridge + hour×month,test
0.22695105366946708,4,14181.266751014819,71.5724819009173,Ridge + hour×month,test
0.3224590545296398,4,14182.562239817109,71.5834014977715,Ridge + hour×month,test
0.45815976690544913,4,14184.55248745839,71.59901347215573,Ridge + hour×month,test
0.6509675230458171,4,14187.671412046067,71.62281184516064,Ridge + hour×month,test
0.9249147277217336,4,14192.66101422641,71.65905929526473,Ridge + hour×month,test
1.3141473626117581,4,14200.798167162864,71.71307936946707,Ridge + hour×month,test
1.8671810912919207,4,14214.269826214115,71.79694000343754,Ridge + hour×month,test
2.6529484644319,4,14236.75485201432,71.93021495475224,Ridge + hour×month,test
3.7693909753883634,4,14274.240656143449,72.13793838720547,Ridge + hour×month,test
5.355666917706907,4,14336.007968885273,72.45640159553425,Ridge + hour×month,test
7.609496685459884,4,14435.568752693778,72.90793718569076,Ridge + hour×month,test
10.811807510766078,4,14591.283034664972,73.56113566412996,Ridge + hour×month,test
15.361749466718296,4,14826.679038363069,74.53079152988526,Ridge + hour×month,test
21.826447283974872,4,15171.164830347638,75.91208697318783,Ridge + hour×month,test
31.011689265747815,4,15661.9647008301,77.78581681316741,Ridge + hour×month,test
44.062364277735725,4,16346.453850140597,80.19390106602323,Ridge + hour×month,test
62.60516572014828,4,17281.42085756901,83.27781261977381,Ridge + hour×month,test
88.95134973108236,4,18526.195369759695,87.04961389843392,Ridge + hour×month,test
126.38482029342997,4,20132.328616828432,91.40139428134947,Ridge + hour×month,test
179.5714494371641,4,22138.026482928264,96.44988040696319,Ridge + hour×month,test
255.14065200312925,4,24572.157435883324,102.17217365206746,Ridge + hour×month,test
362.51170499885353,4,27462.006212922468,108.57154655328435,Ridge + hour×month,test
515.0678076168133,4,30833.83845907998,115.67735686277372,Ridge + hour×month,test
731.8242219076182,4,34703.032448509664,123.39840717487779,Ridge + hour×month,test
1039.798418481492,4,39063.03786096442,131.54229126886324,Ridge + hour×month,test
1477.3776525985127,4,43887.378152078774,140.05974914254332,Ridge + hour×month,test
2099.1037201085546,4,49153.73963431158,148.85186671461176,Ridge + hour×month,test
2982.471286216894,4,54891.41331754799,158.00525727242655,Ridge + hour×month,test
4237.587160604064,4,61249.35428715473,167.7595145369644,Ridge + hour×month,test
6020.894493336138,4,68582.4257077568,178.63257944635663,Ridge + hour×month,test
8554.672535565684,4,77559.539743152,192.18848507910306,Ridge + hour×month,test
12154.742500762884,4,89310.3143834105,209.8693082907796,Ridge + hour×month,test
17269.832906594394,4,105636.57193691366,233.0831582995787,Ridge + hour×month,test
24537.51106639817,4,129298.08232638775,263.4386100179023,Ridge + hour×month,test
34863.65227678088,4,164301.04503158949,301.94736071041655,Ridge + hour×month,test
49535.3520895918,4,215944.8690509358,350.9242898968029,Ridge + hour×month,test
70381.35554931576,4,290190.4678596563,412.8967957414892,Ridge + hour×month,test
100000.0,4,391964.5204059514,486.6582751660659,Ridge + hour×month,test
1307.2529146171103,0,2261507.3181631407,1268.775980526385,Lasso + hour×month,test
1034.3432950112508,0,2261507.3181631407,1268.775980526385,Lasso + hour×month,test
818.4078535775095,0,1586426.9307001098,1061.3985655693355,Lasso + hour×month,test
647.5523339570351,0,1023437.7542636819,850.4198590103523,Lasso + hour×month,test
512.3655929989072,0,669279.3753359598,684.5336532117203,Lasso + hour×month,test
405.40121179848944,0,446214.3625246327,554.9298639810714,Lasso + hour×month,test
320.76732858998605,0,298123.3990531111,450.657772253894,Lasso + hour×month,test
253.80210047793312,0,204207.0074686952,370.645856380999,Lasso + hour×month,test
200.8169176398531,0,145096.15293730664,310.82103994827514,Lasso + hour×month,test
158.8932256054273,0,107838.84504967774,267.6084905403832,Lasso + hour×month,test
125.72176408252359,0,84315.35624250842,237.442941544857,Lasso + hour×month,test
99.47536720836662,0,69431.39382288189,216.13661598653843,Lasso + hour×month,test
78.70831875015763,0,59783.75764961204,200.52067090400953,Lasso + hour×month,test
62.2767184915239,0,52137.955900963694,186.40082719789058,Lasso + hour×month,test
49.275473389078655,0,46270.76251838813,173.9925334277182,Lasso + hour×month,test
38.9884428166887,0,40822.396870337594,160.59884381349727,Lasso + hour×month,test
30.848991774620224,0,38272.719412149716,151.91855703356964,Lasso + hour×month,test
24.408779237093185,0,37911.476295447654,148.27558122234043,Lasso + hour×month,test
19.313062423495882,0,38872.40634682979,148.1914690707071,Lasso + hour×month,test
15.281156691647311,0,39865.89949889566,149.33596358822317,Lasso + hour×month,test
12.09097473586527,0,41358.603039002715,151.603728997938,Lasso + hour×month,test
9.566793470761317,0,39757.91148369469,147.97788889929865,Lasso + hour×month,test
7.569574770569698,0,37628.698605235186,142.73668739603556,Lasso + hour×month,test
5.989306906474442,0,35210.76521076413,136.1042972214716,Lasso + hour×month,test
4.738944829425688,0,33506.72237969553,130.91433391859857,Lasso + hour×month,test
3.749615514286603,0,32105.93391821764,126.60945783023206,Lasso + hour×month,test
2.9668242638483475,0,31118.863582929687,123.62109206590819,Lasso + hour×month,test
2.3474530065875157,0,29809.557285826126,120.35383103685909,Lasso + hour×month,test
1.8573852470078234,0,28097.84720039303,116.22610718607356,Lasso + hour×month,test
1.469626844976716,0,26776.852161653835,113.07898563788105,Lasso + hour×month,test
1.1628191119508322,0,25797.664506073674,110.80249458499327,Lasso + hour×month,test
0.9200623217654588,0,25097.756708469376,109.16571744454316,Lasso + hour×month,test
0.7279848320623742,0,24511.351088947988,107.91972054212756,Lasso + hour×month,test
0.5760065412699081,0,24057.15816679288,107.02746547746494,Lasso + hour×month,test
0.45575611053019205,0,23783.127621756765,106.48317483844428,Lasso + hour×month,test
0.3606098497209199,0,23567.00338446573,106.07978895470187,Lasso + hour×month,test
0.2853268682771286,0,23398.499199080077,105.66041571516837,Lasso + hour×month,test
0.22576039402095935,0,23266.692060866542,105.39815854920434,Lasso + hour×month,test
0.1786293587290052,0,23142.034586665573,105.41296200383641,Lasso + hour×month,test
0.14133766880728119,0,23125.313554742155,105.69622405263021,Lasso + hour×month,test
0.11183120605713186,0,23188.124710720946,106.1774953463071,Lasso + hour×month,test
0.08848468178179253,0,23331.579628895674,106.90464778510633,Lasso + hour×month,test
0.07001211187890775,0,23430.27301174036,107.38715921002121,Lasso + hour×month,test
0.05539598166643707,0,23446.43560752383,107.56841901828248,Lasso + hour×month,test
0.04383119866596573,0,23438.04728883492,107.66058386192819,Lasso + hour×month,test
0.03468074612457581,0,23480.87677217818,107.94035892528706,Lasso + hour×month,test
0.02744059456195527,0,23517.091956297078,108.18328002429912,Lasso + hour×month,test
0.021711938584274545,0,23548.329560559927,108.37749817177917,Lasso + hour×month,test
0.017179229700106057,0,23574.944371965536,108.53265644132794,Lasso + hour×month,test
0.013592795131741895,0,23595.04978158647,108.65265597850942,Lasso + hour×month,test
0.010755085223196308,0,23611.145849075554,108.75563115788263,Lasso + hour×month,test
0.008509791918227243,0,23618.97632403252,108.82791828913076,Lasso + hour×month,test
0.006733238927325228,0,23619.82499433194,108.8763768626957,Lasso + hour×month,test
0.00532756933284594,0,23620.630627766168,108.91523795744142,Lasso + hour×month,test
0.004215355388785484,0,23621.344039476928,108.94653152107499,Lasso + hour×month,test
0.003335333609683999,0,23621.95980376629,108.97176425394736,Lasso + hour×month,test
0.002639030226842348,0,23622.4801121143,108.99181385003936,Lasso + hour×month,test
0.0020880911336624668,0,23622.912785191926,109.0077857741514,Lasso + hour×month,test
0.001652169246919457,0,23623.268343454332,109.02054164277642,Lasso + hour×month,test
0.0013072529146171102,0,23623.557965118496,109.03070839851114,Lasso + hour×month,test
1307.2529146171103,1,1500900.9609046688,973.7888108680428,Lasso + hour×month,test
1034.3432950112508,1,1167670.5457331405,858.0095238035633,Lasso + hour×month,test
818.4078535775095,1,761318.9947688744,690.5786408026603,Lasso + hour×month,test
647.5523339570351,1,508025.2901697581,562.9420960475114,Lasso + hour×month,test
512.3655929989072,1,341546.7718607332,461.1906107569593,Lasso + hour×month,test
405.40121179848944,1,235896.94982307687,383.2895086966483,Lasso + hour×month,test
320.76732858998605,1,169724.07897456794,324.4203881874129,Lasso + hour×month,test
253.80210047793312,1,128272.52055339736,280.4265739401552,Lasso + hour×month,test
200.8169176398531,1,102302.98231120378,249.21539351946097,Lasso + hour×month,test
158.8932256054273,1,86030.11708687108,227.30636051510513,Lasso + hour×month,test
125.72176408252359,1,75831.15890404064,212.12962618612252,Lasso + hour×month,test
99.47536720836662,1,68572.44548942955,199.64380608202129,Lasso + hour×month,test
78.70831875015763,1,63876.782854584584,190.33317606974813,Lasso + hour×month,test
62.2767184915239,1,60751.6646810771,183.50102852499313,Lasso + hour×month,test
49.275473389078655,1,57770.673750195674,176.23717625454606,Lasso + hour×month,test
38.9884428166887,1,56266.97184365197,171.50119752453782,Lasso + hour×month,test
30.848991774620224,1,55434.780819297644,166.78367423787552,Lasso + hour×month,test
24.408779237093185,1,55367.07704060096,162.77257121900027,Lasso + hour×month,test
19.313062423495882,1,56442.98189571739,161.09126178638195,Lasso + hour×month,test
15.281156691647311,1,58105.52033828557,161.40452581692793,Lasso + hour×month,test
12.09097473586527,1,57911.13829844963,158.99727547214445,Lasso + hour×month,test
9.566793470761317,1,53448.85872229443,150.41931252488936,Lasso + hour×month,test
7.569574770569698,1,51067.08156075421,145.3836491743162,Lasso + hour×month,test
5.989306906474442,1,49692.19871103793,142.4436505700663,Lasso + hour×month,test
4.738944829425688,1,48912.06114794072,140.55110272060745,Lasso + hour×month,test
3.749615514286603,1,48744.70931358829,139.53818296352586,Lasso + hour×month,test
2.9668242638483475,1,48866.50284479979,139.22507402133832,Lasso + hour×month,test
2.3474530065875157,1,49301.05788599145,139.6180389158831,Lasso + hour×month,test
1.8573852470078234,1,50328.846687457924,141.17035601551177,Lasso + hour×month,test
1.469626844976716,1,50476.72644569871,141.37824414426916,Lasso + hour×month,test
1.1628191119508322,1,49388.99640859641,139.82005754567592,Lasso + hour×month,test
0.9200623217654588,1,48436.96817134312,138.54433575365482,Lasso + hour×month,test
0.7279848320623742,1,47659.95063972994,137.84084353968208,Lasso + hour×month,test
0.5760065412699081,1,47064.39606310109,137.4470622036732,Lasso + hour×month,test
0.45575611053019205,1,46547.91948723406,137.22944862139963,Lasso + hour×month,test
0.3606098497209199,1,46012.299625604515,136.64693170011714,Lasso + hour×month,test
0.2853268682771286,1,45831.43180597059,136.87844571615594,Lasso + hour×month,test
0.22576039402095935,1,45708.308214647164,136.91379536000048,Lasso + hour×month,test
0.1786293587290052,1,45230.55681196158,135.93133635384956,Lasso + hour×month,test
0.14133766880728119,1,44935.93387138578,135.41625970293367,Lasso + hour×month,test
0.11183120605713186,1,44719.82587091522,135.02922249665394,Lasso + hour×month,test
0.08848468178179253,1,44398.917674581775,134.46517185485177,Lasso + hour×month,test
0.07001211187890775,1,44093.78520489152,134.04120733433362,Lasso + hour×month,test
0.05539598166643707,1,43889.37526869969,133.95583401367497,Lasso + hour×month,test
0.04383119866596573,1,43742.685347921004,133.99706158667772,Lasso + hour×month,test
0.03468074612457581,1,43634.21689940174,134.03691129244268,Lasso + hour×month,test
0.02744059456195527,1,43559.217804799475,134.11907074419108,Lasso + hour×month,test
0.021711938584274545,1,43487.183460174994,134.1538213365936,Lasso + hour×month,test
0.017179229700106057,1,43432.30988071056,134.1787559174809,Lasso + hour×month,test
0.013592795131741895,1,43392.09741039108,134.2045160872563,Lasso + hour×month,test
0.010755085223196308,1,43363.606937459466,134.23070237139436,Lasso + hour×month,test
0.008509791918227243,1,43338.04933698975,134.24013861452204,Lasso + hour×month,test
0.006733238927325228,1,43315.38089289189,134.24096805128852,Lasso + hour×month,test
0.00532756933284594,1,43297.02615835152,134.25373596480694,Lasso + hour×month,test
0.004215355388785484,1,43284.05659643081,134.27157633120603,Lasso + hour×month,test
0.003335333609683999,1,43278.248083338454,134.2960241180169,Lasso + hour×month,test
0.002639030226842348,1,43272.29260486976,134.3130438871494,Lasso + hour×month,test
0.0020880911336624668,1,43267.28478962669,134.3254089492706,Lasso + hour×month,test
0.001652169246919457,1,43263.38138941422,134.33520660192823,Lasso + hour×month,test
0.0013072529146171102,1,43260.326711663896,134.3429932885722,Lasso + hour×month,test
1307.2529146171103,2,3614401.8579844236,1653.946312481167,Lasso + hour×month,test
1034.3432950112508,2,2883770.7029255438,1475.5492140762701,Lasso + hour×month,test
818.4078535775095,2,1846865.8197482151,1176.129389607725,Lasso + hour×month,test
647.5523339570351,2,1176107.780211858,931.5955777137459,Lasso + hour×month,test
512.3655929989072,2,756732.4269304819,739.0890192071101,Lasso + hour×month,test
405.40121179848944,2,494618.53499954153,588.1886244496038,Lasso + hour×month,test
320.76732858998605,2,330874.3374291961,471.2526030749315,Lasso + hour×month,test
253.80210047793312,2,228636.8033660376,382.66406834653503,Lasso + hour×month,test
200.8169176398531,2,164848.21384180986,317.18068368528907,Lasso + hour×month,test
158.8932256054273,2,123904.11558711113,270.27855211945763,Lasso + hour×month,test
125.72176408252359,2,98135.75350468227,239.03927756310134,Lasso + hour×month,test
99.47536720836662,2,82341.57136188225,218.7126452416292,Lasso + hour×month,test
78.70831875015763,2,72725.2682257499,205.9157666219592,Lasso + hour×month,test
62.2767184915239,2,66921.18266021776,198.33479426131416,Lasso + hour×month,test
49.275473389078655,2,62815.4413415415,193.15601055617566,Lasso + hour×month,test
38.9884428166887,2,59054.855019739785,188.17038691327545,Lasso + hour×month,test
30.848991774620224,2,56414.33072597442,184.59928931653707,Lasso + hour×month,test
24.408779237093185,2,53879.15241986804,180.73415925404356,Lasso + hour×month,test
19.313062423495882,2,51628.66400317948,176.76172165362098,Lasso + hour×month,test
15.281156691647311,2,46200.20022380146,166.3665039738078,Lasso + hour×month,test
12.09097473586527,2,40251.898041330656,154.2811986033535,Lasso + hour×month,test
9.566793470761317,2,35381.20285083926,143.6582693510115,Lasso + hour×month,test
7.569574770569698,2,31275.50368098369,133.87384094492435,Lasso + hour×month,test
5.989306906474442,2,27783.44519962991,124.89146276756188,Lasso + hour×month,test
4.738944829425688,2,25039.675851620974,117.44607812513284,Lasso + hour×month,test
3.749615514286603,2,22850.11889726237,111.25080345470515,Lasso + hour×month,test
2.9668242638483475,2,21143.752285510338,106.22961478339512,Lasso + hour×month,test
2.3474530065875157,2,19785.841098947672,102.05906761242521,Lasso + hour×month,test
1.8573852470078234,2,18614.209039527406,98.35910856989153,Lasso + hour×month,test
1.469626844976716,2,17610.40343523944,95.16492824529423,Lasso + hour×month,test
1.1628191119508322,2,16897.01236410066,92.69106848267614,Lasso + hour×month,test
0.9200623217654588,2,16381.706009086463,90.90501522933326,Lasso + hour×month,test
0.7279848320623742,2,16062.627006003404,89.85268620606199,Lasso + hour×month,test
0.5760065412699081,2,15824.91353202329,89.07657488020044,Lasso + hour×month,test
0.45575611053019205,2,15656.284911603836,88.57695288727743,Lasso + hour×month,test
0.3606098497209199,2,15502.358465921925,88.10060449062027,Lasso + hour×month,test
0.2853268682771286,2,15388.628395115215,87.70205749707065,Lasso + hour×month,test
0.22576039402095935,2,15298.836824328911,87.41100040729121,Lasso + hour×month,test
0.1786293587290052,2,15262.89408222218,87.28899982577411,Lasso + hour×month,test
0.14133766880728119,2,15213.984902861848,87.15605076503792,Lasso + hour×month,test
0.11183120605713186,2,15136.276933938898,86.89367954945828,Lasso + hour×month,test
0.08848468178179253,2,15061.50022905412,86.60039844439552,Lasso + hour×month,test
0.07001211187890775,2,15005.0981085731,86.3752150547835,Lasso + hour×month,test
0.05539598166643707,2,14966.152543184435,86.17856705593262,Lasso + hour×month,test
0.04383119866596573,2,14927.931353337803,86.02731705433678,Lasso + hour×month,test
0.03468074612457581,2,14892.445150747482,85.88863310521454,Lasso + hour×month,test
0.02744059456195527,2,14866.33758879188,85.78462698080783,Lasso + hour×month,test
0.021711938584274545,2,14845.921993418904,85.70555875912272,Lasso + hour×month,test
0.017179229700106057,2,14833.085958882708,85.66268910581977,Lasso + hour×month,test
0.013592795131741895,2,14824.74762161796,85.64209799865687,Lasso + hour×month,test
0.010755085223196308,2,14819.334422992855,85.63324968623249,Lasso + hour×month,test
0.008509791918227243,2,14815.793092680502,85.63001762786591,Lasso + hour×month,test
0.006733238927325228,2,14813.401891569534,85.6304886825134,Lasso + hour×month,test
0.00532756933284594,2,14811.722717612714,85.6311117686561,Lasso + hour×month,test
0.004215355388785484,2,14810.676067733662,85.63361471971349,Lasso + hour×month,test
0.003335333609683999,2,14809.989534625729,85.63652653019378,Lasso + hour×month,test
0.002639030226842348,2,14809.526806345239,85.63926953638546,Lasso + hour×month,test
0.0020880911336624668,2,14809.20707417278,85.64195770624785,Lasso + hour×month,test
0.001652169246919457,2,14808.98296606351,85.64441545861506,Lasso + hour×month,test
0.0013072529146171102,2,14808.823850848461,85.64638256763021,Lasso + hour×month,test
1307.2529146171103,3,1883473.9751577408,1117.3215066212692,Lasso + hour×month,test
1034.3432950112508,3,1195606.1425782153,887.1371318479605,Lasso + hour×month,test
818.4078535775095,3,777201.598098467,712.0851793277421,Lasso + hour×month,test
647.5523339570351,3,506534.79556869913,573.5608763065089,Lasso + hour×month,test
512.3655929989072,3,336832.74270939705,467.9614241890346,Lasso + hour×month,test
405.40121179848944,3,230392.40680812756,387.72716801374526,Lasso + hour×month,test
320.76732858998605,3,163599.08132018056,326.84493122770937,Lasso + hour×month,test
253.80210047793312,3,121658.60039442047,282.2329166504659,Lasso + hour×month,test
200.8169176398531,3,95303.2429815545,250.91626280692492,Lasso + hour×month,test
158.8932256054273,3,78027.52937688201,227.63550546071244,Lasso + hour×month,test
125.72176408252359,3,67069.06869078096,210.34245839347042,Lasso + hour×month,test
99.47536720836662,3,60143.628288081476,197.62694423776304,Lasso + hour×month,test
78.70831875015763,3,55751.39192420166,188.34136554395297,Lasso + hour×month,test
62.2767184915239,3,52738.46932622951,181.2438016219424,Lasso + hour×month,test
49.275473389078655,3,49868.342138351436,173.71202732666768,Lasso + hour×month,test
38.9884428166887,3,48116.195463602664,167.81540547102728,Lasso + hour×month,test
30.848991774620224,3,46987.38368698651,163.0456187190745,Lasso + hour×month,test
24.408779237093185,3,45468.551247830124,157.83599926411586,Lasso + hour×month,test
19.313062423495882,3,43549.56928318082,152.45725407150104,Lasso + hour×month,test
15.281156691647311,3,39127.482414619175,142.8633582341296,Lasso + hour×month,test
12.09097473586527,3,33662.253117390814,130.89497693880932,Lasso + hour×month,test
9.566793470761317,3,29784.474505730315,121.7453996928837,Lasso + hour×month,test
7.569574770569698,3,26937.493156874367,114.67145144992661,Lasso + hour×month,test
5.989306906474442,3,24725.91175812476,109.00405455897078,Lasso + hour×month,test
4.738944829425688,3,22982.34810622449,104.18026081816642,Lasso + hour×month,test
3.749615514286603,3,21447.344906973714,99.28115379528164,Lasso + hour×month,test
2.9668242638483475,3,20069.717153589932,94.58340263080686,Lasso + hour×month,test
2.3474530065875157,3,18353.20473352993,89.49691313139877,Lasso + hour×month,test
1.8573852470078234,3,16567.678806061456,84.70869586722046,Lasso + hour×month,test
1.469626844976716,3,15200.634097260747,80.63385037672866,Lasso + hour×month,test
1.1628191119508322,3,14232.73314355793,77.70758368548958,Lasso + hour×month,test
0.9200623217654588,3,13033.097299536463,74.67620890859855,Lasso + hour×month,test
0.7279848320623742,3,12157.061658073808,72.38053508978491,Lasso + hour×month,test
0.5760065412699081,3,11549.440370810344,70.69235410589265,Lasso + hour×month,test
0.45575611053019205,3,11097.915170595008,69.36688083590977,Lasso + hour×month,test
0.3606098497209199,3,10638.22235708417,68.02572584906777,Lasso + hour×month,test
0.2853268682771286,3,10239.257481554307,66.8572699822261,Lasso + hour×month,test
0.22576039402095935,3,9952.634124658616,65.7410649149137,Lasso + hour×month,test
0.1786293587290052,3,9732.119609897789,64.81902720097735,Lasso + hour×month,test
0.14133766880728119,3,9566.49519331738,64.13157422563673,Lasso + hour×month,test
0.11183120605713186,3,9499.712132458228,63.84168737241534,Lasso + hour×month,test
0.08848468178179253,3,9414.126987915097,63.621274858278994,Lasso + hour×month,test
0.07001211187890775,3,9346.281597880763,63.551650473797835,Lasso + hour×month,test
0.05539598166643707,3,9317.716152826906,63.69195673676392,Lasso + hour×month,test
0.04383119866596573,3,9314.526137212422,63.89214589372705,Lasso + hour×month,test
0.03468074612457581,3,9320.984269950315,64.11319058678168,Lasso + hour×month,test
0.02744059456195527,3,9357.922451247561,64.41752118057168,Lasso + hour×month,test
0.021711938584274545,3,9426.515529270822,64.73435169012836,Lasso + hour×month,test
0.017179229700106057,3,9519.757984830307,64.99171058334814,Lasso + hour×month,test
0.013592795131741895,3,9622.757523101573,65.21046131443742,Lasso + hour×month,test
0.010755085223196308,3,9724.150019008046,65.38812518455293,Lasso + hour×month,test
0.008509791918227243,3,9817.046378778941,65.53346032668603,Lasso + hour×month,test
0.006733238927325228,3,9896.757012901331,65.65052114660547,Lasso + hour×month,test
0.00532756933284594,3,9967.972984994098,65.74833363107167,Lasso + hour×month,test
0.004215355388785484,3,10026.061613600601,65.82289510293856,Lasso + hour×month,test
0.003335333609683999,3,10073.977405042255,65.88249853786573,Lasso + hour×month,test
0.002639030226842348,3,10113.135500551643,65.93033051243653,Lasso + hour×month,test
0.0020880911336624668,3,10144.903658745921,65.96853390186622,Lasso + hour×month,test
0.001652169246919457,3,10170.533444398032,65.9988498427483,Lasso + hour×month,test
0.0013072529146171102,3,10191.118397942773,66.02284150131796,Lasso + hour×month,test
1307.2529146171103,4,1790526.065393385,1103.9644879065484,Lasso + hour×month,test
1034.3432950112508,4,1149157.3143705286,882.4714454178721,Lasso + hour×month,test
818.4078535775095,4,741989.0423061382,705.6424091684449,Lasso + hour×month,test
647.5523339570351,4,485622.0442770991,566.5283224730624,Lasso + hour×month,test
512.3655929989072,4,324931.54276951926,458.90886448203554,Lasso + hour×month,test
405.40121179848944,4,224176.67996115432,376.609715129066,Lasso + hour×month,test
320.76732858998605,4,160976.63893943038,314.84692944862627,Lasso + hour×month,test
253.80210047793312,4,121317.68576908055,269.37654588550697,Lasso + hour×month,test
200.8169176398531,4,96252.96648927976,236.65953728722724,Lasso + hour×month,test
158.8932256054273,4,80189.11174055719,213.2047953266794,Lasso + hour×month,test
125.72176408252359,4,70006.81497842242,197.00338344222746,Lasso + hour×month,test
99.47536720836662,4,63545.39458562418,185.66307578510185,Lasso + hour×month,test
78.70831875015763,4,59430.95270279658,177.87017141218226,Lasso + hour×month,test
62.2767184915239,4,56804.238529597766,172.65051422486542,Lasso + hour×month,test
49.275473389078655,4,54062.46622255148,167.5244096123724,Lasso + hour×month,test
38.9884428166887,4,51589.73302957166,162.96304487219163,Lasso + hour×month,test
30.848991774620224,4,49654.465138952175,159.20762778342635,Lasso + hour×month,test
24.408779237093185,4,47235.91484278986,154.60311047214,Lasso + hour×month,test
19.313062423495882,4,44845.7874207261,149.88670840804787,Lasso + hour×month,test
15.281156691647311,4,39703.19114436987,139.87587931763886,Lasso + hour×month,test
12.09097473586527,4,33784.2103339153,128.3610082189748,Lasso + hour×month,test
9.566793470761317,4,29346.530262154738,119.2324952432323,Lasso + hour×month,test
7.569574770569698,4,25930.105839285356,111.27017324639367,Lasso + hour×month,test
5.989306906474442,4,23483.52883760402,104.97809859277704,Lasso + hour×month,test
4.738944829425688,4,21559.583765047235,99.56899194680534,Lasso + hour×month,test
3.749615514286603,4,20067.701516136327,94.66591239712727,Lasso + hour×month,test
2.9668242638483475,4,18865.67327599965,90.16487899739151,Lasso + hour×month,test
2.3474530065875157,4,17920.994114436824,86.41832858526261,Lasso + hour×month,test
1.8573852470078234,4,17160.545006476892,83.31882664347155,Lasso + hour×month,test
1.469626844976716,4,16441.07006206121,80.59326402833723,Lasso + hour×month,test
1.1628191119508322,4,15747.02141688544,77.909540625874,Lasso + hour×month,test
0.9200623217654588,4,15282.62887265891,76.14558430884256,Lasso + hour×month,test
0.7279848320623742,4,14986.661271791201,75.11867632745904,Lasso + hour×month,test
0.5760065412699081,4,14771.573266275605,74.43207296855319,Lasso + hour×month,test
0.45575611053019205,4,14596.736109156282,73.93965162227646,Lasso + hour×month,test
0.3606098497209199,4,14478.431907760374,73.51159425522884,Lasso + hour×month,test
0.2853268682771286,4,14386.132150065234,73.17839258671498,Lasso + hour×month,test
0.22576039402095935,4,14336.06448060623,72.98709300534422,Lasso + hour×month,test
0.1786293587290052,4,14323.38253198695,72.85701482207513,Lasso + hour×month,test
0.14133766880728119,4,14310.339529955862,72.7242402852671,Lasso + hour×month,test
0.11183120605713186,4,14286.416966106535,72.55471723664743,Lasso + hour×month,test
0.08848468178179253,4,14261.919283353278,72.33438148522362,Lasso + hour×month,test
0.07001211187890775,4,14261.033753917582,72.19218172710025,Lasso + hour×month,test
0.05539598166643707,4,14247.223483037294,72.04597207649701,Lasso + hour×month,test
0.04383119866596573,4,14253.327057318636,71.96762782785945,Lasso + hour×month,test
0.03468074612457581,4,14252.004419108382,71.89597173565451,Lasso + hour×month,test
0.02744059456195527,4,14254.779832428536,71.8387097477133,Lasso + hour×month,test
0.021711938584274545,4,14243.993074306187,71.76008078930568,Lasso + hour×month,test
0.017179229700106057,4,14228.20021365523,71.70193707244536,Lasso + hour×month,test
0.013592795131741895,4,14216.54405819511,71.66105099372176,Lasso + hour×month,test
0.010755085223196308,4,14207.263741395222,71.62975075358649,Lasso + hour×month,test
0.008509791918227243,4,14200.479008501066,71.60916582624787,Lasso + hour×month,test
0.006733238927325228,4,14195.407834955595,71.5934441677588,Lasso + hour×month,test
0.00532756933284594,4,14191.579522329732,71.58272422856288,Lasso + hour×month,test
0.004215355388785484,4,14188.665605913542,71.57456856417193,Lasso + hour×month,test
0.003335333609683999,4,14186.432165560918,71.56849303626984,Lasso + hour×month,test
0.002639030226842348,4,14184.710664549692,71.56381568647046,Lasso + hour×month,test
0.0020880911336624668,4,14183.377198182905,71.5602899387837,Lasso + hour×month,test
0.001652169246919457,4,14182.339760251196,71.55760957657529,Lasso + hour×month,test
0.0013072529146171102,4,14181.530128455803,71.55549432321827,Lasso + hour×month,test
