timestamp,hour,dow,month,dayofyear,hour_sin,hour_cos,dow_sin,dow_cos,month_sin,month_cos,is_weekend,is_festival,load_lag_1,load_lag_2,load_lag_3,load_lag_24,load_lag_48,load_lag_168,load_roll_mean_24,load_roll_std_24,load_roll_mean_168,load_ramp_1,temp_lag_1,humidity_lag_1,temp_roll_mean_24,weather_lag_1_cloudy,weather_lag_1_rain,weather_lag_1_storm
2025-07-31 13:00:00,13,3,7,212,-0.2588190451025208,-0.9659258262890683,0.43388373911755823,-0.900968867902419,-0.4999999999999997,-0.8660254037844388,0,0,6018.11,5977.89,5705.35,6073.51,5842.95,6371.08,5620.996666666666,630.8085324728821,6091.714226190476,40.219999999999345,33.6,88.0,28.608333333333334,0.0,0.0,1.0
2025-08-10 06:00:00,6,6,8,222,1.0,6.123233995736766e-17,-0.7818314824680299,0.6234898018587334,-0.8660254037844384,-0.5000000000000004,1,0,3920.63,4003.14,4153.08,4769.54,4886.91,4273.88,4435.172083333334,263.99701459087845,5568.097738095238,-82.50999999999976,26.9,69.1,29.045833333333334,0.0,0.0,0.0
2025-08-17 08:00:00,8,6,8,229,0.8660254037844387,-0.4999999999999998,-0.7818314824680299,0.6234898018587334,-0.8660254037844384,-0.5000000000000004,1,0,4227.34,4280.43,4389.56,4187.0,4060.32,3914.15,5080.315833333333,458.35535109515877,5274.476369047619,-53.090000000000146,29.8,76.5,27.575,1.0,0.0,0.0
2025-10-12 03:00:00,3,6,10,285,0.7071067811865475,0.7071067811865476,-0.7818314824680299,0.6234898018587334,-0.8660254037844386,0.5000000000000001,1,0,2784.03,2961.83,3173.17,2723.4,2708.59,4456.7,3628.1804166666666,544.0914868762187,4022.779880952381,-177.79999999999973,24.4,55.0,30.150000000000002,1.0,0.0,0.0
2025-08-25 02:00:00,2,0,8,237,0.49999999999999994,0.8660254037844387,0.0,1.0,-0.8660254037844384,-0.5000000000000004,0,0,5255.42,5593.81,5736.77,4927.39,5651.02,4866.97,5113.48125,482.6792386462565,5698.593273809523,-338.3900000000003,24.4,89.2,27.995833333333334,1.0,0.0,0.0
2025-11-10 00:00:00,0,0,11,314,0.0,1.0,0.0,1.0,-0.5000000000000004,0.8660254037844384,0,0,2475.82,2727.1,2908.02,2294.12,2439.25,2751.21,2949.1145833333335,613.486459642834,3290.575595238095,-251.27999999999975,19.7,56.0,25.166666666666668,0.0,0.0,0.0
2025-07-16 15:00:00,15,2,7,197,-0.7071067811865471,-0.7071067811865479,0.9749279121818236,-0.22252093395631434,-0.4999999999999997,-0.8660254037844388,0,0,6259.77,6020.13,6175.44,6239.28,6181.99,7163.73,5562.3029166666665,595.7778384342616,5386.96494047619,239.64000000000033,33.8,69.4,28.141666666666666,0.0,0.0,0.0
2025-07-23 03:00:00,3,2,7,204,0.7071067811865475,0.7071067811865476,0.9749279121818236,-0.22252093395631434,-0.4999999999999997,-0.8660254037844388,0,0,4998.31,5303.55,5680.13,5146.26,5212.6,4859.08,5534.87875,364.54228846732883,5490.828571428571,-305.2399999999998,26.6,72.5,27.583333333333332,0.0,0.0,0.0
2025-08-22 17:00:00,17,4,8,234,-0.9659258262890683,-0.25881904510252063,-0.433883739117558,-0.9009688679024191,-0.8660254037844384,-0.5000000000000004,0,0,6552.69,6670.85,6615.67,6560.18,6436.93,4127.95,6079.824166666666,628.1761807695682,5536.649583333334,-118.16000000000076,28.7,81.8,27.837500000000002,1.0,0.0,0.0
2025-10-12 10:00:00,10,6,10,285,0.49999999999999994,-0.8660254037844387,-0.7818314824680299,0.6234898018587334,-0.8660254037844386,0.5000000000000001,1,0,3635.48,3243.12,3137.72,4084.19,4403.27,4746.9,3585.3320833333332,570.328796892712,3972.469226190476,392.3600000000001,34.0,52.5,29.991666666666664,0.0,0.0,0.0
2025-09-09 05:00:00,5,1,9,252,0.9659258262890683,0.25881904510252074,0.7818314824680298,0.6234898018587336,-1.0,-1.8369701987210297e-16,0,0,4558.17,4769.64,5044.07,4136.13,4133.68,3702.07,5437.68625,630.3015838318971,4917.588630952381,-211.47000000000025,28.2,79.0,29.237499999999997,1.0,0.0,0.0
2025-12-13 04:00:00,4,5,12,347,0.8660254037844386,0.5000000000000001,-0.9749279121818236,-0.2225209339563146,-2.4492935982947064e-16,1.0,1,0,1787.51,1876.28,2149.17,2081.06,2239.86,1945.79,3480.6829166666666,904.5568351912282,3361.324107142857,-88.76999999999998,16.9,55.1,21.650000000000002,1.0,0.0,0.0
2025-09-10 04:00:00,4,2,9,253,0.8660254037844386,0.5000000000000001,0.9749279121818236,-0.22252093395631434,-1.0,-1.8369701987210297e-16,0,0,5030.99,5301.15,5654.73,4558.17,4067.5,3618.64,5682.735833333333,671.1617515720101,5063.384345238095,-270.15999999999985,25.1,79.9,28.649999999999995,0.0,1.0,0.0
2025-06-27 18:00:00,18,4,6,178,-1.0,-1.8369701987210297e-16,-0.433883739117558,-0.9009688679024191,1.2246467991473532e-16,-1.0,0,0,7225.58,7540.02,7589.44,6709.62,6412.59,6128.02,6628.220833333333,754.8486994088763,6249.6873214285715,-314.4400000000005,39.3,56.5,31.220833333333335,1.0,0.0,0.0
2025-07-25 05:00:00,5,4,7,206,0.9659258262890683,0.25881904510252074,-0.433883739117558,-0.9009688679024191,-0.4999999999999997,-0.8660254037844388,0,0,5274.63,5515.75,5847.85,4312.88,4480.4,4439.47,6026.213333333333,847.0478772961368,5532.259107142857,-241.1199999999999,25.8,81.0,28.820833333333336,1.0,0.0,0.0
2025-07-26 23:00:00,23,5,7,207,-0.25881904510252157,0.9659258262890681,-0.9749279121818236,-0.2225209339563146,-0.4999999999999997,-0.8660254037844388,1,0,7205.32,6903.02,6505.04,7316.9,7003.27,5852.68,6162.947499999999,741.2660024476951,5765.954345238096,302.2999999999993,26.3,76.2,28.2375,0.0,0.0,0.0
2025-11-25 18:00:00,18,1,11,329,-1.0,-1.8369701987210297e-16,0.7818314824680298,0.6234898018587336,-0.5000000000000004,0.8660254037844384,0,0,3896.49,3539.98,3477.17,3859.61,3475.22,3854.39,3242.925416666667,825.8617945488992,3221.1949404761904,356.50999999999976,28.0,42.0,25.3125,0.0,0.0,0.0
2025-12-03 23:00:00,23,2,12,337,-0.25881904510252157,0.9659258262890681,0.9749279121818236,-0.22252093395631434,-2.4492935982947064e-16,1.0,0,0,3130.56,3309.21,3603.16,2708.08,2557.17,2592.96,3387.0291666666667,730.8414836273543,3259.4654166666664,-178.6500000000001,16.5,59.2,21.433333333333334,1.0,0.0,0.0
2025-11-27 15:00:00,15,3,11,331,-0.7071067811865471,-0.7071067811865479,0.43388373911755823,-0.900968867902419,-0.5000000000000004,0.8660254037844384,0,0,3647.95,3739.38,4037.72,3550.23,3477.17,3644.26,3267.2254166666667,796.4929417574526,3219.080892857143,-91.43000000000029,30.1,43.4,25.795833333333334,0.0,0.0,0.0
2025-09-15 16:00:00,16,0,9,258,-0.8660254037844384,-0.5000000000000004,0.0,1.0,-1.0,-1.8369701987210297e-16,0,0,6598.27,6480.13,6100.57,5713.88,6004.15,6052.11,5719.982916666667,583.2266990181979,5620.464880952381,118.14000000000033,36.5,53.0,29.03333333333333,0.0,0.0,0.0
2025-09-22 16:00:00,16,0,9,265,-0.8660254037844384,-0.5000000000000004,0.0,1.0,-1.0,-1.8369701987210297e-16,0,1,6592.81,6540.58,6207.18,5871.88,6360.29,6568.19,5732.022916666668,575.9347296011125,5886.903214285715,52.23000000000047,31.8,68.6,28.47083333333333,1.0,0.0,0.0
2025-12-12 03:00:00,3,4,12,346,0.7071067811865475,0.7071067811865476,-0.433883739117558,-0.9009688679024191,-2.4492935982947064e-16,1.0,0,0,1992.09,2122.62,2379.97,2131.56,2046.84,1764.94,3362.97,729.6174563665775,3353.6556547619048,-130.52999999999997,17.7,53.9,21.125,0.0,0.0,0.0
2025-06-26 17:00:00,17,3,6,177,-0.9659258262890683,-0.25881904510252063,0.43388373911755823,-0.900968867902419,1.2246467991473532e-16,-1.0,0,0,7301.32,7439.51,7413.8,6747.49,6691.0,6535.85,6369.275416666666,746.7393114064781,6156.950416666667,-138.1900000000005,35.3,65.2,30.887500000000003,1.0,0.0,0.0
2025-08-25 21:00:00,21,0,8,237,-0.7071067811865477,0.7071067811865474,0.0,1.0,-0.8660254037844384,-0.5000000000000004,0,0,5315.79,5397.35,5433.48,5560.6,5468.83,6197.72,5254.984166666666,474.089019570752,5664.601785714286,-81.5600000000004,28.9,73.2,28.28333333333333,0.0,0.0,0.0
2025-12-31 05:00:00,5,2,12,365,0.9659258262890683,0.25881904510252074,0.9749279121818236,-0.22252093395631434,-2.4492935982947064e-16,1.0,0,0,2066.28,1928.06,2032.14,2723.91,2667.56,2626.02,3786.2358333333336,1040.79244605888,3605.7022023809527,138.22000000000025,17.5,42.3,21.479166666666668,0.0,0.0,0.0
2025-09-18 04:00:00,4,3,9,261,0.8660254037844386,0.5000000000000001,0.43388373911755823,-0.900968867902419,-1.0,-1.8369701987210297e-16,0,0,5316.54,5594.93,5933.2,5167.69,5153.22,4671.89,5997.230833333332,622.0200308106855,5744.914702380953,-278.3900000000003,27.4,62.9,29.008333333333336,0.0,0.0,0.0
2025-08-15 14:00:00,14,4,8,227,-0.4999999999999997,-0.8660254037844388,-0.433883739117558,-0.9009688679024191,-0.8660254037844384,-0.5000000000000004,0,0,4265.63,4309.29,4232.29,5660.36,6588.58,6938.92,4879.5375,630.4146182732769,5341.822916666667,-43.659999999999854,34.8,65.2,28.3125,0.0,0.0,0.0
2025-08-15 17:00:00,17,4,8,227,-0.9659258262890683,-0.25881904510252063,-0.433883739117558,-0.9009688679024191,-0.8660254037844384,-0.5000000000000004,0,0,4159.03,4210.54,4240.8,5618.16,6391.14,6625.06,4697.815,586.3631217643676,5292.510297619047,-51.51000000000022,29.5,78.9,28.291666666666668,1.0,0.0,0.0
2025-07-21 14:00:00,14,0,7,202,-0.4999999999999997,-0.8660254037844388,0.0,1.0,-0.4999999999999997,-0.8660254037844388,0,0,6103.13,6056.33,5992.66,5713.18,5846.84,6107.67,5667.241666666666,531.5171788844559,5459.870297619048,46.80000000000018,35.6,65.0,27.94583333333333,1.0,0.0,0.0
2025-07-03 20:00:00,20,3,7,184,-0.8660254037844386,0.5000000000000001,0.43388373911755823,-0.900968867902419,-0.4999999999999997,-0.8660254037844388,0,0,6475.46,6624.24,6952.53,6427.14,5858.56,6626.06,6344.19125,768.7129203913732,5952.085654761905,-148.77999999999975,26.4,81.7,27.787500000000005,1.0,0.0,0.0
2026-01-09 21:00:00,21,4,1,9,-0.7071067811865477,0.7071067811865474,-0.433883739117558,-0.9009688679024191,0.49999999999999994,0.8660254037844387,0,0,4584.94,4785.38,4897.03,3685.31,3918.25,3890.24,4205.864166666666,1287.4321102402112,3947.401607142857,-200.4400000000005,21.6,40.1,20.745833333333334,0.0,0.0,0.0
2025-08-14 07:00:00,7,3,8,226,0.9659258262890683,-0.25881904510252063,0.43388373911755823,-0.900968867902419,-0.8660254037844384,-0.5000000000000004,0,0,4681.37,4826.97,5068.52,4749.01,4555.32,4718.66,5920.224583333333,684.4614988503886,5535.893095238095,-145.60000000000036,30.1,69.9,28.80416666666667,0.0,0.0,0.0
2025-09-11 10:00:00,10,3,9,254,0.49999999999999994,-0.8660254037844387,0.43388373911755823,-0.900968867902419,-1.0,-1.8369701987210297e-16,0,0,5280.25,4692.08,4584.35,5899.24,5716.89,5405.52,5682.840833333333,681.6902352364207,5240.8372023809525,588.1700000000001,35.3,66.6,29.120833333333334,1.0,0.0,0.0
2025-10-15 23:00:00,23,2,10,288,-0.25881904510252157,0.9659258262890681,0.9749279121818236,-0.22252093395631434,-0.8660254037844386,0.5000000000000001,0,0,3774.98,3852.99,4267.62,3585.06,3574.34,3416.09,3919.86125,620.2073482404569,3763.5291666666667,-78.00999999999976,27.1,64.6,28.75833333333333,1.0,0.0,0.0
2025-10-20 00:00:00,0,0,10,293,0.0,1.0,0.0,1.0,-0.8660254037844386,0.5000000000000001,0,1,3557.22,3728.66,3791.28,3516.65,3505.49,3189.37,3648.2383333333332,382.8040568440769,3871.1027380952382,-171.44000000000005,25.3,52.6,29.80416666666667,0.0,0.0,0.0
2025-11-12 15:00:00,15,2,11,316,-0.7071067811865471,-0.7071067811865479,0.9749279121818236,-0.22252093395631434,-0.5000000000000004,0.8660254037844384,0,0,3550.58,3522.57,3862.17,3458.13,3524.7,3841.95,3195.5170833333336,719.4937501465017,3191.7072619047617,28.009999999999764,30.2,37.4,25.350000000000005,0.0,0.0,0.0
2025-11-07 12:00:00,12,4,11,311,1.2246467991473532e-16,-1.0,-0.433883739117558,-0.9009688679024191,-0.5000000000000004,0.8660254037844384,0,0,3984.73,3984.68,3896.87,3853.23,4110.86,4456.14,3313.594166666667,646.3457157907617,3436.443035714286,0.0500000000001819,31.6,39.6,24.925,0.0,0.0,0.0
2025-12-04 00:00:00,0,3,12,338,0.0,1.0,0.43388373911755823,-0.900968867902419,-2.4492935982947064e-16,1.0,0,0,2779.13,3130.56,3309.21,2486.74,2301.76,2265.98,3389.9895833333335,728.110490740216,3260.5735714285715,-351.42999999999984,16.9,53.0,21.474999999999998,1.0,0.0,0.0
2026-01-05 07:00:00,7,0,1,5,0.9659258262890683,-0.25881904510252063,0.0,1.0,0.49999999999999994,0.8660254037844387,0,0,3515.03,2577.95,2004.87,3733.06,4156.25,4277.89,3679.1525,1014.920251650794,3805.754107142857,937.0800000000004,22.7,38.1,21.416666666666668,0.0,0.0,0.0
2025-12-20 14:00:00,14,5,12,354,-0.4999999999999997,-0.8660254037844388,-0.9749279121818236,-0.2225209339563146,-2.4492935982947064e-16,1.0,1,0,4377.79,4741.54,5074.71,4191.99,3984.19,3523.24,3640.6666666666665,1005.687334918033,3487.4451785714286,-363.75,27.2,38.6,21.791666666666668,0.0,0.0,0.0
2025-08-29 08:00:00,8,4,8,241,0.8660254037844387,-0.4999999999999998,-0.433883739117558,-0.9009688679024191,-0.8660254037844384,-0.5000000000000004,0,0,4791.48,4734.83,4581.7,4781.03,4668.82,5237.14,5667.606666666667,629.9070980547283,5387.091369047619,56.649999999999636,30.9,93.9,28.279166666666665,0.0,1.0,0.0
2025-07-05 23:00:00,23,5,7,186,-0.25881904510252157,0.9659258262890681,-0.9749279121818236,-0.2225209339563146,-0.4999999999999997,-0.8660254037844388,1,0,7134.8,6957.61,6646.55,7039.59,7397.33,6581.41,6258.233749999999,698.298728194729,5910.390119047619,177.1900000000005,26.1,75.3,28.3625,0.0,0.0,0.0
2025-10-05 05:00:00,5,6,10,278,0.9659258262890683,0.25881904510252074,-0.7818314824680299,0.6234898018587334,-0.8660254037844386,0.5000000000000001,1,0,4268.2,4456.7,4709.63,4218.65,3862.12,5046.1,5099.09375,504.22401870783017,5356.84875,-188.5,28.4,64.2,29.875,1.0,0.0,0.0
2025-09-13 20:00:00,20,5,9,256,-0.8660254037844386,0.5000000000000001,-0.9749279121818236,-0.2225209339563146,-1.0,-1.8369701987210297e-16,1,0,5810.16,5782.93,5870.15,5875.63,5928.01,5341.47,5532.01125,570.7101557542136,5455.543214285714,27.229999999999563,30.7,61.3,29.308333333333334,0.0,0.0,0.0
2025-11-01 15:00:00,15,5,11,305,-0.7071067811865471,-0.7071067811865479,-0.9749279121818236,-0.2225209339563146,-0.5000000000000004,0.8660254037844384,1,0,3886.16,3913.57,4090.21,4244.16,3965.49,3885.28,3634.735,580.3553669426882,3517.7647023809523,-27.41000000000031,31.3,46.3,26.6875,0.0,0.0,0.0
2025-12-03 13:00:00,13,2,12,337,-0.2588190451025208,-0.9659258262890683,0.9749279121818236,-0.22252093395631434,-2.4492935982947064e-16,1.0,0,0,4057.44,4211.28,4279.74,3740.46,3692.44,3733.09,3350.846666666667,720.6019658812609,3255.180595238095,-153.8399999999997,26.4,47.4,21.766666666666666,0.0,0.0,0.0
2025-07-18 11:00:00,11,4,7,199,0.258819045102521,-0.9659258262890682,-0.433883739117558,-0.9009688679024191,-0.4999999999999997,-0.8660254037844388,0,0,5725.53,5382.44,4732.92,5721.51,6066.63,5830.15,5487.383333333334,616.5944434071707,5410.515357142857,343.09000000000015,35.8,68.9,28.52916666666667,0.0,0.0,0.0
2025-10-17 12:00:00,12,4,10,290,1.2246467991473532e-16,-1.0,-0.433883739117558,-0.9009688679024191,-0.8660254037844386,0.5000000000000001,0,0,4622.56,4522.63,4263.6,4487.67,4724.23,4504.81,3923.1941666666667,620.781856756125,3790.68625,99.93000000000029,31.2,77.4,29.791666666666668,0.0,1.0,0.0
2025-11-13 15:00:00,15,3,11,317,-0.7071067811865471,-0.7071067811865479,0.43388373911755823,-0.900968867902419,-0.5000000000000004,0.8660254037844384,0,0,3626.34,3564.08,3791.66,3635.22,3458.13,3695.89,3218.72125,720.4583065106306,3164.592380952381,62.26000000000022,28.2,56.1,25.112499999999997,1.0,0.0,0.0
2025-08-27 06:00:00,6,2,8,239,1.0,6.123233995736766e-17,0.9749279121818236,-0.22252093395631434,-0.8660254037844384,-0.5000000000000004,0,1,4210.38,4225.68,4372.32,4408.6,4495.36,4739.56,5148.701666666667,534.7139493522726,5552.329821428571,-15.300000000000182,25.2,91.1,27.974999999999998,0.0,1.0,0.0
2025-11-02 20:00:00,20,6,11,306,-0.8660254037844386,0.5000000000000001,-0.7818314824680299,0.6234898018587334,-0.5000000000000004,0.8660254037844384,1,0,3730.82,3813.67,3758.55,3712.25,4013.24,3593.83,3288.153333333333,474.7365539517987,3509.8566071428572,-82.84999999999991,22.8,48.8,25.683333333333334,0.0,0.0,0.0
2025-07-09 19:00:00,19,2,7,190,-0.9659258262890684,0.2588190451025203,0.9749279121818236,-0.22252093395631434,-0.4999999999999997,-0.8660254037844388,0,0,6226.05,6642.4,6980.79,6591.38,5854.26,6224.82,6259.134166666666,846.889147912202,6190.555178571429,-416.34999999999945,26.2,89.4,27.916666666666668,0.0,1.0,0.0
2025-12-03 14:00:00,14,2,12,337,-0.4999999999999997,-0.8660254037844388,0.9749279121818236,-0.22252093395631434,-2.4492935982947064e-16,1.0,0,0,3755.5,4057.44,4211.28,3653.05,3553.38,3612.31,3351.4733333333334,720.9619717986268,3255.313988095238,-301.94000000000005,28.2,57.2,21.816666666666666,1.0,0.0,0.0
2025-11-08 16:00:00,16,5,11,312,-0.8660254037844384,-0.5000000000000004,-0.9749279121818236,-0.2225209339563146,-0.5000000000000004,0.8660254037844384,1,0,3338.96,3388.55,3517.8,3666.11,3683.14,3868.08,3165.1341666666667,636.3129155084102,3357.789821428571,-49.590000000000146,28.9,48.8,24.962500000000002,0.0,0.0,0.0
2025-12-05 23:00:00,23,4,12,339,-0.25881904510252157,0.9659258262890681,-0.433883739117558,-0.9009688679024191,-2.4492935982947064e-16,1.0,0,0,3084.81,3299.33,3682.68,2586.1,2779.13,2694.71,3416.8500000000004,918.5107693198664,3293.9311904761903,-214.51999999999998,18.2,43.6,21.816666666666666,0.0,0.0,0.0
2025-12-12 06:00:00,6,4,12,346,1.0,6.123233995736766e-17,-0.433883739117558,-0.9009688679024191,-2.4492935982947064e-16,1.0,0,0,2809.88,2081.06,1902.57,3576.43,3769.92,3610.14,3346.978333333334,758.4768810364092,3356.5706547619047,728.8200000000002,16.4,67.6,20.912499999999998,0.0,1.0,0.0
2025-12-22 08:00:00,8,0,12,356,0.8660254037844387,-0.4999999999999998,0.0,1.0,-2.4492935982947064e-16,1.0,0,0,3978.51,3458.87,2741.14,4145.36,4431.85,4250.63,3616.120833333333,910.2024807267106,3554.413154761905,519.6400000000003,23.7,38.8,21.320833333333333,0.0,0.0,0.0
2025-10-05 23:00:00,23,6,10,278,-0.25881904510252157,0.9659258262890681,-0.7818314824680299,0.6234898018587334,-0.8660254037844386,0.5000000000000001,1,0,5634.28,5485.46,5258.15,5458.52,5570.8,6854.52,4853.002083333333,479.24468398750435,5254.345952380952,148.8199999999997,28.2,48.9,30.287499999999998,0.0,0.0,0.0
2025-08-14 10:00:00,10,3,8,226,0.49999999999999994,-0.8660254037844387,0.43388373911755823,-0.900968867902419,-0.8660254037844384,-0.5000000000000004,0,0,5062.04,4729.14,4669.92,5819.88,5534.12,5854.02,5894.042916666666,716.8742033753501,5532.121428571429,332.89999999999964,33.6,79.8,28.849999999999998,1.0,0.0,0.0
2025-11-15 04:00:00,4,5,11,319,0.8660254037844386,0.5000000000000001,-0.9749279121818236,-0.2225209339563146,-0.5000000000000004,0.8660254037844384,1,0,1912.51,1977.12,2109.43,2061.73,2030.34,2129.62,3280.06625,758.5511973482246,3151.152321428572,-64.6099999999999,21.8,61.7,25.2375,1.0,0.0,0.0
2025-12-24 15:00:00,15,2,12,358,-0.7071067811865471,-0.7071067811865479,0.9749279121818236,-0.22252093395631434,-2.4492935982947064e-16,1.0,0,0,4028.18,4241.09,4735.96,3928.24,3973.34,3847.47,3664.9162499999998,1004.3871156161864,3630.338214285714,-212.9100000000003,25.6,57.5,21.158333333333335,1.0,0.0,0.0
2025-09-04 02:00:00,2,3,9,247,0.49999999999999994,0.8660254037844387,0.43388373911755823,-0.900968867902419,-1.0,-1.8369701987210297e-16,0,0,4060.26,4342.35,4511.63,3884.42,3836.61,4738.61,4641.293333333334,599.9278033496208,5033.26,-282.09000000000015,27.1,64.0,30.145833333333332,0.0,0.0,0.0
2025-12-09 21:00:00,21,1,12,343,-0.7071067811865477,0.7071067811865474,0.7818314824680298,0.6234898018587336,-2.4492935982947064e-16,1.0,0,0,3647.8,3834.14,3963.56,3303.08,3059.73,3186.26,3404.273333333333,821.2789106005049,3340.6896428571426,-186.3399999999997,19.3,43.9,21.454166666666666,0.0,0.0,0.0
2025-07-21 16:00:00,16,0,7,202,-0.8660254037844384,-0.5000000000000004,0.0,1.0,-0.4999999999999997,-0.8660254037844388,0,0,6454.47,6460.34,6103.13,5738.76,5874.29,6088.63,5726.4783333333335,576.6260975006721,5463.591428571429,-5.869999999999891,30.3,87.8,27.92083333333333,0.0,1.0,0.0
2025-12-26 16:00:00,16,4,12,360,-0.8660254037844384,-0.5000000000000004,-0.433883739117558,-0.9009688679024191,-2.4492935982947064e-16,1.0,0,0,3922.16,4051.42,4430.56,3670.71,3872.56,3968.56,3649.392916666667,1008.536640900563,3626.620595238095,-129.26000000000022,25.7,42.7,21.95,0.0,0.0,0.0
2025-10-19 14:00:00,14,6,10,292,-0.4999999999999997,-0.8660254037844388,-0.7818314824680299,0.6234898018587334,-0.8660254037844386,0.5000000000000001,1,0,4003.95,4107.09,4103.25,4362.43,4525.18,3877.92,3789.0333333333333,507.77369565304394,3869.474166666666,-103.14000000000033,34.3,51.0,29.90416666666667,0.0,0.0,0.0
2025-11-15 12:00:00,12,5,11,319,1.2246467991473532e-16,-1.0,-0.9749279121818236,-0.2225209339563146,-0.5000000000000004,0.8660254037844384,1,0,3885.99,3907.26,3831.81,4116.09,3791.66,3737.7,3204.869583333333,715.4561396059692,3157.3016071428574,-21.270000000000437,31.2,38.5,25.20416666666667,0.0,0.0,0.0
2025-07-13 16:00:00,16,6,7,194,-0.8660254037844384,-0.5000000000000004,-0.7818314824680299,0.6234898018587334,-0.4999999999999997,-0.8660254037844388,1,0,5594.38,5532.59,5385.31,5836.18,6117.87,6090.99,5170.639166666667,521.6240921176487,5680.310833333334,61.789999999999964,28.2,91.6,28.38333333333333,0.0,1.0,0.0
2025-08-04 20:00:00,20,0,8,216,-0.8660254037844386,0.5000000000000001,0.0,1.0,-0.8660254037844384,-0.5000000000000004,0,0,5932.08,5888.32,6051.78,5899.48,5681.5,6925.13,5710.7733333333335,584.9015490153818,5569.494821428571,43.76000000000022,24.6,95.3,28.575000000000003,0.0,1.0,0.0
2025-11-04 04:00:00,4,1,11,308,0.8660254037844386,0.5000000000000001,0.7818314824680298,0.6234898018587336,-0.5000000000000004,0.8660254037844384,0,0,2380.61,2429.84,2557.78,2471.14,2579.18,2603.32,3417.6633333333334,571.765851982094,3497.5789285714286,-49.23000000000002,21.2,48.2,25.19583333333333,0.0,0.0,0.0
2025-08-15 00:00:00,0,4,8,227,0.0,1.0,-0.433883739117558,-0.9009688679024191,-0.8660254037844384,-0.5000000000000004,0,0,5495.64,5471.5,5356.32,6526.79,6087.41,6737.6,5406.0079166666665,426.1886016775176,5447.447738095238,24.140000000000327,23.2,78.8,28.416666666666668,1.0,0.0,0.0
2025-10-17 17:00:00,17,4,10,290,-0.9659258262890683,-0.25881904510252063,-0.433883739117558,-0.9009688679024191,-0.8660254037844386,0.5000000000000001,0,0,4546.21,4570.63,4525.18,4544.24,4507.95,4374.16,3954.987916666667,649.8803944940101,3796.915714285715,-24.420000000000073,31.1,48.2,29.708333333333332,0.0,0.0,0.0
2025-12-24 13:00:00,13,2,12,358,-0.2588190451025208,-0.9659258262890683,0.9749279121818236,-0.22252093395631434,-2.4492935982947064e-16,1.0,0,0,4735.96,4928.74,4993.13,4238.25,4410.12,4103.83,3664.2208333333333,1004.102523848694,3628.883630952381,-192.77999999999975,26.7,42.9,21.458333333333332,0.0,0.0,0.0
2025-10-16 05:00:00,5,3,10,289,0.9659258262890683,0.25881904510252074,0.43388373911755823,-0.900968867902419,-0.8660254037844386,0.5000000000000001,0,0,2843.49,2834.1,2957.09,3149.86,3122.35,2970.05,3915.616666666667,623.5585838498255,3768.1815476190477,9.389999999999873,26.8,58.2,28.775000000000002,1.0,0.0,0.0
2025-08-16 23:00:00,23,5,8,228,-0.25881904510252157,0.9659258262890681,-0.9749279121818236,-0.2225209339563146,-0.8660254037844384,-0.5000000000000004,1,1,5452.6,5409.72,5311.01,5180.17,5495.64,4932.12,4926.559583333334,539.6753108198926,5243.635059523809,42.88000000000011,20.6,90.5,27.004166666666666,0.0,1.0,0.0
2025-09-21 15:00:00,15,6,9,264,-0.7071067811865471,-0.7071067811865479,-0.7818314824680299,0.6234898018587334,-1.0,-1.8369701987210297e-16,1,0,5910.42,5662.13,5578.33,6462.9,6823.73,5775.26,5629.809166666667,637.6623796466951,5884.115476190476,248.28999999999996,35.9,64.4,29.241666666666664,0.0,0.0,0.0
2025-07-31 16:00:00,16,3,7,212,-0.8660254037844384,-0.5000000000000004,0.43388373911755823,-0.900968867902419,-0.4999999999999997,-0.8660254037844388,0,0,5782.78,5756.37,5763.52,6361.55,6075.67,6811.63,5554.159166666667,576.2688984275834,6074.884642857143,26.409999999999854,31.8,96.3,29.016666666666666,0.0,1.0,0.0
2025-11-29 05:00:00,5,5,11,333,0.9659258262890683,0.25881904510252074,-0.9749279121818236,-0.2225209339563146,-0.5000000000000004,0.8660254037844384,1,0,2162.6,2062.01,2121.81,2572.42,2621.63,2521.24,3365.403333333333,749.3113800055693,3222.6973214285717,100.58999999999969,21.0,55.7,25.5,1.0,0.0,0.0
2025-12-07 04:00:00,4,6,12,341,0.8660254037844386,0.5000000000000001,-0.7818314824680299,0.6234898018587334,-2.4492935982947064e-16,1.0,1,0,1741.64,1851.41,1993.76,1945.79,1922.03,1860.14,3249.8354166666663,820.4778845282033,3301.9904166666665,-109.76999999999998,20.0,44.2,21.945833333333336,0.0,0.0,0.0
2025-12-01 12:00:00,12,0,12,335,1.2246467991473532e-16,-1.0,0.0,1.0,-2.4492935982947064e-16,1.0,0,0,4163.67,4198.75,4136.57,4142.64,3977.9,3982.85,3162.829166666667,776.7192811514196,3235.681845238095,-35.07999999999993,26.8,42.6,23.7625,0.0,0.0,0.0
2025-09-18 01:00:00,1,3,9,261,0.25881904510252074,0.9659258262890683,0.43388373911755823,-0.900968867902419,-1.0,-1.8369701987210297e-16,0,0,6349.18,6565.02,6551.04,6138.35,6072.27,5594.23,6016.371666666667,614.2522712928472,5738.011785714286,-215.84000000000015,28.0,66.8,29.299999999999997,0.0,0.0,0.0
2025-07-20 18:00:00,18,6,7,201,-1.0,-1.8369701987210297e-16,-0.7818314824680299,0.6234898018587334,-0.4999999999999997,-0.8660254037844388,1,0,5552.49,5738.76,5779.95,5604.03,5724.45,5313.04,5292.510416666667,517.3516133530195,5397.591785714285,-186.27000000000044,27.8,87.6,28.379166666666663,0.0,1.0,0.0
2025-12-23 11:00:00,11,1,12,357,0.258819045102521,-0.9659258262890682,0.7818314824680298,0.6234898018587336,-2.4492935982947064e-16,1.0,0,0,5011.76,5013.88,4636.64,5072.32,5041.3,4458.33,3713.657916666667,1016.3438272680885,3597.729880952381,-2.119999999999891,27.6,49.6,21.61666666666667,0.0,0.0,0.0
2025-09-06 20:00:00,20,5,9,249,-0.8660254037844386,0.5000000000000001,-0.9749279121818236,-0.2225209339563146,-1.0,-1.8369701987210297e-16,1,0,5439.26,5439.0,5511.55,5138.65,5215.33,5658.57,4963.90125,539.1980176256517,4824.387380952381,0.2600000000002183,25.9,92.3,29.40416666666667,0.0,0.0,1.0
2025-10-14 07:00:00,7,1,10,287,0.9659258262890683,-0.25881904510252063,0.7818314824680298,0.6234898018587336,-0.8660254037844386,0.5000000000000001,0,0,3631.27,3122.35,2853.48,3583.95,3137.72,3652.11,3883.4733333333334,597.7700980177116,3759.777261904762,508.9200000000001,30.1,62.9,29.654166666666665,1.0,0.0,0.0
2025-11-21 08:00:00,8,4,11,325,0.8660254037844387,-0.4999999999999998,-0.433883739117558,-0.9009688679024191,-0.5000000000000004,0.8660254037844384,0,0,3771.77,3581.46,2662.47,3831.52,3878.3,3829.6,3278.2220833333336,748.3825474865669,3188.844047619047,190.30999999999995,27.3,44.0,25.120833333333334,0.0,0.0,0.0
2025-09-21 23:00:00,23,6,9,264,-0.25881904510252157,0.9659258262890681,-0.7818314824680299,0.6234898018587334,-1.0,-1.8369701987210297e-16,1,0,6425.36,6154.69,5803.0,6434.91,6703.72,6500.33,5528.286666666667,570.3391765368867,5883.394047619048,270.6700000000001,26.9,64.3,29.3,0.0,0.0,0.0
2025-07-29 20:00:00,20,1,7,210,-0.8660254037844386,0.5000000000000001,0.7818314824680298,0.6234898018587336,-0.4999999999999997,-0.8660254037844388,0,0,5952.81,5861.54,5984.88,6925.13,6506.25,5731.79,6055.792083333334,643.1461232233427,6035.910297619047,91.27000000000044,26.0,96.7,28.150000000000002,0.0,0.0,1.0
2025-10-25 05:00:00,5,5,10,298,0.9659258262890683,0.25881904510252074,-0.9749279121818236,-0.2225209339563146,-0.8660254037844386,0.5000000000000001,1,0,2715.07,2690.3,2785.0,2977.9,2871.84,3179.97,3644.4204166666664,557.0436318909904,3558.9851190476193,24.769999999999982,23.0,78.8,28.770833333333332,0.0,1.0,0.0
2025-07-28 08:00:00,8,0,7,209,0.8660254037844387,-0.4999999999999998,0.0,1.0,-0.4999999999999997,-0.8660254037844388,0,0,5211.5,5205.23,5391.07,4840.28,4873.68,4990.16,6107.470416666666,688.152761241406,5902.2636309523805,6.270000000000437,27.2,93.4,28.620833333333334,0.0,1.0,0.0
2025-09-28 14:00:00,14,6,9,271,-0.4999999999999997,-0.8660254037844388,-0.7818314824680299,0.6234898018587334,-1.0,-1.8369701987210297e-16,1,0,6031.16,5946.02,5766.32,6336.37,6434.24,5910.42,5873.917916666666,616.0817825156507,5759.944940476191,85.13999999999942,36.0,62.4,29.162500000000005,0.0,0.0,0.0
2025-08-25 10:00:00,10,0,8,237,0.49999999999999994,-0.8660254037844387,0.0,1.0,-0.8660254037844384,-0.5000000000000004,0,0,5255.6,4672.24,4544.03,5051.46,5737.51,5635.53,5163.318749999999,429.4791081755433,5697.396964285714,583.3600000000006,31.2,77.6,28.012500000000003,1.0,0.0,0.0
2025-09-01 07:00:00,7,0,9,244,0.9659258262890683,-0.25881904510252063,0.0,1.0,-1.0,-1.8369701987210297e-16,0,0,4294.77,4130.95,4132.12,4357.18,4386.02,4544.03,4810.040416666667,385.2745974144674,5255.679702380953,163.82000000000062,30.7,65.2,28.6375,0.0,0.0,0.0
2025-07-02 09:00:00,9,2,7,183,0.7071067811865476,-0.7071067811865475,0.9749279121818236,-0.22252093395631434,-0.4999999999999997,-0.8660254037844388,0,0,5035.66,4795.82,4743.82,5161.89,5178.16,5920.44,5679.4904166666665,558.5641512764166,5970.658690476191,239.84000000000015,29.8,90.3,27.916666666666668,0.0,1.0,0.0
2025-08-08 20:00:00,20,4,8,220,-0.8660254037844386,0.5000000000000001,-0.433883739117558,-0.9009688679024191,-0.8660254037844384,-0.5000000000000004,0,0,6234.58,6350.69,6625.06,6308.7,6137.09,5661.32,6111.166666666667,728.2419543618466,5667.181369047619,-116.10999999999967,29.2,66.0,27.541666666666668,0.0,0.0,0.0
2025-12-29 10:00:00,10,0,12,363,0.49999999999999994,-0.8660254037844387,0.0,1.0,-2.4492935982947064e-16,1.0,0,0,4963.8,4531.79,4277.89,4782.82,4590.65,5064.8,3508.8062499999996,974.0781001399876,3584.9489880952383,432.0100000000002,25.4,40.9,21.095833333333335,0.0,0.0,0.0
2025-07-08 17:00:00,17,1,7,189,-0.9659258262890683,-0.25881904510252063,0.7818314824680298,0.6234898018587336,-0.4999999999999997,-0.8660254037844388,0,0,7272.44,7384.83,7177.88,6276.58,5929.36,6026.83,6057.963333333333,746.3917147803597,6133.252380952381,-112.39000000000033,30.9,66.1,27.887500000000003,1.0,0.0,0.0
2025-09-27 01:00:00,1,5,9,270,0.25881904510252074,0.9659258262890683,-0.9749279121818236,-0.2225209339563146,-1.0,-1.8369701987210297e-16,1,0,6348.21,6525.48,6484.79,5878.79,5825.99,6074.71,5817.9920833333335,638.7505856713469,5735.722857142857,-177.26999999999953,26.3,67.5,29.524999999999995,0.0,0.0,0.0
2025-12-03 22:00:00,22,2,12,337,-0.5000000000000004,0.8660254037844384,0.9749279121818236,-0.22252093395631434,-2.4492935982947064e-16,1.0,0,0,3309.21,3603.16,3850.43,3002.78,2982.49,2932.45,3381.705,733.2525507449434,3258.2861904761908,-293.9499999999998,15.3,81.5,21.5625,0.0,0.0,1.0
2025-07-04 16:00:00,16,4,7,185,-0.8660254037844384,-0.5000000000000004,-0.433883739117558,-0.9009688679024191,-0.4999999999999997,-0.8660254037844388,0,0,7034.87,7024.1,6785.29,7238.27,6931.0,7540.02,6487.509999999999,694.2620137708934,5935.978749999999,10.769999999999527,32.7,72.3,28.112499999999997,1.0,0.0,0.0
2025-08-27 17:00:00,17,2,8,239,-0.9659258262890683,-0.25881904510252063,0.9749279121818236,-0.22252093395631434,-0.8660254037844384,-0.5000000000000004,0,1,5579.25,5675.07,5657.64,5515.81,5536.06,6436.93,5145.385,509.38511934362236,5516.758988095238,-95.81999999999971,30.0,85.6,28.170833333333334,0.0,1.0,0.0
2025-07-18 19:00:00,19,4,7,199,-0.9659258262890684,0.2588190451025203,-0.433883739117558,-0.9009688679024191,-0.4999999999999997,-0.8660254037844388,0,0,5724.45,5872.67,6002.57,5916.59,5814.21,5785.8,5471.450833333333,595.7901353585833,5412.008928571428,-148.22000000000025,31.5,69.4,28.037499999999998,0.0,0.0,0.0
2025-08-05 14:00:00,14,1,8,217,-0.4999999999999997,-0.8660254037844388,0.7818314824680298,0.6234898018587336,-0.8660254037844384,-0.5000000000000004,0,0,5961.82,5898.54,5799.79,6289.97,5680.19,6080.44,5642.869583333333,586.208394325852,5506.783452380952,63.279999999999745,30.6,88.8,28.358333333333334,0.0,1.0,0.0
2025-07-16 01:00:00,1,2,7,197,0.25881904510252074,0.9659258262890683,0.9749279121818236,-0.22252093395631434,-0.4999999999999997,-0.8660254037844388,0,0,5844.87,6093.5,6058.59,5018.24,5294.8,6267.88,5380.8125,688.9742996800285,5422.55630952381,-248.6300000000001,23.9,78.3,28.766666666666666,1.0,0.0,0.0
2025-10-26 19:00:00,19,6,10,299,-0.9659258262890684,0.2588190451025203,-0.7818314824680299,0.6234898018587334,-0.8660254037844386,0.5000000000000001,1,0,3886.72,3801.07,3587.49,4053.94,4245.45,4009.4,3351.8508333333334,455.1659997705873,3477.9236309523812,85.64999999999964,27.2,77.8,28.849999999999998,0.0,0.0,1.0
2025-11-20 15:00:00,15,3,11,324,-0.7071067811865471,-0.7071067811865479,0.43388373911755823,-0.900968867902419,-0.5000000000000004,0.8660254037844384,0,0,3621.91,3668.06,3966.61,3625.93,3602.46,3512.41,3270.7883333333334,733.5995875826987,3185.0889880952377,-46.15000000000009,30.1,48.9,25.40833333333333,0.0,0.0,0.0
2025-07-20 02:00:00,2,6,7,201,0.49999999999999994,0.8660254037844387,-0.7818314824680299,0.6234898018587334,-0.4999999999999997,-0.8660254037844388,1,0,5676.27,6059.97,5852.68,5001.49,4993.43,5091.37,5294.833333333333,579.3267217597946,5382.831666666667,-383.6999999999998,26.8,75.0,28.704166666666666,0.0,0.0,0.0
2025-07-18 15:00:00,15,4,7,199,-0.7071067811865471,-0.7071067811865479,-0.433883739117558,-0.9009688679024191,-0.4999999999999997,-0.8660254037844388,0,0,6160.68,6013.6,5950.48,6291.16,6356.41,6183.05,5505.970833333334,627.0383847547258,5414.743988095238,147.07999999999993,34.8,69.4,28.241666666666664,0.0,0.0,0.0
2025-12-28 22:00:00,22,6,12,362,-0.5000000000000004,0.8660254037844384,-0.7818314824680299,0.6234898018587334,-2.4492935982947064e-16,1.0,1,0,3451.19,3647.24,3810.67,3255.2,3278.54,3264.29,3406.7449999999994,939.0106550259273,3590.9819047619044,-196.04999999999973,21.0,45.6,21.59583333333333,0.0,0.0,0.0
2025-12-06 11:00:00,11,5,12,340,0.258819045102521,-0.9659258262890682,-0.9749279121818236,-0.2225209339563146,-2.4492935982947064e-16,1.0,1,0,4331.82,4297.27,3962.23,4476.92,4339.0,4113.91,3405.775416666667,885.5670556791385,3294.707142857143,34.54999999999927,27.7,52.5,21.99166666666667,1.0,0.0,0.0
2025-08-09 07:00:00,7,5,8,221,0.9659258262890683,-0.25881904510252063,-0.9749279121818236,-0.2225209339563146,-0.8660254037844384,-0.5000000000000004,1,1,4769.54,4930.72,5082.44,4873.03,4718.66,4456.45,6016.620833333333,720.7716467781489,5706.614226190477,-161.1800000000003,28.7,77.2,28.637500000000003,1.0,0.0,0.0
2025-07-25 06:00:00,6,4,7,206,1.0,6.123233995736766e-17,-0.433883739117558,-0.9009688679024191,-0.4999999999999997,-0.8660254037844388,0,0,5098.56,5274.63,5515.75,4508.5,4603.54,4461.37,6058.95,791.3000172913077,5536.182261904762,-176.0699999999997,24.8,95.3,28.60833333333333,0.0,1.0,0.0
2025-10-11 23:00:00,23,5,10,284,-0.25881904510252157,0.9659258262890681,-0.9749279121818236,-0.2225209339563146,-0.8660254037844386,0.5000000000000001,1,0,3535.3,3712.65,4028.63,3375.44,3414.83,5458.52,3627.1420833333336,543.7715674322227,4071.4654166666664,-177.3499999999999,27.3,56.8,30.179166666666664,0.0,0.0,0.0
2025-09-06 14:00:00,14,5,9,249,-0.4999999999999997,-0.8660254037844388,-0.9749279121818236,-0.2225209339563146,-1.0,-1.8369701987210297e-16,1,0,5354.31,5466.74,5362.92,5511.36,5676.22,5990.95,4911.5704166666665,490.907926711857,4836.299464285714,-112.42999999999938,33.7,92.6,29.57916666666667,0.0,1.0,0.0
2025-10-16 21:00:00,21,3,10,289,-0.7071067811865477,0.7071067811865474,0.43388373911755823,-0.900968867902419,-0.8660254037844386,0.5000000000000001,0,0,4250.63,4586.6,4666.48,3852.99,3894.07,3733.21,3892.2204166666666,616.0911651306478,3775.227440476191,-335.97000000000025,24.2,72.0,29.28333333333333,0.0,1.0,0.0
2025-12-24 08:00:00,8,2,12,358,0.8660254037844387,-0.4999999999999998,0.9749279121818236,-0.22252093395631434,-2.4492935982947064e-16,1.0,0,0,4351.21,3586.17,2626.02,4636.64,4562.63,4394.86,3664.9770833333337,1005.3380161504151,3622.054107142857,765.04,24.0,38.4,21.84583333333333,0.0,0.0,0.0
2025-10-09 10:00:00,10,3,10,282,0.49999999999999994,-0.8660254037844387,0.43388373911755823,-0.900968867902419,-0.8660254037844386,0.5000000000000001,0,0,4120.39,3665.21,3547.93,4409.19,4659.83,4231.88,3789.0916666666667,633.3044272747871,4486.713571428571,455.1800000000003,34.0,45.7,29.5625,0.0,0.0,0.0
2025-07-27 02:00:00,2,6,7,208,0.49999999999999994,0.8660254037844387,-0.7818314824680299,0.6234898018587334,-0.4999999999999997,-0.8660254037844388,1,0,6620.85,7026.23,7229.54,5962.14,5847.85,5353.32,6165.194166666665,739.3032226355293,5785.523988095239,-405.3799999999992,19.5,98.0,27.904166666666665,0.0,0.0,1.0
2025-07-16 00:00:00,0,2,7,197,0.0,1.0,0.9749279121818236,-0.22252093395631434,-0.4999999999999997,-0.8660254037844388,0,0,6093.5,6058.59,5889.85,5407.63,5594.65,7034.68,5362.594166666667,681.9145840997917,5429.638511904762,34.909999999999854,23.9,74.3,28.76666666666667,0.0,0.0,0.0
2025-11-15 22:00:00,22,5,11,319,-0.5000000000000004,0.8660254037844384,-0.9749279121818236,-0.2225209339563146,-0.5000000000000004,0.8660254037844384,1,0,2946.13,3258.34,3502.8,2920.34,2893.3,2748.73,3103.78375,649.2584260377662,3155.8336309523806,-312.21000000000004,20.8,58.8,25.099999999999998,1.0,0.0,0.0
2025-07-16 07:00:00,7,2,7,197,0.9659258262890683,-0.25881904510252063,0.9749279121818236,-0.22252093395631434,-0.4999999999999997,-0.8660254037844388,0,0,4580.66,4456.49,4593.64,4338.96,4459.37,4912.25,5457.685833333333,604.7353155247117,5399.969047619048,124.17000000000007,24.5,92.0,28.40416666666667,0.0,1.0,0.0
2025-11-06 01:00:00,1,3,11,310,0.25881904510252074,0.9659258262890683,0.43388373911755823,-0.900968867902419,-0.5000000000000004,0.8660254037844384,0,0,2748.58,2982.72,3234.35,2710.0,2557.78,2687.37,3460.0916666666667,605.1358065661469,3493.839404761904,-234.13999999999987,20.2,45.3,26.104166666666668,0.0,0.0,0.0
2025-09-07 12:00:00,12,6,9,250,1.2246467991473532e-16,-1.0,-0.7818314824680299,0.6234898018587334,-1.0,-1.8369701987210297e-16,1,0,5179.21,4943.87,4559.98,5466.74,5490.48,5044.45,5007.885833333333,546.2066923787138,4796.372380952381,235.34000000000015,39.0,55.6,28.96666666666667,0.0,0.0,0.0
2025-07-06 17:00:00,17,6,7,187,-0.9659258262890683,-0.25881904510252063,-0.7818314824680299,0.6234898018587334,-0.4999999999999997,-0.8660254037844388,1,1,6090.99,6207.66,6229.93,6649.83,6723.14,5152.8,6084.962500000001,690.5074031416967,5954.55625,-116.67000000000007,30.6,83.2,28.575000000000003,1.0,0.0,0.0
2025-06-27 08:00:00,8,4,6,178,0.8660254037844387,-0.4999999999999998,-0.433883739117558,-0.9009688679024191,1.2246467991473532e-16,-1.0,0,0,5230.53,5228.77,5554.01,5180.69,5399.42,4980.95,6563.260833333334,745.6642356106661,6204.736607142857,1.7599999999993088,35.1,59.1,30.995833333333337,0.0,0.0,0.0
2025-07-28 22:00:00,22,0,7,209,-0.5000000000000004,0.8660254037844384,0.0,1.0,-0.4999999999999997,-0.8660254037844388,0,0,7137.98,6925.13,6716.52,7259.24,7205.32,5615.39,6482.563333333334,717.2667079822612,5977.245416666668,212.84999999999945,25.3,75.6,28.233333333333334,1.0,0.0,0.0
2025-08-08 22:00:00,22,4,8,220,-0.5000000000000004,0.8660254037844384,-0.433883739117558,-0.9009688679024191,-0.8660254037844384,-0.5000000000000004,0,0,6495.48,6257.94,6234.58,6975.79,6654.4,5925.06,6102.59375,723.3780562767479,5675.238452380952,237.53999999999996,22.9,94.6,27.737499999999997,0.0,1.0,0.0
2025-07-22 22:00:00,22,1,7,203,-0.5000000000000004,0.8660254037844384,0.7818314824680298,0.6234898018587336,-0.4999999999999997,-0.8660254037844388,0,0,5807.73,5731.79,5738.22,5615.39,6525.15,6058.59,5539.988333333334,330.46549508322136,5494.928392857143,75.9399999999996,23.2,93.5,27.5,0.0,1.0,0.0
2025-08-18 13:00:00,13,0,8,230,-0.2588190451025208,-0.9659258262890683,0.0,1.0,-0.8660254037844384,-0.5000000000000004,0,0,5901.6,5817.3,5635.53,5601.45,5367.82,5851.79,5226.34625,487.52614970058266,5275.613214285714,84.30000000000018,30.5,97.1,27.454166666666666,0.0,1.0,0.0
2025-08-06 10:00:00,10,2,8,218,0.49999999999999994,-0.8660254037844387,0.9749279121818236,-0.22252093395631434,-0.8660254037844384,-0.5000000000000004,0,0,5347.5,4726.0,4627.32,5697.89,5667.31,5880.66,5575.59625,602.8327368336796,5492.472321428571,621.5,28.5,88.6,28.241666666666664,0.0,0.0,1.0
2025-07-27 15:00:00,15,6,7,208,-0.7071067811865471,-0.7071067811865479,-0.7818314824680299,0.6234898018587334,-0.4999999999999997,-0.8660254037844388,1,0,6520.34,6281.14,5987.88,6777.55,7537.42,5779.95,6148.977916666667,713.7979616230452,5837.555476190476,239.19999999999982,33.5,76.3,28.283333333333335,1.0,0.0,0.0
2025-07-11 22:00:00,22,4,7,192,-0.5000000000000004,0.8660254037844384,-0.433883739117558,-0.9009688679024191,-0.4999999999999997,-0.8660254037844388,0,0,5933.44,5781.14,5785.8,5849.64,5582.65,7068.71,5484.807083333333,579.8023932002242,5890.744404761905,152.29999999999927,28.3,67.1,28.57083333333333,0.0,0.0,0.0
2025-10-19 13:00:00,13,6,10,292,-0.2588190451025208,-0.9659258262890683,-0.7818314824680299,0.6234898018587334,-0.8660254037844386,0.5000000000000001,1,0,4107.09,4103.25,3995.05,4358.97,4521.43,3836.32,3803.825833333334,519.3462401647255,3868.4763690476193,3.8400000000001455,34.3,48.9,29.799999999999997,0.0,0.0,0.0
2025-11-02 09:00:00,9,6,11,306,0.7071067811865476,-0.7071067811865475,-0.7818314824680299,0.6234898018587334,-0.5000000000000004,0.8660254037844384,1,0,3264.88,3151.13,2913.57,3880.32,4208.42,3516.61,3424.557916666667,598.9441768427067,3511.3639285714285,113.75,29.3,47.1,25.54583333333333,0.0,0.0,0.0
2025-11-24 07:00:00,7,0,11,328,0.9659258262890683,-0.25881904510252063,0.0,1.0,-0.5000000000000004,0.8660254037844384,0,0,3348.99,2541.76,1913.85,3196.53,3473.42,3602.56,3082.2720833333337,742.2289143547475,3215.9695833333335,807.2299999999996,28.2,43.0,25.133333333333336,0.0,0.0,0.0
2025-07-21 04:00:00,4,0,7,202,0.8660254037844386,0.5000000000000001,0.0,1.0,-0.4999999999999997,-0.8660254037844388,0,0,5212.6,5538.06,5879.99,4765.83,4497.04,4513.14,5439.5075,660.6861028951007,5435.752023809524,-325.46000000000004,25.4,75.6,28.070833333333336,1.0,0.0,0.0
2025-08-31 19:00:00,19,6,8,243,-0.9659258262890684,0.2588190451025203,-0.7818314824680299,0.6234898018587334,-0.8660254037844384,-0.5000000000000004,1,0,4985.38,4906.92,4994.52,5718.72,5734.63,5356.43,5070.68,519.8823458956181,5279.340833333334,78.46000000000004,25.0,93.3,27.904166666666665,0.0,1.0,0.0
2025-08-04 00:00:00,0,0,8,216,0.0,1.0,0.0,1.0,-0.8660254037844384,-0.5000000000000004,0,0,6494.52,6460.53,6232.29,5793.29,5701.93,7054.91,5274.747083333333,685.0250650728763,5658.847202380952,33.99000000000069,21.5,91.5,27.84166666666667,0.0,0.0,1.0
2025-12-11 17:00:00,17,3,12,345,-0.9659258262890683,-0.25881904510252063,0.43388373911755823,-0.900968867902419,-2.4492935982947064e-16,1.0,0,0,3536.68,3636.08,3728.88,4021.28,3888.65,4047.7,3419.74,713.2673622751895,3354.437321428571,-99.40000000000009,23.3,43.2,21.254166666666666,1.0,0.0,0.0
2025-12-19 16:00:00,16,4,12,353,-0.8660254037844384,-0.5000000000000004,-0.433883739117558,-0.9009688679024191,-2.4492935982947064e-16,1.0,0,0,4084.05,4191.99,4573.01,3794.75,3771.59,3699.74,3699.7795833333334,1079.769835085575,3447.302738095238,-107.9399999999996,26.0,39.6,21.591666666666665,0.0,0.0,0.0
2025-09-07 18:00:00,18,6,9,250,-1.0,-1.8369701987210297e-16,-0.7818314824680299,0.6234898018587334,-1.0,-1.8369701987210297e-16,1,0,4967.78,5017.48,5166.99,5439.0,5297.23,4985.38,4924.747916666666,485.8174975636107,4802.503273809524,-49.69999999999982,27.9,76.7,29.2,0.0,1.0,0.0
2025-08-13 22:00:00,22,2,8,225,-0.5000000000000004,0.8660254037844384,0.9749279121818236,-0.22252093395631434,-0.8660254037844384,-0.5000000000000004,0,0,6580.2,6278.89,6229.43,6296.76,6418.43,6654.4,5808.384999999999,669.8597083685963,5531.258035714285,301.3099999999995,27.1,70.4,28.570833333333336,0.0,0.0,0.0
2025-10-14 08:00:00,8,1,10,287,0.8660254037844387,-0.4999999999999998,0.7818314824680298,0.6234898018587336,-0.8660254037844386,0.5000000000000001,0,0,3668.12,3631.27,3122.35,3688.75,3243.12,3786.99,3886.9804166666668,596.1812064660741,3759.8725595238093,36.84999999999991,28.3,79.1,29.441666666666666,0.0,1.0,0.0
2025-12-08 15:00:00,15,0,12,342,-0.7071067811865471,-0.7071067811865479,0.0,1.0,-2.4492935982947064e-16,1.0,0,0,3623.92,3914.28,4046.16,3370.41,3162.78,3508.03,3204.16,856.7905866967911,3319.5452976190477,-290.3600000000001,27.0,41.5,21.8625,0.0,0.0,0.0
2025-08-26 05:00:00,5,1,8,238,0.9659258262890683,0.25881904510252074,0.7818314824680298,0.6234898018587336,-0.8660254037844384,-0.5000000000000004,0,0,4214.39,4424.6,4690.42,4337.58,4365.89,4682.29,5176.92375,489.0462308173442,5629.905654761904,-210.21000000000004,27.1,66.7,28.275000000000002,0.0,0.0,0.0
2025-11-13 09:00:00,9,3,11,317,0.7071067811865476,-0.7071067811865475,0.43388373911755823,-0.900968867902419,-0.5000000000000004,0.8660254037844384,0,0,3642.47,3559.14,3403.52,4023.07,3853.73,3797.77,3224.9558333333334,729.6647408700092,3163.9940476190477,83.32999999999993,30.2,43.5,25.179166666666664,0.0,0.0,0.0
2025-12-15 01:00:00,1,0,12,349,0.25881904510252074,0.9659258262890683,0.0,1.0,-2.4492935982947064e-16,1.0,0,0,2449.69,2644.02,3023.85,1954.87,2149.17,1878.49,3245.865416666667,843.0218409929715,3367.7054166666667,-194.32999999999993,17.2,50.4,21.924999999999997,0.0,0.0,0.0
2025-07-30 16:00:00,16,2,7,211,-0.8660254037844384,-0.5000000000000004,0.9749279121818236,-0.22252093395631434,-0.4999999999999997,-0.8660254037844388,0,0,6438.28,6394.98,6073.51,6075.67,7099.5,5877.71,5727.656666666667,576.1665037097443,6077.840476190477,43.30000000000018,30.1,90.5,28.233333333333334,0.0,1.0,0.0
2025-10-01 00:00:00,0,2,10,274,0.0,1.0,0.9749279121818236,-0.22252093395631434,-0.8660254037844386,0.5000000000000001,0,0,5297.16,5298.86,5200.4,6887.81,6697.47,6171.3,5654.48125,471.2338591060228,5832.196011904762,-1.699999999999818,22.1,91.1,28.891666666666666,0.0,1.0,0.0
2026-01-06 21:00:00,21,1,1,6,-0.7071067811865477,0.7071067811865474,0.7818314824680298,0.6234898018587336,0.49999999999999994,0.8660254037844387,0,1,4488.92,4693.94,4790.99,4068.88,3809.53,3764.26,4128.39375,1199.8754658344517,3880.779940476191,-205.01999999999953,18.1,47.4,21.516666666666666,0.0,0.0,0.0
2025-07-08 08:00:00,8,1,7,189,0.8660254037844387,-0.4999999999999998,0.7818314824680298,0.6234898018587336,-0.4999999999999997,-0.8660254037844388,0,0,4930.54,4908.46,4928.22,4603.91,4850.14,4626.43,5795.749583333333,592.5175794528872,6089.8533333333335,22.079999999999927,31.0,71.0,28.016666666666666,0.0,0.0,0.0
2026-01-10 03:00:00,3,5,1,10,0.7071067811865475,0.7071067811865476,-0.9749279121818236,-0.2225209339563146,0.49999999999999994,0.8660254037844387,1,0,2192.95,2455.93,2928.55,2047.46,2089.59,1946.48,4281.6866666666665,1253.6566232136938,3958.2604166666665,-262.98,14.9,51.4,20.462500000000002,1.0,0.0,0.0
2025-09-11 19:00:00,19,3,9,254,-0.9659258262890684,0.2588190451025203,0.43388373911755823,-0.900968867902419,-1.0,-1.8369701987210297e-16,0,0,5944.42,6129.31,6262.35,6007.62,6027.31,5366.44,5618.335416666668,639.8267430361022,5265.628988095237,-184.89000000000033,29.5,80.9,29.545833333333334,0.0,1.0,0.0
2025-09-12 22:00:00,22,4,9,255,-0.5000000000000004,0.8660254037844384,-0.433883739117558,-0.9009688679024191,-1.0,-1.8369701987210297e-16,0,0,6048.98,5875.63,5961.98,6215.76,6266.26,5125.84,5603.766250000001,637.6793090561974,5384.590773809524,173.34999999999945,24.0,89.5,29.9375,0.0,1.0,0.0
2025-07-02 22:00:00,22,2,7,183,-0.5000000000000004,0.8660254037844384,0.9749279121818236,-0.22252093395631434,-0.4999999999999997,-0.8660254037844388,0,0,6872.35,6427.14,6224.82,6491.03,5846.21,6978.13,6008.818333333333,756.9009625966412,5961.3721428571425,445.21000000000004,21.0,98.0,28.0,0.0,0.0,1.0
2025-08-24 22:00:00,22,6,8,236,-0.5000000000000004,0.8660254037844384,-0.7818314824680299,0.6234898018587334,-0.8660254037844384,-0.5000000000000004,1,0,5560.6,5423.77,5356.43,5588.51,6626.49,5731.64,5095.867916666667,464.73858470422226,5697.571666666667,136.82999999999993,22.2,94.0,28.28333333333333,0.0,0.0,1.0
2025-12-15 15:00:00,15,0,12,349,-0.7071067811865471,-0.7071067811865479,0.0,1.0,-2.4492935982947064e-16,1.0,0,0,3779.93,3955.11,4254.32,3567.87,3421.76,3670.78,3398.29125,843.3755028265793,3383.462857142857,-175.1800000000003,24.3,54.2,21.929166666666664,1.0,0.0,0.0
2025-08-05 09:00:00,9,1,8,217,0.7071067811865476,-0.7071067811865475,0.7818314824680298,0.6234898018587336,-0.8660254037844384,-0.5000000000000004,0,0,4840.04,4691.14,4650.63,5366.99,4610.69,5443.17,5638.222916666667,585.0034515281367,5509.017916666667,148.89999999999964,33.5,80.1,28.55,1.0,0.0,0.0
2025-11-18 08:00:00,8,1,11,322,0.8660254037844387,-0.4999999999999998,0.7818314824680298,0.6234898018587336,-0.5000000000000004,0.8660254037844384,0,0,3749.01,3499.91,2654.97,3742.27,3395.52,3637.33,3208.83625,720.5671261843394,3160.084285714286,249.10000000000036,30.0,46.4,26.0,0.0,0.0,0.0
2025-10-01 02:00:00,2,2,10,274,0.49999999999999994,0.8660254037844387,0.9749279121818236,-0.22252093395631434,-0.8660254037844386,0.5000000000000001,0,0,4920.52,5181.72,5297.16,6115.46,6010.36,5421.23,5517.940833333334,373.0393216471289,5821.141785714285,-261.1999999999998,22.5,75.1,28.649999999999995,0.0,1.0,0.0
2025-11-15 17:00:00,17,5,11,319,-0.9659258262890683,-0.25881904510252063,-0.9749279121818236,-0.2225209339563146,-0.5000000000000004,0.8660254037844384,1,0,3331.45,3370.13,3377.4,3790.39,3825.45,3629.26,3147.57875,675.7382149035502,3157.492678571428,-38.68000000000029,28.0,52.8,24.904166666666665,1.0,0.0,0.0
2025-12-25 10:00:00,10,3,12,359,0.49999999999999994,-0.8660254037844387,0.43388373911755823,-0.900968867902419,-2.4492935982947064e-16,1.0,0,1,4745.04,4219.42,3855.65,4993.13,5011.76,4804.29,3595.2629166666666,971.3273708267739,3633.8964880952385,525.6199999999999,23.9,53.1,21.604166666666668,0.0,0.0,0.0
2025-06-27 11:00:00,11,4,6,178,0.258819045102521,-0.9659258262890682,-0.433883739117558,-0.9009688679024191,1.2246467991473532e-16,-1.0,0,0,6502.71,6157.55,5450.56,6685.78,6527.02,6073.4,6587.434583333333,718.6180816223588,6213.7401190476185,345.15999999999985,34.2,79.3,30.9875,0.0,1.0,0.0
2025-10-01 20:00:00,20,2,10,274,-0.8660254037844386,0.5000000000000001,0.9749279121818236,-0.22252093395631434,-0.8660254037844386,0.5000000000000001,0,0,5743.37,5780.61,5806.69,5274.0,6422.41,5897.89,5179.18625,600.3987059034789,5782.3291071428575,-37.23999999999978,29.7,47.7,29.125,0.0,0.0,0.0
2025-10-29 03:00:00,3,2,10,302,0.7071067811865475,0.7071067811865476,0.9749279121818236,-0.22252093395631434,-0.8660254037844386,0.5000000000000001,0,0,2473.29,2576.81,2748.36,2487.42,2594.99,2817.31,3436.6233333333334,561.806307250748,3470.477142857143,-103.51999999999998,24.4,56.1,29.137500000000003,0.0,0.0,0.0
2025-11-18 13:00:00,13,1,11,322,-0.2588190451025208,-0.9659258262890683,0.7818314824680298,0.6234898018587336,-0.5000000000000004,0.8660254037844384,0,0,3942.38,4022.8,4075.24,3603.61,3599.39,3540.57,3220.513333333334,732.7108974490807,3164.619761904762,-80.42000000000007,32.4,40.6,26.208333333333332,0.0,0.0,0.0
2025-10-21 01:00:00,1,1,10,294,0.25881904510252074,0.9659258262890683,0.7818314824680298,0.6234898018587336,-0.8660254037844386,0.5000000000000001,0,0,3357.76,3513.77,3545.56,3144.41,3252.57,3109.67,3385.5329166666666,283.46931793920595,3804.589047619048,-156.00999999999976,24.1,58.7,30.037499999999998,0.0,0.0,0.0
2025-07-05 20:00:00,20,5,7,186,-0.8660254037844386,0.5000000000000001,-0.9749279121818236,-0.2225209339563146,-0.4999999999999997,-0.8660254037844388,1,0,6444.3,6384.58,6649.83,6494.88,6611.99,5978.31,6244.162916666667,686.8601662795455,5898.364523809524,59.720000000000255,30.0,69.9,28.212500000000002,0.0,0.0,0.0
2025-08-19 21:00:00,21,1,8,231,-0.7071067811865477,0.7071067811865474,0.7818314824680298,0.6234898018587336,-0.8660254037844384,-0.5000000000000004,0,0,5800.1,5816.62,5837.88,6197.72,5564.19,6109.83,5712.054583333334,560.228739720242,5295.074761904762,-16.519999999999527,27.2,74.9,28.229166666666668,0.0,0.0,0.0
2025-09-22 13:00:00,13,0,9,265,-0.2588190451025208,-0.9659258262890683,0.0,1.0,-1.0,-1.8369701987210297e-16,0,1,6147.76,5949.05,5807.19,5662.13,6150.63,6100.57,5656.465416666667,508.958011653147,5885.94130952381,198.71000000000004,34.2,87.2,28.837500000000002,0.0,1.0,0.0
2025-11-24 04:00:00,4,0,11,328,0.8660254037844386,0.5000000000000001,0.0,1.0,-0.5000000000000004,0.8660254037844384,0,0,1778.22,1845.38,1945.77,1888.99,2046.01,1933.56,3037.74875,760.3631460451305,3216.5233928571424,-67.16000000000008,21.9,48.9,24.979166666666668,0.0,0.0,0.0
2025-08-11 23:00:00,23,0,8,223,-0.25881904510252157,0.9659258262890681,0.0,1.0,-0.8660254037844384,-0.5000000000000004,0,0,6418.43,6210.28,5970.74,6075.86,4932.12,6291.81,5577.555,656.493027069837,5519.56244047619,208.15000000000055,22.9,90.6,28.162499999999998,0.0,1.0,0.0
2026-01-03 12:00:00,12,5,1,3,1.2246467991473532e-16,-1.0,-0.9749279121818236,-0.2225209339563146,0.49999999999999994,0.8660254037844387,1,0,5143.87,5151.57,5019.01,5381.37,5389.21,4397.76,3865.182083333333,1092.071157631356,3744.8713690476193,-7.699999999999818,26.9,51.9,21.458333333333332,1.0,0.0,0.0
2025-12-15 10:00:00,10,0,12,349,0.49999999999999994,-0.8660254037844387,0.0,1.0,-2.4492935982947064e-16,1.0,0,0,4565.62,4250.63,4048.92,4402.62,4303.52,4319.47,3384.8508333333334,824.2561008038522,3377.8815476190475,314.9899999999998,25.8,38.4,22.0625,0.0,0.0,0.0
2025-12-06 16:00:00,16,5,12,340,-0.8660254037844384,-0.5000000000000004,-0.9749279121818236,-0.2225209339563146,-2.4492935982947064e-16,1.0,1,0,3162.78,3381.38,3549.42,3731.92,3705.17,3350.62,3310.3899999999994,832.545614021323,3293.7414880952383,-218.5999999999999,28.0,39.1,21.74166666666667,0.0,0.0,0.0
2025-07-13 15:00:00,15,6,7,194,-0.7071067811865471,-0.7071067811865479,-0.7818314824680299,0.6234898018587334,-0.4999999999999997,-0.8660254037844388,1,0,5532.59,5385.31,5259.6,6257.86,6183.05,6207.66,5198.284166666667,561.1424639687011,5683.961309523809,147.27999999999975,32.3,80.5,28.537499999999998,1.0,0.0,0.0
2025-11-25 16:00:00,16,1,11,329,-0.8660254037844384,-0.5000000000000004,0.7818314824680298,0.6234898018587336,-0.5000000000000004,0.8660254037844384,0,0,3477.17,3660.6,3848.4,3463.73,3270.93,3574.3,3233.907916666667,820.4475499171739,3221.0088095238093,-183.42999999999984,29.4,35.2,25.183333333333334,0.0,0.0,0.0
2026-01-12 20:00:00,20,0,1,12,-0.8660254037844386,0.5000000000000001,0.0,1.0,0.49999999999999994,0.8660254037844387,0,0,4752.1,4832.27,4666.79,4324.15,4397.52,4338.1,4122.218333333333,1165.5999376199957,4048.4447619047623,-80.17000000000007,19.2,44.6,21.3875,0.0,0.0,0.0
2025-12-19 04:00:00,4,4,12,353,0.8660254037844386,0.5000000000000001,-0.433883739117558,-0.9009688679024191,-2.4492935982947064e-16,1.0,0,0,1869.54,1962.75,2103.48,2034.44,1997.22,2081.06,3570.787083333333,950.4540626389162,3422.7976785714286,-93.21000000000004,19.8,49.3,21.895833333333332,0.0,0.0,0.0
2025-12-08 03:00:00,3,0,12,342,0.7071067811865475,0.7071067811865476,0.0,1.0,-2.4492935982947064e-16,1.0,0,0,1739.04,1878.49,2178.26,1741.64,1812.87,1829.73,3156.243333333334,892.3633612159563,3314.9297023809527,-139.45000000000005,16.4,40.4,21.758333333333336,0.0,0.0,0.0
2025-11-09 11:00:00,11,6,11,313,0.258819045102521,-0.9659258262890682,-0.7818314824680299,0.6234898018587334,-0.5000000000000004,0.8660254037844384,1,0,3712.86,3584.5,3225.18,3786.88,3984.73,3804.26,3007.4487499999996,649.5481370676052,3313.9499404761905,128.36000000000013,31.4,31.6,24.904166666666665,0.0,0.0,0.0
2025-10-29 22:00:00,22,2,10,302,-0.5000000000000004,0.8660254037844384,0.9749279121818236,-0.22252093395631434,-0.8660254037844386,0.5000000000000001,0,0,3469.9,3849.97,4132.15,3191.35,3177.41,3495.96,3518.2425000000003,626.6972808736301,3491.5326785714287,-380.0699999999997,26.3,57.4,29.454166666666666,1.0,0.0,0.0
2025-08-30 16:00:00,16,5,8,242,-0.8660254037844384,-0.5000000000000004,-0.9749279121818236,-0.2225209339563146,-0.8660254037844384,-0.5000000000000004,1,0,6000.73,5990.95,5796.79,5966.28,6366.44,5975.06,5292.6641666666665,602.6648037271365,5282.168869047619,9.779999999999745,30.2,94.3,28.299999999999997,0.0,0.0,1.0
2025-08-09 01:00:00,1,5,8,221,0.25881904510252074,0.9659258262890683,-0.9749279121818236,-0.2225209339563146,-0.8660254037844384,-0.5000000000000004,1,1,6292.99,6718.06,6755.04,6272.08,5948.95,5313.69,6064.227083333334,688.9364480533378,5688.562738095237,-425.0700000000006,26.9,65.1,27.995833333333334,0.0,0.0,0.0
2025-10-16 17:00:00,17,3,10,289,-0.9659258262890683,-0.25881904510252063,0.43388373911755823,-0.900968867902419,-0.8660254037844386,0.5000000000000001,0,0,4484.82,4460.66,4404.29,4507.95,4546.11,4482.48,3886.390833333333,609.0065261727999,3772.7260714285712,24.159999999999854,30.9,80.8,29.275000000000002,0.0,0.0,1.0
2025-10-02 14:00:00,14,3,10,275,-0.4999999999999997,-0.8660254037844388,0.43388373911755823,-0.900968867902419,-0.8660254037844386,0.5000000000000001,0,1,4637.51,4539.32,4420.45,5865.44,5376.42,6315.29,5038.510833333334,670.1645366554461,5700.25869047619,98.19000000000051,30.0,49.6,30.166666666666668,1.0,0.0,0.0
2025-07-23 10:00:00,10,2,7,204,0.49999999999999994,-0.8660254037844387,0.9749279121818236,-0.22252093395631434,-0.4999999999999997,-0.8660254037844388,0,0,5170.67,4644.09,4628.34,5756.67,5891.67,5885.46,5416.416249999999,527.0719275460293,5486.719523809524,526.5799999999999,28.8,91.2,27.275000000000002,0.0,1.0,0.0
2025-09-04 17:00:00,17,3,9,247,-0.9659258262890683,-0.25881904510252063,0.43388373911755823,-0.900968867902419,-1.0,-1.8369701987210297e-16,0,0,5626.07,5653.35,5676.22,5051.66,5096.2,6133.89,4717.014166666667,700.5960099113049,4981.295654761904,-27.280000000000655,31.4,74.2,29.854166666666668,1.0,0.0,0.0
2025-09-19 09:00:00,9,4,9,262,0.7071067811865476,-0.7071067811865475,-0.433883739117558,-0.9009688679024191,-1.0,-1.8369701987210297e-16,0,0,5074.67,4927.59,4909.07,5615.83,5681.34,5256.1,5891.891250000001,582.6836037964075,5795.2888095238095,147.07999999999993,33.0,71.2,29.29583333333333,1.0,0.0,0.0
2025-08-22 18:00:00,18,4,8,234,-1.0,-1.8369701987210297e-16,-0.433883739117558,-0.9009688679024191,-0.8660254037844384,-0.5000000000000004,0,0,6390.62,6552.69,6670.85,6334.82,6227.62,4199.11,6072.759166666667,623.4747164073975,5550.117857142856,-162.0699999999997,29.4,68.8,27.791666666666668,0.0,0.0,0.0
2025-08-13 01:00:00,1,2,8,225,0.25881904510252074,0.9659258262890683,0.9749279121818236,-0.22252093395631434,-0.8660254037844384,-0.5000000000000004,0,0,6087.41,6320.41,6296.76,5677.08,5479.36,5446.74,5590.547083333334,637.3214643877901,5517.7266666666665,-233.0,21.8,98.0,28.254166666666666,0.0,1.0,0.0
2025-10-07 18:00:00,18,1,10,280,-1.0,-1.8369701987210297e-16,0.7818314824680298,0.6234898018587336,-0.8660254037844386,0.5000000000000001,0,0,4459.74,4699.19,4769.33,4749.29,5212.15,5597.27,4079.3566666666666,622.4720371136754,4818.035773809524,-239.44999999999982,32.5,49.9,29.71666666666667,0.0,0.0,0.0
2025-10-25 08:00:00,8,5,10,298,0.8660254037844387,-0.4999999999999998,-0.9749279121818236,-0.2225209339563146,-0.8660254037844386,0.5000000000000001,1,0,3312.48,3256.3,2917.29,3434.57,3430.4,3715.36,3636.9012499999994,563.2292095803521,3554.053630952381,56.179999999999836,30.4,51.1,28.791666666666668,0.0,0.0,0.0
2025-06-30 13:00:00,13,0,6,181,-0.2588190451025208,-0.9659258262890683,0.0,1.0,1.2246467991473532e-16,-1.0,0,0,5696.9,5586.5,5446.02,5517.74,6990.08,7033.06,5234.147083333333,451.41238594749075,6183.862797619048,110.39999999999964,34.7,65.7,30.712500000000002,1.0,0.0,0.0
2025-10-13 18:00:00,18,0,10,286,-1.0,-1.8369701987210297e-16,0.0,1.0,-0.8660254037844386,0.5000000000000001,0,0,4484.1,4425.21,4398.25,4119.54,4284.76,4749.29,3776.429583333333,606.4376175845347,3772.2843452380953,58.89000000000033,32.3,48.1,30.1875,0.0,0.0,0.0
2025-06-29 06:00:00,6,6,6,180,1.0,6.123233995736766e-17,-0.7818314824680299,0.6234898018587334,1.2246467991473532e-16,-1.0,1,0,5212.23,5262.25,5505.86,5411.89,5228.77,4950.49,6081.4591666666665,588.7008721562648,6311.762142857143,-50.02000000000044,30.3,69.9,31.887500000000003,1.0,0.0,0.0
2025-08-13 08:00:00,8,2,8,225,0.8660254037844387,-0.4999999999999998,0.9749279121818236,-0.22252093395631434,-0.8660254037844384,-0.5000000000000004,0,0,4749.01,4763.69,4703.49,4688.64,4664.12,4726.0,5627.78125,573.5405394891562,5524.588154761905,-14.679999999999382,30.1,67.6,28.599999999999998,0.0,0.0,0.0
2025-12-13 14:00:00,14,5,12,347,-0.4999999999999997,-0.8660254037844388,-0.9749279121818236,-0.2225209339563146,-2.4492935982947064e-16,1.0,1,0,3768.98,4123.4,4278.89,3781.63,3728.88,3381.38,3325.501666666667,841.5147140653329,3357.802738095238,-354.4199999999996,25.9,57.2,21.74166666666667,1.0,0.0,0.0
2025-07-21 07:00:00,7,0,7,202,0.9659258262890683,-0.25881904510252063,0.0,1.0,-0.4999999999999997,-0.8660254037844388,0,0,4755.38,4808.8,4969.14,4348.75,4337.28,4459.37,5469.64125,623.8672550506845,5443.34994047619,-53.42000000000007,26.8,98.0,27.7,0.0,1.0,0.0
2025-07-09 12:00:00,12,2,7,190,1.2246467991473532e-16,-1.0,0.9749279121818236,-0.22252093395631434,-0.4999999999999997,-0.8660254037844388,0,0,6139.98,5925.71,5619.28,6549.54,5823.63,6379.49,6339.437083333334,894.8294669813262,6189.308095238095,214.26999999999953,30.7,96.0,28.362499999999997,0.0,1.0,0.0
2025-09-01 09:00:00,9,0,9,244,0.7071067811865476,-0.7071067811865475,0.0,1.0,-1.0,-1.8369701987210297e-16,0,0,4467.58,4312.88,4294.77,4569.14,5054.14,5255.6,4817.6975,375.70182533322,5253.085595238095,154.69999999999982,29.3,89.8,28.483333333333334,0.0,1.0,0.0
2025-08-12 13:00:00,13,1,8,224,-0.2588190451025208,-0.9659258262890683,0.7818314824680298,0.6234898018587336,-0.8660254037844384,-0.5000000000000004,0,0,5804.7,5714.44,5534.12,5851.79,5177.72,5961.82,5610.97,655.5768924025517,5513.946785714285,90.26000000000022,35.0,66.4,28.150000000000002,0.0,0.0,0.0
2025-10-07 00:00:00,0,1,10,280,0.0,1.0,0.7818314824680298,0.6234898018587336,-0.8660254037844386,0.5000000000000001,0,0,3831.47,3931.67,3998.12,5302.74,5326.58,6887.81,4536.219166666667,383.36555127405234,5003.132083333333,-100.20000000000027,20.9,74.9,29.733333333333334,0.0,0.0,1.0
2025-09-02 16:00:00,16,1,9,245,-0.8660254037844384,-0.5000000000000004,0.7818314824680298,0.6234898018587336,-1.0,-1.8369701987210297e-16,0,0,5287.86,5266.75,5179.89,4889.64,4994.52,5664.95,4555.634166666667,574.7890492808692,5151.992738095239,21.109999999999673,35.0,75.3,28.900000000000002,1.0,0.0,0.0
2025-11-27 07:00:00,7,3,11,331,0.9659258262890683,-0.25881904510252063,0.43388373911755823,-0.900968867902419,-0.5000000000000004,0.8660254037844384,0,0,3513.46,2621.63,1958.09,3804.97,3655.5,3709.19,3276.775416666666,806.2717483200101,3215.664047619048,891.8299999999999,28.5,42.0,25.487499999999997,0.0,0.0,0.0
2025-12-11 03:00:00,3,3,12,345,0.7071067811865475,0.7071067811865476,0.43388373911755823,-0.900968867902419,-2.4492935982947064e-16,1.0,0,0,2185.9,2283.15,2531.03,2046.84,1801.81,2070.21,3493.58625,794.1568400720349,3358.048392857143,-97.25,18.8,54.7,21.645833333333332,0.0,0.0,0.0
2025-09-19 21:00:00,21,4,9,262,-0.7071067811865477,0.7071067811865474,-0.433883739117558,-0.9009688679024191,-1.0,-1.8369701987210297e-16,0,0,6274.09,6358.91,6347.6,6383.14,6401.23,6048.98,6005.297500000001,673.5495345991351,5827.57,-84.81999999999971,27.9,66.1,29.891666666666666,0.0,0.0,0.0
2025-12-11 20:00:00,20,3,12,345,-0.8660254037844386,0.5000000000000001,0.43388373911755823,-0.900968867902419,-2.4492935982947064e-16,1.0,0,0,3917.38,3670.83,3620.92,3754.31,3647.8,3646.0,3388.74625,693.6350120157379,3349.871964285714,246.55000000000018,22.3,41.2,21.258333333333336,0.0,0.0,0.0
2025-10-06 18:00:00,18,0,10,279,-1.0,-1.8369701987210297e-16,0.0,1.0,-0.8660254037844386,0.5000000000000001,0,0,4729.65,4662.1,4730.33,5212.15,5527.47,6481.72,4830.631666666667,464.09940399491506,5090.590476190476,67.54999999999927,31.4,48.1,29.92916666666667,0.0,0.0,0.0
2025-08-15 21:00:00,21,4,8,227,-0.7071067811865477,0.7071067811865474,-0.433883739117558,-0.9009688679024191,-0.8660254037844384,-0.5000000000000004,0,0,4746.27,4524.33,4199.11,5356.32,6580.2,6495.48,4518.368333333334,478.34659712362566,5245.661428571429,221.9400000000005,26.9,67.4,28.416666666666668,0.0,0.0,0.0
2025-07-08 18:00:00,18,1,7,189,-1.0,-1.8369701987210297e-16,0.7818314824680298,0.6234898018587336,-0.4999999999999997,-0.8660254037844388,0,0,7060.23,7272.44,7384.83,6004.11,5827.61,5875.01,6090.6154166666665,773.0366725255636,6139.403571428572,-212.21000000000004,31.0,75.1,27.962500000000002,1.0,0.0,0.0
2026-01-06 04:00:00,4,1,1,6,0.8660254037844386,0.5000000000000001,0.7818314824680298,0.6234898018587336,0.49999999999999994,0.8660254037844387,0,1,1912.82,2333.94,2502.43,2004.87,1939.91,2078.57,3971.8933333333334,1097.9236601309744,3841.4055357142856,-421.1200000000001,19.8,49.1,21.662499999999998,0.0,0.0,0.0
2025-08-11 05:00:00,5,0,8,223,0.9659258262890683,0.25881904510252074,0.0,1.0,-0.8660254037844384,-0.5000000000000004,0,0,4590.89,4817.86,5123.1,3920.63,4930.72,4737.57,5042.138333333333,670.576809397307,5523.379821428571,-226.96999999999935,23.4,98.0,27.991666666666664,0.0,0.0,1.0
2025-12-27 21:00:00,21,5,12,361,-0.7071067811865477,0.7071067811865474,-0.9749279121818236,-0.2225209339563146,-2.4492935982947064e-16,1.0,1,0,3740.57,3904.96,4012.99,3589.85,3504.52,3580.96,3473.4075,847.2866740738278,3605.886130952381,-164.38999999999987,22.0,38.0,21.900000000000002,0.0,0.0,0.0
2025-08-28 02:00:00,2,3,8,240,0.49999999999999994,0.8660254037844387,0.43388373911755823,-0.900968867902419,-0.8660254037844384,-0.5000000000000004,0,0,5025.1,5409.32,5587.64,4607.69,4690.42,5637.78,5200.995,532.5988504698068,5467.502916666666,-384.21999999999935,22.8,92.4,28.07083333333333,0.0,1.0,0.0
2025-09-24 18:00:00,18,2,9,267,-1.0,-1.8369701987210297e-16,0.9749279121818236,-0.22252093395631434,-1.0,-1.8369701987210297e-16,0,0,6149.95,6341.66,6377.85,5952.45,6057.49,6190.57,5661.88375,598.1751970263549,5798.86244047619,-191.71000000000004,28.4,71.0,28.945833333333336,1.0,0.0,0.0
2025-08-22 08:00:00,8,4,8,234,0.8660254037844387,-0.4999999999999998,-0.433883739117558,-0.9009688679024191,-0.8660254037844384,-0.5000000000000004,0,0,4995.69,4992.47,4967.15,5033.83,4953.08,4060.32,6076.73125,666.115502344448,5426.291488095238,3.219999999999345,32.6,64.4,27.933333333333334,0.0,0.0,0.0
2025-07-23 19:00:00,19,2,7,204,-0.9659258262890684,0.2588190451025203,0.9749279121818236,-0.22252093395631434,-0.4999999999999997,-0.8660254037844388,0,0,5684.53,5793.67,5877.71,5738.22,5314.6,5814.21,5401.613333333334,520.6676399182043,5465.941488095238,-109.14000000000033,27.0,97.4,27.34583333333333,0.0,1.0,0.0
2026-01-06 22:00:00,22,1,1,6,-0.5000000000000004,0.8660254037844384,0.7818314824680298,0.6234898018587336,0.49999999999999994,0.8660254037844387,0,1,4227.18,4488.92,4693.94,3880.53,3586.63,3612.35,4134.989583333333,1199.9691805298946,3883.5354166666666,-261.7399999999998,15.9,57.3,21.458333333333332,1.0,0.0,0.0
2025-07-25 22:00:00,22,4,7,206,-0.5000000000000004,0.8660254037844384,-0.433883739117558,-0.9009688679024191,-0.4999999999999997,-0.8660254037844388,0,0,7024.73,6555.59,6529.82,6997.19,6013.66,5587.76,6381.627083333334,799.5555992766235,5625.933690476191,469.1399999999994,27.7,68.5,28.525000000000002,0.0,0.0,0.0
2025-09-26 01:00:00,1,4,9,269,0.25881904510252074,0.9659258262890683,-0.433883739117558,-0.9009688679024191,-1.0,-1.8369701987210297e-16,0,0,6237.42,6407.49,6375.25,5825.99,5788.05,5904.92,5719.3325,616.2217521826551,5765.822321428572,-170.0699999999997,21.6,93.0,29.183333333333334,0.0,1.0,0.0
2025-08-16 05:00:00,5,5,8,228,0.9659258262890683,0.25881904510252074,-0.9749279121818236,-0.2225209339563146,-0.8660254037844384,-0.5000000000000004,1,1,4123.54,4292.99,4505.59,4282.73,4826.97,4930.72,4416.189583333333,361.76857007093327,5185.852797619047,-169.44999999999982,26.5,89.1,28.308333333333337,1.0,0.0,0.0
2025-08-09 13:00:00,13,5,8,221,-0.2588190451025208,-0.9659258262890683,-0.9749279121818236,-0.2225209339563146,-0.8660254037844384,-0.5000000000000004,1,1,4462.49,4345.57,4300.25,6443.5,6384.83,5696.96,5696.231666666667,1009.2763474958215,5678.944523809524,116.92000000000007,35.9,62.4,29.02916666666667,0.0,0.0,0.0
2025-10-29 11:00:00,11,2,10,302,0.258819045102521,-0.9659258262890682,0.9749279121818236,-0.22252093395631434,-0.8660254037844386,0.5000000000000001,0,0,4074.99,3897.78,3552.73,4038.92,4209.2,3820.23,3454.8283333333334,577.2914180646283,3474.9009523809523,177.20999999999958,33.6,56.4,29.112499999999997,1.0,0.0,0.0
2025-07-12 18:00:00,18,5,7,193,-1.0,-1.8369701987210297e-16,-0.9749279121818236,-0.2225209339563146,-0.4999999999999997,-0.8660254037844388,1,0,5552.39,5836.18,6257.86,5828.44,5611.72,6384.58,5511.082083333334,608.5213802466011,5802.879345238095,-283.78999999999996,25.6,98.0,29.0,0.0,0.0,1.0
2025-07-15 21:00:00,21,1,7,196,-0.7071067811865477,0.7071067811865474,0.7818314824680298,0.6234898018587336,-0.4999999999999997,-0.8660254037844388,0,0,5631.94,5602.05,5691.97,5414.4,5351.32,7254.71,5304.95875,641.2055369333951,5454.730595238095,29.889999999999418,27.3,78.9,28.608333333333334,1.0,0.0,0.0
2025-07-03 18:00:00,18,3,7,184,-1.0,-1.8369701987210297e-16,0.43388373911755823,-0.900968867902419,-0.4999999999999997,-0.8660254037844388,0,0,6952.53,7238.27,7391.31,6354.17,5875.01,6709.62,6322.494999999999,766.0895216958511,5952.658869047619,-285.7400000000007,31.6,71.0,27.608333333333334,0.0,0.0,0.0
2025-10-16 02:00:00,2,3,10,289,0.49999999999999994,0.8660254037844387,0.43388373911755823,-0.900968867902419,-0.8660254037844386,0.5000000000000001,0,0,3103.88,3308.35,3524.06,2951.82,2943.79,2828.8,3915.441666666666,623.8298563723089,3765.8275595238097,-204.4699999999998,23.0,68.3,28.704166666666666,1.0,0.0,0.0
2025-12-10 09:00:00,9,2,12,344,0.7071067811865476,-0.7071067811865475,0.9749279121818236,-0.22252093395631434,-2.4492935982947064e-16,1.0,0,0,4285.33,4052.74,3769.92,4351.9,4273.23,4192.72,3443.4170833333333,773.1974579654383,3346.3704166666666,232.59000000000015,24.7,43.6,22.120833333333334,0.0,0.0,0.0
2025-09-20 06:00:00,6,5,9,263,1.0,6.123233995736766e-17,-0.9749279121818236,-0.2225209339563146,-1.0,-1.8369701987210297e-16,1,0,5003.79,5178.07,5421.84,4909.07,4808.67,4575.3,6066.501666666667,653.7713091492179,5849.6497023809525,-174.27999999999975,28.4,75.8,29.712499999999995,1.0,0.0,0.0
2025-06-29 16:00:00,16,6,6,180,-0.8660254037844384,-0.5000000000000004,-0.7818314824680299,0.6234898018587334,1.2246467991473532e-16,-1.0,1,0,5605.33,5604.24,5517.74,6243.12,7540.02,6357.41,5644.068749999999,554.5510432641419,6289.999523809524,1.0900000000001455,36.8,46.9,32.041666666666664,0.0,0.0,0.0
2025-11-26 12:00:00,12,2,11,330,1.2246467991473532e-16,-1.0,0.9749279121818236,-0.22252093395631434,-0.5000000000000004,0.8660254037844384,0,0,4186.54,4209.37,4192.98,4162.95,3982.85,4055.28,3273.445416666667,820.4258587385162,3220.2325000000005,-22.829999999999927,29.9,55.4,25.370833333333334,1.0,0.0,0.0
2025-08-31 05:00:00,5,6,8,243,0.9659258262890683,0.25881904510252074,-0.7818314824680299,0.6234898018587334,-0.8660254037844384,-0.5000000000000004,1,0,4628.71,4800.43,5101.17,4270.73,4581.7,4365.89,5403.173333333333,594.3742751811525,5298.3925,-171.72000000000025,25.5,82.3,28.275000000000002,1.0,0.0,0.0
2025-11-09 00:00:00,0,6,11,313,0.0,1.0,-0.7818314824680299,0.6234898018587334,-0.5000000000000004,0.8660254037844384,1,0,2517.04,2748.73,2975.51,2439.25,2515.12,2847.1,3084.008333333333,593.2196307598907,3335.786547619047,-231.69000000000005,22.3,55.6,25.125,0.0,0.0,0.0
2025-08-24 00:00:00,0,6,8,236,0.0,1.0,-0.7818314824680299,0.6234898018587334,-0.8660254037844384,-0.5000000000000004,1,0,5597.28,5588.51,5468.83,6423.44,6518.93,5508.86,5594.59125,493.820081910796,5700.6621428571425,8.769999999999527,22.0,86.8,28.5125,0.0,1.0,0.0
2025-10-21 18:00:00,18,1,10,294,-1.0,-1.8369701987210297e-16,0.7818314824680298,0.6234898018587336,-0.8660254037844386,0.5000000000000001,0,0,3707.4,3521.99,3586.13,3891.01,4080.19,4631.57,3442.0404166666667,290.6197859221554,3755.3014285714285,185.4100000000003,34.4,49.6,29.912499999999998,0.0,0.0,0.0
2025-10-29 13:00:00,13,2,10,302,-0.2588190451025208,-0.9659258262890683,0.9749279121818236,-0.22252093395631434,-0.8660254037844386,0.5000000000000001,0,0,4089.5,4108.65,4074.99,3829.56,4045.42,3758.3,3459.805,582.776600803029,3478.195892857143,-19.149999999999636,35.0,50.1,28.845833333333335,0.0,0.0,0.0
2025-08-17 19:00:00,19,6,8,229,-0.9659258262890684,0.2588190451025203,-0.7818314824680299,0.6234898018587334,-0.8660254037844384,-0.5000000000000004,1,0,5043.5,5104.62,5222.57,5301.77,4524.33,5379.76,5104.079583333333,479.0713070231735,5290.953392857143,-61.11999999999989,24.3,98.0,28.229166666666668,0.0,0.0,1.0
2025-12-29 07:00:00,7,0,12,363,0.9659258262890683,-0.25881904510252063,0.0,1.0,-2.4492935982947064e-16,1.0,0,0,3668.79,2667.56,1970.45,3635.47,3796.51,3978.51,3449.06,922.1359834880778,3582.6737500000004,1001.23,24.0,45.9,20.974999999999998,0.0,0.0,0.0
2025-08-15 22:00:00,22,4,8,227,-0.5000000000000004,0.8660254037844384,-0.433883739117558,-0.9009688679024191,-0.8660254037844384,-0.5000000000000004,0,0,4988.32,4746.27,4524.33,5471.5,6778.53,6755.04,4503.035,455.67936129814564,5236.690238095238,242.04999999999927,24.9,64.2,28.325,0.0,0.0,0.0
2025-08-12 14:00:00,14,1,8,224,-0.4999999999999997,-0.8660254037844388,0.7818314824680298,0.6234898018587336,-0.8660254037844384,-0.5000000000000004,0,0,5810.99,5804.7,5714.44,6229.89,5328.34,6298.67,5609.27,654.9778884618365,5513.048988095238,6.289999999999964,35.4,69.8,28.112499999999997,0.0,0.0,0.0
2025-10-13 01:00:00,1,0,10,286,0.25881904510252074,0.9659258262890683,0.0,1.0,-0.8660254037844386,0.5000000000000001,0,0,3189.37,3423.53,3627.43,2961.83,2951.87,4537.95,3503.523333333333,487.72764731320785,3852.4325000000003,-234.1600000000003,26.7,52.2,29.52916666666667,0.0,0.0,0.0
2025-11-22 00:00:00,0,5,11,326,0.0,1.0,-0.9749279121818236,-0.2225209339563146,-0.5000000000000004,0.8660254037844384,1,0,2625.36,2967.82,3181.74,2304.61,2294.29,2325.52,3339.967083333333,799.1890918353237,3196.634285714286,-342.46000000000004,21.2,55.4,25.358333333333334,1.0,0.0,0.0
2025-12-05 19:00:00,19,4,12,339,-0.9659258262890684,0.2588190451025203,-0.433883739117558,-0.9009688679024191,-2.4492935982947064e-16,1.0,0,0,4087.97,4070.83,3731.92,3877.99,3850.43,3853.63,3417.8424999999993,913.3066281387786,3294.914702380953,17.139999999999873,19.5,56.2,21.5625,1.0,0.0,0.0
2025-08-23 07:00:00,7,5,8,235,0.9659258262890683,-0.25881904510252063,-0.9749279121818236,-0.2225209339563146,-0.8660254037844384,-0.5000000000000004,1,0,4770.4,4890.98,5080.35,4995.69,4887.15,4054.63,6006.087083333333,618.2749191903462,5650.590833333334,-120.57999999999993,29.3,68.5,28.512500000000003,0.0,0.0,0.0
2025-08-08 17:00:00,17,4,8,220,-0.9659258262890683,-0.25881904510252063,-0.433883739117558,-0.9009688679024191,-0.8660254037844384,-0.5000000000000004,0,0,6907.31,7048.66,6938.92,6671.22,6336.27,5970.4,6114.665833333333,730.0436681275969,5657.345297619047,-141.34999999999945,28.8,90.2,27.325,0.0,1.0,0.0
2025-11-14 11:00:00,11,4,11,318,0.258819045102521,-0.9659258262890682,-0.433883739117558,-0.9009688679024191,-0.5000000000000004,0.8660254037844384,0,0,4172.8,4109.48,3829.6,3892.6,3910.13,3984.73,3244.1758333333332,722.2726467737739,3155.859940476191,63.32000000000062,31.5,39.5,25.441666666666666,0.0,0.0,0.0
2025-11-07 06:00:00,6,4,11,311,1.0,6.123233995736766e-17,-0.433883739117558,-0.9009688679024191,-0.5000000000000004,0.8660254037844384,0,0,2746.51,2225.34,2150.33,3466.32,3064.11,3561.95,3297.6729166666664,633.9534371084486,3445.9184523809517,521.1700000000001,22.7,55.9,25.183333333333337,1.0,0.0,0.0
2025-11-06 12:00:00,12,3,11,310,1.2246467991473532e-16,-1.0,0.43388373911755823,-0.900968867902419,-0.5000000000000004,0.8660254037844384,0,0,3894.08,3922.55,3797.77,4110.86,3981.17,4134.89,3440.0679166666664,605.7891211289085,3481.4480357142857,-28.470000000000255,28.8,47.6,25.991666666666664,0.0,0.0,0.0
2025-06-26 21:00:00,21,3,6,177,-0.7071067811865477,0.7071067811865474,0.43388373911755823,-0.900968867902419,1.2246467991473532e-16,-1.0,0,0,6626.06,6486.38,6709.62,6702.47,6776.31,6521.65,6410.406666666667,763.3295221859175,6169.200892857143,139.6800000000003,31.8,63.2,30.958333333333332,0.0,0.0,0.0
2025-08-17 12:00:00,12,6,8,229,1.2246467991473532e-16,-1.0,-0.7818314824680299,0.6234898018587334,-0.8660254037844384,-0.5000000000000004,1,0,5356.95,5062.99,4689.92,5350.13,4309.29,5100.54,5089.400833333333,453.80433604880466,5283.172083333334,293.96000000000004,34.9,77.8,27.86666666666667,1.0,0.0,0.0
2025-10-10 11:00:00,11,4,10,283,0.258819045102521,-0.9659258262890682,-0.433883739117558,-0.9009688679024191,-0.8660254037844386,0.5000000000000001,0,0,4403.27,4154.06,3604.59,4389.1,4396.62,5584.54,3781.6758333333332,657.162224759989,4386.9182142857135,249.21000000000004,33.8,44.8,28.733333333333334,0.0,0.0,0.0
2026-01-06 15:00:00,15,1,1,6,-0.7071067811865471,-0.7071067811865479,0.7818314824680298,0.6234898018587336,0.49999999999999994,0.8660254037844387,0,1,4840.46,5145.76,5498.43,4269.43,4013.31,4017.97,4080.30875,1182.7861062700038,3863.763988095238,-305.3000000000002,26.1,39.3,21.84166666666667,0.0,0.0,0.0
2025-10-14 04:00:00,4,1,10,287,0.8660254037844386,0.5000000000000001,0.7818314824680298,0.6234898018587336,-0.8660254037844386,0.5000000000000001,0,0,2845.44,2943.79,3109.67,2739.26,2675.59,3033.36,3871.6949999999997,613.7613152486061,3759.6190476190477,-98.34999999999991,26.2,48.3,29.654166666666665,0.0,0.0,0.0
2026-01-04 18:00:00,18,6,1,4,-1.0,-1.8369701987210297e-16,-0.7818314824680299,0.6234898018587334,0.49999999999999994,0.8660254037844387,1,0,4060.32,3772.15,4013.31,4304.75,4527.5,3838.79,3650.5604166666667,1046.3375533050425,3792.5257738095233,288.1700000000001,22.9,45.3,20.76666666666667,0.0,0.0,0.0
2025-08-18 23:00:00,23,0,8,230,-0.25881904510252157,0.9659258262890681,0.0,1.0,-0.8660254037844384,-0.5000000000000004,0,0,6371.69,6197.72,5964.96,5726.18,5460.03,6424.58,5538.98875,703.5662744488739,5279.432261904762,173.96999999999935,23.3,92.8,27.5625,0.0,1.0,0.0
2025-12-31 20:00:00,20,2,12,365,-0.8660254037844386,0.5000000000000001,0.9749279121818236,-0.22252093395631434,-2.4492935982947064e-16,1.0,0,0,4524.36,4567.0,4542.53,4066.72,4020.09,3881.81,3949.069166666666,1170.6304409643346,3640.7312500000007,-42.64000000000033,21.4,42.5,21.945833333333336,0.0,0.0,0.0
2025-08-24 06:00:00,6,6,8,236,1.0,6.123233995736766e-17,-0.7818314824680299,0.6234898018587334,-0.8660254037844384,-0.5000000000000004,1,0,4365.89,4475.91,4646.66,4770.4,4992.47,4280.43,5416.171666666666,569.3031049691842,5696.681785714286,-110.01999999999953,25.6,98.0,28.100000000000005,0.0,1.0,0.0
2025-09-26 18:00:00,18,4,9,269,-1.0,-1.8369701987210297e-16,-0.433883739117558,-0.9009688679024191,-1.0,-1.8369701987210297e-16,0,0,6341.6,6553.35,6575.81,6119.48,6030.96,6347.6,5791.81375,618.796750741972,5744.678392857143,-211.75,31.2,76.6,29.974999999999998,1.0,0.0,0.0
2025-08-28 10:00:00,10,3,8,240,0.49999999999999994,-0.8660254037844387,0.43388373911755823,-0.900968867902419,-0.8660254037844384,-0.5000000000000004,0,0,5410.98,4781.03,4529.21,5695.44,5464.03,6014.69,5233.290416666667,489.9272303505589,5442.005476190477,629.9499999999998,32.7,68.0,27.295833333333334,1.0,0.0,0.0
2025-10-25 14:00:00,14,5,10,298,-0.4999999999999997,-0.8660254037844388,-0.9749279121818236,-0.2225209339563146,-0.8660254037844386,0.5000000000000001,1,0,3864.85,4044.66,4007.33,4110.63,3820.2,4362.43,3597.555833333334,536.0536908777659,3538.985773809524,-179.80999999999995,35.2,45.9,28.78333333333333,0.0,0.0,0.0
2025-07-11 03:00:00,3,4,7,192,0.7071067811865475,0.7071067811865476,-0.433883739117558,-0.9009688679024191,-0.4999999999999997,-0.8660254037844388,0,0,5013.48,5309.1,5673.18,4890.22,5516.56,5939.83,5349.080000000001,466.7090573924999,5985.221666666666,-295.6200000000008,19.2,95.6,28.995833333333334,0.0,0.0,1.0
2025-10-10 12:00:00,12,4,10,283,1.2246467991473532e-16,-1.0,-0.433883739117558,-0.9009688679024191,-0.8660254037844386,0.5000000000000001,0,0,4497.45,4403.27,4154.06,4439.84,4388.26,5663.09,3786.1904166666664,661.8718431807778,4380.44744047619,94.17999999999938,31.4,60.6,28.625,0.0,1.0,0.0
2025-10-15 11:00:00,11,2,10,288,0.258819045102521,-0.9659258262890682,0.9749279121818236,-0.22252093395631434,-0.8660254037844386,0.5000000000000001,0,0,4482.13,4280.12,3743.31,4459.69,4493.19,4396.62,3910.182083333333,608.5268274103663,3754.7271428571426,202.01000000000022,32.2,59.2,29.09166666666667,1.0,0.0,0.0
2026-01-02 14:00:00,14,4,1,2,-0.4999999999999997,-0.8660254037844388,-0.433883739117558,-0.9009688679024191,0.49999999999999994,0.8660254037844387,0,0,4979.8,5381.37,5545.99,4536.61,4734.83,4051.42,3806.4833333333336,1174.3903878244791,3709.7192261904765,-401.5699999999997,26.3,44.8,20.391666666666666,0.0,0.0,0.0
2025-07-28 03:00:00,3,0,7,209,0.7071067811865475,0.7071067811865476,0.0,1.0,-0.4999999999999997,-0.8660254037844388,0,0,6190.36,6599.33,7054.91,5864.55,5653.71,5212.6,6097.649583333333,703.648787081093,5885.7555357142855,-408.97000000000025,22.6,94.7,28.520833333333332,0.0,1.0,0.0
2025-12-17 17:00:00,17,2,12,351,-0.9659258262890683,-0.25881904510252063,0.9749279121818236,-0.22252093395631434,-2.4492935982947064e-16,1.0,0,0,3771.59,3847.47,3921.07,3993.46,3928.51,4021.28,3505.1183333333333,956.3017934443997,3396.1769047619046,-75.87999999999965,24.0,37.4,21.354166666666668,0.0,0.0,0.0
2025-09-13 05:00:00,5,5,9,256,0.9659258262890683,0.25881904510252074,-0.9749279121818236,-0.2225209339563146,-1.0,-1.8369701987210297e-16,1,0,4820.64,5062.11,5345.69,4496.86,4517.79,4069.12,5638.497916666666,612.5586152111514,5425.369166666666,-241.46999999999935,23.9,84.5,29.679166666666664,0.0,1.0,0.0
2025-11-16 05:00:00,5,6,11,320,0.9659258262890683,0.25881904510252074,-0.7818314824680299,0.6234898018587334,-0.5000000000000004,0.8660254037844384,1,0,1859.28,1795.83,1867.9,2515.76,2679.94,2217.21,3061.4875000000006,704.1675119523695,3152.1469642857146,63.450000000000045,24.2,38.7,25.533333333333335,0.0,0.0,0.0
2025-10-30 12:00:00,12,3,10,303,1.2246467991473532e-16,-1.0,0.43388373911755823,-0.900968867902419,-0.8660254037844386,0.5000000000000001,0,0,4205.88,4242.77,4063.5,4089.5,4039.79,3987.89,3582.29625,601.0495908558526,3494.3344047619053,-36.89000000000033,35.3,46.5,30.029166666666665,0.0,0.0,0.0
2025-07-28 13:00:00,13,0,7,209,-0.2588190451025208,-0.9659258262890683,0.0,1.0,-0.4999999999999997,-0.8660254037844388,0,0,6717.62,6552.8,6363.22,6281.14,6430.47,6103.13,6264.188333333334,606.1878016980704,5916.969464285714,164.8199999999997,31.2,95.4,28.441666666666666,0.0,0.0,1.0
2025-12-07 22:00:00,22,6,12,341,-0.5000000000000004,0.8660254037844384,-0.7818314824680299,0.6234898018587334,-2.4492935982947064e-16,1.0,1,0,3059.73,3284.42,3507.97,3011.53,3084.81,2761.34,3182.762083333333,866.1244089470003,3316.006607142857,-224.69000000000005,17.3,53.9,22.120833333333334,1.0,0.0,0.0
2025-09-21 20:00:00,20,6,9,264,-0.8660254037844386,0.5000000000000001,-0.7818314824680299,0.6234898018587334,-1.0,-1.8369701987210297e-16,1,0,5629.41,5546.12,5621.72,5938.17,6274.09,5965.92,5533.5075,572.996193281629,5885.423571428571,83.28999999999996,29.6,57.5,29.433333333333337,0.0,0.0,0.0
2025-08-23 08:00:00,8,5,8,235,0.8660254037844387,-0.4999999999999998,-0.9749279121818236,-0.2225209339563146,-0.8660254037844384,-0.5000000000000004,1,0,4752.85,4770.4,4890.98,5237.14,5033.83,4187.0,5995.96875,637.2260852647655,5654.746904761904,-17.549999999999272,32.3,70.7,28.5,0.0,0.0,0.0
2025-08-10 20:00:00,20,6,8,222,-0.8660254037844386,0.5000000000000001,-0.7818314824680299,0.6234898018587334,-0.8660254037844384,-0.5000000000000004,1,0,5379.76,5112.75,5196.92,4590.19,6257.94,5899.48,4696.255833333334,521.7772766388894,5543.116011904762,267.0100000000002,26.2,82.6,28.554166666666664,1.0,0.0,0.0
2025-08-25 11:00:00,11,0,8,237,0.258819045102521,-0.9659258262890682,0.0,1.0,-0.8660254037844384,-0.5000000000000004,0,0,5550.41,5255.6,4672.24,5291.33,5928.11,5817.3,5184.108333333334,435.8578394850786,5696.8902976190475,294.8099999999995,30.3,93.4,27.987499999999997,0.0,1.0,0.0
2025-07-17 10:00:00,10,3,7,198,0.49999999999999994,-0.8660254037844387,0.43388373911755823,-0.900968867902419,-0.4999999999999997,-0.8660254037844388,0,0,5268.9,4704.67,4517.88,5885.46,5457.3,5441.17,5642.049166666667,647.0426094558726,5391.702678571428,564.2299999999996,33.3,73.0,27.895833333333332,1.0,0.0,0.0
2025-08-02 16:00:00,16,5,8,214,-0.8660254037844384,-0.5000000000000004,-0.9749279121818236,-0.2225209339563146,-0.8660254037844384,-0.5000000000000004,1,0,6101.54,6000.04,5696.96,5986.44,5713.87,6790.42,5396.9783333333335,578.9871016710694,5818.472261904762,101.5,34.3,64.5,28.333333333333332,0.0,0.0,0.0
2025-11-24 00:00:00,0,0,11,328,0.0,1.0,0.0,1.0,-0.5000000000000004,0.8660254037844384,0,0,2414.6,2742.58,2933.34,2253.96,2355.89,2169.68,3048.3508333333334,745.0650548131247,3216.6395833333336,-327.98,19.7,59.0,25.13333333333333,1.0,0.0,0.0
2025-07-29 09:00:00,9,1,7,210,0.7071067811865476,-0.7071067811865475,0.7818314824680298,0.6234898018587336,-0.4999999999999997,-0.8660254037844388,0,0,5166.81,5152.36,5152.79,6007.66,5138.4,5540.21,6441.892916666668,746.9253449714297,6024.582857142857,14.450000000000728,32.6,71.7,28.066666666666666,1.0,0.0,0.0
2025-06-30 19:00:00,19,0,6,181,-0.9659258262890684,0.2588190451025203,0.0,1.0,1.2246467991473532e-16,-1.0,0,0,5591.81,5673.64,5757.79,5194.7,5809.03,6077.26,5319.564583333334,496.25846858600454,6134.004047619047,-81.82999999999993,33.0,67.4,30.791666666666668,0.0,0.0,0.0
2025-11-23 13:00:00,13,6,11,327,-0.2588190451025208,-0.9659258262890683,-0.7818314824680299,0.6234898018587334,-0.5000000000000004,0.8660254037844384,1,0,4036.14,4080.13,4063.46,3587.29,3867.41,3599.39,3076.9912499999996,749.5333787347703,3211.049702380953,-43.99000000000024,29.6,50.4,25.745833333333334,0.0,0.0,0.0
2025-11-03 06:00:00,6,0,11,307,1.0,6.123233995736766e-17,0.0,1.0,-0.5000000000000004,0.8660254037844384,0,0,2873.1,2471.14,2381.36,2913.57,3387.14,3147.0,3258.080416666666,487.35091940787754,3500.3852380952385,401.96000000000004,23.7,43.2,25.145833333333332,0.0,0.0,0.0
2025-10-28 03:00:00,3,1,10,301,0.7071067811865475,0.7071067811865476,0.7818314824680298,0.6234898018587336,-0.8660254037844386,0.5000000000000001,0,0,2492.3,2594.05,2766.11,2594.99,2587.48,2911.25,3447.539583333333,578.1352728909934,3469.441845238096,-101.75,21.9,74.9,29.416666666666668,0.0,0.0,1.0
2025-10-07 09:00:00,9,1,10,280,0.7071067811865476,-0.7071067811865475,0.7818314824680298,0.6234898018587336,-0.8660254037844386,0.5000000000000001,0,0,3786.99,3652.11,3389.55,4743.59,4479.26,6093.62,4145.514583333333,691.4218596611275,4876.396547619048,134.87999999999965,32.3,48.0,29.7625,0.0,0.0,0.0
2025-08-06 05:00:00,5,2,8,218,0.9659258262890683,0.25881904510252074,0.9749279121818236,-0.22252093395631434,-0.8660254037844384,-0.5000000000000004,0,0,4674.9,4863.53,5107.35,4603.8,4737.57,4721.12,5588.469166666667,584.0897110734778,5497.639642857143,-188.6300000000001,26.8,70.0,28.5125,1.0,0.0,0.0
2025-11-12 02:00:00,2,2,11,316,0.49999999999999994,0.8660254037844387,0.9749279121818236,-0.22252093395631434,-0.5000000000000004,0.8660254037844384,0,0,2064.72,2232.68,2557.48,1955.91,1912.26,2495.41,3172.4408333333336,696.6585268821408,3202.8525595238093,-167.96000000000004,21.4,55.9,25.670833333333334,1.0,0.0,0.0
2025-11-11 01:00:00,1,1,11,315,0.25881904510252074,0.9659258262890683,0.7818314824680298,0.6234898018587336,-0.5000000000000004,0.8660254037844384,0,0,2371.98,2559.51,2829.86,2026.16,2078.36,2557.78,3156.264583333333,695.3467231156726,3250.0914285714284,-187.5300000000002,20.5,42.8,25.704166666666666,0.0,0.0,0.0
2025-11-24 20:00:00,20,0,11,328,-0.8660254037844386,0.5000000000000001,0.0,1.0,-0.5000000000000004,0.8660254037844384,0,0,3721.36,3859.61,3756.32,3220.47,3314.39,3395.62,3180.8141666666666,807.4579351107071,3221.4411904761905,-138.25,25.2,49.3,25.408333333333335,0.0,0.0,0.0
2025-11-06 17:00:00,17,3,11,310,-0.9659258262890683,-0.25881904510252063,0.43388373911755823,-0.900968867902419,-0.5000000000000004,0.8660254037844384,0,0,3683.14,3695.89,3659.09,4086.33,4128.08,4225.45,3396.21125,575.7376088894404,3472.589642857143,-12.75,29.1,54.5,25.600000000000005,1.0,0.0,0.0
2025-10-20 08:00:00,8,0,10,293,0.8660254037844387,-0.4999999999999998,0.0,1.0,-0.8660254037844386,0.5000000000000001,0,1,3199.71,3105.62,3000.29,3442.24,3715.36,3688.75,3608.837083333334,429.09124443141127,3870.3819047619045,94.09000000000015,32.1,50.8,30.22083333333333,0.0,0.0,0.0
2026-01-06 19:00:00,19,1,1,6,-0.9659258262890684,0.2588190451025203,0.7818314824680298,0.6234898018587336,0.49999999999999994,0.8660254037844387,0,1,4790.99,4656.32,4428.92,4580.53,4127.88,4265.45,4117.384166666667,1196.1677788850454,3875.71630952381,134.67000000000007,17.2,67.9,21.512500000000003,0.0,0.0,1.0
2025-08-14 17:00:00,17,3,8,226,-0.9659258262890683,-0.25881904510252063,0.43388373911755823,-0.900968867902419,-0.8660254037844384,-0.5000000000000004,0,0,5640.21,5671.14,5660.36,6391.14,6061.44,6671.22,5696.187083333333,664.7178456240927,5494.917559523809,-30.93000000000029,33.4,62.2,28.429166666666664,0.0,0.0,0.0
2025-10-10 10:00:00,10,4,10,283,0.49999999999999994,-0.8660254037844387,-0.433883739117558,-0.9009688679024191,-0.8660254037844386,0.5000000000000001,0,0,4154.06,3604.59,3423.44,4346.29,4409.19,5432.36,3779.3016666666663,654.9180144884537,4393.043750000001,549.4700000000003,35.0,56.3,28.541666666666668,1.0,0.0,0.0
2025-08-16 13:00:00,13,5,8,228,-0.2588190451025208,-0.9659258262890683,-0.9749279121818236,-0.2225209339563146,-0.8660254037844384,-0.5000000000000004,1,1,5350.13,5226.08,5071.67,4265.63,5482.81,4443.52,4548.9454166666665,446.2827371889978,5190.888392857143,124.05000000000018,32.4,98.0,27.641666666666666,0.0,1.0,0.0
2025-10-18 16:00:00,16,5,10,291,-0.8660254037844384,-0.5000000000000004,-0.9749279121818236,-0.2225209339563146,-0.8660254037844386,0.5000000000000001,1,0,4363.53,4362.43,4358.97,4546.21,4484.82,4048.96,3957.2045833333336,571.9252370491946,3839.366369047619,1.0999999999994543,34.9,47.7,29.920833333333334,0.0,0.0,0.0
2025-08-16 16:00:00,16,5,8,228,-0.8660254037844384,-0.5000000000000004,-0.9749279121818236,-0.2225209339563146,-0.8660254037844384,-0.5000000000000004,1,1,5557.86,5525.34,5367.82,4159.03,5640.21,4269.49,4704.530833333333,525.52160020904,5210.213333333333,32.51999999999953,31.8,71.1,27.55,0.0,0.0,0.0
2025-08-06 18:00:00,18,2,8,218,-1.0,-1.8369701987210297e-16,0.9749279121818236,-0.22252093395631434,-0.8660254037844384,-0.5000000000000004,0,0,6336.27,6520.39,6632.98,5941.88,5888.32,5948.29,5629.625416666667,663.3479692994816,5494.676904761905,-184.1199999999999,29.0,89.4,28.108333333333334,0.0,1.0,0.0
2025-08-14 06:00:00,6,3,8,226,1.0,6.123233995736766e-17,0.43388373911755823,-0.900968867902419,-0.8660254037844384,-0.5000000000000004,0,0,4826.97,5068.52,5316.73,4763.69,4552.96,4735.69,5923.654583333333,678.1606422681605,5536.216428571429,-241.55000000000018,29.0,70.2,28.849999999999998,0.0,0.0,0.0
2025-10-09 00:00:00,0,3,10,282,0.0,1.0,0.43388373911755823,-0.900968867902419,-0.8660254037844386,0.5000000000000001,0,0,3416.09,3600.85,3720.89,3253.23,3671.76,5475.59,3823.310833333333,601.3628146636547,4568.755714285715,-184.75999999999976,24.5,58.7,29.058333333333337,1.0,0.0,0.0
2025-12-13 08:00:00,8,5,12,347,0.8660254037844387,-0.4999999999999998,-0.9749279121818236,-0.2225209339563146,-2.4492935982947064e-16,1.0,1,0,3641.55,3008.63,2403.0,4256.5,3994.06,3962.23,3402.43,921.3800029021013,3357.2650000000003,632.9200000000001,22.7,53.7,21.75,1.0,0.0,0.0
2025-07-08 12:00:00,12,1,7,189,1.2246467991473532e-16,-1.0,0.7818314824680298,0.6234898018587336,-0.4999999999999997,-0.8660254037844388,0,0,6375.58,6222.07,5811.54,5823.63,5967.89,5839.33,5885.1875,561.5629903515954,6104.704583333333,153.51000000000022,34.2,81.9,27.729166666666668,1.0,0.0,0.0
2025-10-05 14:00:00,14,6,10,278,-0.4999999999999997,-0.8660254037844388,-0.7818314824680299,0.6234898018587334,-0.8660254037844386,0.5000000000000001,1,0,4756.41,4979.22,4873.13,5503.09,5805.91,6289.51,4953.535416666667,557.0505638822979,5311.518452380953,-222.8100000000004,33.1,69.1,29.808333333333334,0.0,1.0,0.0
2025-12-11 11:00:00,11,3,12,345,0.258819045102521,-0.9659258262890682,0.43388373911755823,-0.900968867902419,-2.4492935982947064e-16,1.0,0,0,4234.61,4188.24,3994.06,4421.22,4256.56,4339.0,3445.7983333333327,735.5734687963878,3356.279702380952,46.36999999999989,25.5,62.6,21.566666666666666,0.0,1.0,0.0
2025-09-12 02:00:00,2,4,9,255,0.49999999999999994,0.8660254037844387,-0.433883739117558,-0.9009688679024191,-1.0,-1.8369701987210297e-16,0,0,5513.13,5968.55,6246.81,5201.53,5301.15,4376.61,5603.19125,630.5461862221188,5304.153630952381,-455.4200000000001,25.5,78.9,29.879166666666666,1.0,0.0,0.0
2025-11-23 08:00:00,8,6,11,327,0.8660254037844387,-0.4999999999999998,-0.7818314824680299,0.6234898018587334,-0.5000000000000004,0.8660254037844384,1,0,3196.53,2659.08,2187.97,3641.68,3934.72,3395.52,3070.4966666666664,738.0819126608931,3205.857857142857,537.4500000000003,25.2,55.5,25.695833333333336,1.0,0.0,0.0
2025-09-24 00:00:00,0,2,9,267,0.0,1.0,0.9749279121818236,-0.22252093395631434,-1.0,-1.8369701987210297e-16,0,0,6323.4,6292.32,6022.97,6356.52,6311.15,6578.6,5711.838333333333,559.7439307216546,5839.914226190476,31.079999999999927,25.8,69.3,28.8625,0.0,0.0,0.0
2025-07-02 00:00:00,0,2,7,183,0.0,1.0,0.9749279121818236,-0.22252093395631434,-0.4999999999999997,-0.8660254037844388,0,0,6477.81,6491.03,6138.93,5668.96,5718.22,6910.98,5528.252083333333,689.4955150403176,6002.560595238095,-13.219999999999345,18.1,90.1,27.17083333333333,0.0,1.0,0.0
2025-12-19 05:00:00,5,4,12,353,0.9659258262890683,0.25881904510252074,-0.433883739117558,-0.9009688679024191,-2.4492935982947064e-16,1.0,0,0,2042.56,1869.54,1962.75,2683.9,2668.19,2809.88,3571.1254166666663,949.8846655343245,3422.568511904762,173.01999999999998,19.1,46.2,21.82083333333333,0.0,0.0,0.0
2025-09-07 19:00:00,19,6,9,250,-0.9659258262890684,0.2588190451025203,-0.7818314824680299,0.6234898018587334,-1.0,-1.8369701987210297e-16,1,0,4986.98,4967.78,5017.48,5439.26,5301.19,5085.62,4905.913750000001,473.6230820500233,4802.512797619048,19.199999999999818,29.6,76.3,29.125,1.0,0.0,0.0
2025-11-25 00:00:00,0,1,11,329,0.0,1.0,0.7818314824680298,0.6234898018587336,-0.5000000000000004,0.8660254037844384,0,0,2556.13,2864.61,3050.02,2170.54,2253.96,2271.07,3205.9654166666664,799.8672571011302,3221.4651190476193,-308.48,20.8,48.2,25.595833333333335,0.0,0.0,0.0
2025-11-12 23:00:00,23,2,11,316,-0.25881904510252157,0.9659258262890681,0.9749279121818236,-0.22252093395631434,-0.5000000000000004,0.8660254037844384,0,0,2936.5,3152.97,3520.16,2557.48,2559.51,2982.72,3235.3541666666665,739.3613596465957,3180.190178571428,-216.4699999999998,18.7,71.0,25.395833333333332,0.0,1.0,0.0
2025-09-05 18:00:00,18,4,9,248,-1.0,-1.8369701987210297e-16,-0.433883739117558,-0.9009688679024191,-1.0,-1.8369701987210297e-16,0,1,5101.95,5308.19,5358.89,5385.19,4976.96,5733.34,4877.550416666667,548.1032920225211,4875.724345238095,-206.23999999999978,24.9,87.1,29.266666666666666,0.0,1.0,0.0
2025-12-17 12:00:00,12,2,12,351,1.2246467991473532e-16,-1.0,0.9749279121818236,-0.22252093395631434,-2.4492935982947064e-16,1.0,0,0,4738.71,4758.99,4728.63,4339.88,4254.32,4252.04,3473.898333333333,939.6357321933546,3390.7911309523806,-20.279999999999745,28.9,41.0,21.375,0.0,0.0,0.0
2025-06-27 14:00:00,14,4,6,178,-0.4999999999999997,-0.8660254037844388,-0.433883739117558,-0.9009688679024191,1.2246467991473532e-16,-1.0,0,0,7173.46,7050.54,6817.44,7413.8,7008.38,6549.31,6603.007916666666,726.5294080045683,6227.928571428572,122.92000000000007,34.6,86.5,30.987499999999997,0.0,1.0,0.0
2025-09-14 17:00:00,17,6,9,257,-0.9659258262890683,-0.25881904510252063,-0.7818314824680299,0.6234898018587334,-1.0,-1.8369701987210297e-16,1,0,5713.88,5775.26,5796.79,5870.15,6104.19,4967.78,5501.108333333334,545.4408899761659,5528.254226190476,-61.38000000000011,29.5,85.2,30.041666666666668,0.0,1.0,0.0
2025-12-28 07:00:00,7,6,12,362,0.9659258262890683,-0.25881904510252063,-0.7818314824680299,0.6234898018587334,-2.4492935982947064e-16,1.0,1,0,2892.03,2301.11,1911.6,3796.51,4328.8,3601.5,3408.664166666667,906.1362495684252,3604.295476190476,590.9200000000001,21.9,50.9,22.233333333333334,1.0,0.0,0.0
2025-08-10 00:00:00,0,6,8,222,0.0,1.0,-0.7818314824680299,0.6234898018587334,-0.8660254037844384,-0.5000000000000004,1,0,4932.12,4916.39,4750.47,6292.99,6737.6,5793.29,4736.8412499999995,551.4070775303601,5590.65255952381,15.729999999999563,24.4,74.4,29.012500000000003,1.0,0.0,0.0
2025-08-25 22:00:00,22,0,8,237,-0.5000000000000004,0.8660254037844384,0.0,1.0,-0.8660254037844384,-0.5000000000000004,0,0,5333.1,5315.79,5397.35,5709.79,5588.51,6371.69,5245.505,469.96918032164047,5659.455238095238,17.3100000000004,23.4,81.4,28.333333333333332,1.0,0.0,0.0
2025-07-12 12:00:00,12,5,7,193,1.2246467991473532e-16,-1.0,-0.9749279121818236,-0.2225209339563146,-0.4999999999999997,-0.8660254037844388,1,0,5786.83,5510.39,5108.69,5723.56,5599.24,6458.83,5513.296249999999,605.7492125338212,5831.929880952381,276.4399999999996,31.2,95.3,29.649999999999995,0.0,0.0,1.0
2025-08-03 20:00:00,20,6,8,215,-0.8660254037844386,0.5000000000000001,-0.7818314824680299,0.6234898018587334,-0.8660254037844384,-0.5000000000000004,1,0,5632.51,5389.19,5469.94,5681.5,5661.32,6506.25,5204.589166666667,585.11917489122,5676.507440476191,243.32000000000062,27.7,77.3,28.429166666666664,1.0,0.0,0.0
2025-08-11 11:00:00,11,0,8,223,0.258819045102521,-0.9659258262890682,0.0,1.0,-0.8660254037844384,-0.5000000000000004,0,0,5709.7,5274.45,4664.12,4967.48,4345.57,5790.83,5227.434166666667,480.6175114680382,5517.959523809524,435.25,31.2,97.2,27.420833333333334,0.0,1.0,0.0
2025-12-12 10:00:00,10,4,12,346,0.49999999999999994,-0.8660254037844387,-0.433883739117558,-0.9009688679024191,-2.4492935982947064e-16,1.0,0,0,4543.44,4256.5,4139.74,4234.61,4500.6,4413.3,3398.3487500000006,805.519668727658,3361.4448214285712,286.9399999999996,25.0,55.1,21.095833333333335,1.0,0.0,0.0
2025-10-22 00:00:00,0,2,10,295,0.0,1.0,0.9749279121818236,-0.22252093395631434,-0.8660254037844386,0.5000000000000001,0,1,3447.01,3560.96,3672.59,3357.76,3349.36,3339.72,3443.162083333333,289.75260809098233,3739.6091071428577,-113.94999999999982,27.0,51.1,29.891666666666666,0.0,0.0,0.0
2025-07-20 08:00:00,8,6,7,201,0.8660254037844387,-0.4999999999999998,-0.7818314824680299,0.6234898018587334,-0.4999999999999997,-0.8660254037844388,1,0,4348.75,4432.39,4611.89,4400.22,4732.92,4258.13,5350.652083333333,521.6710247304509,5388.765238095238,-83.64000000000033,27.6,91.4,28.591666666666665,0.0,1.0,0.0
2025-08-19 01:00:00,1,1,8,231,0.25881904510252074,0.9659258262890683,0.7818314824680298,0.6234898018587336,-0.8660254037844384,-0.5000000000000004,0,0,6077.93,6350.33,6371.69,5161.25,5508.72,5677.08,5588.863333333334,729.4420079024601,5278.807380952381,-272.39999999999964,22.4,93.7,27.445833333333336,0.0,0.0,1.0
2025-07-15 18:00:00,18,1,7,196,-1.0,-1.8369701987210297e-16,0.7818314824680298,0.6234898018587336,-0.4999999999999997,-0.8660254037844388,0,0,5901.03,6071.12,6239.28,5641.95,5313.04,6725.83,5275.207083333334,632.6699117953576,5474.156845238095,-170.09000000000015,30.5,76.2,28.479166666666668,1.0,0.0,0.0
2025-12-28 19:00:00,19,6,12,362,-0.9659258262890684,0.2588190451025203,-0.7818314824680299,0.6234898018587334,-2.4492935982947064e-16,1.0,1,0,3838.79,3776.65,3440.19,3904.96,4150.55,3905.54,3415.1841666666664,942.2117106870643,3592.217440476191,62.13999999999987,21.5,50.2,21.491666666666664,0.0,0.0,0.0
2025-08-29 01:00:00,1,4,8,241,0.25881904510252074,0.9659258262890683,-0.433883739117558,-0.9009688679024191,-0.8660254037844384,-0.5000000000000004,0,0,5917.26,6174.87,6204.02,5025.1,4888.16,6089.81,5570.0233333333335,753.3985089877378,5404.697023809525,-257.6099999999997,23.9,76.1,27.96666666666667,1.0,0.0,0.0
2025-08-07 16:00:00,16,3,8,219,-0.8660254037844384,-0.5000000000000004,0.43388373911755823,-0.900968867902419,-0.8660254037844384,-0.5000000000000004,0,0,6951.11,6835.4,6384.83,6520.39,6254.95,5713.87,5915.060416666666,702.8870303286132,5543.840357142857,115.71000000000004,27.3,86.9,27.658333333333335,0.0,0.0,1.0
2025-07-17 06:00:00,6,3,7,198,1.0,6.123233995736766e-17,0.43388373911755823,-0.900968867902419,-0.4999999999999997,-0.8660254037844388,0,0,4535.29,4741.51,4995.89,4580.66,4317.69,4563.48,5668.384583333333,617.0214484537858,5391.809226190476,-206.22000000000025,30.3,65.0,28.004166666666666,0.0,0.0,0.0
2025-11-19 05:00:00,5,2,11,323,0.9659258262890683,0.25881904510252074,0.9749279121818236,-0.22252093395631434,-0.5000000000000004,0.8660254037844384,0,0,2024.31,1859.72,1930.17,2654.97,2564.61,2648.17,3243.9033333333336,756.8036241162031,3169.063571428571,164.58999999999992,23.3,47.0,25.729166666666668,0.0,0.0,0.0
2025-12-24 00:00:00,0,2,12,358,0.0,1.0,0.9749279121818236,-0.22252093395631434,-2.4492935982947064e-16,1.0,0,0,2941.28,3399.63,3641.1,2519.39,2596.53,2355.39,3678.162083333333,996.9411742358809,3618.4988690476193,-458.3499999999999,16.8,40.1,21.925,0.0,0.0,0.0
2025-07-27 14:00:00,14,6,7,208,-0.4999999999999997,-0.8660254037844388,-0.7818314824680299,0.6234898018587334,-0.4999999999999997,-0.8660254037844388,1,0,6281.14,5987.88,5794.37,6655.76,7461.26,5713.18,6154.620416666668,717.3873905297801,5832.750952380952,293.2600000000002,36.4,65.6,28.3,0.0,0.0,0.0
2025-12-17 21:00:00,21,2,12,351,-0.7071067811865477,0.7071067811865474,0.9749279121818236,-0.22252093395631434,-2.4492935982947064e-16,1.0,0,0,3729.99,4001.63,4025.38,3332.54,3363.39,3389.31,3510.44,958.5180556780956,3396.7610714285715,-271.6400000000003,17.6,64.5,21.408333333333335,1.0,0.0,0.0
2025-11-02 13:00:00,13,6,11,306,-0.2588190451025208,-0.9659258262890683,-0.7818314824680299,0.6234898018587334,-0.5000000000000004,0.8660254037844384,1,0,3824.44,3804.26,3749.12,3913.57,4270.45,3637.29,3378.1499999999996,559.0952203881966,3511.7299404761907,20.179999999999836,31.4,40.4,25.266666666666666,0.0,0.0,0.0
2025-07-17 02:00:00,2,3,7,198,0.49999999999999994,0.8660254037844387,0.43388373911755823,-0.900968867902419,-0.4999999999999997,-0.8660254037844388,0,0,5571.07,5982.75,6228.26,5093.82,4752.26,5214.03,5647.393333333333,645.0789473940612,5390.6493452380955,-411.6800000000003,25.4,71.7,27.587500000000002,0.0,0.0,0.0
2025-07-06 21:00:00,21,6,7,187,-0.7071067811865477,0.7071067811865474,-0.7818314824680299,0.6234898018587334,-0.4999999999999997,-0.8660254037844388,1,1,6436.44,6054.55,5827.61,6957.61,6837.67,5536.76,6006.741666666666,665.325053911494,5975.83130952381,381.8899999999994,27.9,74.7,28.375,0.0,0.0,0.0
2025-10-28 09:00:00,9,1,10,301,0.7071067811865476,-0.7071067811865475,0.7818314824680298,0.6234898018587336,-0.8660254037844386,0.5000000000000001,0,0,3428.76,3335.5,3306.83,3970.29,3516.61,3491.52,3445.8937499999997,581.3969306227501,3467.4083333333338,93.26000000000022,34.0,50.5,29.070833333333336,0.0,0.0,0.0
2025-10-23 12:00:00,12,3,10,296,1.2246467991473532e-16,-1.0,0.43388373911755823,-0.900968867902419,-0.8660254037844386,0.5000000000000001,0,1,3994.82,3943.92,3787.27,3824.37,3697.18,4487.67,3458.2795833333334,414.0893051282694,3653.8970833333333,50.90000000000009,33.1,63.1,29.34166666666667,1.0,0.0,0.0
2025-08-07 13:00:00,13,3,8,219,-0.2588190451025208,-0.9659258262890683,0.43388373911755823,-0.900968867902419,-0.8660254037844384,-0.5000000000000004,0,0,6216.02,6062.3,5854.02,6060.87,5961.82,5763.52,5875.2075,662.2683283609528,5526.7649404761905,153.72000000000025,32.0,96.0,27.970833333333335,0.0,0.0,1.0
2025-12-08 09:00:00,9,0,12,342,0.7071067811865476,-0.7071067811865475,0.0,1.0,-2.4492935982947064e-16,1.0,0,0,4013.02,3951.26,3667.77,4385.42,4297.27,4136.57,3237.1491666666666,898.5240511209538,3315.3513690476193,61.75999999999976,24.9,41.1,21.708333333333332,0.0,0.0,0.0
2025-06-28 22:00:00,22,5,6,179,-0.5000000000000004,0.8660254037844384,-0.9749279121818236,-0.2225209339563146,1.2246467991473532e-16,-1.0,1,0,6205.72,5978.31,5809.03,7589.68,7404.2,6951.38,6366.809583333333,707.3750630475753,6324.821785714286,227.40999999999985,27.6,59.7,31.808333333333334,0.0,0.0,0.0
2025-07-06 09:00:00,9,6,7,187,0.7071067811865476,-0.7071067811865475,-0.7818314824680299,0.6234898018587334,-0.4999999999999997,-0.8660254037844388,1,1,4850.14,4977.04,5097.78,5599.13,6136.34,5023.46,6295.11375,706.950815796189,5932.401071428571,-126.89999999999964,31.0,81.8,28.791666666666668,1.0,0.0,0.0
2025-07-27 12:00:00,12,6,7,208,1.2246467991473532e-16,-1.0,-0.7818314824680299,0.6234898018587334,-0.4999999999999997,-0.8660254037844388,1,0,5794.37,5493.04,5138.4,6311.78,6800.9,5455.34,6174.338333333334,718.8299312721732,5825.210297619047,301.3299999999999,31.8,98.0,28.195833333333336,0.0,1.0,0.0
2025-12-11 01:00:00,1,3,12,345,0.25881904510252074,0.9659258262890683,0.43388373911755823,-0.900968867902419,-2.4492935982947064e-16,1.0,0,0,2531.03,2790.94,3188.0,2210.76,2155.32,2259.73,3485.7625000000003,807.5687996764841,3357.5922619047624,-259.90999999999985,16.9,49.0,21.6125,0.0,0.0,0.0
2025-10-10 03:00:00,3,4,10,283,0.7071067811865475,0.7071067811865476,-0.433883739117558,-0.9009688679024191,-0.8660254037844386,0.5000000000000001,0,0,2791.82,2947.2,3185.32,2703.18,2777.44,4069.32,3797.18875,644.7728773244119,4431.8019047619055,-155.37999999999965,25.4,47.4,28.8125,0.0,0.0,0.0
2025-07-10 23:00:00,23,3,7,191,-0.25881904510252157,0.9659258262890681,0.43388373911755823,-0.900968867902419,-0.4999999999999997,-0.8660254037844388,0,0,5849.64,5655.24,5501.62,5752.63,7512.19,7397.33,5356.70375,457.5734255624992,6018.691547619048,194.40000000000055,26.1,74.0,28.958333333333332,0.0,0.0,0.0
2025-10-07 05:00:00,5,1,10,280,0.9659258262890683,0.25881904510252074,0.7818314824680298,0.6234898018587336,-0.8660254037844386,0.5000000000000001,0,0,3033.36,3112.98,3297.8,4160.98,4160.23,5300.11,4280.465833333334,617.6674021772219,4918.568333333334,-79.61999999999989,25.2,62.3,29.65416666666667,1.0,0.0,0.0
2025-11-16 20:00:00,20,6,11,320,-0.8660254037844386,0.5000000000000001,-0.7818314824680299,0.6234898018587334,-0.5000000000000004,0.8660254037844384,1,0,3314.48,3425.92,3340.07,3258.34,3431.51,3169.72,2963.9583333333335,695.8328118828658,3156.825714285714,-111.44000000000005,26.3,38.6,26.22083333333333,0.0,0.0,0.0
2025-12-24 01:00:00,1,2,12,358,0.25881904510252074,0.9659258262890683,0.9749279121818236,-0.22252093395631434,-2.4492935982947064e-16,1.0,0,0,2486.91,2941.28,3399.63,2156.89,2326.88,2038.31,3676.80875,998.6032428186766,3619.2817261904765,-454.37000000000035,16.0,48.1,21.933333333333334,0.0,0.0,0.0
2025-09-13 21:00:00,21,5,9,256,-0.7071067811865477,0.7071067811865474,-0.9749279121818236,-0.2225209339563146,-1.0,-1.8369701987210297e-16,1,0,5845.82,5810.16,5782.93,6048.98,6061.89,5333.09,5530.769166666666,569.9617432998314,5458.545297619047,35.659999999999854,23.4,89.9,29.13333333333333,0.0,0.0,1.0
2025-08-21 02:00:00,2,3,8,233,0.49999999999999994,0.8660254037844387,0.43388373911755823,-0.900968867902419,-0.8660254037844384,-0.5000000000000004,0,0,5998.28,6452.06,6707.92,5215.12,5303.29,5634.86,5885.672916666666,731.8921203498957,5292.28125,-453.78000000000065,25.0,81.0,28.3125,1.0,0.0,0.0
2025-09-19 19:00:00,19,4,9,262,-0.9659258262890684,0.2588190451025203,-0.433883739117558,-0.9009688679024191,-1.0,-1.8369701987210297e-16,0,0,6347.6,6560.05,6750.31,6234.14,6260.36,5961.98,5996.275833333334,669.8103169192493,5822.8355357142855,-212.44999999999982,32.6,60.3,29.879166666666666,0.0,0.0,0.0
2025-06-29 07:00:00,7,6,6,180,0.9659258262890683,-0.25881904510252063,-0.7818314824680299,0.6234898018587334,1.2246467991473532e-16,-1.0,1,0,4827.65,5212.23,5262.25,5283.83,5230.53,4832.26,6057.115833333333,628.3370978599885,6311.030952380954,-384.5799999999999,33.8,53.3,32.0625,0.0,0.0,0.0
2025-12-19 10:00:00,10,4,12,353,0.49999999999999994,-0.8660254037844387,-0.433883739117558,-0.9009688679024191,-2.4492935982947064e-16,1.0,0,0,5142.72,4615.0,4371.73,4804.29,4758.99,4607.86,3606.6104166666664,986.0998811324482,3428.03119047619,527.7200000000003,24.9,45.5,21.729166666666668,0.0,0.0,0.0
2025-12-24 14:00:00,14,2,12,358,-0.4999999999999997,-0.8660254037844388,0.9749279121818236,-0.22252093395631434,-2.4492935982947064e-16,1.0,0,0,4241.09,4735.96,4928.74,4014.33,4089.03,3921.07,3664.3391666666666,1004.1732792264295,3629.7006547619053,-494.8699999999999,24.0,46.0,21.291666666666668,1.0,0.0,0.0
2025-08-12 12:00:00,12,1,8,224,1.2246467991473532e-16,-1.0,0.7818314824680298,0.6234898018587336,-0.8660254037844384,-0.5000000000000004,0,0,5714.44,5534.12,5192.51,5880.15,5100.54,5898.54,5614.11375,656.7261948868465,5514.505357142857,180.3199999999997,32.2,89.1,28.241666666666664,0.0,1.0,0.0
2025-11-10 23:00:00,23,0,11,314,-0.25881904510252157,0.9659258262890681,0.0,1.0,-0.5000000000000004,0.8660254037844384,0,0,2829.86,3030.87,3428.0,2475.82,2517.04,2963.44,3146.6195833333336,706.4602329771568,3254.719761904762,-201.00999999999976,22.6,44.6,25.704166666666666,0.0,0.0,0.0
2025-07-18 14:00:00,14,4,7,199,-0.4999999999999997,-0.8660254037844388,-0.433883739117558,-0.9009688679024191,-0.4999999999999997,-0.8660254037844388,0,0,6013.6,5950.48,5930.63,6222.73,6259.77,6083.28,5508.556250000001,629.9763043150019,5414.283273809524,63.1200000000008,33.4,83.4,28.295833333333334,1.0,0.0,0.0
2025-11-13 14:00:00,14,3,11,317,-0.4999999999999997,-0.8660254037844388,0.43388373911755823,-0.900968867902419,-0.5000000000000004,0.8660254037844384,0,0,3564.08,3791.66,3892.6,3550.58,3535.99,3659.09,3215.564583333333,718.7586514624014,3164.7873214285714,-227.57999999999993,31.8,41.6,25.195833333333336,0.0,0.0,0.0
2025-09-11 21:00:00,21,3,9,254,-0.7071067811865477,0.7071067811865474,0.43388373911755823,-0.900968867902419,-1.0,-1.8369701987210297e-16,0,0,5928.01,5989.71,5944.42,6134.3,6253.0,5072.3,5616.639999999999,638.8637981944962,5273.581071428572,-61.69999999999982,25.9,90.6,29.712500000000002,0.0,1.0,0.0
2025-10-13 00:00:00,0,0,10,286,0.0,1.0,0.0,1.0,-0.8660254037844386,0.5000000000000001,0,0,3423.53,3627.43,3700.3,3173.17,3154.05,5302.74,3502.848333333334,488.1923180350747,3865.0120833333335,-203.89999999999964,24.7,69.9,29.529166666666665,1.0,0.0,0.0
2025-06-28 08:00:00,8,5,6,179,0.8660254037844387,-0.4999999999999998,-0.9749279121818236,-0.2225209339563146,1.2246467991473532e-16,-1.0,1,0,5283.83,5411.89,5710.99,5450.56,5180.69,4816.4,6723.670833333334,741.6436931216335,6316.104523809523,-128.0600000000004,31.3,69.3,31.60416666666667,1.0,0.0,0.0
2025-09-06 00:00:00,0,5,9,249,0.0,1.0,-0.9749279121818236,-0.2225209339563146,-1.0,-1.8369701987210297e-16,1,0,5141.69,5125.84,5071.33,4914.64,4342.35,5411.86,4867.4766666666665,540.2756762235923,4860.164107142857,15.849999999999454,26.7,63.4,29.545833333333334,0.0,0.0,0.0
2025-10-15 04:00:00,4,2,10,288,0.8660254037844386,0.5000000000000001,0.9749279121818236,-0.22252093395631434,-0.8660254037844386,0.5000000000000001,0,0,2839.96,2951.82,3117.58,2853.48,2739.26,2795.11,3897.7058333333334,605.8185716785398,3752.2741071428572,-111.86000000000013,26.1,48.2,29.11666666666667,0.0,0.0,0.0
2025-12-31 13:00:00,13,2,12,365,-0.2588190451025208,-0.9659258262890683,0.9749279121818236,-0.22252093395631434,-2.4492935982947064e-16,1.0,0,0,5365.02,5464.15,5489.49,4444.49,4472.61,4241.09,3829.93125,1112.6335496599233,3619.0491666666667,-99.1299999999992,26.5,50.4,21.6875,1.0,0.0,0.0
2025-11-19 00:00:00,0,2,11,323,0.0,1.0,0.9749279121818236,-0.22252093395631434,-0.5000000000000004,0.8660254037844384,0,0,2558.96,2908.82,3086.85,2271.07,2169.68,2232.68,3249.0483333333336,748.0988007561638,3169.497142857143,-349.8600000000001,23.4,45.5,25.954166666666666,0.0,0.0,0.0
2025-07-13 17:00:00,17,6,7,194,-0.9659258262890683,-0.25881904510252063,-0.7818314824680299,0.6234898018587334,-0.4999999999999997,-0.8660254037844388,1,0,5532.78,5594.38,5532.59,5552.39,6077.48,5929.36,5157.9975,508.2995885965446,5676.988154761905,-61.600000000000364,26.9,92.4,28.358333333333334,0.0,1.0,0.0
2025-09-15 22:00:00,22,0,9,258,-0.5000000000000004,0.8660254037844384,0.0,1.0,-1.0,-1.8369701987210297e-16,0,0,6424.85,6150.54,6159.12,6491.92,6312.55,6089.67,5844.03125,634.9326669560735,5636.710833333333,274.3100000000004,28.5,53.9,29.195833333333336,0.0,0.0,0.0
2025-10-26 03:00:00,3,6,10,299,0.7071067811865475,0.7071067811865476,-0.7818314824680299,0.6234898018587334,-0.8660254037844386,0.5000000000000001,1,0,2678.15,2821.83,2996.99,2690.3,2681.66,2965.4,3504.9116666666664,499.3580148086912,3505.468452380953,-143.67999999999984,23.0,63.4,28.77916666666667,1.0,0.0,0.0
2025-11-17 10:00:00,10,0,11,321,0.49999999999999994,-0.8660254037844387,0.0,1.0,-0.5000000000000004,0.8660254037844384,0,0,3964.12,3742.27,3602.56,3878.98,3907.26,3936.43,3051.335833333333,708.477908157454,3155.7780357142856,221.8499999999999,27.8,44.6,25.5,1.0,0.0,0.0
2025-12-11 13:00:00,13,3,12,345,-0.2588190451025208,-0.9659258262890683,0.43388373911755823,-0.900968867902419,-2.4492935982947064e-16,1.0,0,0,4081.98,4205.43,4234.61,3902.5,3786.75,3782.97,3429.72125,716.8367266183102,3355.0204761904765,-123.45000000000027,24.4,55.4,21.4875,1.0,0.0,0.0
2025-09-08 18:00:00,18,0,9,251,-1.0,-1.8369701987210297e-16,0.0,1.0,-1.0,-1.8369701987210297e-16,0,0,5908.74,6052.11,6095.76,4986.98,5439.0,4879.84,5127.807916666667,643.4024594564592,4833.863928571428,-143.3699999999999,32.9,72.9,28.870833333333334,1.0,0.0,0.0
2026-01-11 10:00:00,10,6,1,11,0.49999999999999994,-0.8660254037844387,-0.7818314824680299,0.6234898018587334,0.49999999999999994,0.8660254037844387,1,0,5190.07,4652.12,3970.86,5512.06,5980.83,5034.0,3895.9779166666667,1107.9656012513985,3998.8416666666667,537.9499999999998,22.3,49.3,20.224999999999998,1.0,0.0,0.0
2025-10-27 13:00:00,13,0,10,300,-0.2588190451025208,-0.9659258262890683,0.0,1.0,-0.8660254037844386,0.5000000000000001,0,0,4231.23,4209.2,4172.32,3637.29,3864.85,3563.24,3435.023333333333,502.83488535262893,3475.2917261904763,22.029999999999745,36.0,45.3,29.5,0.0,0.0,0.0
2025-12-12 16:00:00,16,4,12,346,-0.8660254037844384,-0.5000000000000004,-0.433883739117558,-0.9009688679024191,-2.4492935982947064e-16,1.0,0,0,3674.38,3781.63,4058.21,3536.68,3668.63,3731.92,3453.619166666667,862.5135246270295,3361.0716071428574,-107.25,25.0,51.8,21.154166666666665,1.0,0.0,0.0
2025-12-30 06:00:00,6,1,12,364,1.0,6.123233995736766e-17,0.7818314824680298,0.6234898018587336,-2.4492935982947064e-16,1.0,0,0,2723.91,2078.57,1890.91,3668.79,2892.03,3706.45,3737.8925000000004,1005.1316363293115,3589.8582142857144,645.3399999999997,20.6,47.1,21.71666666666667,0.0,0.0,0.0
2025-11-14 20:00:00,20,4,11,318,-0.8660254037844386,0.5000000000000001,-0.433883739117558,-0.9009688679024191,-0.5000000000000004,0.8660254037844384,0,0,3723.68,3840.2,3790.39,3472.53,3520.16,3496.97,3282.9575,755.1079135677656,3155.6985119047617,-116.51999999999998,21.3,58.8,25.7625,1.0,0.0,0.0
2025-07-02 16:00:00,16,2,7,183,-0.8660254037844384,-0.5000000000000004,0.9749279121818236,-0.22252093395631434,-0.4999999999999997,-0.8660254037844388,0,0,6994.59,6908.68,6555.4,6228.63,5757.79,6893.09,5858.724583333334,671.0475797877266,5961.571488095238,85.90999999999985,29.3,89.6,28.0,0.0,1.0,0.0
2025-07-14 06:00:00,6,0,7,195,1.0,6.123233995736766e-17,0.0,1.0,-0.4999999999999997,-0.8660254037844388,0,0,4338.76,4513.14,4719.11,4304.38,4438.13,4685.0,5078.103749999999,482.30476219210107,5605.772499999999,-174.3800000000001,30.3,65.3,27.724999999999998,0.0,0.0,0.0
2025-08-26 17:00:00,17,1,8,238,-0.9659258262890683,-0.25881904510252063,0.7818314824680298,0.6234898018587336,-0.8660254037844384,-0.5000000000000004,0,0,5664.95,5860.38,5811.33,5536.06,5142.24,6027.3,5174.642916666667,533.3919452488584,5598.538333333334,-195.4300000000003,29.6,92.3,28.0625,0.0,1.0,0.0
2025-10-17 23:00:00,23,4,10,290,-0.25881904510252157,0.9659258262890681,-0.433883739117558,-0.9009688679024191,-0.8660254037844386,0.5000000000000001,0,0,3879.1,3988.34,4332.63,3564.57,3524.06,3375.44,3976.306666666667,660.3414851204333,3808.7032142857142,-109.24000000000024,27.1,47.0,29.71666666666667,0.0,0.0,0.0
2025-10-28 01:00:00,1,1,10,301,0.25881904510252074,0.9659258262890683,0.7818314824680298,0.6234898018587336,-0.8660254037844386,0.5000000000000001,0,0,2766.11,2983.92,3177.41,2787.99,2821.83,3181.76,3462.172083333333,556.1229248144887,3476.1802380952377,-217.80999999999995,24.4,60.0,29.570833333333336,1.0,0.0,0.0
2026-01-01 02:00:00,2,3,1,1,0.49999999999999994,0.8660254037844387,0.43388373911755823,-0.900968867902419,0.49999999999999994,0.8660254037844387,0,1,2389.69,2788.7,3215.63,2032.14,2029.84,2025.33,3984.6687500000003,1145.1797276802042,3650.2719047619044,-399.00999999999976,17.1,40.0,21.995833333333334,0.0,0.0,0.0
2025-07-24 08:00:00,8,3,7,205,0.8660254037844387,-0.4999999999999998,0.43388373911755823,-0.900968867902419,-0.4999999999999997,-0.8660254037844388,0,0,4516.01,4508.5,4312.88,4644.09,5139.21,4704.67,5400.235,574.4512635399373,5453.119940476191,7.510000000000218,28.6,82.9,27.55,1.0,0.0,0.0
2025-11-02 23:00:00,23,6,11,306,-0.25881904510252157,0.9659258262890681,-0.7818314824680299,0.6234898018587334,-0.5000000000000004,0.8660254037844384,1,0,3097.44,3305.7,3536.59,3041.16,3261.96,3146.6,3270.1670833333333,469.7629175907306,3507.6850000000004,-208.25999999999976,19.6,76.0,25.349999999999998,0.0,1.0,0.0
2025-09-29 21:00:00,21,0,9,272,-0.7071067811865477,0.7071067811865474,0.0,1.0,-1.0,-1.8369701987210297e-16,0,0,6422.41,6485.33,6481.72,6552.38,6398.8,6338.69,6223.669583333333,663.8900424243931,5832.834047619048,-62.92000000000007,30.6,67.1,29.500000000000004,0.0,0.0,0.0
2025-11-11 20:00:00,20,1,11,315,-0.8660254037844386,0.5000000000000001,0.7818314824680298,0.6234898018587336,-0.5000000000000004,0.8660254037844384,0,0,3671.31,3765.08,3732.32,3428.0,3169.72,3752.29,3175.4075000000007,688.1716896951547,3218.57255952381,-93.76999999999998,21.4,80.7,25.724999999999998,0.0,0.0,1.0
2025-11-25 01:00:00,1,1,11,329,0.25881904510252074,0.9659258262890683,0.7818314824680298,0.6234898018587336,-0.5000000000000004,0.8660254037844384,0,0,2269.26,2556.13,2864.61,1945.77,2016.96,2061.61,3210.07875,794.5471951523801,3221.454345238095,-286.8699999999999,21.6,44.3,25.70416666666667,0.0,0.0,0.0
2025-12-27 09:00:00,9,5,12,361,0.7071067811865476,-0.7071067811865475,-0.9749279121818236,-0.2225209339563146,-2.4492935982947064e-16,1.0,1,0,4213.77,3796.51,3363.05,5012.35,4745.04,4853.6,3633.5641666666666,994.9393578152149,3625.309464285715,417.2600000000002,25.1,54.0,22.429166666666664,1.0,0.0,0.0
2025-10-19 23:00:00,23,6,10,292,-0.25881904510252157,0.9659258262890681,-0.7818314824680299,0.6234898018587334,-0.8660254037844386,0.5000000000000001,1,0,3728.66,3791.28,3905.46,3681.79,3694.66,3423.53,3653.4287500000005,382.36054938304994,3870.3069642857145,-62.620000000000346,25.6,48.3,29.82083333333333,0.0,0.0,0.0
2025-08-30 04:00:00,4,5,8,242,0.8660254037844386,0.5000000000000001,-0.9749279121818236,-0.2225209339563146,-0.8660254037844384,-0.5000000000000004,1,0,4521.33,4768.72,5071.78,4667.83,4345.52,5080.35,5410.1025,507.37010371258873,5307.674404761904,-247.39000000000033,22.6,98.0,28.15833333333333,0.0,1.0,0.0
2025-12-25 15:00:00,15,3,12,359,-0.7071067811865471,-0.7071067811865479,0.43388373911755823,-0.900968867902419,-2.4492935982947064e-16,1.0,0,1,3870.14,4191.73,4613.63,3898.8,3928.24,3910.19,3570.995833333334,946.1244432853046,3634.9611904761905,-321.5899999999997,26.3,47.0,21.870833333333334,0.0,0.0,0.0
2025-10-18 03:00:00,3,5,10,291,0.7071067811865475,0.7071067811865476,-0.9749279121818236,-0.2225209339563146,-0.8660254037844386,0.5000000000000001,1,0,3107.54,3272.04,3505.49,2842.35,2834.1,2723.4,4001.5275,632.8315709176057,3816.3391666666666,-164.5,27.1,56.9,29.88333333333333,0.0,0.0,0.0
2025-08-29 23:00:00,23,4,8,241,-0.25881904510252157,0.9659258262890681,-0.433883739117558,-0.9009688679024191,-0.8660254037844384,-0.5000000000000004,0,0,5590.4,5471.87,5566.98,6174.87,5587.64,6624.15,5503.011666666666,492.54549781163524,5335.480952380952,118.52999999999975,20.8,90.0,28.3625,0.0,1.0,0.0
2026-01-02 03:00:00,3,4,1,2,0.7071067811865475,0.7071067811865476,-0.433883739117558,-0.9009688679024191,0.49999999999999994,0.8660254037844387,0,0,1966.67,2166.86,2545.88,2089.59,1928.06,1896.77,3856.4812500000003,1152.461187071869,3698.8372619047614,-200.19000000000005,16.4,47.0,20.7375,0.0,0.0,0.0
2025-07-25 20:00:00,20,4,7,206,-0.8660254037844386,0.5000000000000001,-0.433883739117558,-0.9009688679024191,-0.4999999999999997,-0.8660254037844388,0,0,6529.82,6757.07,7096.52,6472.89,5755.69,5587.76,6368.341666666667,792.0669075584934,5611.619404761905,-227.25,23.4,96.5,28.67916666666667,0.0,0.0,1.0
2025-10-12 09:00:00,9,6,10,285,0.7071067811865476,-0.7071067811865475,-0.7818314824680299,0.6234898018587334,-0.8660254037844386,0.5000000000000001,1,0,3243.12,3137.72,2969.96,3895.28,4154.06,4479.26,3596.1570833333335,573.7771156232308,3977.491726190476,105.40000000000009,32.8,48.8,29.987499999999997,0.0,0.0,0.0
2025-07-24 23:00:00,23,3,7,205,-0.25881904510252157,0.9659258262890681,0.43388373911755823,-0.900968867902419,-0.4999999999999997,-0.8660254037844388,0,0,6997.19,6788.58,6472.89,6026.74,5908.21,5732.68,5809.57,905.5530413821898,5498.40630952381,208.60999999999967,25.0,77.9,28.254166666666663,1.0,0.0,0.0
2025-08-24 01:00:00,1,6,8,236,0.25881904510252074,0.9659258262890683,-0.7818314824680299,0.6234898018587334,-0.8660254037844384,-0.5000000000000004,1,0,5494.94,5597.28,5588.51,5990.6,6089.81,5508.72,5555.90375,461.3665459387246,5700.579285714285,-102.34000000000015,24.1,80.2,28.454166666666666,1.0,0.0,0.0
2025-10-27 00:00:00,0,0,10,300,0.0,1.0,0.0,1.0,-0.8660254037844386,0.5000000000000001,0,0,3146.6,3296.24,3414.49,2996.99,3147.41,3349.36,3325.8016666666667,433.901947786376,3467.5448214285716,-149.63999999999987,20.9,71.9,28.862499999999997,0.0,1.0,0.0
2025-06-30 06:00:00,6,0,6,181,1.0,6.123233995736766e-17,0.0,1.0,1.2246467991473532e-16,-1.0,0,0,4497.34,4647.23,4866.47,4827.65,5411.89,4960.38,5233.9470833333335,385.94308240512834,6219.310535714286,-149.88999999999942,29.7,58.2,31.25833333333333,0.0,0.0,0.0
2025-06-27 02:00:00,2,4,6,178,0.49999999999999994,0.8660254037844387,-0.433883739117558,-0.9009688679024191,1.2246467991473532e-16,-1.0,0,0,6820.81,7241.55,7444.66,6053.76,6147.28,5833.04,6494.897916666666,824.0836347751157,6184.798154761906,-420.7399999999998,23.0,89.9,30.833333333333332,0.0,1.0,0.0
2025-08-14 21:00:00,21,3,8,226,-0.7071067811865477,0.7071067811865474,0.43388373911755823,-0.900968867902419,-0.8660254037844384,-0.5000000000000004,0,0,5319.16,5411.37,5555.69,6580.2,6109.83,6650.47,5564.12875,613.5299346392029,5472.901904761905,-92.21000000000004,23.6,98.0,28.266666666666666,0.0,0.0,1.0
2025-08-13 17:00:00,17,2,8,225,-0.9659258262890683,-0.25881904510252063,0.9749279121818236,-0.22252093395631434,-0.8660254037844384,-0.5000000000000004,0,0,6546.57,6653.01,6588.58,6061.44,6075.06,6336.27,5731.953333333334,621.5011881248419,5528.285238095238,-106.44000000000051,30.8,76.4,28.6125,1.0,0.0,0.0
2025-08-01 04:00:00,4,4,8,213,0.8660254037844386,0.5000000000000001,-0.433883739117558,-0.9009688679024191,-0.8660254037844384,-0.5000000000000004,0,0,4613.96,4862.84,5143.02,4691.48,4872.86,5274.63,5363.842083333334,487.48018987603444,6000.586369047619,-248.8800000000001,22.0,91.5,28.474999999999998,0.0,0.0,1.0
2025-12-18 08:00:00,8,3,12,352,0.8660254037844387,-0.4999999999999998,0.43388373911755823,-0.900968867902419,-2.4492935982947064e-16,1.0,0,0,4208.06,3585.55,2683.9,4394.86,4321.47,3994.06,3531.4595833333333,939.1871981780868,3392.415,622.5100000000002,23.5,35.7,21.679166666666664,0.0,0.0,0.0
2025-12-29 20:00:00,20,0,12,363,-0.8660254037844386,0.5000000000000001,0.0,1.0,-2.4492935982947064e-16,1.0,0,0,4229.21,4340.03,4217.0,3647.24,3740.57,3987.67,3653.5245833333333,1061.0624862679285,3586.7604166666665,-110.81999999999971,23.6,44.0,21.704166666666666,0.0,0.0,0.0
2025-11-04 08:00:00,8,1,11,308,0.8660254037844387,-0.4999999999999998,0.7818314824680298,0.6234898018587336,-0.5000000000000004,0.8660254037844384,0,0,3527.58,3491.07,2893.63,3516.29,3264.88,3428.76,3424.1354166666665,569.5214257677849,3498.970059523809,36.50999999999976,23.3,67.1,25.141666666666666,0.0,1.0,0.0
2025-08-20 00:00:00,0,2,8,232,0.0,1.0,0.9749279121818236,-0.22252093395631434,-0.8660254037844384,-0.5000000000000004,0,0,6205.65,6192.83,5959.1,6077.93,5505.09,6087.41,5688.631249999999,538.2319471179558,5292.8758333333335,12.819999999999709,22.9,80.8,28.400000000000002,1.0,0.0,0.0
2025-10-02 10:00:00,10,3,10,275,0.49999999999999994,-0.8660254037844387,0.43388373911755823,-0.900968867902419,-0.8660254037844386,0.5000000000000001,0,1,4062.75,4110.31,4231.17,5408.15,6374.8,5666.52,5231.818749999999,639.1222582323057,5732.761369047619,-47.5600000000004,33.2,60.7,30.40833333333333,1.0,0.0,0.0
2025-11-28 17:00:00,17,4,11,332,-0.9659258262890683,-0.25881904510252063,-0.433883739117558,-0.9009688679024191,-0.5000000000000004,0.8660254037844384,0,0,3646.87,3656.49,3759.49,3909.38,3892.77,3933.71,3304.6391666666664,792.8562276869241,3214.535416666667,-9.61999999999989,28.0,47.2,25.525000000000002,0.0,0.0,0.0
2025-07-11 20:00:00,20,4,7,192,-0.8660254037844386,0.5000000000000001,-0.433883739117558,-0.9009688679024191,-0.4999999999999997,-0.8660254037844388,0,0,5785.8,5828.44,6077.48,5501.62,5251.12,6494.88,5461.568749999999,569.4854133056914,5900.3751785714285,-42.63999999999942,28.4,74.0,28.329166666666666,1.0,0.0,0.0
2025-09-18 14:00:00,14,3,9,261,-0.4999999999999997,-0.8660254037844388,0.43388373911755823,-0.900968867902419,-1.0,-1.8369701987210297e-16,0,0,6147.51,6321.19,6222.48,6792.77,6701.59,6278.76,5945.346666666665,652.2468898632236,5764.739107142857,-173.67999999999938,32.0,79.6,28.98333333333333,1.0,0.0,0.0
2025-12-20 21:00:00,21,5,12,354,-0.7071067811865477,0.7071067811865474,-0.9749279121818236,-0.2225209339563146,-2.4492935982947064e-16,1.0,1,0,3911.39,4106.24,4198.59,3443.17,3479.86,3163.91,3616.6870833333337,992.428479987937,3506.3332738095237,-194.8499999999999,17.7,56.3,21.9875,1.0,0.0,0.0
2025-09-16 02:00:00,2,1,9,259,0.49999999999999994,0.8660254037844387,0.7818314824680298,0.6234898018587336,-1.0,-1.8369701987210297e-16,0,0,6072.27,6457.17,6678.51,5464.05,5447.27,5044.07,5877.282083333333,661.1064248007876,5651.905952380952,-384.89999999999964,26.3,63.7,29.204166666666666,0.0,0.0,0.0
2025-08-30 10:00:00,10,5,8,242,0.49999999999999994,-0.8660254037844387,-0.9749279121818236,-0.2225209339563146,-0.8660254037844384,-0.5000000000000004,1,0,5054.14,4528.88,4386.02,5670.17,5802.36,5737.51,5317.541249999999,622.0948302261003,5291.964583333333,525.2600000000002,34.5,70.1,28.362499999999997,0.0,0.0,0.0
2025-12-18 02:00:00,2,3,12,352,0.49999999999999994,0.8660254037844387,0.43388373911755823,-0.900968867902419,-2.4492935982947064e-16,1.0,0,0,2094.35,2394.36,2801.03,1901.95,1992.64,2185.9,3522.9624999999996,948.0036531816211,3394.7895833333337,-300.0100000000002,15.8,44.5,21.708333333333332,0.0,0.0,0.0
2025-07-06 07:00:00,7,6,7,187,0.9659258262890683,-0.25881904510252063,-0.7818314824680299,0.6234898018587334,-0.4999999999999997,-0.8660254037844388,1,1,5097.78,5393.85,5637.49,5058.29,5191.35,4720.03,6306.289583333332,684.5807596750113,5929.62505952381,-296.0700000000006,25.3,96.3,28.683333333333337,0.0,1.0,0.0
2025-11-04 07:00:00,7,1,11,308,0.9659258262890683,-0.25881904510252063,0.7818314824680298,0.6234898018587336,-0.5000000000000004,0.8660254037844384,0,0,3491.07,2893.63,2496.98,3489.69,3151.13,3335.5,3422.556666666667,569.27466642381,3497.826726190476,597.44,27.6,41.6,25.216666666666665,0.0,0.0,0.0
2025-10-03 19:00:00,19,4,10,276,-0.9659258262890684,0.2588190451025203,-0.433883739117558,-0.9009688679024191,-0.8660254037844386,0.5000000000000001,0,0,5656.14,5670.37,5807.41,4257.56,5743.37,6125.4,4886.9087500000005,700.7366950221544,5516.571666666667,-14.229999999999563,31.4,49.4,29.608333333333334,0.0,0.0,0.0
2025-08-25 12:00:00,12,0,8,237,1.2246467991473532e-16,-1.0,0.0,1.0,-0.8660254037844384,-0.5000000000000004,0,0,5654.01,5550.41,5255.6,5413.49,6051.2,5901.6,5199.22,445.9083394210498,5695.918333333333,103.60000000000036,30.7,89.1,27.950000000000003,0.0,0.0,1.0
2025-07-26 10:00:00,10,5,7,207,0.49999999999999994,-0.8660254037844387,-0.9749279121818236,-0.2225209339563146,-0.4999999999999997,-0.8660254037844388,1,0,5434.49,4873.68,4855.26,6406.23,5784.14,5238.63,6392.6329166666665,888.0435481658253,5695.291249999999,560.8099999999995,31.2,90.2,28.358333333333334,0.0,0.0,1.0
2025-08-14 23:00:00,23,3,8,226,-0.25881904510252157,0.9659258262890681,0.43388373911755823,-0.900968867902419,-0.8660254037844384,-0.5000000000000004,0,0,5471.5,5356.32,5319.16,6759.63,6320.41,6973.5,5458.674166666667,507.9940892066149,5456.244523809523,115.18000000000029,25.6,73.0,28.383333333333336,1.0,0.0,0.0
2025-08-08 11:00:00,11,4,8,220,0.258819045102521,-0.9659258262890682,-0.433883739117558,-0.9009688679024191,-0.8660254037844384,-0.5000000000000004,0,0,5990.55,5466.74,4976.23,6062.3,5874.92,5785.56,6094.184166666667,716.4152480954266,5634.188869047619,523.8100000000004,29.9,93.8,27.15416666666667,0.0,1.0,0.0
2025-11-04 10:00:00,10,1,11,308,0.49999999999999994,-0.8660254037844387,0.7818314824680298,0.6234898018587336,-0.5000000000000004,0.8660254037844384,0,0,3913.83,3581.82,3527.58,3913.29,3749.12,4012.44,3428.108750000001,571.2105933459213,3500.252619047619,332.00999999999976,31.1,51.0,25.345833333333335,1.0,0.0,0.0
2025-11-06 18:00:00,18,3,11,310,-1.0,-1.8369701987210297e-16,0.43388373911755823,-0.900968867902419,-0.5000000000000004,0.8660254037844384,0,0,3960.19,3683.14,3695.89,4146.44,4206.34,4341.62,3390.955416666666,569.7078747689804,3471.0107142857137,277.0500000000002,23.5,47.1,25.39166666666667,0.0,0.0,0.0
2025-10-24 03:00:00,3,4,10,297,0.7071067811865475,0.7071067811865476,-0.433883739117558,-0.9009688679024191,-0.8660254037844386,0.5000000000000001,0,0,2788.84,2914.92,3131.76,2709.48,2817.31,2842.35,3489.9304166666666,460.414044071349,3613.6467261904754,-126.07999999999993,23.5,52.6,29.295833333333334,1.0,0.0,0.0
2025-07-25 10:00:00,10,4,7,206,0.49999999999999994,-0.8660254037844387,-0.433883739117558,-0.9009688679024191,-0.4999999999999997,-0.8660254037844388,0,0,5987.85,5334.6,5068.76,5784.14,5514.15,5725.53,6155.323333333334,647.9556765146367,5550.114702380953,653.25,32.0,90.2,28.683333333333334,0.0,1.0,0.0
2025-10-05 18:00:00,18,6,10,278,-1.0,-1.8369701987210297e-16,-0.7818314824680299,0.6234898018587334,-0.8660254037844386,0.5000000000000001,1,0,5098.83,5206.15,4972.84,5527.47,5656.14,5930.47,4871.116666666667,495.50025454887515,5283.41630952381,-107.31999999999971,32.1,47.4,30.058333333333337,0.0,0.0,0.0
2025-07-02 14:00:00,14,2,7,183,-0.4999999999999997,-0.8660254037844388,0.9749279121818236,-0.22252093395631434,-0.4999999999999997,-0.8660254037844388,0,0,6555.4,6379.49,6229.71,6203.95,5829.55,7008.38,5800.480833333334,597.0289882403473,5962.6725595238095,175.90999999999985,36.4,71.0,28.054166666666664,0.0,0.0,0.0
2025-09-14 14:00:00,14,6,9,257,-0.4999999999999997,-0.8660254037844388,-0.7818314824680299,0.6234898018587334,-1.0,-1.8369701987210297e-16,1,0,5602.25,5524.79,5399.82,6052.69,6264.42,5270.49,5536.70625,571.0693386424457,5517.355595238095,77.46000000000004,36.8,77.2,30.524999999999995,1.0,0.0,0.0
2025-10-26 22:00:00,22,6,10,299,-0.5000000000000004,0.8660254037844384,-0.7818314824680299,0.6234898018587334,-0.8660254037844386,0.5000000000000001,1,0,3414.49,3593.83,3797.22,3344.59,3501.16,3728.66,3329.6625000000004,433.1600063663249,3472.5629166666663,-179.34000000000015,26.8,49.2,28.912499999999998,0.0,0.0,0.0
2025-08-15 12:00:00,12,4,8,227,1.2246467991473532e-16,-1.0,-0.433883739117558,-0.9009688679024191,-0.8660254037844384,-0.5000000000000004,0,0,4232.29,4196.13,4058.78,5531.87,6007.12,6289.09,4981.194166666667,624.8517212762673,5366.570952380952,36.159999999999854,31.7,93.2,28.17083333333333,0.0,1.0,0.0
2025-12-11 23:00:00,23,3,12,345,-0.25881904510252157,0.9659258262890681,0.43388373911755823,-0.900968867902419,-2.4492935982947064e-16,1.0,0,0,3194.15,3377.54,3699.91,2790.94,2817.84,2586.1,3386.2454166666666,692.4031565433352,3350.1847023809523,-183.38999999999987,16.8,38.3,21.433333333333334,0.0,0.0,0.0
2025-07-21 02:00:00,2,0,7,202,0.49999999999999994,0.8660254037844387,0.0,1.0,-0.4999999999999997,-0.8660254037844388,0,0,5879.99,6292.39,6525.15,5353.32,5001.49,4999.54,5424.378333333333,664.1312708550596,5429.609107142857,-412.40000000000055,22.3,86.8,27.95,0.0,1.0,0.0
2025-08-01 03:00:00,3,4,8,213,0.7071067811865475,0.7071067811865476,-0.433883739117558,-0.9009688679024191,-0.8660254037844384,-0.5000000000000004,0,0,4862.84,5143.02,5490.07,4874.23,5078.99,5515.75,5374.6866666666665,472.74516761302357,6005.954166666666,-280.1800000000003,23.9,90.0,28.708333333333332,0.0,1.0,0.0
2025-07-30 20:00:00,20,2,7,211,-0.8660254037844386,0.5000000000000001,0.9749279121818236,-0.22252093395631434,-0.4999999999999997,-0.8660254037844388,0,0,5949.06,5948.29,6092.94,5972.63,6925.13,5755.69,5747.529166666667,589.8724110894676,6085.257321428571,0.7700000000004366,28.1,78.7,28.537499999999998,1.0,0.0,0.0
2025-12-16 02:00:00,2,1,12,350,0.49999999999999994,0.8660254037844387,0.7818314824680298,0.6234898018587336,-2.4492935982947064e-16,1.0,0,0,2135.45,2412.28,2720.4,2048.84,1945.27,2007.14,3456.7395833333335,853.1693980859269,3385.400714285714,-276.8300000000004,18.2,57.6,21.820833333333336,1.0,0.0,0.0
2025-08-10 18:00:00,18,6,8,222,-1.0,-1.8369701987210297e-16,-0.7818314824680299,0.6234898018587334,-0.8660254037844384,-0.5000000000000004,1,0,5196.92,5280.1,5402.88,4333.57,6350.69,5389.19,4627.3925,496.72766548992826,5546.2659523809525,-83.18000000000029,27.3,92.2,28.658333333333335,0.0,1.0,0.0
2025-09-14 09:00:00,9,6,9,257,0.7071067811865476,-0.7071067811865475,-0.7818314824680299,0.6234898018587334,-1.0,-1.8369701987210297e-16,1,0,4564.0,4577.79,4642.39,5007.03,5256.1,4559.98,5572.8012499999995,566.2678266265024,5509.7730357142855,-13.789999999999964,33.6,67.9,30.11666666666667,0.0,0.0,0.0
2025-11-27 21:00:00,21,3,11,331,-0.7071067811865477,0.7071067811865474,0.43388373911755823,-0.900968867902419,-0.5000000000000004,0.8660254037844384,0,0,3508.57,3832.42,3947.78,3165.44,3106.74,3142.66,3273.7858333333334,800.5937317631599,3218.454464285714,-323.8499999999999,22.2,60.9,26.191666666666666,1.0,0.0,0.0
2025-07-27 23:00:00,23,6,7,208,-0.25881904510252157,0.9659258262890681,-0.7818314824680299,0.6234898018587334,-0.4999999999999997,-0.8660254037844388,1,0,7259.24,7012.02,6506.25,7229.54,7316.9,6525.15,6096.576250000001,699.4985988537608,5868.5814880952385,247.21999999999935,27.1,70.5,28.400000000000002,0.0,0.0,0.0
2025-08-08 18:00:00,18,4,8,220,-1.0,-1.8369701987210297e-16,-0.433883739117558,-0.9009688679024191,-0.8660254037844384,-0.5000000000000004,0,0,6625.06,6907.31,7048.66,6353.08,6135.93,5831.44,6112.7425,728.5729739778151,5661.2420833333335,-282.25,31.7,83.1,27.39166666666667,1.0,0.0,0.0
2025-12-30 05:00:00,5,1,12,364,0.9659258262890683,0.25881904510252074,0.7818314824680298,0.6234898018587336,-2.4492935982947064e-16,1.0,0,0,2078.57,1890.91,2029.84,2667.56,2301.11,2699.54,3735.544583333334,1007.6658303744382,3589.713154761905,187.66000000000008,21.5,50.4,21.6125,0.0,0.0,0.0
2025-06-30 22:00:00,22,0,6,181,-0.5000000000000004,0.8660254037844384,0.0,1.0,1.2246467991473532e-16,-1.0,0,0,5617.44,5398.26,5495.54,5807.66,6534.63,6861.5,5341.413333333334,498.3371995613969,6121.692261904762,219.17999999999938,27.9,74.1,30.683333333333334,1.0,0.0,0.0
2025-10-12 22:00:00,22,6,10,285,-0.5000000000000004,0.8660254037844384,-0.7818314824680299,0.6234898018587334,-0.8660254037844386,0.5000000000000001,1,0,3700.3,3880.76,4045.41,3535.3,3533.83,5634.28,3498.145,487.6899356193458,3890.4083333333338,-180.46000000000004,26.5,48.2,29.59583333333333,0.0,0.0,0.0
2025-11-26 17:00:00,17,2,11,330,-0.9659258262890683,-0.25881904510252063,0.9749279121818236,-0.22252093395631434,-0.5000000000000004,0.8660254037844384,0,0,3559.16,3550.23,3612.31,3896.49,3756.32,3814.77,3265.7166666666667,812.4348894562897,3219.019702380953,8.929999999999836,23.0,76.1,25.133333333333336,0.0,0.0,1.0
2025-08-11 22:00:00,22,0,8,223,-0.5000000000000004,0.8660254037844384,0.0,1.0,-0.8660254037844384,-0.5000000000000004,0,0,6210.28,5970.74,5971.26,6043.44,4916.39,6262.6,5561.930416666667,639.8617439217749,5518.634880952381,239.53999999999996,23.8,85.2,28.1875,1.0,0.0,0.0
2025-08-12 23:00:00,23,1,8,224,-0.25881904510252157,0.9659258262890681,0.7818314824680298,0.6234898018587336,-0.8660254037844384,-0.5000000000000004,0,0,6296.76,6109.83,5870.16,6424.58,6075.86,6078.43,5595.772916666666,643.5611780552272,5514.881130952381,186.9300000000003,23.5,78.0,28.454166666666666,1.0,0.0,0.0
2025-07-30 12:00:00,12,2,7,211,1.2246467991473532e-16,-1.0,0.9749279121818236,-0.22252093395631434,-0.4999999999999997,-0.8660254037844388,0,0,6001.53,5880.66,5535.61,5963.63,6717.62,5692.2,5689.5545833333335,543.8000634662669,6067.172976190476,120.86999999999989,32.1,77.6,28.25833333333333,1.0,0.0,0.0
2025-08-10 02:00:00,2,6,8,222,0.49999999999999994,0.8660254037844387,-0.7818314824680299,0.6234898018587334,-0.8660254037844384,-0.5000000000000004,1,0,4584.56,4816.53,4932.12,5551.51,5840.26,4904.5,4620.52625,356.56804921380683,5579.778630952381,-231.96999999999935,23.3,93.6,28.849999999999998,0.0,1.0,0.0
2025-11-21 12:00:00,12,4,11,325,1.2246467991473532e-16,-1.0,-0.433883739117558,-0.9009688679024191,-0.5000000000000004,0.8660254037844384,0,0,4256.25,4314.22,4252.02,3966.61,4055.28,4116.09,3313.2625000000003,787.1453610757665,3191.663333333334,-57.970000000000255,33.1,43.3,25.366666666666664,0.0,0.0,0.0
2025-12-30 04:00:00,4,1,12,364,0.8660254037844386,0.5000000000000001,0.7818314824680298,0.6234898018587336,-2.4492935982947064e-16,1.0,0,0,1890.91,2029.84,2221.95,1970.45,1911.6,2062.96,3731.039583333333,1015.6061978357886,3589.6202380952386,-138.92999999999984,16.6,51.9,21.462500000000002,1.0,0.0,0.0
2026-01-05 15:00:00,15,0,1,5,-0.7071067811865471,-0.7071067811865479,0.0,1.0,0.49999999999999994,0.8660254037844387,0,0,4369.2,4697.87,5111.53,4013.31,4148.12,3998.75,3795.63625,1131.0198111739567,3820.150238095238,-328.6700000000001,26.7,40.6,21.349999999999998,0.0,0.0,0.0
2025-12-04 03:00:00,3,3,12,338,0.7071067811865475,0.7071067811865476,0.43388373911755823,-0.900968867902419,-2.4492935982947064e-16,1.0,0,0,2132.69,2259.73,2456.1,2040.3,1780.56,1801.75,3393.339583333333,721.7538041072935,3264.6973214285717,-127.03999999999996,17.4,48.2,21.849999999999998,0.0,0.0,0.0
2025-06-28 12:00:00,12,5,6,179,1.2246467991473532e-16,-1.0,-0.9749279121818236,-0.2225209339563146,1.2246467991473532e-16,-1.0,1,0,6601.4,6302.47,5838.36,7050.54,6933.1,6303.58,6685.230416666666,772.4827390247101,6328.066309523811,298.9299999999994,33.3,88.7,31.854166666666668,0.0,0.0,1.0
2025-08-22 19:00:00,19,4,8,234,-0.9659258262890684,0.2588190451025203,-0.433883739117558,-0.9009688679024191,-0.8660254037844384,-0.5000000000000004,0,0,6222.32,6390.62,6552.69,6361.91,6233.22,4524.33,6068.071666666667,621.8395509794534,5562.160773809524,-168.30000000000018,29.1,80.6,27.8125,1.0,0.0,0.0
2025-12-07 09:00:00,9,6,12,341,0.7071067811865476,-0.7071067811865475,-0.7818314824680299,0.6234898018587334,-2.4492935982947064e-16,1.0,1,0,3839.88,3443.1,2790.99,4297.27,4385.24,4097.22,3185.685833333333,836.1950297727949,3304.768154761905,396.7800000000002,26.1,31.0,21.920833333333334,0.0,0.0,0.0
2025-12-09 01:00:00,1,1,12,343,0.25881904510252074,0.9659258262890683,0.7818314824680298,0.6234898018587336,-2.4492935982947064e-16,1.0,0,0,2303.25,2724.27,3124.2,1878.49,1993.76,1978.89,3329.002916666667,871.9366786267537,3326.461726190476,-421.02,17.6,43.8,21.90833333333333,0.0,0.0,0.0
2025-12-12 04:00:00,4,4,12,346,0.8660254037844386,0.5000000000000001,-0.433883739117558,-0.9009688679024191,-2.4492935982947064e-16,1.0,0,0,1902.57,1992.09,2122.62,2239.86,2165.78,1922.03,3353.4287500000005,747.6941443869918,3354.4748809523803,-89.51999999999998,16.8,60.4,21.05,1.0,0.0,0.0
2025-10-24 18:00:00,18,4,10,297,-1.0,-1.8369701987210297e-16,-0.433883739117558,-0.9009688679024191,-0.8660254037844386,0.5000000000000001,0,0,4227.59,4090.93,4142.71,4028.28,3906.18,4745.78,3603.4691666666663,531.4301506224803,3582.3222023809526,136.6600000000003,31.4,46.1,29.266666666666666,0.0,0.0,0.0
2025-11-29 13:00:00,13,5,11,333,-0.2588190451025208,-0.9659258262890683,-0.9749279121818236,-0.2225209339563146,-0.5000000000000004,0.8660254037844384,1,0,3977.9,4113.91,4188.1,3940.14,3739.38,3587.29,3336.2858333333334,719.9024617623583,3226.4689880952383,-136.00999999999976,32.3,41.4,25.541666666666668,0.0,0.0,0.0
2025-07-06 02:00:00,2,6,7,187,0.49999999999999994,0.8660254037844387,-0.7818314824680299,0.6234898018587334,-0.4999999999999997,-0.8660254037844388,1,1,6590.72,6981.14,7139.85,6080.76,6257.92,5766.32,6276.364166666667,712.1233110055746,5919.463333333333,-390.4200000000001,25.7,70.3,29.012500000000003,0.0,0.0,0.0
2025-11-16 00:00:00,0,6,11,320,0.0,1.0,-0.7818314824680299,0.6234898018587334,-0.5000000000000004,0.8660254037844384,1,0,2459.01,2718.57,2946.13,2325.52,2340.74,2294.12,3089.7645833333336,658.0904020955732,3155.3086904761913,-259.55999999999995,21.7,48.0,25.224999999999998,0.0,0.0,0.0
2025-09-23 20:00:00,20,1,9,266,-0.8660254037844386,0.5000000000000001,0.7818314824680298,0.6234898018587336,-1.0,-1.8369701987210297e-16,0,0,5926.42,5952.45,6081.67,6038.49,5803.0,6276.84,5757.173333333333,601.7993723295579,5852.901011904762,-26.029999999999745,28.7,70.8,29.041666666666668,1.0,0.0,0.0
2025-07-14 20:00:00,20,0,7,195,-0.8660254037844386,0.5000000000000001,0.0,1.0,-0.4999999999999997,-0.8660254037844388,0,0,5314.6,5641.95,5945.81,5044.9,5384.76,5923.51,5313.178333333333,563.9509830817404,5585.275773809523,-327.34999999999945,29.5,73.9,28.079166666666666,0.0,0.0,0.0
2025-11-13 22:00:00,22,3,11,317,-0.5000000000000004,0.8660254037844384,0.43388373911755823,-0.900968867902419,-0.5000000000000004,0.8660254037844384,0,0,3104.24,3472.53,3764.18,2936.5,2862.22,2994.39,3200.82875,709.6365979994029,3159.0207738095237,-368.2900000000004,23.4,47.3,24.97083333333333,0.0,0.0,0.0
2025-09-27 16:00:00,16,5,9,270,-0.8660254037844384,-0.5000000000000004,-0.9749279121818236,-0.2225209339563146,-1.0,-1.8369701987210297e-16,1,0,6462.07,6336.37,6035.69,6553.35,6369.86,6360.29,5825.8675,609.2467484864582,5727.602738095238,125.69999999999982,35.5,56.3,29.254166666666666,0.0,0.0,0.0
2025-11-29 20:00:00,20,5,11,333,-0.8660254037844386,0.5000000000000001,-0.9749279121818236,-0.2225209339563146,-0.5000000000000004,0.8660254037844384,1,0,3628.89,3736.51,3721.36,3691.81,3508.57,3314.39,3264.1454166666667,679.8186894855043,3228.3645833333335,-107.62000000000035,21.2,65.6,25.037499999999998,0.0,1.0,0.0
2026-01-09 07:00:00,7,4,1,9,0.9659258262890683,-0.25881904510252063,-0.433883739117558,-0.9009688679024191,0.49999999999999994,0.8660254037844387,0,0,3775.99,2844.82,2195.66,4359.92,4628.53,4223.31,3911.11,1096.0293233462392,3912.339880952381,931.1699999999996,21.5,39.4,20.908333333333335,0.0,0.0,0.0
2025-09-16 19:00:00,19,1,9,259,-0.9659258262890684,0.2588190451025203,0.7818314824680298,0.6234898018587336,-1.0,-1.8369701987210297e-16,0,0,6251.23,6504.3,6729.77,6159.12,5784.27,6027.31,5976.510416666667,653.7283783072164,5686.433273809524,-253.07000000000062,28.8,67.9,29.97083333333333,0.0,0.0,0.0
2025-07-08 11:00:00,11,1,7,189,0.258819045102521,-0.9659258262890682,0.7818314824680298,0.6234898018587336,-0.4999999999999997,-0.8660254037844388,0,0,6222.07,5811.54,5076.55,5715.29,5742.59,5697.85,5857.675416666666,552.5959771839069,6100.670476190476,410.52999999999975,30.0,94.0,27.7625,0.0,0.0,1.0
2025-09-01 03:00:00,3,0,9,244,0.7071067811865475,0.7071067811865476,0.0,1.0,-1.0,-1.8369701987210297e-16,0,0,4558.21,4832.95,5194.08,4800.43,4521.33,4634.27,4869.25125,310.8218422926765,5261.832261904761,-274.7399999999998,26.9,61.4,28.525000000000002,0.0,0.0,0.0
2025-07-24 21:00:00,21,3,7,205,-0.7071067811865477,0.7071067811865474,0.43388373911755823,-0.900968867902419,-0.4999999999999997,-0.8660254037844388,0,0,6472.89,6384.35,6348.25,5898.87,5807.73,5851.88,5731.518333333333,844.293401941726,5484.693392857143,88.53999999999996,27.7,66.3,28.316666666666666,0.0,0.0,0.0
2025-09-23 22:00:00,22,1,9,266,-0.5000000000000004,0.8660254037844384,0.7818314824680298,0.6234898018587336,-1.0,-1.8369701987210297e-16,0,0,6022.97,5799.59,5926.42,6568.57,6425.36,6889.82,5734.064166666667,588.7372884027435,5846.581488095238,223.3800000000001,24.3,95.2,28.808333333333334,0.0,0.0,1.0
2025-09-28 09:00:00,9,6,9,271,0.7071067811865476,-0.7071067811865475,-0.7818314824680299,0.6234898018587334,-1.0,-1.8369701987210297e-16,1,0,4755.81,4791.39,4881.81,5352.86,5451.24,4807.21,5900.425833333334,601.1078854112957,5749.917916666666,-35.57999999999993,30.0,82.8,29.491666666666664,0.0,0.0,1.0
2025-11-15 21:00:00,21,5,11,319,-0.7071067811865477,0.7071067811865474,-0.9749279121818236,-0.2225209339563146,-0.5000000000000004,0.8660254037844384,1,0,3258.34,3502.8,3597.67,3122.21,3104.24,2975.51,3111.1204166666666,648.393753439897,3156.0085119047617,-244.46000000000004,24.6,42.3,25.254166666666666,0.0,0.0,0.0
2026-01-09 00:00:00,0,4,1,9,0.0,1.0,-0.433883739117558,-0.9009688679024191,0.49999999999999994,0.8660254037844387,0,0,3033.66,3527.06,3685.31,2788.7,2746.08,2545.88,3882.8054166666666,1116.0885365027702,3900.015357142857,-493.4000000000001,16.5,38.3,20.741666666666667,0.0,0.0,0.0
2025-07-16 20:00:00,20,2,7,197,-0.8660254037844386,0.5000000000000001,0.9749279121818236,-0.22252093395631434,-0.4999999999999997,-0.8660254037844388,0,0,5814.21,5911.38,6167.73,5631.94,5255.37,5251.12,5606.949166666666,626.699105360907,5373.216785714285,-97.17000000000007,25.8,87.5,28.0625,0.0,1.0,0.0
2025-10-17 07:00:00,7,4,10,290,0.9659258262890683,-0.25881904510252063,-0.433883739117558,-0.9009688679024191,-0.8660254037844386,0.5000000000000001,0,0,3631.58,3159.83,2854.55,3628.56,3673.84,3423.44,3900.9912499999996,609.1294032884882,3786.000178571429,471.75,28.6,66.0,29.5125,1.0,0.0,0.0
2025-09-15 07:00:00,7,0,9,258,0.9659258262890683,-0.25881904510252063,0.0,1.0,-1.0,-1.8369701987210297e-16,0,0,4835.33,4805.55,4930.88,4577.79,4560.74,4409.07,5521.135416666667,564.3315788110019,5603.086666666666,29.779999999999745,30.0,71.0,29.416666666666668,1.0,0.0,0.0
2025-10-01 13:00:00,13,2,10,274,-0.2588190451025208,-0.9659258262890683,0.9749279121818236,-0.22252093395631434,-0.8660254037844386,0.5000000000000001,0,0,5735.88,5619.84,5408.15,5301.61,6606.51,5890.03,5086.202916666666,510.22104700237225,5796.027619047619,116.03999999999996,32.2,67.5,28.337500000000002,0.0,0.0,1.0
2025-07-01 21:00:00,21,1,7,182,-0.7071067811865477,0.7071067811865474,0.7818314824680298,0.6234898018587336,-0.4999999999999997,-0.8660254037844388,0,0,5858.56,5791.75,5875.01,5617.44,5536.76,6776.31,5454.69,619.7723183767674,6013.63494047619,66.8100000000004,24.6,91.5,27.8875,0.0,1.0,0.0
2025-11-07 10:00:00,10,4,11,311,0.49999999999999994,-0.8660254037844387,-0.433883739117558,-0.9009688679024191,-0.5000000000000004,0.8660254037844384,0,0,3896.87,3580.01,3585.71,3922.55,4111.76,4428.77,3307.228333333333,639.7887890116434,3442.0642261904763,316.8599999999997,27.0,55.2,24.991666666666664,1.0,0.0,0.0
2026-01-07 01:00:00,1,2,1,7,0.25881904510252074,0.9659258262890683,0.9749279121818236,-0.22252093395631434,0.49999999999999994,0.8660254037844387,0,0,2746.08,3415.59,3998.42,2502.43,2168.62,2216.11,4141.194583333333,1199.792063487896,3888.6307738095243,-669.5100000000002,14.7,54.0,21.1875,1.0,0.0,0.0
2025-08-02 18:00:00,18,5,8,214,-1.0,-1.8369701987210297e-16,-0.9749279121818236,-0.2225209339563146,-0.8660254037844384,-0.5000000000000004,1,0,5957.93,6034.65,6101.54,5831.44,5611.64,6348.69,5398.4675,580.6727997856327,5810.446904761904,-76.71999999999935,33.1,64.2,28.599999999999998,0.0,0.0,0.0
2025-08-24 15:00:00,15,6,8,236,-0.7071067811865471,-0.7071067811865479,-0.7818314824680299,0.6234898018587334,-0.8660254037844384,-0.5000000000000004,1,0,5538.61,5385.6,5413.49,6309.66,6670.85,5694.75,5191.17125,560.9858168734504,5694.461785714286,153.0099999999993,32.8,86.2,28.033333333333335,1.0,0.0,0.0
2025-12-18 22:00:00,22,3,12,352,-0.5000000000000004,0.8660254037844384,0.43388373911755823,-0.900968867902419,-2.4492935982947064e-16,1.0,0,0,3479.86,3788.1,4097.07,3170.66,3127.36,3194.15,3564.1591666666664,956.4896230575176,3422.222916666667,-308.2399999999998,18.7,49.4,21.529166666666665,0.0,0.0,0.0
2025-07-01 09:00:00,9,1,7,182,0.7071067811865476,-0.7071067811865475,0.7818314824680298,0.6234898018587336,-0.4999999999999997,-0.8660254037844388,0,0,4626.43,4452.77,4408.98,5178.16,5023.46,5825.18,5326.4075,512.8395041018393,6064.449047619048,173.65999999999985,30.4,89.0,29.908333333333335,0.0,1.0,0.0
2025-10-03 16:00:00,16,4,10,276,-0.8660254037844384,-0.5000000000000004,-0.433883739117558,-0.9009688679024191,-0.8660254037844386,0.5000000000000001,0,0,5877.84,5805.91,5518.42,4423.02,5905.37,6553.35,4716.181250000001,640.368061639527,5528.131369047619,71.93000000000029,33.4,63.6,29.791666666666668,1.0,0.0,0.0
2025-12-26 06:00:00,6,4,12,360,1.0,6.123233995736766e-17,-0.433883739117558,-0.9009688679024191,-2.4492935982947064e-16,1.0,0,0,2689.89,2052.88,1896.77,3141.99,3586.17,3648.57,3532.224166666667,924.4958166101969,3634.0789285714286,637.0099999999998,21.9,40.6,21.591666666666665,0.0,0.0,0.0
2025-10-20 12:00:00,12,0,10,293,1.2246467991473532e-16,-1.0,0.0,1.0,-0.8660254037844386,0.5000000000000001,0,1,3559.03,3519.82,3394.83,4107.09,4496.41,4493.13,3538.6654166666667,409.58435753700707,3851.6498214285716,39.210000000000036,36.7,46.9,30.020833333333332,0.0,0.0,0.0
2025-08-10 01:00:00,1,6,8,222,0.25881904510252074,0.9659258262890683,-0.7818314824680299,0.6234898018587334,-0.8660254037844384,-0.5000000000000004,1,0,4816.53,4932.12,4916.39,5899.66,6272.08,5434.62,4675.3220833333335,441.68970883053805,5584.838511904762,-115.59000000000015,24.3,94.3,28.90416666666667,0.0,1.0,0.0
2025-09-09 09:00:00,9,1,9,252,0.7071067811865476,-0.7071067811865475,0.7818314824680298,0.6234898018587336,-1.0,-1.8369701987210297e-16,0,0,4752.25,4618.83,4583.71,5230.48,4559.98,4879.58,5474.8324999999995,564.9645275686688,4931.144345238095,133.42000000000007,32.0,76.6,29.129166666666663,0.0,1.0,0.0
2025-12-21 08:00:00,8,6,12,355,0.8660254037844387,-0.4999999999999998,-0.7818314824680299,0.6234898018587334,-2.4492935982947064e-16,1.0,1,0,3601.5,2882.87,2294.54,4431.85,4615.0,3772.25,3556.723333333334,1033.4458313718021,3516.7282738095237,718.6300000000001,25.2,49.5,21.666666666666668,0.0,0.0,0.0
2026-01-07 06:00:00,6,2,1,7,1.0,6.123233995736766e-17,0.9749279121818236,-0.22252093395631434,0.49999999999999994,0.8660254037844387,0,0,2673.52,2107.45,1986.9,3620.81,3515.03,3615.94,4128.1050000000005,1219.9283157379205,3890.038035714286,566.0700000000002,19.2,43.0,21.1125,0.0,0.0,0.0
2026-01-02 04:00:00,4,4,1,2,0.8660254037844386,0.5000000000000001,-0.433883739117558,-0.9009688679024191,0.49999999999999994,0.8660254037844387,0,0,1844.11,1966.67,2166.86,2241.86,2066.28,2052.88,3846.252916666667,1169.7836779674205,3698.52380952381,-122.56000000000017,16.2,45.4,20.8,0.0,0.0,0.0
2025-08-22 01:00:00,1,4,8,234,0.25881904510252074,0.9659258262890683,-0.433883739117558,-0.9009688679024191,-0.8660254037844384,-0.5000000000000004,0,0,6518.93,6820.78,6822.58,5998.28,5582.5,5058.1,6050.21375,700.2909666567092,5391.833928571428,-301.84999999999945,21.6,96.6,28.616666666666664,0.0,1.0,0.0
2025-10-16 06:00:00,6,3,10,289,1.0,6.123233995736766e-17,0.43388373911755823,-0.900968867902419,-0.8660254037844386,0.5000000000000001,0,0,3129.86,2843.49,2834.1,3678.69,3631.27,3518.92,3914.7833333333333,624.6388755786052,3769.132797619048,286.37000000000035,28.2,59.3,28.95,1.0,0.0,0.0
2025-07-30 19:00:00,19,2,7,211,-0.9659258262890684,0.2588190451025203,0.9749279121818236,-0.22252093395631434,-0.4999999999999997,-0.8660254037844388,0,0,5948.29,6092.94,6361.55,5952.81,6716.52,5749.9,5747.685416666667,589.928609136808,6084.071845238095,-144.64999999999964,23.9,96.1,28.45,0.0,1.0,0.0
2025-07-30 14:00:00,14,2,7,211,-0.4999999999999997,-0.8660254037844388,0.9749279121818236,-0.22252093395631434,-0.4999999999999997,-0.8660254037844388,0,0,6073.51,6043.46,6001.53,6080.44,7403.28,5910.51,5702.4875,550.5544548216125,6072.06880952381,30.050000000000182,33.5,96.8,28.354166666666668,0.0,1.0,0.0
2025-07-19 04:00:00,4,5,7,200,0.8660254037844386,0.5000000000000001,-0.9749279121818236,-0.2225209339563146,-0.4999999999999997,-0.8660254037844388,1,0,4707.75,5001.49,5336.65,4535.3,4741.51,4733.91,5429.580833333333,572.2076993609849,5395.262380952381,-293.7399999999998,24.0,89.9,28.7375,0.0,1.0,0.0
2025-07-01 23:00:00,23,1,7,182,-0.25881904510252157,0.9659258262890681,0.7818314824680298,0.6234898018587336,-0.4999999999999997,-0.8660254037844388,0,0,6491.03,6138.93,5858.56,5878.63,5845.77,7106.34,5503.28625,663.9944643680684,6006.301845238095,352.09999999999945,21.6,97.1,27.675,0.0,1.0,0.0
2025-11-19 12:00:00,12,2,11,323,1.2246467991473532e-16,-1.0,0.9749279121818236,-0.22252093395631434,-0.5000000000000004,0.8660254037844384,0,0,4183.65,4215.36,4156.28,3942.38,3938.57,3862.17,3266.599583333333,779.2779027127593,3174.2766666666666,-31.710000000000036,27.2,67.0,25.537499999999998,0.0,1.0,0.0
2025-12-25 13:00:00,13,3,12,359,-0.2588190451025208,-0.9659258262890683,0.43388373911755823,-0.900968867902419,-2.4492935982947064e-16,1.0,0,1,4613.63,4845.83,4823.36,4241.09,4238.25,4100.61,3579.6375000000003,950.2845515457803,3635.097678571429,-232.19999999999982,28.7,37.8,21.724999999999998,0.0,0.0,0.0
2025-10-02 04:00:00,4,3,10,275,0.8660254037844386,0.5000000000000001,0.43388373911755823,-0.900968867902419,-0.8660254037844386,0.5000000000000001,0,1,4714.35,4980.56,5238.09,4242.61,5494.81,4905.43,5275.284166666666,585.4611032408543,5753.03125,-266.21000000000004,28.0,47.5,29.975000000000005,0.0,0.0,0.0
2025-12-03 17:00:00,17,2,12,337,-0.9659258262890683,-0.25881904510252063,0.9749279121818236,-0.22252093395631434,-2.4492935982947064e-16,1.0,0,0,3602.91,3635.71,3690.55,3733.62,3734.44,3892.77,3355.56375,722.4979097416351,3256.5489285714284,-32.80000000000018,24.7,46.8,21.695833333333336,0.0,0.0,0.0
2025-08-14 11:00:00,11,3,8,226,0.258819045102521,-0.9659258262890682,0.43388373911755823,-0.900968867902419,-0.8660254037844384,-0.5000000000000004,0,0,5387.62,5062.04,4729.14,5929.0,5714.44,6062.3,5876.032083333333,724.211025251258,5529.3452380952385,325.5799999999999,32.4,93.1,28.866666666666664,0.0,1.0,0.0
2025-12-03 20:00:00,20,2,12,337,-0.8660254037844386,0.5000000000000001,0.9749279121818236,-0.22252093395631434,-2.4492935982947064e-16,1.0,0,0,3850.43,3905.84,3895.13,3484.77,3507.77,3512.63,3371.6491666666666,733.0181917899314,3256.8915476190477,-55.41000000000031,21.9,44.0,21.504166666666666,0.0,0.0,0.0
2025-08-28 00:00:00,0,3,8,240,0.0,1.0,0.43388373911755823,-0.900968867902419,-0.8660254037844384,-0.5000000000000004,0,0,5587.64,5630.77,5456.94,5204.39,5333.5,6452.06,5186.750416666667,533.360324729438,5479.502440476191,-43.13000000000011,20.2,98.0,28.129166666666666,0.0,0.0,1.0
2025-09-08 05:00:00,5,0,9,251,0.9659258262890683,0.25881904510252074,0.0,1.0,-1.0,-1.8369701987210297e-16,0,0,4067.5,4235.98,4455.38,4133.68,4069.12,4130.95,4823.142916666667,456.5282743230259,4798.868392857143,-168.47999999999956,22.4,83.6,29.30416666666667,0.0,0.0,1.0
2025-11-29 01:00:00,1,5,11,333,0.25881904510252074,0.9659258262890683,-0.9749279121818236,-0.2225209339563146,-0.5000000000000004,0.8660254037844384,1,0,2471.15,2694.71,3270.51,2075.34,2009.92,2096.09,3349.3408333333336,777.10883818847,3219.5535119047618,-223.55999999999995,21.0,42.7,25.50833333333333,0.0,0.0,0.0
2026-01-10 13:00:00,13,5,1,10,-0.2588190451025208,-0.9659258262890683,-0.9749279121818236,-0.2225209339563146,0.49999999999999994,0.8660254037844387,1,0,5212.48,5497.69,5512.06,5377.38,4944.48,4557.86,4146.9675,1151.7031710556298,3971.9724404761905,-285.21000000000004,26.4,36.1,20.133333333333333,0.0,0.0,0.0
2025-11-16 03:00:00,3,6,11,320,0.7071067811865475,0.7071067811865476,-0.7818314824680299,0.6234898018587334,-0.5000000000000004,0.8660254037844384,1,0,1867.9,1984.46,2180.0,1912.51,1920.44,1915.48,3073.943333333333,682.5183617066477,3153.5329761904763,-116.55999999999995,22.8,48.5,25.53333333333333,0.0,0.0,0.0
2025-07-06 20:00:00,20,6,7,187,-0.8660254037844386,0.5000000000000001,-0.7818314824680299,0.6234898018587334,-0.4999999999999997,-0.8660254037844388,1,1,6054.55,5827.61,5929.36,6646.55,6494.88,5255.41,6015.49625,672.5679357818518,5968.801369047619,226.9400000000005,24.4,98.0,28.287499999999998,0.0,0.0,1.0
2025-12-08 19:00:00,19,0,12,342,-0.9659258262890684,0.2588190451025203,0.0,1.0,-2.4492935982947064e-16,1.0,0,0,3953.13,3888.26,3606.14,3507.97,3792.96,3825.03,3263.805,883.4539716609654,3323.010952380953,64.86999999999989,22.1,47.8,21.829166666666666,0.0,0.0,0.0
2025-11-15 09:00:00,9,5,11,319,0.7071067811865476,-0.7071067811865475,-0.9749279121818236,-0.2225209339563146,-0.5000000000000004,0.8660254037844384,1,0,3597.93,3453.47,3182.69,4109.48,3923.0,3680.1,3239.4075,754.2394038872163,3155.0986904761908,144.46000000000004,29.5,46.5,25.491666666666664,0.0,0.0,0.0
2025-07-01 11:00:00,11,1,7,182,0.258819045102521,-0.9659258262890682,0.7818314824680298,0.6234898018587336,-0.4999999999999997,-0.8660254037844388,0,0,5504.56,5161.89,4626.43,5586.5,5297.94,6549.19,5328.16875,513.7900777497078,6055.976071428572,342.6700000000001,30.9,95.8,29.82916666666667,0.0,1.0,0.0
2025-12-28 01:00:00,1,6,12,362,0.25881904510252074,0.9659258262890683,-0.7818314824680299,0.6234898018587334,-2.4492935982947064e-16,1.0,1,0,2419.18,2830.66,3255.2,2213.25,2171.46,2097.55,3457.317916666667,856.7727442229609,3604.3017857142854,-411.48,15.5,51.0,22.112499999999997,1.0,0.0,0.0
2025-12-12 21:00:00,21,4,12,346,-0.7071067811865477,0.7071067811865474,-0.433883739117558,-0.9009688679024191,-2.4492935982947064e-16,1.0,0,0,3762.02,4019.96,4078.59,3377.54,3389.31,3299.33,3497.600416666666,879.9869451031873,3360.604107142857,-257.94000000000005,19.4,50.7,21.3625,0.0,0.0,0.0
2025-09-17 06:00:00,6,2,9,260,1.0,6.123233995736766e-17,0.9749279121818236,-0.22252093395631434,-1.0,-1.8369701987210297e-16,0,0,4958.44,5167.69,5418.73,4853.52,4835.33,4805.68,6019.605833333334,684.7206401973981,5711.594345238095,-209.25,25.8,87.0,29.570833333333336,0.0,1.0,0.0
2025-07-19 15:00:00,15,5,7,200,-0.7071067811865471,-0.7071067811865479,-0.9749279121818236,-0.2225209339563146,-0.4999999999999997,-0.8660254037844388,1,0,5846.84,5580.17,5522.79,6147.66,6291.16,6257.86,5286.29,574.5199188509871,5378.273869047619,266.6700000000001,34.9,62.2,28.275000000000002,0.0,0.0,0.0
2025-10-31 09:00:00,9,4,10,304,0.7071067811865476,-0.7071067811865475,-0.433883739117558,-0.9009688679024191,-0.8660254037844386,0.5000000000000001,0,0,3748.08,3671.13,3561.95,4063.5,3897.78,3935.5,3603.210833333333,598.8404156652343,3502.733095238095,76.94999999999982,33.6,59.4,29.983333333333334,0.0,0.0,0.0
2025-10-09 22:00:00,22,3,10,282,-0.5000000000000004,0.8660254037844384,0.43388373911755823,-0.900968867902419,-0.8660254037844386,0.5000000000000001,0,0,3733.21,4105.84,4491.83,3600.85,3654.56,4912.84,3798.08625,642.2200416545455,4476.706130952381,-372.6300000000001,25.9,55.9,29.004166666666663,1.0,0.0,0.0
2025-12-13 22:00:00,22,5,12,347,-0.5000000000000004,0.8660254037844384,-0.9749279121818236,-0.2225209339563146,-2.4492935982947064e-16,1.0,1,0,3163.91,3434.07,3666.21,3036.0,3194.15,3011.53,3229.7816666666663,794.545874942701,3356.3249404761905,-270.1600000000003,16.9,52.2,21.558333333333334,1.0,0.0,0.0
2025-07-31 23:00:00,23,3,7,212,-0.25881904510252157,0.9659258262890681,0.43388373911755823,-0.900968867902419,-0.4999999999999997,-0.8660254037844388,0,0,5719.32,5569.15,5505.64,6092.05,6351.98,7003.27,5428.352916666667,484.5685687781043,6033.098392857143,150.17000000000007,20.0,98.0,28.65416666666667,0.0,1.0,0.0
2025-12-25 02:00:00,2,3,12,359,0.49999999999999994,0.8660254037844387,0.43388373911755823,-0.900968867902419,-2.4492935982947064e-16,1.0,0,1,2173.82,2521.4,2989.55,1974.42,1997.61,1945.96,3667.700833333333,998.9127603024044,3640.6112500000004,-347.5799999999999,18.2,46.5,21.46666666666667,0.0,0.0,0.0
2025-11-23 05:00:00,5,6,11,327,0.9659258262890683,0.25881904510252074,-0.7818314824680299,0.6234898018587334,-0.5000000000000004,0.8660254037844384,1,0,1888.99,1821.68,1901.76,2521.24,2662.47,2110.59,3116.9995833333337,721.9132222780509,3204.678928571428,67.30999999999995,24.4,41.2,25.94583333333333,0.0,0.0,0.0
2025-10-23 03:00:00,3,3,10,296,0.7071067811865475,0.7071067811865476,0.43388373911755823,-0.900968867902419,-0.8660254037844386,0.5000000000000001,0,1,2827.16,2978.66,3151.84,2817.31,2911.25,2834.1,3447.755833333333,370.817069244134,3671.7903571428574,-151.5,27.1,65.8,29.754166666666666,1.0,0.0,0.0
2025-09-16 11:00:00,11,1,9,259,0.258819045102521,-0.9659258262890682,0.7818314824680298,0.6234898018587336,-1.0,-1.8369701987210297e-16,0,0,5892.64,5509.79,4911.62,5932.66,5399.82,5833.41,5922.423749999999,615.6107071900896,5671.957738095238,382.85000000000036,33.1,87.6,30.1125,0.0,1.0,0.0
2025-07-09 15:00:00,15,2,7,190,-0.7071067811865471,-0.7071067811865479,0.9749279121818236,-0.22252093395631434,-0.4999999999999997,-0.8660254037844388,0,0,7107.5,6539.3,6385.55,7384.83,6471.79,6994.59,6318.732500000001,886.5495528721624,6190.431785714286,568.1999999999998,32.4,79.6,28.28333333333333,1.0,0.0,0.0
2025-10-31 01:00:00,1,4,10,304,0.25881904510252074,0.9659258262890683,-0.433883739117558,-0.9009688679024191,-0.8660254037844386,0.5000000000000001,0,0,2905.01,3163.13,3352.29,2687.37,2576.81,2914.92,3594.0416666666665,604.5862332255423,3501.5386309523815,-258.1199999999999,26.2,49.8,29.770833333333332,0.0,0.0,0.0
2025-09-02 03:00:00,3,1,9,245,0.7071067811865475,0.7071067811865476,0.7818314824680298,0.6234898018587336,-1.0,-1.8369701987210297e-16,0,0,3836.61,4017.36,4284.58,4319.25,4800.43,4424.6,4654.76,483.66862415430865,5184.625595238096,-180.75,24.7,75.6,28.179166666666664,1.0,0.0,0.0
2025-07-07 19:00:00,19,0,7,188,-0.9659258262890684,0.2588190451025203,0.0,1.0,-0.4999999999999997,-0.8660254037844388,0,0,6004.11,6276.58,6391.92,6054.55,6444.3,5495.54,5887.539583333332,768.054261955841,6044.8225,-272.47000000000025,31.8,72.4,28.474999999999998,0.0,0.0,0.0
2025-10-18 14:00:00,14,5,10,291,-0.4999999999999997,-0.8660254037844388,-0.9749279121818236,-0.2225209339563146,-0.8660254037844386,0.5000000000000001,1,0,4358.97,4496.41,4459.6,4525.18,4404.29,4041.87,3972.615,585.593131359733,3835.5506547619048,-137.4399999999996,31.8,58.4,29.854166666666668,1.0,0.0,0.0
2025-12-06 07:00:00,7,5,12,340,0.9659258262890683,-0.25881904510252063,-0.9749279121818236,-0.2225209339563146,-2.4492935982947064e-16,1.0,1,0,3375.41,2533.48,1945.79,3944.54,3881.69,3410.63,3420.4754166666667,897.7627337805282,3289.4871428571428,841.9299999999998,22.8,48.0,22.004166666666666,0.0,0.0,0.0
2025-10-17 18:00:00,18,4,10,290,-1.0,-1.8369701987210297e-16,-0.433883739117558,-0.9009688679024191,-0.8660254037844386,0.5000000000000001,0,0,4650.74,4546.21,4570.63,4666.48,4628.6,4416.43,3959.4254166666665,654.4265486534548,3798.562023809524,104.52999999999975,25.4,83.2,29.5,0.0,0.0,1.0
2025-07-24 10:00:00,10,3,7,205,0.49999999999999994,-0.8660254037844387,0.43388373911755823,-0.900968867902419,-0.4999999999999997,-0.8660254037844388,0,0,5401.84,4712.73,4516.01,5514.15,5756.67,5601.97,5412.727083333333,568.5348425518813,5453.959226190476,689.1100000000006,31.7,73.9,27.741666666666664,1.0,0.0,0.0
2025-09-20 18:00:00,18,5,9,263,-1.0,-1.8369701987210297e-16,-0.9749279121818236,-0.2225209339563146,-1.0,-1.8369701987210297e-16,1,0,6162.41,6360.29,6462.9,6347.6,6213.29,5782.93,5929.886666666666,603.0488669410274,5875.41005952381,-197.8800000000001,25.4,89.2,29.8625,0.0,0.0,1.0
2025-11-22 17:00:00,17,5,11,326,-0.9659258262890683,-0.25881904510252063,-0.9749279121818236,-0.2225209339563146,-0.5000000000000004,0.8660254037844384,1,0,3308.96,3404.45,3484.93,3933.71,3929.42,3551.97,3202.0275,715.2193995293342,3200.8382142857145,-95.48999999999978,25.3,68.5,25.416666666666668,0.0,0.0,1.0
2025-09-28 21:00:00,21,6,9,271,-0.7071067811865477,0.7071067811865474,-0.7818314824680299,0.6234898018587334,-1.0,-1.8369701987210297e-16,1,0,6364.87,6055.95,5930.47,6398.8,6227.97,6154.69,5846.712083333333,602.6788990468785,5777.399642857143,308.9200000000001,26.0,80.8,29.1125,0.0,1.0,0.0
2025-09-28 05:00:00,5,6,9,271,0.9659258262890683,0.25881904510252074,-0.7818314824680299,0.6234898018587334,-1.0,-1.8369701987210297e-16,1,0,5256.77,5532.68,5888.41,4884.41,4737.71,4816.97,5888.760833333334,620.8305018064149,5744.593988095237,-275.90999999999985,29.9,65.3,29.39166666666667,0.0,0.0,0.0
2026-01-10 14:00:00,14,5,1,10,-0.4999999999999997,-0.8660254037844388,-0.9749279121818236,-0.2225209339563146,0.49999999999999994,0.8660254037844387,1,0,4691.77,5212.48,5497.69,4975.45,4536.61,4308.31,4118.400416666666,1128.1183531977424,3972.769523809524,-520.7099999999991,25.7,36.4,20.091666666666665,0.0,0.0,0.0
2026-01-09 04:00:00,4,4,1,9,0.8660254037844386,0.5000000000000001,-0.433883739117558,-0.9009688679024191,0.49999999999999994,0.8660254037844387,0,0,2047.46,2199.79,2428.48,2241.86,2107.45,1982.36,3889.69,1108.180996102068,3906.2206547619044,-152.32999999999993,16.9,53.7,20.883333333333336,1.0,0.0,0.0
2025-08-30 19:00:00,19,5,8,242,-0.9659258262890684,0.2588190451025203,-0.9749279121818236,-0.2225209339563146,-0.8660254037844384,-0.5000000000000004,1,0,5684.29,5783.61,5957.68,5734.63,6059.18,5497.5,5287.691666666667,598.4183250265276,5283.34755952381,-99.31999999999971,31.2,64.0,28.191666666666666,0.0,0.0,0.0
2025-07-08 19:00:00,19,1,7,189,-0.9659258262890684,0.2588190451025203,0.7818314824680298,0.6234898018587336,-0.4999999999999997,-0.8660254037844388,0,0,6725.83,7060.23,7272.44,5854.26,6054.55,5791.75,6120.687083333334,783.492240440366,6144.467976190476,-334.39999999999964,29.9,73.0,27.883333333333336,1.0,0.0,0.0
2025-08-21 19:00:00,19,3,8,233,-0.9659258262890684,0.2588190451025203,0.43388373911755823,-0.900968867902419,-0.8660254037844384,-0.5000000000000004,0,0,6334.82,6560.18,6708.42,6233.22,5816.62,5411.37,6019.421249999999,678.5343759534619,5349.464642857142,-225.36000000000058,28.6,80.3,28.825000000000003,1.0,0.0,0.0
2025-09-16 18:00:00,18,1,9,259,-1.0,-1.8369701987210297e-16,0.7818314824680298,0.6234898018587336,-1.0,-1.8369701987210297e-16,0,0,6504.3,6729.77,6737.31,6136.01,5576.0,6030.59,5971.709583333333,652.0440884498869,5685.11994047619,-225.47000000000025,28.7,86.8,29.941666666666666,0.0,0.0,1.0
2025-12-31 16:00:00,16,2,12,365,-0.8660254037844384,-0.5000000000000004,0.9749279121818236,-0.22252093395631434,-2.4492935982947064e-16,1.0,0,0,4565.32,4734.83,5013.05,3934.21,3940.48,3872.56,3900.0262500000003,1153.1954610552386,3631.8177976190477,-169.51000000000022,25.8,49.7,22.025000000000002,0.0,0.0,0.0
2025-12-10 21:00:00,21,2,12,344,-0.7071067811865477,0.7071067811865474,0.9749279121818236,-0.22252093395631434,-2.4492935982947064e-16,1.0,0,0,3754.31,3915.52,4016.18,3376.21,3303.08,3309.21,3485.5554166666666,807.8954286775779,3356.2572619047623,-161.21000000000004,14.1,73.7,21.891666666666666,0.0,0.0,1.0
2025-11-01 00:00:00,0,5,11,305,0.0,1.0,-0.9749279121818236,-0.2225209339563146,-0.5000000000000004,0.8660254037844384,1,0,3261.96,3502.85,3667.69,2905.01,2870.26,3147.41,3727.7833333333333,685.0772349963144,3514.9194047619044,-240.88999999999987,20.1,73.6,29.316666666666666,0.0,0.0,1.0
2025-09-24 11:00:00,11,2,9,267,0.258819045102521,-0.9659258262890682,0.9749279121818236,-0.22252093395631434,-1.0,-1.8369701987210297e-16,0,0,5627.32,5352.17,4687.8,5822.43,5949.05,6247.14,5661.259583333333,594.6246796563015,5817.293571428571,275.14999999999964,35.5,61.7,29.474999999999998,0.0,0.0,0.0
2025-11-12 00:00:00,0,2,11,316,0.0,1.0,0.9749279121818236,-0.22252093395631434,-0.5000000000000004,0.8660254037844384,0,0,2557.48,2862.22,3074.27,2371.98,2224.19,2809.77,3179.159166666667,687.4982941317862,3210.1285714285714,-304.7399999999998,21.4,59.5,25.516666666666666,1.0,0.0,0.0
2025-08-28 04:00:00,4,3,8,240,0.8660254037844386,0.5000000000000001,0.43388373911755823,-0.900968867902419,-0.8660254037844384,-0.5000000000000004,0,0,4515.7,4738.61,5025.1,4225.68,4214.39,5060.19,5212.424166666667,517.7625921960341,5457.554761904762,-222.90999999999985,22.1,97.8,27.870833333333334,0.0,1.0,0.0
2025-08-09 11:00:00,11,5,8,221,0.258819045102521,-0.9659258262890682,-0.9749279121818236,-0.2225209339563146,-0.8660254037844384,-0.5000000000000004,1,1,4300.25,4195.4,4328.92,6186.94,6062.3,5569.36,5849.06375,935.1581564997155,5693.3372023809525,104.85000000000036,29.4,96.5,28.987499999999997,0.0,1.0,0.0
2025-12-06 09:00:00,9,5,12,340,0.7071067811865476,-0.7071067811865475,-0.9749279121818236,-0.2225209339563146,-2.4492935982947064e-16,1.0,1,0,3962.23,3809.26,3375.41,4385.24,4168.59,4045.21,3412.835833333333,893.4108149544575,3292.351309523809,152.9699999999998,22.9,43.6,21.912499999999998,0.0,0.0,0.0
2025-08-01 02:00:00,2,4,8,213,0.49999999999999994,0.8660254037844387,-0.433883739117558,-0.9009688679024191,-0.8660254037844384,-0.5000000000000004,0,0,5143.02,5490.07,5708.8,5164.09,5352.61,5847.85,5387.2387499999995,462.4512421426235,6011.817321428571,-347.0499999999993,25.8,69.7,28.650000000000002,0.0,0.0,0.0
2025-11-05 10:00:00,10,2,11,309,0.49999999999999994,-0.8660254037844387,0.9749279121818236,-0.22252093395631434,-0.5000000000000004,0.8660254037844384,0,1,3953.46,3530.18,3404.51,4056.93,3913.29,4074.99,3459.595833333333,597.8437074798428,3501.3060119047614,423.2800000000002,29.2,46.5,25.1375,0.0,0.0,0.0
2025-10-13 16:00:00,16,0,10,286,-0.8660254037844384,-0.5000000000000004,0.0,1.0,-0.8660254037844386,0.5000000000000001,0,0,4398.25,4285.99,4253.46,3849.69,4048.96,4662.1,3729.4499999999994,571.5559052728116,3775.156011904762,112.26000000000022,32.4,54.8,30.183333333333334,1.0,0.0,0.0
2025-07-12 01:00:00,1,5,7,193,0.25881904510252074,0.9659258262890683,-0.9749279121818236,-0.2225209339563146,-0.4999999999999997,-0.8660254037844388,1,0,5967.03,6137.84,6154.57,5309.1,5399.42,6413.63,5521.2404166666665,607.7977644098208,5874.838333333333,-170.8100000000004,27.2,70.4,28.941666666666663,0.0,0.0,0.0
2025-11-14 05:00:00,5,4,11,318,0.9659258262890683,0.25881904510252074,-0.433883739117558,-0.9009688679024191,-0.5000000000000004,0.8660254037844384,0,0,2061.73,1920.44,1996.12,2594.86,2648.17,2746.51,3208.4016666666666,696.925204780275,3151.6070238095244,141.28999999999996,24.4,38.3,25.445833333333336,0.0,0.0,0.0
2025-07-30 09:00:00,9,2,7,211,0.7071067811865476,-0.7071067811865475,0.9749279121818236,-0.22252093395631434,-0.4999999999999997,-0.8660254037844388,0,0,4943.08,4798.26,4725.35,5443.17,6007.66,5170.67,5684.875416666666,545.454274678498,6060.734523809524,144.8199999999997,32.6,68.6,28.337500000000002,0.0,0.0,0.0
2025-08-25 19:00:00,19,0,8,237,-0.9659258262890684,0.2588190451025203,0.0,1.0,-0.8660254037844384,-0.5000000000000004,0,0,5433.48,5536.06,5565.79,5356.43,5497.5,5901.09,5257.778333333334,474.75926727836213,5671.464345238095,-102.58000000000084,30.9,78.0,28.258333333333336,1.0,0.0,0.0
2025-12-23 03:00:00,3,1,12,357,0.7071067811865475,0.7071067811865476,0.7818314824680298,0.6234898018587336,-2.4492935982947064e-16,1.0,0,0,1997.61,2156.89,2519.39,2144.65,1841.45,1900.06,3698.2695833333332,968.6073499549836,3588.535119047619,-159.27999999999997,19.9,47.4,21.583333333333332,0.0,0.0,0.0
2025-09-02 11:00:00,11,1,9,245,0.258819045102521,-0.9659258262890682,0.7818314824680298,0.6234898018587336,-1.0,-1.8369701987210297e-16,0,0,5235.5,4879.58,4311.04,5300.94,4942.82,5629.99,4555.68875,583.4226195948427,5164.8261309523805,355.9200000000001,34.8,56.7,28.779166666666665,0.0,0.0,0.0
2025-12-25 14:00:00,14,3,12,359,-0.4999999999999997,-0.8660254037844388,0.43388373911755823,-0.900968867902419,-2.4492935982947064e-16,1.0,0,1,4191.73,4613.63,4845.83,4028.18,4014.33,3984.19,3577.5808333333334,948.8430728039353,3635.6400595238097,-421.90000000000055,26.8,44.5,21.84166666666667,0.0,0.0,0.0
2025-12-31 09:00:00,9,2,12,365,0.7071067811865476,-0.7071067811865475,0.9749279121818236,-0.22252093395631434,-2.4492935982947064e-16,1.0,0,0,4776.82,4371.89,3615.94,5100.17,4963.8,4985.06,3781.1225,1043.8815773342608,3607.1896428571426,404.9299999999994,25.5,53.1,21.795833333333334,1.0,0.0,0.0
2025-09-02 10:00:00,10,1,9,245,0.49999999999999994,-0.8660254037844387,0.7818314824680298,0.6234898018587336,-1.0,-1.8369701987210297e-16,0,0,4879.58,4311.04,4124.3,5262.8,4821.04,5464.03,4556.826249999999,584.8305905118052,5166.186428571428,568.54,36.2,55.0,28.766666666666666,0.0,0.0,0.0
2025-12-31 21:00:00,21,2,12,365,-0.7071067811865477,0.7071067811865474,0.9749279121818236,-0.22252093395631434,-2.4492935982947064e-16,1.0,0,0,4171.43,4524.36,4567.0,3764.26,3785.11,3616.55,3953.432083333333,1171.2829319725815,3642.4551785714284,-352.9299999999994,20.5,51.1,21.9875,1.0,0.0,0.0
2025-12-02 11:00:00,11,1,12,336,0.258819045102521,-0.9659258262890682,0.7818314824680298,0.6234898018587336,-2.4492935982947064e-16,1.0,0,0,4318.65,4238.87,3976.16,4163.67,4209.72,4313.79,3271.780833333333,808.9656746892406,3244.377678571429,79.77999999999975,26.7,45.2,21.683333333333334,0.0,0.0,0.0
2026-01-03 02:00:00,2,5,1,3,0.49999999999999994,0.8660254037844387,-0.9749279121818236,-0.2225209339563146,0.49999999999999994,0.8660254037844387,1,0,2313.14,2639.08,3179.73,1966.67,2132.8,2007.64,3904.9870833333334,1178.1787752897828,3730.6145833333335,-325.94000000000005,16.0,47.8,20.833333333333332,0.0,0.0,0.0
2025-09-27 18:00:00,18,5,9,270,-1.0,-1.8369701987210297e-16,-0.9749279121818236,-0.2225209339563146,-1.0,-1.8369701987210297e-16,1,0,6213.17,6402.98,6462.07,6181.0,6119.48,5970.61,5814.250833333333,597.8871985577988,5728.158988095238,-189.8099999999995,30.1,71.8,29.40416666666667,1.0,0.0,0.0
2025-10-01 16:00:00,16,2,10,274,-0.8660254037844384,-0.5000000000000004,0.9749279121818236,-0.22252093395631434,-0.8660254037844386,0.5000000000000001,0,0,5918.35,5865.44,5704.68,5588.59,6957.69,6341.66,5139.05875,561.9973793789734,5790.038630952381,52.910000000000764,33.0,56.8,28.737499999999997,0.0,0.0,0.0
2025-12-10 13:00:00,13,2,12,344,-0.2588190451025208,-0.9659258262890683,0.9749279121818236,-0.22252093395631434,-2.4492935982947064e-16,1.0,0,0,4252.04,4421.22,4500.6,3786.75,3914.28,3755.5,3463.2900000000004,797.2228672084416,3351.6725595238095,-169.1800000000003,28.1,33.9,21.90416666666667,0.0,0.0,0.0
2025-07-03 16:00:00,16,3,7,184,-0.8660254037844384,-0.5000000000000004,0.43388373911755823,-0.900968867902419,-0.4999999999999997,-0.8660254037844388,0,0,7391.31,7286.43,6807.76,6931.0,6228.63,7301.32,6299.69,745.2119518050202,5954.0606547619045,104.88000000000011,34.0,76.2,27.566666666666663,1.0,0.0,0.0
2026-01-11 08:00:00,8,6,1,11,0.8660254037844387,-0.4999999999999998,-0.7818314824680299,0.6234898018587334,0.49999999999999994,0.8660254037844387,1,0,3970.86,3140.09,2427.29,4808.54,5237.66,4251.98,3909.508333333333,1122.0146728199327,3994.4922023809527,830.77,20.5,58.7,20.375,1.0,0.0,0.0
2025-06-28 06:00:00,6,5,6,179,1.0,6.123233995736766e-17,-0.9749279121818236,-0.2225209339563146,1.2246467991473532e-16,-1.0,1,0,5710.99,5984.4,6265.13,5228.77,5042.9,4769.87,6713.820000000001,760.9711183801197,6309.1181547619035,-273.40999999999985,30.7,58.4,31.779166666666665,0.0,0.0,0.0
2025-12-02 15:00:00,15,1,12,336,-0.7071067811865471,-0.7071067811865479,0.7818314824680298,0.6234898018587336,-2.4492935982947064e-16,1.0,0,0,3653.05,3740.46,4068.96,3508.03,3334.56,3477.17,3283.5795833333336,818.1376277943203,3242.7564880952377,-87.40999999999985,27.3,49.4,21.733333333333334,1.0,0.0,0.0
2025-08-28 18:00:00,18,3,8,240,-1.0,-1.8369701987210297e-16,0.43388373911755823,-0.900968867902419,-0.8660254037844384,-0.5000000000000004,0,0,6133.89,6366.44,6549.27,5527.83,5403.0,6334.82,5412.8741666666665,686.2235846688866,5425.432678571428,-232.54999999999927,33.7,65.4,27.48333333333333,0.0,0.0,0.0
2025-07-31 18:00:00,18,3,7,212,-1.0,-1.8369701987210297e-16,0.43388373911755823,-0.900968867902419,-0.4999999999999997,-0.8660254037844388,0,0,5681.73,5713.87,5782.78,5948.29,5861.54,6348.25,5510.03875,539.3584293222755,6062.858154761904,-32.14000000000033,32.0,63.5,28.829166666666666,0.0,0.0,0.0
2025-11-02 03:00:00,3,6,11,306,0.7071067811865475,0.7071067811865476,-0.7818314824680299,0.6234898018587334,-0.5000000000000004,0.8660254037844384,1,0,2510.01,2632.2,2847.1,2626.44,2527.52,2587.48,3495.4791666666665,545.9358393654675,3511.9833928571425,-122.1899999999996,21.3,49.6,25.316666666666663,0.0,0.0,0.0
2025-11-30 10:00:00,10,6,11,334,0.49999999999999994,-0.8660254037844387,-0.7818314824680299,0.6234898018587334,-0.5000000000000004,0.8660254037844384,1,0,4097.22,3589.65,3301.09,4188.1,4389.33,4063.46,3100.935,789.4627571577977,3229.2932142857144,507.57000000000016,31.2,41.3,25.2,0.0,0.0,0.0
2025-11-16 15:00:00,15,6,11,320,-0.7071067811865471,-0.7071067811865479,-0.7818314824680299,0.6234898018587334,-0.5000000000000004,0.8660254037844384,1,0,3388.64,3599.39,3843.36,3370.13,3605.0,3186.28,3001.51,717.9507191032898,3157.6328571428567,-210.75,30.9,58.8,26.083333333333332,0.0,0.0,0.0
2025-11-01 14:00:00,14,5,11,305,-0.4999999999999997,-0.8660254037844388,-0.9749279121818236,-0.2225209339563146,-0.5000000000000004,0.8660254037844384,1,0,3913.57,4090.21,4069.02,4224.96,3919.66,3904.84,3648.851666666667,590.764147301005,3517.875892857143,-176.63999999999987,27.4,66.9,26.787499999999998,0.0,1.0,0.0
2025-11-15 05:00:00,5,5,11,319,0.9659258262890683,0.25881904510252074,-0.9749279121818236,-0.2225209339563146,-0.5000000000000004,0.8660254037844384,1,0,2041.54,1912.51,1977.12,2679.94,2594.86,2435.81,3279.225,759.9709721573547,3150.628035714286,129.02999999999997,23.4,40.6,25.19583333333333,0.0,0.0,0.0
2025-12-24 17:00:00,17,2,12,358,-0.9659258262890683,-0.25881904510252063,0.9749279121818236,-0.22252093395631434,-2.4492935982947064e-16,1.0,0,0,3872.56,3898.8,4028.18,4205.8,4259.88,4048.43,3665.39,1004.4009515908293,3631.244761904762,-26.240000000000236,24.0,46.9,20.96666666666667,1.0,0.0,0.0
2025-11-18 15:00:00,15,1,11,322,-0.7071067811865471,-0.7071067811865479,0.7818314824680298,0.6234898018587336,-0.5000000000000004,0.8660254037844384,0,0,3606.38,3703.18,3942.38,3491.62,3250.17,3458.13,3225.12125,735.496829687957,3166.0066666666667,-96.79999999999973,30.9,44.8,26.412499999999998,0.0,0.0,0.0
2025-09-09 13:00:00,13,1,9,252,-0.2588190451025208,-0.9659258262890683,0.7818314824680298,0.6234898018587336,-1.0,-1.8369701987210297e-16,0,0,5982.57,5833.41,5716.89,5780.4,5304.49,5179.89,5501.542083333334,574.8778838492301,4943.10875,149.15999999999985,32.8,77.6,29.237499999999997,0.0,1.0,0.0
2025-08-30 01:00:00,1,5,8,242,0.25881904510252074,0.9659258262890683,-0.9749279121818236,-0.2225209339563146,-0.8660254037844384,-0.5000000000000004,1,0,5411.86,5592.83,5590.4,5492.86,5025.1,5990.6,5457.701666666667,462.69218341908504,5323.320833333333,-180.97000000000025,22.7,80.1,28.333333333333332,1.0,0.0,0.0
2025-09-22 06:00:00,6,0,9,265,1.0,6.123233995736766e-17,0.0,1.0,-1.0,-1.8369701987210297e-16,0,1,4812.77,4997.46,5239.43,4664.56,4906.96,4835.33,5525.22375,573.6320772882582,5884.982976190477,-184.6899999999996,28.1,77.5,28.962500000000002,1.0,0.0,0.0
2025-08-23 11:00:00,11,5,8,235,0.258819045102521,-0.9659258262890682,-0.9749279121818236,-0.2225209339563146,-0.8660254037844384,-0.5000000000000004,1,0,5737.51,5296.51,4800.87,6346.6,6200.06,5226.08,5932.250833333333,677.7528364601076,5666.070357142858,441.0,33.1,81.6,28.75,1.0,0.0,0.0
2026-01-06 13:00:00,13,1,1,6,-0.2588190451025208,-0.9659258262890683,0.7818314824680298,0.6234898018587336,0.49999999999999994,0.8660254037844387,0,1,5498.43,5736.69,5771.58,4697.87,4670.29,4444.49,4042.0108333333337,1158.9581268645532,3855.5897619047623,-238.2599999999993,27.5,32.1,21.94583333333333,0.0,0.0,0.0
2025-12-23 23:00:00,23,1,12,357,-0.25881904510252157,0.9659258262890681,0.7818314824680298,0.6234898018587336,-2.4492935982947064e-16,1.0,0,0,3399.63,3641.1,3942.32,3005.87,2914.5,2697.08,3680.853333333334,994.9506613315556,3617.0452976190477,-241.4699999999998,17.1,42.5,21.729166666666668,0.0,0.0,0.0
2025-12-26 20:00:00,20,4,12,360,-0.8660254037844386,0.5000000000000001,-0.433883739117558,-0.9009688679024191,-2.4492935982947064e-16,1.0,0,0,4150.55,4230.55,4202.09,3811.5,3881.81,3762.02,3671.0195833333332,1016.3416036493614,3625.311130952381,-80.0,23.3,42.7,22.258333333333336,0.0,0.0,0.0
2026-01-10 06:00:00,6,5,1,10,1.0,6.123233995736766e-17,-0.9749279121818236,-0.2225209339563146,0.49999999999999994,0.8660254037844387,1,0,2674.29,2182.61,2049.4,3775.99,3470.09,3337.55,4274.118333333333,1263.393935641025,3960.371130952381,491.67999999999984,16.7,67.2,20.245833333333334,0.0,0.0,1.0
2025-10-21 10:00:00,10,1,10,294,0.49999999999999994,-0.8660254037844387,0.7818314824680298,0.6234898018587336,-0.8660254037844386,0.5000000000000001,0,0,3491.52,3279.48,3187.13,3519.82,3995.05,4395.99,3399.79875,271.3350895322408,3793.23875,212.03999999999996,31.6,70.0,30.045833333333334,0.0,1.0,0.0
2025-12-02 23:00:00,23,1,12,336,-0.25881904510252157,0.9659258262890681,0.7818314824680298,0.6234898018587336,-2.4492935982947064e-16,1.0,0,0,3002.78,3186.26,3484.77,2557.17,2524.69,2525.85,3287.726666666667,817.3757413165681,3242.908869047619,-183.48000000000002,19.6,41.9,21.820833333333336,0.0,0.0,0.0
2025-11-23 20:00:00,20,6,11,327,-0.8660254037844386,0.5000000000000001,-0.7818314824680299,0.6234898018587334,-0.5000000000000004,0.8660254037844384,1,0,3445.66,3475.22,3441.07,3314.39,3546.8,3135.34,3062.2904166666667,741.624888843446,3215.992023809524,-29.559999999999945,25.6,45.8,25.354166666666668,0.0,0.0,0.0
2026-01-02 05:00:00,5,4,1,2,0.9659258262890683,0.25881904510252074,-0.433883739117558,-0.9009688679024191,0.49999999999999994,0.8660254037844387,0,0,1982.36,1844.11,1966.67,2590.44,2689.36,2689.89,3835.440416666667,1186.3402429044706,3698.1040476190483,138.25,19.0,53.9,20.8,1.0,0.0,0.0
2025-12-25 08:00:00,8,3,12,359,0.8660254037844387,-0.4999999999999998,0.43388373911755823,-0.900968867902419,-2.4492935982947064e-16,1.0,0,1,3855.65,3141.99,2442.59,4640.72,4636.64,4431.34,3622.8179166666664,999.8848233149222,3635.105297619047,713.6600000000003,25.0,47.2,21.512500000000003,0.0,0.0,0.0
2025-08-30 18:00:00,18,5,8,242,-1.0,-1.8369701987210297e-16,-0.9749279121818236,-0.2225209339563146,-0.8660254037844384,-0.5000000000000004,1,0,5783.61,5957.68,6000.73,5733.34,5970.97,5568.33,5289.735416666667,599.9135902559221,5282.657321428572,-174.07000000000062,33.4,65.3,28.166666666666668,0.0,0.0,0.0
2025-08-19 10:00:00,10,1,8,231,0.49999999999999994,-0.8660254037844387,0.7818314824680298,0.6234898018587336,-0.8660254037844384,-0.5000000000000004,0,0,5670.34,5005.98,4829.52,5635.53,5062.99,5534.12,5718.969166666667,580.7868605751019,5289.248988095239,664.3600000000006,28.7,96.9,27.7375,0.0,1.0,0.0
2025-12-06 12:00:00,12,5,12,340,1.2246467991473532e-16,-1.0,-0.9749279121818236,-0.2225209339563146,-2.4492935982947064e-16,1.0,1,0,4278.24,4331.82,4297.27,4441.3,4159.96,3977.9,3397.497083333333,875.9954889673664,3295.6852976190476,-53.57999999999993,26.9,43.9,21.925,0.0,0.0,0.0
2025-10-22 12:00:00,12,2,10,295,1.2246467991473532e-16,-1.0,0.9749279121818236,-0.22252093395631434,-0.8660254037844386,0.5000000000000001,0,1,3820.23,3762.3,3611.07,3697.18,3581.98,4724.23,3437.7779166666664,334.5881770174707,3716.4537499999997,57.929999999999836,36.2,42.2,30.041666666666668,0.0,0.0,0.0
2025-07-30 11:00:00,11,2,7,211,0.258819045102521,-0.9659258262890682,0.9749279121818236,-0.22252093395631434,-0.4999999999999997,-0.8660254037844388,0,0,5880.66,5535.61,4943.08,6036.19,6552.8,5651.32,5690.99875,544.7098591177864,6065.088392857144,345.0500000000002,34.5,67.4,28.433333333333337,1.0,0.0,0.0
2025-11-10 19:00:00,19,0,11,314,-0.9659258262890684,0.2588190451025203,0.0,1.0,-0.5000000000000004,0.8660254037844384,0,0,3737.41,3696.95,3477.01,3349.02,3557.92,3953.24,3113.6775,700.1629599150588,3262.2508333333335,40.460000000000036,26.4,46.4,25.349999999999998,0.0,0.0,0.0
2025-11-02 05:00:00,5,6,11,306,0.9659258262890683,0.25881904510252074,-0.7818314824680299,0.6234898018587334,-0.5000000000000004,0.8660254037844384,1,0,2579.18,2421.26,2510.01,2962.69,3008.15,2743.01,3482.11875,569.0482967224945,3510.9168452380954,157.91999999999962,24.2,45.1,25.433333333333334,0.0,0.0,0.0
2025-11-11 05:00:00,5,1,11,315,0.9659258262890683,0.25881904510252074,0.7818314824680298,0.6234898018587336,-0.5000000000000004,0.8660254037844384,0,0,2041.74,1896.24,1955.91,2595.77,2217.21,2893.63,3163.6812499999996,682.1607672894,3238.8732142857148,145.5,24.8,52.5,25.716666666666665,0.0,0.0,0.0
2025-10-10 06:00:00,6,4,10,283,1.0,6.123233995736766e-17,-0.433883739117558,-0.9009688679024191,-0.8660254037844386,0.5000000000000001,0,0,2862.02,2817.43,2708.59,3518.92,3527.24,3989.52,3797.5045833333334,643.1013973332989,4411.376904761904,44.590000000000146,25.6,70.6,28.82083333333333,0.0,1.0,0.0
2025-08-24 16:00:00,16,6,8,236,-0.8660254037844384,-0.5000000000000004,-0.7818314824680299,0.6234898018587334,-0.8660254037844384,-0.5000000000000004,1,0,5621.06,5538.61,5385.6,5975.06,6552.69,5222.57,5162.479583333333,517.1933944354525,5694.023154761905,82.45000000000073,30.4,97.5,27.9375,0.0,1.0,0.0
2025-12-22 01:00:00,1,0,12,356,0.25881904510252074,0.9659258262890683,0.0,1.0,-2.4492935982947064e-16,1.0,0,0,2596.53,2914.5,3264.29,2097.55,2190.41,2062.45,3511.245833333334,1012.6448268075985,3551.2250000000004,-317.9699999999998,17.2,56.6,21.20416666666667,1.0,0.0,0.0
2025-10-09 23:00:00,23,3,10,282,-0.25881904510252157,0.9659258262890681,0.43388373911755823,-0.900968867902419,-0.8660254037844386,0.5000000000000001,0,0,3619.1,3733.21,4105.84,3416.09,3443.97,4935.85,3798.846666666667,641.9871136975197,4469.005297619047,-114.11000000000013,21.3,81.7,28.829166666666666,0.0,1.0,0.0
2025-07-09 05:00:00,5,2,7,190,0.9659258262890683,0.25881904510252074,0.9749279121818236,-0.22252093395631434,-0.4999999999999997,-0.8660254037844388,0,0,5220.46,5516.56,5867.83,4928.22,4839.92,4763.0,6368.92125,884.9166867997429,6188.013988095238,-296.10000000000036,28.3,66.6,28.2375,0.0,0.0,0.0
2025-11-05 15:00:00,15,2,11,309,-0.7071067811865471,-0.7071067811865479,0.9749279121818236,-0.22252093395631434,-0.5000000000000004,0.8660254037844384,0,1,3842.15,3892.95,4110.86,3904.42,3784.03,3999.05,3474.735,612.1257186729903,3500.324821428572,-50.79999999999973,32.9,42.5,25.391666666666666,0.0,0.0,0.0
2025-08-02 14:00:00,14,5,8,214,-0.4999999999999997,-0.8660254037844388,-0.9749279121818236,-0.2225209339563146,-0.8660254037844384,-0.5000000000000004,1,0,5696.96,5656.67,5569.36,6245.54,5756.37,6655.76,5413.872916666666,601.1123967784262,5826.399226190476,40.289999999999964,33.2,93.1,28.175,0.0,1.0,0.0
2025-07-27 01:00:00,1,6,7,208,0.25881904510252074,0.9659258262890683,-0.7818314824680299,0.6234898018587334,-0.4999999999999997,-0.8660254037844388,1,0,7026.23,7229.54,7205.32,6496.41,6241.16,5676.27,6160.009166666667,736.3992694592715,5779.901488095238,-203.3100000000004,20.6,93.4,28.149999999999995,0.0,1.0,0.0
2025-09-27 15:00:00,15,5,9,270,-0.7071067811865471,-0.7071067811865479,-0.9749279121818236,-0.2225209339563146,-1.0,-1.8369701987210297e-16,1,0,6336.37,6035.69,6014.89,6575.81,6408.44,6462.9,5830.606666666667,614.8275796455222,5727.6076785714295,300.6800000000003,32.9,68.0,29.166666666666668,1.0,0.0,0.0
2025-09-30 04:00:00,4,1,9,273,0.8660254037844386,0.5000000000000001,0.7818314824680298,0.6234898018587336,-1.0,-1.8369701987210297e-16,0,0,5762.71,6115.46,6491.4,5351.65,5256.77,4950.43,6266.788333333333,686.7596479603868,5853.4907738095235,-352.75,27.0,74.1,29.325,1.0,0.0,0.0
2025-11-17 22:00:00,22,0,11,321,-0.5000000000000004,0.8660254037844384,0.0,1.0,-0.5000000000000004,0.8660254037844384,0,0,3058.35,3395.62,3652.2,2703.12,2718.57,2829.86,3159.615416666667,764.8762615299623,3159.1126190476193,-337.27,20.8,51.4,25.604166666666668,1.0,0.0,0.0
2025-10-13 05:00:00,5,0,10,286,0.9659258262890683,0.25881904510252074,0.0,1.0,-0.8660254037844386,0.5000000000000001,0,0,2739.26,2714.18,2856.43,2766.44,2873.72,4160.98,3511.0916666666667,476.1604692307254,3816.264285714285,25.080000000000382,24.9,58.1,29.733333333333334,1.0,0.0,0.0
2025-10-17 10:00:00,10,4,10,290,0.49999999999999994,-0.8660254037844387,-0.433883739117558,-0.9009688679024191,-0.8660254037844386,0.5000000000000001,0,0,4263.6,3751.76,3709.52,4397.58,4482.13,4403.27,3911.130833333333,608.7313829876886,3789.2310714285713,511.84000000000015,34.1,59.1,29.65833333333333,1.0,0.0,0.0
2025-06-27 04:00:00,4,4,6,178,0.8660254037844386,0.5000000000000001,-0.433883739117558,-0.9009688679024191,1.2246467991473532e-16,-1.0,0,0,6052.15,6430.23,6820.81,5491.05,5592.0,5185.69,6523.37125,808.7512840084554,6191.904523809523,-378.0799999999999,23.4,87.9,30.849999999999998,0.0,1.0,0.0
2025-09-23 03:00:00,3,1,9,266,0.7071067811865475,0.7071067811865476,0.7818314824680298,0.6234898018587336,-1.0,-1.8369701987210297e-16,0,0,5544.58,5938.41,6356.52,5239.43,5278.7,5408.03,5858.174999999999,628.5829872505986,5880.01625,-393.8299999999999,26.0,81.7,28.720833333333335,1.0,0.0,0.0
2025-08-08 13:00:00,13,4,8,220,-0.2588190451025208,-0.9659258262890683,-0.433883739117558,-0.9009688679024191,-0.8660254037844384,-0.5000000000000004,0,0,6289.09,6186.94,5990.55,6384.83,6060.87,5821.76,6102.422083333334,717.2978041655341,5639.350416666666,102.15000000000055,36.4,67.8,27.32083333333333,0.0,0.0,0.0
2025-09-14 02:00:00,2,6,9,257,0.49999999999999994,0.8660254037844387,-0.7818314824680299,0.6234898018587334,-1.0,-1.8369701987210297e-16,1,0,5788.94,6177.32,6348.81,5345.69,5156.72,4684.42,5551.178333333333,590.619280230277,5484.814702380952,-388.3800000000001,26.3,72.0,29.38333333333333,1.0,0.0,0.0
2025-11-03 07:00:00,7,0,11,307,0.9659258262890683,-0.25881904510252063,0.0,1.0,-0.5000000000000004,0.8660254037844384,0,0,3420.0,2873.1,2471.14,3151.13,3481.54,3368.93,3279.181666666667,482.72754702630067,3502.0102380952385,546.9000000000001,26.4,49.0,25.170833333333334,1.0,0.0,0.0
2025-07-14 15:00:00,15,0,7,195,-0.7071067811865471,-0.7071067811865479,0.0,1.0,-0.4999999999999997,-0.8660254037844388,0,0,6107.67,5675.26,5642.23,5594.38,6257.86,6471.79,5227.445,485.9401743371358,5596.142916666667,432.40999999999985,34.3,80.1,27.916666666666668,1.0,0.0,0.0
2025-10-19 22:00:00,22,6,10,292,-0.5000000000000004,0.8660254037844384,-0.7818314824680299,0.6234898018587334,-0.8660254037844386,0.5000000000000001,1,0,3791.28,3905.46,4009.4,3851.74,3879.1,3627.43,3658.557083333333,384.23424576891784,3869.7044047619047,-114.17999999999984,25.6,48.7,29.912499999999998,0.0,0.0,0.0
2026-01-10 00:00:00,0,5,1,10,0.0,1.0,-0.9749279121818236,-0.2225209339563146,0.49999999999999994,0.8660254037844387,1,0,3559.89,4122.4,4324.6,2890.28,2788.7,2639.08,4279.233333333333,1256.7282055078044,3954.904583333333,-562.5099999999998,14.8,70.7,20.495833333333334,0.0,1.0,0.0
2025-11-16 22:00:00,22,6,11,320,-0.5000000000000004,0.8660254037844384,-0.7818314824680299,0.6234898018587334,-0.5000000000000004,0.8660254037844384,1,0,2911.94,3135.34,3314.48,2718.57,2920.34,2727.1,2957.40875,694.0832423032974,3156.6444047619048,-223.4000000000001,16.4,77.1,25.983333333333334,0.0,0.0,1.0
2025-11-24 09:00:00,9,0,11,328,0.7071067811865476,-0.7071067811865475,0.0,1.0,-0.5000000000000004,0.8660254037844384,0,0,3825.4,3641.68,3348.99,3954.66,3948.9,3964.12,3113.6704166666664,760.7281340667955,3216.697261904762,183.72000000000025,28.3,39.6,25.112499999999997,0.0,0.0,0.0
2025-12-12 01:00:00,1,4,12,346,0.25881904510252074,0.9659258262890683,-0.433883739117558,-0.9009688679024191,-2.4492935982947064e-16,1.0,0,0,2379.97,2737.73,3194.15,2283.15,2210.76,1976.89,3377.7341666666666,703.1714163016544,3351.931607142857,-357.7600000000002,14.1,57.1,21.258333333333333,1.0,0.0,0.0
2025-10-11 09:00:00,9,5,10,284,0.7071067811865476,-0.7071067811865475,-0.9749279121818236,-0.2225209339563146,-0.8660254037844386,0.5000000000000001,1,0,3452.43,3342.76,3138.51,4154.06,4120.39,4937.34,3736.92625,654.4208711446507,4187.185238095238,109.66999999999962,33.9,48.8,29.058333333333334,0.0,0.0,0.0
2025-12-05 17:00:00,17,4,12,339,-0.9659258262890683,-0.25881904510252063,-0.433883739117558,-0.9009688679024191,-2.4492935982947064e-16,1.0,0,0,3731.92,3775.66,3854.92,4047.7,3895.13,3895.66,3415.314166666667,911.430426980257,3292.881071428571,-43.73999999999978,24.1,43.8,21.71666666666667,0.0,0.0,0.0
2025-09-21 04:00:00,4,6,9,264,0.8660254037844386,0.5000000000000001,-0.7818314824680299,0.6234898018587334,-1.0,-1.8369701987210297e-16,1,0,5278.7,5560.09,5945.41,5178.07,4999.83,4926.86,5818.8949999999995,537.408199812865,5882.451904761905,-281.3900000000003,26.5,85.6,29.46666666666667,1.0,0.0,0.0
2025-08-19 22:00:00,22,1,8,231,-0.5000000000000004,0.8660254037844384,0.7818314824680298,0.6234898018587336,-0.8660254037844384,-0.5000000000000004,0,0,5959.1,5800.1,5816.62,6371.69,5731.64,6296.76,5702.112083333333,553.309473912723,5294.17755952381,159.0,23.9,76.7,28.237499999999997,1.0,0.0,0.0
2025-07-21 00:00:00,0,0,7,202,0.0,1.0,0.0,1.0,-0.4999999999999997,-0.8660254037844388,0,0,6525.15,6525.15,6281.28,6059.97,5684.04,5594.65,5406.205833333333,647.5066598074093,5421.972619047619,0.0,22.6,92.4,28.245833333333334,0.0,1.0,0.0
2025-07-04 20:00:00,20,4,7,185,-0.8660254037844386,0.5000000000000001,-0.433883739117558,-0.9009688679024191,-0.4999999999999997,-0.8660254037844388,0,0,6395.46,6483.28,6723.14,6611.99,6427.14,6751.01,6455.580416666667,676.1741898838169,5926.350595238096,-87.81999999999971,31.1,84.4,28.112499999999997,1.0,0.0,0.0
2025-09-27 08:00:00,8,5,9,270,0.8660254037844387,-0.4999999999999998,-0.9749279121818236,-0.2225209339563146,-1.0,-1.8369701987210297e-16,1,0,4771.27,4791.11,4884.41,4855.86,4735.59,4912.07,5851.145833333333,607.878873903694,5731.637380952381,-19.839999999999236,34.1,59.1,29.087500000000002,0.0,0.0,0.0
2025-11-29 09:00:00,9,5,11,333,0.7071067811865476,-0.7071067811865475,-0.9749279121818236,-0.2225209339563146,-0.5000000000000004,0.8660254037844384,1,0,3879.68,3410.63,3127.65,3933.42,4119.03,3948.9,3363.2370833333334,754.053101408217,3223.6636904761904,469.0499999999997,28.7,47.7,25.59583333333333,0.0,0.0,0.0
2025-08-13 02:00:00,2,2,8,225,0.49999999999999994,0.8660254037844387,0.9749279121818236,-0.22252093395631434,-0.8660254037844384,-0.5000000000000004,0,0,5637.02,6087.41,6320.41,5335.59,5123.1,5107.35,5588.877916666667,637.1374108086935,5518.859285714286,-450.3899999999994,27.3,73.7,28.34166666666667,0.0,0.0,0.0
2025-08-07 18:00:00,18,3,8,219,-1.0,-1.8369701987210297e-16,0.43388373911755823,-0.900968867902419,-0.8660254037844384,-0.5000000000000004,0,0,6671.22,6873.2,6951.11,6135.93,5941.88,5611.64,5943.717083333333,730.9735179374937,5556.630952380952,-201.97999999999956,30.1,74.7,27.558333333333334,1.0,0.0,0.0
2025-08-28 23:00:00,23,3,8,240,-0.25881904510252157,0.9659258262890681,0.43388373911755823,-0.900968867902419,-0.8660254037844384,-0.5000000000000004,0,0,6204.02,6070.14,5964.8,5587.64,5410.17,6820.78,5524.391250000001,738.5285733385806,5412.123095238096,133.8800000000001,24.2,84.2,27.945833333333336,1.0,0.0,0.0
2025-11-28 12:00:00,12,4,11,332,1.2246467991473532e-16,-1.0,-0.433883739117558,-0.9009688679024191,-0.5000000000000004,0.8660254037844384,0,0,4343.32,4389.33,3933.42,4037.72,4048.82,4175.47,3275.111666666667,768.617377920013,3212.627976190476,-46.01000000000022,31.9,34.8,25.841666666666665,0.0,0.0,0.0
2025-11-30 04:00:00,4,6,11,334,0.8660254037844386,0.5000000000000001,-0.7818314824680299,0.6234898018587334,-0.5000000000000004,0.8660254037844384,1,0,1764.02,1851.66,1979.71,2162.6,2107.19,1888.99,3161.5329166666666,757.8562365875608,3227.430595238095,-87.6400000000001,23.1,55.1,24.979166666666668,0.0,0.0,0.0
2025-11-02 11:00:00,11,6,11,306,0.258819045102521,-0.9659258262890682,-0.7818314824680299,0.6234898018587334,-0.5000000000000004,0.8660254037844384,1,0,3749.12,3588.92,3264.88,4069.02,4485.0,3810.33,3400.255416666667,581.6532069734367,3511.7624404761905,160.19999999999982,28.3,50.5,25.441666666666666,1.0,0.0,0.0
2025-07-17 22:00:00,22,3,7,198,-0.5000000000000004,0.8660254037844384,0.43388373911755823,-0.900968867902419,-0.4999999999999997,-0.8660254037844388,0,0,5851.88,5969.03,5916.59,6251.21,6058.59,5849.64,5585.9875,613.7440725172152,5415.328392857143,-117.14999999999964,27.4,69.4,28.474999999999998,0.0,0.0,0.0
2025-08-25 06:00:00,6,0,8,237,1.0,6.123233995736766e-17,0.0,1.0,-0.8660254037844384,-0.5000000000000004,0,0,4337.58,4443.51,4634.27,4274.06,4770.4,4527.34,5109.3533333333335,487.4810832777456,5699.158214285714,-105.93000000000029,23.6,89.8,28.11666666666667,0.0,1.0,0.0
2025-10-16 00:00:00,0,3,10,289,0.0,1.0,0.43388373911755823,-0.900968867902419,-0.8660254037844386,0.5000000000000001,0,0,3524.06,3774.98,3852.99,3339.72,3340.24,3172.36,3917.3195833333334,621.7620917688168,3764.171845238095,-250.92000000000007,26.7,53.0,28.8,0.0,0.0,0.0
2025-11-21 18:00:00,18,4,11,325,-1.0,-1.8369701987210297e-16,-0.433883739117558,-0.9009688679024191,-0.5000000000000004,0.8660254037844384,0,0,3933.71,3576.41,3650.9,3933.7,3913.19,3840.2,3333.2287499999998,802.0895309308427,3193.9129166666667,357.3000000000002,27.3,48.9,25.570833333333336,0.0,0.0,0.0
2025-11-29 23:00:00,23,5,11,333,-0.25881904510252157,0.9659258262890681,-0.9749279121818236,-0.2225209339563146,-0.5000000000000004,0.8660254037844384,1,0,2786.24,3008.81,3360.5,2694.71,2605.91,2505.15,3212.9254166666665,680.8378075576275,3228.4548214285714,-222.57000000000016,20.0,52.4,25.087499999999995,1.0,0.0,0.0
2026-01-12 21:00:00,21,0,1,12,-0.7071067811865477,0.7071067811865474,0.0,1.0,0.49999999999999994,0.8660254037844387,0,0,4639.44,4752.1,4832.27,4257.2,4078.63,4068.88,4135.355416666666,1169.7441897752217,4050.238452380953,-112.66000000000076,17.7,51.0,21.337500000000002,0.0,0.0,0.0
2026-01-09 12:00:00,12,4,1,9,1.2246467991473532e-16,-1.0,-0.433883739117558,-0.9009688679024191,0.49999999999999994,0.8660254037844387,0,0,5931.41,5980.83,5861.45,5389.21,5532.37,5381.37,3993.320416666667,1200.3905431059136,3926.8699404761905,-49.42000000000007,25.5,43.6,20.770833333333332,0.0,0.0,0.0
2025-07-25 12:00:00,12,4,7,206,1.2246467991473532e-16,-1.0,-0.433883739117558,-0.9009688679024191,-0.4999999999999997,-0.8660254037844388,0,0,6534.39,6406.23,5987.85,6230.22,5692.2,5950.48,6200.58875,648.3726509689161,5557.760297619047,128.16000000000076,33.9,76.6,28.74166666666667,1.0,0.0,0.0
2025-12-15 16:00:00,16,0,12,349,-0.8660254037844384,-0.5000000000000004,0.0,1.0,-2.4492935982947064e-16,1.0,0,0,3692.96,3779.93,3955.11,3496.57,3413.05,3606.14,3403.5033333333336,844.8543026420617,3383.5948809523807,-86.9699999999998,25.0,45.7,21.941666666666666,0.0,0.0,0.0
2025-11-20 18:00:00,18,3,11,324,-1.0,-1.8369701987210297e-16,0.43388373911755823,-0.900968867902419,-0.5000000000000004,0.8660254037844384,0,0,3929.42,3612.68,3644.26,3913.19,3854.39,3835.07,3277.7220833333336,738.6737448438344,3186.941845238095,316.74000000000024,25.0,49.3,25.320833333333336,1.0,0.0,0.0
2025-12-21 05:00:00,5,6,12,355,0.9659258262890683,0.25881904510252074,-0.7818314824680299,0.6234898018587334,-2.4492935982947064e-16,1.0,1,0,1921.03,1841.45,1933.73,2656.54,2718.67,2265.56,3620.7345833333334,1013.6598146063048,3514.7947023809525,79.57999999999993,14.6,75.4,21.816666666666666,0.0,0.0,1.0
2025-11-11 04:00:00,4,1,11,315,0.8660254037844386,0.5000000000000001,0.7818314824680298,0.6234898018587336,-0.5000000000000004,0.8660254037844384,0,0,1896.24,1955.91,2086.66,1999.76,1972.48,2496.98,3161.9320833333336,685.20968747426,3241.5829761904765,-59.67000000000007,20.3,52.1,25.7,1.0,0.0,0.0
2025-07-28 21:00:00,21,0,7,209,-0.7071067811865477,0.7071067811865474,0.0,1.0,-0.4999999999999997,-0.8660254037844388,0,0,6925.13,6716.52,6570.26,7012.02,6903.02,5414.4,6477.315,712.7087786747124,5966.986011904762,208.60999999999967,24.5,94.7,28.179166666666664,0.0,1.0,0.0
2025-10-10 02:00:00,2,4,10,283,0.49999999999999994,0.8660254037844387,-0.433883739117558,-0.9009688679024191,-0.8660254037844386,0.5000000000000001,0,0,2947.2,3185.32,3414.83,2828.8,2905.45,4300.12,3798.7295833333333,642.305322368845,4440.779880952381,-238.12000000000035,24.7,66.8,28.75,1.0,0.0,0.0
2025-11-09 13:00:00,13,6,11,313,-0.2588190451025208,-0.9659258262890683,-0.7818314824680299,0.6234898018587334,-0.5000000000000004,0.8660254037844384,1,0,3748.21,3747.9,3712.86,3517.8,3624.93,3689.5,3006.2624999999994,648.0799582798212,3313.160714285714,0.30999999999994543,30.3,55.7,25.041666666666668,1.0,0.0,0.0
2025-10-07 04:00:00,4,1,10,280,0.8660254037844386,0.5000000000000001,0.7818314824680298,0.6234898018587336,-0.8660254037844386,0.5000000000000001,0,0,3112.98,3297.8,3429.58,4137.31,4268.2,5494.81,4326.46375,559.0846823297873,4933.219821428572,-184.82000000000016,26.6,51.2,29.8125,0.0,0.0,0.0
2025-09-27 03:00:00,3,5,9,270,0.7071067811865475,0.7071067811865476,-0.9749279121818236,-0.2225209339563146,-1.0,-1.8369701987210297e-16,1,0,5640.63,6025.71,6348.21,5149.2,5155.29,5421.84,5830.16125,637.5018867921917,5734.921785714286,-385.0799999999999,24.6,75.3,29.4375,1.0,0.0,0.0
2025-07-05 07:00:00,7,5,7,186,0.9659258262890683,-0.25881904510252063,-0.9749279121818236,-0.2225209339563146,-0.4999999999999997,-0.8660254037844388,1,0,5050.6,5233.77,5466.6,5191.35,4998.62,5283.83,6356.514166666667,662.4653993584152,5894.028809523809,-183.17000000000007,29.1,76.8,27.770833333333332,1.0,0.0,0.0
2025-11-01 18:00:00,18,5,11,305,-1.0,-1.8369701987210297e-16,-0.9749279121818236,-0.2225209339563146,-0.5000000000000004,0.8660254037844384,1,0,4049.83,3868.08,3873.19,4441.18,4341.62,4143.38,3589.087916666666,537.6672355971248,3517.8217261904765,181.75,21.4,66.8,25.970833333333335,0.0,0.0,1.0
2025-09-30 20:00:00,20,1,9,273,-0.8660254037844386,0.5000000000000001,0.7818314824680298,0.6234898018587336,-1.0,-1.8369701987210297e-16,0,0,5492.78,5597.27,5594.34,6422.41,6364.87,5799.59,5909.03125,603.5116691448782,5852.242797619047,-104.49000000000069,29.6,65.2,28.954166666666666,0.0,0.0,0.0
2025-08-03 09:00:00,9,6,8,215,0.7071067811865476,-0.7071067811865475,-0.7818314824680299,0.6234898018587334,-0.8660254037844384,-0.5000000000000004,1,0,4270.94,4271.24,4273.88,5070.47,5316.02,5138.4,5365.289583333333,646.3313586730751,5721.081666666667,-0.3000000000001819,26.8,96.4,28.587500000000002,0.0,0.0,1.0
2025-08-08 03:00:00,3,4,8,220,0.7071067811865475,0.7071067811865476,-0.433883739117558,-0.9009688679024191,-0.8660254037844384,-0.5000000000000004,0,0,5840.26,6272.08,6737.6,5215.17,4863.53,4613.96,6042.94125,784.9206143094623,5611.304404761905,-431.8199999999997,21.2,96.6,27.1375,0.0,1.0,0.0
2025-09-12 20:00:00,20,4,9,255,-0.8660254037844386,0.5000000000000001,-0.433883739117558,-0.9009688679024191,-1.0,-1.8369701987210297e-16,0,0,5961.98,5961.3,6104.19,5928.01,5950.79,5138.65,5606.486666666667,639.1336292722254,5374.384642857143,0.6799999999993815,27.7,88.0,30.02916666666667,0.0,1.0,0.0
2025-12-03 00:00:00,0,2,12,337,0.0,1.0,0.9749279121818236,-0.22252093395631434,-2.4492935982947064e-16,1.0,0,0,2708.08,3002.78,3186.26,2301.76,2117.3,2233.11,3294.0145833333336,812.0746287936282,3243.993571428571,-294.7000000000003,15.9,49.3,21.983333333333334,0.0,0.0,0.0
2026-01-11 17:00:00,17,6,1,11,-0.9659258262890683,-0.25881904510252063,-0.7818314824680299,0.6234898018587334,0.49999999999999994,0.8660254037844387,1,0,3992.02,4211.51,4443.99,4422.44,4815.18,4060.32,3914.9125000000004,1127.7872404470845,4010.9568452380954,-219.49000000000024,23.6,39.5,20.445833333333333,0.0,0.0,0.0
2026-01-07 11:00:00,11,2,1,7,0.258819045102521,-0.9659258262890682,0.9749279121818236,-0.22252093395631434,0.49999999999999994,0.8660254037844387,0,0,5795.03,5669.6,5031.06,5736.69,5451.7,5464.15,4138.295,1228.7443858176073,3897.225357142857,125.42999999999938,24.0,44.9,20.620833333333334,1.0,0.0,0.0
2025-07-04 13:00:00,13,4,7,185,-0.2588190451025208,-0.9659258262890683,-0.433883739117558,-0.9009688679024191,-0.4999999999999997,-0.8660254037844388,0,0,6877.48,6761.24,6603.4,6807.76,6555.4,7173.46,6514.2283333333335,720.8191048876358,5944.599702380952,116.23999999999978,28.5,88.4,28.22083333333333,0.0,1.0,0.0
2025-10-29 04:00:00,4,2,10,302,0.8660254037844386,0.5000000000000001,0.9749279121818236,-0.22252093395631434,-0.8660254037844386,0.5000000000000001,0,0,2420.66,2473.29,2576.81,2603.32,2644.83,2814.94,3433.8416666666667,566.8530344206858,3468.116130952381,-52.63000000000011,23.6,50.1,28.962499999999995,0.0,0.0,0.0
2025-08-18 21:00:00,21,0,8,230,-0.7071067811865477,0.7071067811865474,0.0,1.0,-0.8660254037844384,-0.5000000000000004,0,0,5964.96,5901.09,5947.54,5564.19,5409.72,6210.28,5485.922916666666,666.8542096745808,5279.785238095237,63.86999999999989,28.4,70.3,27.466666666666665,0.0,0.0,0.0
2025-12-08 22:00:00,22,0,12,342,-0.5000000000000004,0.8660254037844384,0.0,1.0,-2.4492935982947064e-16,1.0,0,0,3303.08,3582.36,3883.0,2861.84,3011.53,2982.49,3301.985,892.018721630429,3324.6147023809526,-279.2800000000002,20.1,44.7,21.991666666666664,0.0,0.0,0.0
2025-10-06 09:00:00,9,0,10,279,0.7071067811865476,-0.7071067811865475,0.0,1.0,-0.8660254037844386,0.5000000000000001,0,0,4404.83,4346.15,4313.13,4479.26,4937.34,5835.17,4852.510833333334,470.0503530651752,5184.878928571428,58.68000000000029,29.9,63.2,29.845833333333335,1.0,0.0,0.0
2025-09-29 01:00:00,1,0,9,272,0.25881904510252074,0.9659258262890683,0.0,1.0,-1.0,-1.8369701987210297e-16,0,0,6697.47,6854.52,6816.46,6226.09,6025.71,5921.8,5871.774166666667,636.3675778429687,5786.818928571428,-157.05000000000018,26.5,75.8,29.383333333333336,1.0,0.0,0.0
2025-10-04 14:00:00,14,5,10,277,-0.4999999999999997,-0.8660254037844388,-0.9749279121818236,-0.2225209339563146,-0.8660254037844386,0.5000000000000001,1,0,5392.3,5494.7,5420.95,5805.91,4666.09,6336.37,5183.514166666667,555.5022112578349,5443.001666666666,-102.39999999999964,33.1,50.6,29.69583333333333,0.0,0.0,0.0
2025-10-17 19:00:00,19,4,10,290,-0.9659258262890684,0.2588190451025203,-0.433883739117558,-0.9009688679024191,-0.8660254037844386,0.5000000000000001,0,0,4745.78,4650.74,4546.21,4586.6,4503.87,4337.76,3962.7295833333337,658.3401328141686,3800.5224404761907,95.03999999999996,31.7,49.5,29.491666666666664,0.0,0.0,0.0
2025-06-29 05:00:00,5,6,6,180,0.9659258262890683,0.25881904510252074,-0.7818314824680299,0.6234898018587334,1.2246467991473532e-16,-1.0,1,0,5262.25,5505.86,5766.32,5710.99,5554.01,5242.98,6102.240833333333,565.0087911352841,6311.945178571429,-243.60999999999967,25.1,81.1,31.904166666666665,0.0,1.0,0.0
2025-07-20 09:00:00,9,6,7,201,0.7071067811865476,-0.7071067811865475,-0.7818314824680299,0.6234898018587334,-0.4999999999999997,-0.8660254037844388,1,0,4324.96,4348.75,4432.39,4912.0,5382.44,4622.34,5347.51625,527.822526042979,5389.163035714286,-23.789999999999964,32.6,74.4,28.787499999999998,1.0,0.0,0.0
2026-01-09 15:00:00,15,4,1,9,-0.7071067811865471,-0.7071067811865479,-0.433883739117558,-0.9009688679024191,0.49999999999999994,0.8660254037844387,0,0,4975.45,5377.38,5744.01,4276.8,4585.07,4384.87,4044.42625,1248.923288474537,3933.950595238095,-401.9300000000003,25.6,37.9,20.6875,0.0,0.0,0.0
2025-06-30 09:00:00,9,0,6,181,0.7071067811865476,-0.7071067811865475,0.0,1.0,1.2246467991473532e-16,-1.0,0,0,4603.74,4432.88,4374.92,5023.46,5838.36,5990.96,5201.575416666667,437.2099755712133,6208.532678571429,170.85999999999967,35.3,62.4,31.275000000000002,0.0,0.0,0.0
2026-01-12 17:00:00,17,0,1,12,-0.9659258262890683,-0.25881904510252063,0.0,1.0,0.49999999999999994,0.8660254037844387,0,0,4384.43,4468.91,4526.68,4220.85,4422.44,4539.83,4067.8475,1144.0853738144353,4045.4995833333337,-84.47999999999956,23.7,43.0,21.483333333333334,0.0,0.0,0.0
2025-07-02 04:00:00,4,2,7,183,0.8660254037844386,0.5000000000000001,0.9749279121818236,-0.22252093395631434,-0.4999999999999997,-0.8660254037844388,0,0,5163.59,5431.54,5796.36,4562.84,4647.23,5592.0,5605.2975,679.032358934725,5985.867559523809,-267.9499999999998,27.0,71.2,27.50833333333333,0.0,0.0,0.0
2025-07-30 03:00:00,3,2,7,211,0.7071067811865475,0.7071067811865476,0.9749279121818236,-0.22252093395631434,-0.4999999999999997,-0.8660254037844388,0,0,5352.61,5672.05,6110.54,5786.13,5878.95,4762.64,5806.9608333333335,378.43338863539265,6052.041726190476,-319.4400000000005,20.8,89.2,28.216666666666665,0.0,1.0,0.0
2025-12-23 19:00:00,19,1,12,357,-0.9659258262890684,0.2588190451025203,0.7818314824680298,0.6234898018587336,-2.4492935982947064e-16,1.0,0,0,4249.6,4205.8,3831.75,4167.01,3905.54,3946.02,3685.391666666667,995.1661452618872,3610.789642857143,43.80000000000018,23.4,48.2,22.3625,0.0,0.0,0.0
2026-01-02 13:00:00,13,4,1,2,-0.2588190451025208,-0.9659258262890683,-0.433883739117558,-0.9009688679024191,0.49999999999999994,0.8660254037844387,0,0,5381.37,5545.99,5508.58,4944.48,5013.05,4430.56,3805.0116666666668,1172.877295245111,3706.4499404761905,-164.6199999999999,28.7,38.5,20.395833333333332,0.0,0.0,0.0
2025-08-21 16:00:00,16,3,8,233,-0.8660254037844384,-0.5000000000000004,0.43388373911755823,-0.900968867902419,-0.8660254037844384,-0.5000000000000004,0,0,6870.53,6837.29,6410.3,6639.93,6122.34,5640.21,6006.965416666667,669.904498326508,5332.86130952381,33.23999999999978,31.1,88.5,28.77916666666667,0.0,0.0,1.0
2025-08-14 22:00:00,22,3,8,226,-0.5000000000000004,0.8660254037844384,0.43388373911755823,-0.900968867902419,-0.8660254037844384,-0.5000000000000004,0,0,5356.32,5319.16,5411.37,6778.53,6296.76,6975.79,5513.13375,575.0617542249691,5465.198630952381,37.159999999999854,27.1,74.7,28.266666666666666,0.0,0.0,0.0
2025-08-21 04:00:00,4,3,8,233,0.8660254037844386,0.5000000000000001,0.43388373911755823,-0.900968867902419,-0.8660254037844384,-0.5000000000000004,0,0,5287.82,5637.78,5998.28,4780.39,4793.82,5068.52,5917.291249999999,703.8140438898918,5292.126547619047,-349.96000000000004,27.8,77.4,28.620833333333334,1.0,0.0,0.0
2025-11-26 09:00:00,9,2,11,330,0.7071067811865476,-0.7071067811865475,0.9749279121818236,-0.22252093395631434,-0.5000000000000004,0.8660254037844384,0,0,3897.16,3804.97,3496.62,4193.99,4163.15,4156.28,3283.0070833333334,832.2108069708092,3220.0325000000003,92.19000000000005,25.5,67.1,25.479166666666668,0.0,1.0,0.0
2025-07-15 16:00:00,16,1,7,196,-0.8660254037844384,-0.5000000000000004,0.7818314824680298,0.6234898018587336,-0.4999999999999997,-0.8660254037844388,0,0,6239.28,6210.67,5850.72,6088.63,5532.78,7272.44,5277.8025,635.6205372106343,5488.207559523809,28.609999999999673,32.9,76.0,28.4875,1.0,0.0,0.0
2025-11-28 10:00:00,10,4,11,332,0.49999999999999994,-0.8660254037844387,-0.433883739117558,-0.9009688679024191,-0.5000000000000004,0.8660254037844384,0,0,3933.42,3781.21,3446.74,4158.84,4209.37,4314.22,3258.7137499999994,745.9757493541688,3211.6626190476195,152.21000000000004,29.9,44.4,25.845833333333335,0.0,0.0,0.0
2026-01-06 20:00:00,20,1,1,6,-0.8660254037844386,0.5000000000000001,0.7818314824680298,0.6234898018587336,0.49999999999999994,0.8660254037844387,0,1,4693.94,4790.99,4656.32,4338.1,4024.58,4066.72,4122.109583333334,1198.2990812541877,3878.266845238095,-97.05000000000018,20.7,37.5,21.491666666666664,0.0,0.0,0.0
2025-09-09 14:00:00,14,1,9,252,-0.4999999999999997,-0.8660254037844388,0.7818314824680298,0.6234898018587336,-1.0,-1.8369701987210297e-16,0,0,6048.31,5982.57,5833.41,6045.65,5270.49,5266.75,5512.704999999999,583.0708857942483,4948.277916666666,65.74000000000069,32.3,87.7,29.208333333333332,0.0,1.0,0.0
2025-07-21 12:00:00,12,0,7,202,1.2246467991473532e-16,-1.0,0.0,1.0,-0.4999999999999997,-0.8660254037844388,0,0,5992.66,5891.67,5613.8,5455.34,5522.79,5642.23,5619.022083333333,517.5169304349296,5454.858571428571,100.98999999999978,36.9,62.8,27.620833333333334,0.0,0.0,0.0
2025-07-23 02:00:00,2,2,7,204,0.49999999999999994,0.8660254037844387,0.9749279121818236,-0.22252093395631434,-0.4999999999999997,-0.8660254037844388,0,0,5303.55,5680.13,5908.21,5336.65,5538.06,5093.82,5548.97625,349.1052979037631,5491.397083333334,-376.5799999999999,22.9,80.2,27.549999999999997,1.0,0.0,0.0
2025-09-15 05:00:00,5,0,9,258,0.9659258262890683,0.25881904510252074,0.0,1.0,-1.0,-1.8369701987210297e-16,0,0,4930.88,5185.55,5464.05,4766.51,4651.58,4136.13,5511.469583333333,577.9210190545566,5596.300595238095,-254.67000000000007,28.0,67.7,29.645833333333332,0.0,0.0,0.0
2025-09-10 09:00:00,9,2,9,253,0.7071067811865476,-0.7071067811865475,0.9749279121818236,-0.22252093395631434,-1.0,-1.8369701987210297e-16,0,0,4941.0,4824.82,4805.68,5328.43,5230.48,4998.71,5726.724999999999,598.7666296719581,5088.401785714285,116.18000000000029,33.3,63.5,28.683333333333337,0.0,0.0,0.0
2025-11-24 16:00:00,16,0,11,328,-0.8660254037844384,-0.5000000000000004,0.0,1.0,-0.5000000000000004,0.8660254037844384,0,0,3515.54,3564.9,3684.0,3270.93,3308.96,3498.73,3132.1416666666664,780.394135491935,3220.413333333333,-49.36000000000013,29.9,41.1,25.125,0.0,0.0,0.0
2025-08-21 11:00:00,11,3,8,233,0.258819045102521,-0.9659258262890682,0.43388373911755823,-0.900968867902419,-0.8660254037844384,-0.5000000000000004,0,0,6014.69,5751.6,5033.83,6011.28,6064.4,5552.62,5966.43375,639.3657559869904,5304.341071428571,263.08999999999924,35.2,67.4,29.133333333333336,0.0,0.0,0.0
2025-10-05 21:00:00,21,6,10,278,-0.7071067811865477,0.7071067811865474,-0.7818314824680299,0.6234898018587334,-0.8660254037844386,0.5000000000000001,1,0,5258.15,5246.27,5212.15,5384.53,5436.35,6552.38,4840.805833333334,461.50026144342354,5267.733452380952,11.8799999999992,27.6,53.6,30.108333333333334,0.0,0.0,0.0
2025-07-30 21:00:00,21,2,7,211,-0.7071067811865477,0.7071067811865474,0.9749279121818236,-0.22252093395631434,-0.4999999999999997,-0.8660254037844388,0,0,5876.23,5949.06,5948.29,6256.28,7137.98,5898.87,5743.512500000001,588.599809572064,6085.974821428572,-72.83000000000084,26.2,72.5,28.474999999999998,1.0,0.0,0.0
2025-11-12 20:00:00,20,2,11,316,-0.8660254037844386,0.5000000000000001,0.9749279121818236,-0.22252093395631434,-0.5000000000000004,0.8660254037844384,0,0,3800.76,3921.47,3875.23,3444.31,3428.0,3764.91,3225.8195833333334,740.2265426821577,3184.7346428571423,-120.70999999999958,23.6,55.3,25.4375,1.0,0.0,0.0
2025-12-10 11:00:00,11,2,12,344,0.258819045102521,-0.9659258262890682,0.9749279121818236,-0.22252093395631434,-2.4492935982947064e-16,1.0,0,0,4500.6,4458.08,4285.33,4256.56,4293.05,4211.28,3453.5820833333332,786.4129591792629,3349.264583333333,42.52000000000044,24.1,62.5,22.016666666666666,0.0,1.0,0.0
2025-07-02 15:00:00,15,2,7,183,-0.7071067811865471,-0.7071067811865479,0.9749279121818236,-0.22252093395631434,-0.4999999999999997,-0.8660254037844388,0,0,6908.68,6555.4,6379.49,6301.47,5878.41,7079.87,5829.844583333334,633.9259181583279,5962.079107142857,353.28000000000065,32.8,66.8,28.1375,0.0,0.0,0.0
2025-08-16 21:00:00,21,5,8,228,-0.7071067811865477,0.7071067811865474,-0.9749279121818236,-0.2225209339563146,-0.8660254037844384,-0.5000000000000004,1,1,5311.01,5301.77,5101.58,4988.32,5356.32,4750.47,4896.579166666666,520.1488221479675,5236.519226190476,9.239999999999782,26.6,78.7,27.2375,1.0,0.0,0.0
2025-08-15 06:00:00,6,4,8,227,1.0,6.123233995736766e-17,-0.433883739117558,-0.9009688679024191,-0.8660254037844384,-0.5000000000000004,0,0,4282.73,4419.33,4568.42,4681.37,4763.69,4886.91,5198.752083333334,435.2669316835755,5411.327380952381,-136.60000000000036,26.0,95.9,27.987499999999997,0.0,0.0,1.0
2025-10-08 10:00:00,10,2,10,281,0.49999999999999994,-0.8660254037844387,0.9749279121818236,-0.22252093395631434,-0.8660254037844386,0.5000000000000001,0,0,4220.54,3763.06,3627.31,4659.83,4931.99,5408.15,3934.6495833333333,710.3988237571323,4692.81744047619,457.48,31.1,58.2,28.916666666666668,1.0,0.0,0.0
2025-08-18 11:00:00,11,0,8,230,0.258819045102521,-0.9659258262890682,0.0,1.0,-0.8660254037844384,-0.5000000000000004,0,0,5635.53,5387.18,4794.05,5356.95,5226.08,5840.35,5190.816666666667,453.40623849939783,5275.622738095238,248.34999999999945,31.1,81.9,27.841666666666665,1.0,0.0,0.0
2025-12-19 08:00:00,8,4,12,353,0.8660254037844387,-0.4999999999999998,-0.433883739117558,-0.9009688679024191,-2.4492935982947064e-16,1.0,0,0,4371.73,3648.57,2718.67,4431.34,4394.86,4256.5,3582.0195833333332,953.9436390401066,3422.3301190476186,723.1599999999994,24.7,38.9,21.90416666666667,0.0,0.0,0.0
2025-07-15 10:00:00,10,1,7,196,0.49999999999999994,-0.8660254037844387,0.7818314824680298,0.6234898018587336,-0.4999999999999997,-0.8660254037844388,0,0,5187.61,4534.13,4338.96,5494.44,4939.94,6222.07,5258.285,615.4156598734013,5520.2679761904765,653.4799999999996,34.1,74.6,28.541666666666668,1.0,0.0,0.0
2025-11-15 03:00:00,3,5,11,319,0.7071067811865475,0.7071067811865476,-0.9749279121818236,-0.2225209339563146,-0.5000000000000004,0.8660254037844384,1,0,1977.12,2109.43,2325.52,1920.44,1915.12,2072.36,3280.396666666667,757.931078647502,3152.10380952381,-132.30999999999995,19.6,55.5,25.27916666666667,1.0,0.0,0.0
2025-10-30 07:00:00,7,3,10,303,0.9659258262890683,-0.25881904510252063,0.43388373911755823,-0.900968867902419,-0.8660254037844386,0.5000000000000001,0,0,3568.53,2991.0,2610.65,3531.09,3335.5,3231.79,3555.78,584.1844643678476,3485.9211309523807,577.5300000000002,30.2,50.0,29.55416666666667,0.0,0.0,0.0
2025-12-25 01:00:00,1,3,12,359,0.25881904510252074,0.9659258262890683,0.43388373911755823,-0.900968867902419,-2.4492935982947064e-16,1.0,0,1,2521.4,2989.55,3419.59,2147.95,2156.89,2094.35,3666.6229166666667,1000.6074009124306,3640.138214285714,-468.1500000000001,16.4,52.3,21.3875,0.0,0.0,0.0
2025-09-05 23:00:00,23,4,9,248,-0.25881904510252157,0.9659258262890681,-0.433883739117558,-0.9009688679024191,-1.0,-1.8369701987210297e-16,0,1,5125.84,5071.33,5138.65,5122.22,4511.63,5592.83,4866.665416666667,539.8604877750433,4862.849464285715,54.51000000000022,21.7,85.6,29.329166666666666,0.0,1.0,0.0
2025-08-25 04:00:00,4,0,8,237,0.8660254037844386,0.5000000000000001,0.0,1.0,-0.8660254037844384,-0.5000000000000004,0,0,4634.27,4901.42,5255.42,4475.91,5080.35,4417.13,5111.882916666667,483.66907217445777,5698.9699404761905,-267.14999999999964,23.6,94.9,28.03333333333333,0.0,0.0,1.0
2025-07-06 08:00:00,8,6,7,187,0.8660254037844387,-0.4999999999999998,-0.7818314824680299,0.6234898018587334,-0.4999999999999997,-0.8660254037844388,1,1,4977.04,5097.78,5393.85,5037.11,5376.97,4640.78,6302.904166666666,691.1897496215418,5931.154880952381,-120.73999999999978,31.9,68.7,28.791666666666668,0.0,0.0,0.0
2025-12-30 03:00:00,3,1,12,364,0.7071067811865475,0.7071067811865476,0.7818314824680298,0.6234898018587336,-2.4492935982947064e-16,1.0,0,0,2029.84,2221.95,2546.17,1809.81,1836.43,1897.36,3727.660416666667,1022.1090515905515,3589.658630952381,-192.1099999999999,16.0,67.8,21.483333333333334,1.0,0.0,0.0
2025-10-21 22:00:00,22,1,10,294,-0.5000000000000004,0.8660254037844384,0.7818314824680298,0.6234898018587336,-0.8660254037844386,0.5000000000000001,0,0,3672.59,3712.86,3767.01,3545.56,3728.66,3743.06,3445.3020833333335,289.86285698713414,3741.5147619047616,-40.26999999999998,28.0,49.6,29.900000000000002,0.0,0.0,0.0
2025-11-26 10:00:00,10,2,11,330,0.49999999999999994,-0.8660254037844387,0.9749279121818236,-0.22252093395631434,-0.5000000000000004,0.8660254037844384,0,0,4192.98,3897.16,3804.97,4310.59,4232.92,4215.36,3282.965,832.1627615306497,3220.2509523809526,295.8199999999997,26.6,54.1,25.40416666666667,1.0,0.0,0.0
2025-08-11 15:00:00,15,0,8,223,-0.7071067811865471,-0.7071067811865479,0.0,1.0,-0.8660254037844384,-0.5000000000000004,0,0,6229.89,5851.79,5880.15,5402.88,4341.05,6327.5,5361.9383333333335,550.8396918828929,5517.49130952381,378.10000000000036,30.8,94.0,27.658333333333335,0.0,0.0,1.0
2025-12-28 02:00:00,2,6,12,362,0.49999999999999994,0.8660254037844387,-0.7818314824680299,0.6234898018587334,-2.4492935982947064e-16,1.0,1,0,2105.28,2419.18,2830.66,2007.64,1991.01,1933.73,3452.8191666666667,863.8434119220107,3604.347797619048,-313.89999999999964,18.3,55.2,22.170833333333334,0.0,0.0,0.0
2025-08-04 15:00:00,15,0,8,216,-0.7071067811865471,-0.7071067811865479,0.0,1.0,-0.8660254037844384,-0.5000000000000004,0,0,6289.97,5929.75,5870.29,5710.99,6101.54,7444.33,5603.713333333333,547.9540949090085,5594.136071428571,360.22000000000025,35.8,66.7,28.641666666666666,0.0,0.0,0.0
2026-01-01 09:00:00,9,3,1,1,0.7071067811865476,-0.7071067811865475,0.43388373911755823,-0.900968867902419,0.49999999999999994,0.8660254037844387,0,1,4837.53,4359.92,3470.09,5316.63,5100.17,4745.04,3994.7412500000005,1122.5384402029113,3662.8292857142856,477.6099999999997,24.6,44.2,21.525000000000002,0.0,0.0,0.0
2025-11-20 20:00:00,20,3,11,324,-0.8660254037844386,0.5000000000000001,0.43388373911755823,-0.900968867902419,-0.5000000000000004,0.8660254037844384,0,0,3819.39,3933.7,3929.42,3541.58,3465.39,3472.53,3278.2591666666667,739.2082214741553,3187.85755952381,-114.30999999999995,25.2,45.5,25.316666666666666,0.0,0.0,0.0
2025-08-28 20:00:00,20,3,8,240,-0.8660254037844386,0.5000000000000001,0.43388373911755823,-0.900968867902419,-0.8660254037844384,-0.5000000000000004,0,0,6059.18,5970.97,6133.89,5437.82,5257.98,6354.34,5452.998333333334,706.8638500088223,5421.46494047619,88.21000000000004,27.2,78.6,27.399999999999995,1.0,0.0,0.0
2025-08-07 11:00:00,11,3,8,219,0.258819045102521,-0.9659258262890682,0.43388373911755823,-0.900968867902419,-0.8660254037844384,-0.5000000000000004,0,0,5854.02,5507.35,4868.73,5874.92,5799.79,5977.89,5858.182916666666,657.5308487951124,5525.084464285715,346.6700000000001,33.9,65.7,28.075,0.0,0.0,0.0
2025-09-11 14:00:00,14,3,9,254,-0.4999999999999997,-0.8660254037844388,0.43388373911755823,-0.900968867902419,-1.0,-1.8369701987210297e-16,0,0,5901.56,5847.51,5780.22,6423.39,6330.5,5676.22,5642.974583333334,665.9789901568018,5247.586964285714,54.05000000000018,35.8,59.0,29.3125,0.0,0.0,0.0
2025-10-20 11:00:00,11,0,10,293,0.258819045102521,-0.9659258262890682,0.0,1.0,-0.8660254037844386,0.5000000000000001,0,1,3519.82,3394.83,3213.49,4103.25,4459.6,4493.19,3561.34125,425.51581741732673,3857.210297619047,124.99000000000024,35.7,53.6,29.90833333333333,0.0,0.0,0.0
2025-09-10 01:00:00,1,2,9,253,0.25881904510252074,0.9659258262890683,0.9749279121818236,-0.22252093395631434,-1.0,-1.8369701987210297e-16,0,0,6120.99,6369.45,6397.31,5394.22,4715.33,4081.55,5650.28,694.3551843382545,5037.860000000001,-248.46000000000004,23.9,93.1,28.729166666666668,0.0,1.0,0.0
2025-12-07 10:00:00,10,6,12,341,0.49999999999999994,-0.8660254037844387,-0.7818314824680299,0.6234898018587334,-2.4492935982947064e-16,1.0,1,0,4385.42,3839.88,3443.1,4331.82,4413.3,4197.75,3189.35875,841.4668322085689,3306.4836309523807,545.54,25.4,44.2,21.84166666666667,0.0,0.0,0.0
2025-08-24 02:00:00,2,6,8,236,0.49999999999999994,0.8660254037844387,-0.7818314824680299,0.6234898018587334,-0.8660254037844384,-0.5000000000000004,1,0,5192.34,5494.94,5597.28,5651.02,5696.7,5095.9,5522.642916666667,457.42312450320026,5698.6960714285715,-302.59999999999945,25.3,68.6,28.53333333333333,0.0,0.0,0.0
2025-08-30 15:00:00,15,5,8,242,-0.7071067811865471,-0.7071067811865479,-0.9749279121818236,-0.2225209339563146,-0.8660254037844384,-0.5000000000000004,1,0,5990.95,5796.79,5818.86,6003.32,6549.27,6309.66,5292.772083333333,602.7973240613213,5284.007738095238,194.15999999999985,36.1,62.8,28.254166666666666,0.0,0.0,0.0
2025-10-07 12:00:00,12,1,10,280,1.2246467991473532e-16,-1.0,0.7818314824680298,0.6234898018587336,-0.8660254037844386,0.5000000000000001,0,0,4760.56,4659.83,4353.03,5105.1,4979.22,5540.34,4101.86,648.0503946386785,4846.592083333334,100.73000000000047,34.8,44.0,29.85833333333333,0.0,0.0,0.0
2025-10-08 09:00:00,9,2,10,281,0.7071067811865476,-0.7071067811865475,0.9749279121818236,-0.22252093395631434,-0.8660254037844386,0.5000000000000001,0,0,3763.06,3627.31,3527.24,4353.03,4743.59,5056.75,3940.17,713.2261878254652,4697.7948809523805,135.75,34.3,46.2,29.0625,0.0,0.0,0.0
2025-11-24 23:00:00,23,0,11,328,-0.25881904510252157,0.9659258262890681,0.0,1.0,-0.5000000000000004,0.8660254037844384,0,0,2864.61,3050.02,3443.86,2414.6,2505.15,2577.57,3200.068333333333,805.3693186395018,3221.592738095238,-185.40999999999985,21.4,73.6,25.549999999999997,0.0,1.0,0.0
2025-11-23 00:00:00,0,6,11,327,0.0,1.0,-0.7818314824680299,0.6234898018587334,-0.5000000000000004,0.8660254037844384,1,0,2505.15,2806.85,3019.15,2355.89,2304.61,2180.0,3137.9154166666667,687.9147969106158,3203.512976190476,-301.6999999999998,20.5,54.5,25.52916666666667,1.0,0.0,0.0
2025-08-18 14:00:00,14,0,8,230,-0.4999999999999997,-0.8660254037844388,0.0,1.0,-0.8660254037844384,-0.5000000000000004,0,0,6016.59,5901.6,5817.3,5730.38,5525.34,6229.89,5243.64375,508.33409288547693,5276.594166666667,114.98999999999978,30.7,94.0,27.258333333333336,0.0,1.0,0.0
2025-06-30 12:00:00,12,0,6,181,1.2246467991473532e-16,-1.0,0.0,1.0,1.2246467991473532e-16,-1.0,0,0,5586.5,5446.02,5178.16,5493.18,6851.77,7012.92,5225.65875,444.1900698273019,6191.69625,140.47999999999956,34.2,79.4,30.820833333333336,0.0,1.0,0.0
2025-11-04 12:00:00,12,1,11,308,1.2246467991473532e-16,-1.0,0.7818314824680298,0.6234898018587336,-0.5000000000000004,0.8660254037844384,0,0,4059.17,4056.93,3913.83,3937.6,3824.44,4039.79,3439.1650000000004,582.3623783462488,3500.6379761904764,2.2400000000002365,28.6,65.4,25.387500000000003,0.0,1.0,0.0
2026-01-09 17:00:00,17,4,1,9,-0.9659258262890683,-0.25881904510252063,-0.433883739117558,-0.9009688679024191,0.49999999999999994,0.8660254037844387,0,0,4595.97,4758.34,4975.45,4131.91,4542.53,4502.09,4088.0499999999997,1261.2903323460441,3938.4838690476195,-162.3699999999999,19.3,64.7,20.404166666666665,0.0,1.0,0.0
2025-07-04 08:00:00,8,4,7,185,0.8660254037844387,-0.4999999999999998,-0.433883739117558,-0.9009688679024191,-0.4999999999999997,-0.8660254037844388,0,0,5191.35,5171.87,5404.98,5197.59,5035.66,5450.56,6456.517083333332,735.6960772982228,5945.9292857142855,19.480000000000473,29.6,92.4,28.370833333333334,0.0,1.0,0.0
2025-12-24 12:00:00,12,2,12,358,1.2246467991473532e-16,-1.0,0.9749279121818236,-0.22252093395631434,-2.4492935982947064e-16,1.0,0,0,4928.74,4993.13,4985.06,4731.92,4804.97,4515.06,3664.0525,1003.9153608930378,3627.5687500000004,-64.39000000000033,23.8,62.7,21.454166666666666,0.0,1.0,0.0
2025-12-03 04:00:00,4,2,12,337,0.8660254037844386,0.5000000000000001,0.9749279121818236,-0.22252093395631434,-2.4492935982947064e-16,1.0,0,0,2040.3,2091.77,2189.61,1969.74,1993.2,1957.75,3331.2004166666666,750.2740855904386,3249.349523809524,-51.47000000000003,19.4,37.5,22.054166666666664,0.0,0.0,0.0
2025-08-29 22:00:00,22,4,8,241,-0.5000000000000004,0.8660254037844384,-0.433883739117558,-0.9009688679024191,-0.8660254037844384,-0.5000000000000004,0,0,5471.87,5566.98,5734.63,6204.02,5630.77,6626.49,5528.579166666666,512.7891245448446,5341.648154761905,-95.10999999999967,26.2,62.7,28.504166666666666,0.0,0.0,0.0
2025-10-31 23:00:00,23,4,10,304,-0.25881904510252157,0.9659258262890681,-0.433883739117558,-0.9009688679024191,-0.8660254037844386,0.5000000000000001,0,0,3502.85,3667.69,4013.24,3163.13,3121.34,3321.01,3723.6654166666667,688.2884837294982,3515.270892857143,-164.84000000000015,26.1,46.1,29.479166666666668,0.0,0.0,0.0
2025-11-01 01:00:00,1,5,11,305,0.25881904510252074,0.9659258262890683,-0.9749279121818236,-0.2225209339563146,-0.5000000000000004,0.8660254037844384,1,0,3038.92,3261.96,3502.85,2714.24,2687.37,2934.86,3733.362916666667,678.5995292062908,3514.2736309523807,-223.03999999999996,18.0,61.7,28.974999999999998,1.0,0.0,0.0
2025-10-02 19:00:00,19,3,10,275,-0.9659258262890684,0.2588190451025203,0.43388373911755823,-0.900968867902419,-0.8660254037844386,0.5000000000000001,0,1,4276.11,4337.33,4423.02,5743.37,5492.78,6053.25,4749.528333333333,540.7686519380277,5646.209999999999,-61.220000000000255,32.4,49.9,30.108333333333334,0.0,0.0,0.0
2025-08-18 17:00:00,17,0,8,230,-0.9659258262890683,-0.25881904510252063,0.0,1.0,-0.8660254037844384,-0.5000000000000004,0,0,6300.24,6469.28,6406.8,5104.62,5221.65,6075.06,5349.002916666667,632.7142201141254,5279.309226190476,-169.03999999999996,31.7,75.3,26.933333333333334,1.0,0.0,0.0
2025-10-24 05:00:00,5,4,10,297,0.9659258262890683,0.25881904510252074,-0.433883739117558,-0.9009688679024191,-0.8660254037844386,0.5000000000000001,0,0,2734.95,2681.66,2788.84,2871.84,2934.65,3159.83,3489.5458333333336,461.15846655741956,3611.978333333334,53.289999999999964,26.4,65.7,29.291666666666668,1.0,0.0,0.0
2025-11-04 00:00:00,0,1,11,308,0.0,1.0,0.7818314824680298,0.6234898018587336,-0.5000000000000004,0.8660254037844384,0,0,2963.44,3190.95,3344.72,2751.21,2847.1,2766.11,3417.927916666666,571.4106660293006,3498.924404761905,-227.50999999999976,22.6,44.8,24.837500000000002,0.0,0.0,0.0
2025-12-25 00:00:00,0,3,12,359,0.0,1.0,0.43388373911755823,-0.900968867902419,-2.4492935982947064e-16,1.0,0,1,2989.55,3419.59,3616.55,2486.91,2519.39,2394.36,3665.185833333333,1002.3469502467108,3639.3820238095236,-430.03999999999996,16.4,46.5,21.370833333333334,0.0,0.0,0.0
2025-11-13 01:00:00,1,3,11,317,0.25881904510252074,0.9659258262890683,0.43388373911755823,-0.900968867902419,-0.5000000000000004,0.8660254037844384,0,0,2279.23,2557.9,2936.5,2064.72,2086.66,2530.94,3237.31125,736.6559824393227,3174.867738095238,-278.6700000000001,18.0,59.2,25.166666666666668,1.0,0.0,0.0
2025-08-28 11:00:00,11,3,8,240,0.258819045102521,-0.9659258262890682,0.43388373911755823,-0.900968867902419,-0.8660254037844384,-0.5000000000000004,0,0,5802.36,5410.98,4781.03,5659.64,5629.99,6200.06,5237.745416666667,494.7744992987825,5440.741607142858,391.3800000000001,33.5,76.6,27.433333333333334,1.0,0.0,0.0
2025-08-25 17:00:00,17,0,8,237,-0.9659258262890683,-0.25881904510252063,0.0,1.0,-0.8660254037844384,-0.5000000000000004,0,0,5565.79,5717.07,5704.13,5142.24,5684.17,6127.88,5231.5808333333325,469.79130716335374,5678.046964285714,-151.27999999999975,29.9,91.9,28.141666666666666,0.0,1.0,0.0
2025-08-28 15:00:00,15,3,8,240,-0.7071067811865471,-0.7071067811865479,0.43388373911755823,-0.900968867902419,-0.8660254037844384,-0.5000000000000004,0,0,6478.83,5968.25,5993.51,5675.07,5860.38,6870.53,5319.0725,590.2350103744769,5431.917976190476,510.5799999999999,33.8,76.4,27.50833333333333,1.0,0.0,0.0
2025-08-30 22:00:00,22,5,8,242,-0.5000000000000004,0.8660254037844384,-0.9749279121818236,-0.2225209339563146,-0.8660254037844384,-0.5000000000000004,1,0,5801.62,5658.57,5718.72,5590.4,6204.02,5588.51,5304.584583333333,608.1095225724687,5287.927857142857,143.05000000000018,27.7,62.1,28.183333333333334,0.0,0.0,0.0
2025-09-07 13:00:00,13,6,9,250,-0.2588190451025208,-0.9659258262890683,-0.7818314824680299,0.6234898018587334,-1.0,-1.8369701987210297e-16,1,0,5355.0,5179.21,4943.87,5354.31,5327.43,4962.58,5003.23,542.5896489341225,4798.220892857143,175.78999999999996,36.5,53.6,29.15416666666667,0.0,0.0,0.0
2025-08-01 17:00:00,17,4,8,213,-0.9659258262890683,-0.25881904510252063,-0.433883739117558,-0.9009688679024191,-0.8660254037844384,-0.5000000000000004,0,0,5986.44,6261.51,6245.54,5681.73,6092.94,7096.52,5368.436666666667,588.2210026901568,5931.735297619048,-275.0700000000006,32.1,62.4,28.32916666666667,0.0,0.0,0.0
2025-10-17 09:00:00,9,4,10,290,0.7071067811865476,-0.7071067811865475,-0.433883739117558,-0.9009688679024191,-0.8660254037844386,0.5000000000000001,0,0,3751.76,3709.52,3631.58,4175.06,4280.12,4154.06,3907.441666666666,606.7675249734159,3788.5790476190477,42.24000000000024,31.5,65.4,29.608333333333334,1.0,0.0,0.0
2025-11-29 21:00:00,21,5,11,333,-0.7071067811865477,0.7071067811865474,-0.9749279121818236,-0.2225209339563146,-0.5000000000000004,0.8660254037844384,1,0,3360.5,3628.89,3736.51,3422.51,3140.96,3019.15,3250.3408333333336,674.0965927619314,3228.6390476190477,-268.3899999999999,21.7,58.4,25.016666666666666,1.0,0.0,0.0
2025-12-19 09:00:00,9,4,12,353,0.7071067811865476,-0.7071067811865475,-0.433883739117558,-0.9009688679024191,-2.4492935982947064e-16,1.0,0,0,4615.0,4371.73,3648.57,4736.2,4728.63,4543.44,3589.672083333333,961.7577350554526,3424.4640476190475,243.27000000000044,23.7,50.9,21.8125,1.0,0.0,0.0
2025-11-25 23:00:00,23,1,11,329,-0.25881904510252157,0.9659258262890681,0.7818314824680298,0.6234898018587336,-0.5000000000000004,0.8660254037844384,0,0,2891.46,3106.74,3475.28,2556.13,2414.6,2558.96,3252.8591666666666,828.7621922713794,3222.0263690476186,-215.27999999999975,20.1,78.3,25.345833333333335,0.0,1.0,0.0
2025-12-04 16:00:00,16,3,12,338,-0.8660254037844384,-0.5000000000000004,0.43388373911755823,-0.900968867902419,-2.4492935982947064e-16,1.0,0,0,3682.5,3689.95,3782.97,3602.91,3545.23,3577.89,3409.355,734.9222752752185,3276.3127380952383,-7.449999999999818,27.1,37.0,22.016666666666666,0.0,0.0,0.0
2026-01-04 05:00:00,5,6,1,4,0.9659258262890683,0.25881904510252074,-0.7818314824680299,0.6234898018587334,0.49999999999999994,0.8660254037844387,1,0,1939.91,1865.38,1980.8,2554.39,2485.09,2301.11,3728.8195833333334,1054.713843600466,3772.3470833333336,74.52999999999997,19.9,41.8,20.633333333333333,0.0,0.0,0.0
2025-07-03 07:00:00,7,3,7,184,0.9659258262890683,-0.25881904510252063,0.43388373911755823,-0.900968867902419,-0.4999999999999997,-0.8660254037844388,0,0,4995.04,5169.83,5348.33,4795.82,4452.77,5037.76,6208.222916666666,727.5167428492024,5961.411369047619,-174.78999999999996,29.9,70.3,27.566666666666666,0.0,0.0,0.0
2025-11-17 16:00:00,16,0,11,321,-0.8660254037844384,-0.5000000000000004,0.0,1.0,-0.5000000000000004,0.8660254037844384,0,0,3491.62,3595.36,3603.61,3122.14,3331.45,3477.01,3083.2645833333336,734.6226873471144,3158.777321428571,-103.74000000000024,31.6,40.5,25.387500000000003,0.0,0.0,0.0
2025-08-23 04:00:00,4,5,8,235,0.8660254037844386,0.5000000000000001,-0.9749279121818236,-0.2225209339563146,-0.8660254037844384,-0.5000000000000004,1,0,5348.81,5651.02,5990.6,5144.81,5060.19,4123.54,6021.199583333334,590.0560173737399,5635.459285714286,-302.21000000000004,26.2,73.3,28.1375,0.0,0.0,0.0
2025-10-14 13:00:00,13,1,10,287,-0.2588190451025208,-0.9659258262890683,0.7818314824680298,0.6234898018587336,-0.8660254037844386,0.5000000000000001,0,0,4436.14,4459.69,4395.99,4253.46,3836.32,4655.04,3880.3362500000003,591.1931124048538,3752.6923809523814,-23.549999999999272,31.9,59.4,28.858333333333334,1.0,0.0,0.0
2025-09-03 16:00:00,16,2,9,246,-0.8660254037844384,-0.5000000000000004,0.9749279121818236,-0.22252093395631434,-1.0,-1.8369701987210297e-16,0,0,5103.6,5314.03,5366.15,5177.17,4889.64,5579.25,4648.455,608.1760990828802,5080.492619047619,-210.42999999999938,32.1,82.8,29.195833333333336,0.0,1.0,0.0
2025-07-13 23:00:00,23,6,7,194,-0.25881904510252157,0.9659258262890681,-0.7818314824680299,0.6234898018587334,-0.4999999999999997,-0.8660254037844388,1,0,5631.81,5351.32,5044.9,5852.68,6137.84,7137.11,5111.6379166666675,482.3421245744306,5640.668154761905,280.4900000000007,23.4,98.0,27.974999999999998,0.0,1.0,0.0
2025-06-30 08:00:00,8,0,6,181,0.8660254037844387,-0.4999999999999998,0.0,1.0,1.2246467991473532e-16,-1.0,0,0,4432.88,4374.92,4497.34,4640.78,5263.46,5256.07,5203.118750000001,435.0680152655408,6212.415595238095,57.960000000000036,31.0,83.0,31.162499999999998,0.0,1.0,0.0
2025-08-30 03:00:00,3,5,8,242,0.7071067811865475,0.7071067811865476,-0.9749279121818236,-0.2225209339563146,-0.8660254037844384,-0.5000000000000004,1,0,4768.72,5071.78,5411.86,4865.45,4515.7,5348.81,5424.440833333333,485.55469807775626,5312.599880952381,-303.0599999999995,25.0,73.4,28.258333333333336,0.0,0.0,0.0
2026-01-06 03:00:00,3,1,1,6,0.7071067811865475,0.7071067811865476,0.7818314824680298,0.6234898018587336,0.49999999999999994,0.8660254037844387,0,1,2333.94,2502.43,2819.38,1868.51,1865.38,1890.91,3970.0470833333334,1101.5679143344528,3841.275119047619,-168.48999999999978,15.9,55.4,21.662499999999998,1.0,0.0,0.0
2025-09-29 14:00:00,14,0,9,272,-0.4999999999999997,-0.8660254037844388,0.0,1.0,-1.0,-1.8369701987210297e-16,0,0,6606.51,6596.96,6427.18,6289.51,6336.37,6540.58,6066.710416666666,575.7425262516344,5815.307023809523,9.550000000000182,36.1,58.7,29.770833333333332,0.0,0.0,0.0
2025-08-10 19:00:00,19,6,8,222,-0.9659258262890684,0.2588190451025203,-0.7818314824680299,0.6234898018587334,-0.8660254037844384,-0.5000000000000004,1,0,5112.75,5196.92,5280.1,4506.22,6234.58,5632.51,4659.858333333334,502.12271614287346,5544.620476190476,-84.17000000000007,25.4,98.0,28.570833333333336,0.0,1.0,0.0
2025-06-29 17:00:00,17,6,6,180,-0.9659258262890683,-0.25881904510252063,-0.7818314824680299,0.6234898018587334,1.2246467991473532e-16,-1.0,1,0,5425.82,5605.33,5604.24,5972.42,7225.58,6057.97,5610.014583333334,541.0961265076481,6284.454345238094,-179.51000000000022,35.7,56.4,31.983333333333334,0.0,0.0,0.0
2025-09-30 13:00:00,13,1,9,273,-0.2588190451025208,-0.9659258262890683,0.7818314824680298,0.6234898018587336,-1.0,-1.8369701987210297e-16,0,0,5540.34,6312.15,6374.8,6606.51,6031.16,5877.08,6272.689166666666,631.6291972897137,5877.4470833333335,-771.8099999999995,31.7,76.3,29.108333333333334,1.0,0.0,0.0
2025-11-17 12:00:00,12,0,11,321,1.2246467991473532e-16,-1.0,0.0,1.0,-0.5000000000000004,0.8660254037844384,0,0,3979.21,4019.15,3964.12,3843.36,3786.62,3786.46,3060.4479166666665,720.3219813810687,3156.9367857142856,-39.940000000000055,30.5,43.2,25.462499999999995,0.0,0.0,0.0
2025-12-24 06:00:00,6,2,12,358,1.0,6.123233995736766e-17,0.9749279121818236,-0.22252093395631434,-2.4492935982947064e-16,1.0,0,0,2626.02,2045.11,1887.43,3706.45,3458.87,3538.58,3671.2491666666665,1006.1377202425965,3620.7964285714284,580.9100000000001,19.6,58.3,21.8,1.0,0.0,0.0
2025-10-27 22:00:00,22,0,10,300,-0.5000000000000004,0.8660254037844384,0.0,1.0,-0.8660254037844386,0.5000000000000001,0,0,3290.82,3510.18,3732.64,3296.24,3344.59,3545.56,3482.0124999999994,539.2438822071887,3485.0472023809525,-219.35999999999967,24.1,61.1,29.224999999999998,1.0,0.0,0.0
2025-11-30 14:00:00,14,6,11,334,-0.4999999999999997,-0.8660254037844388,-0.7818314824680299,0.6234898018587334,-0.5000000000000004,0.8660254037844384,1,0,3809.98,4142.64,4209.72,3487.09,3759.49,3517.27,3120.215,810.3207002491266,3231.972023809524,-332.6600000000003,29.9,39.1,25.34166666666667,0.0,0.0,0.0
2025-10-28 23:00:00,23,1,10,301,-0.25881904510252157,0.9659258262890681,0.7818314824680298,0.6234898018587336,-0.8660254037844386,0.5000000000000001,0,0,3191.35,3355.23,3697.8,2983.92,3146.6,3447.01,3438.525,558.6118684740374,3481.7960119047616,-163.8800000000001,26.4,48.9,28.891666666666666,0.0,0.0,0.0
2025-07-02 17:00:00,17,2,7,183,-0.9659258262890683,-0.25881904510252063,0.9749279121818236,-0.22252093395631434,-0.4999999999999997,-0.8660254037844388,0,0,6931.0,6994.59,6908.68,6026.83,5673.64,6747.49,5887.990000000001,702.4615431528696,5961.797142857143,-63.590000000000146,34.9,62.9,28.2,0.0,0.0,0.0
2025-12-20 10:00:00,10,5,12,354,0.49999999999999994,-0.8660254037844387,-0.9749279121818236,-0.2225209339563146,-2.4492935982947064e-16,1.0,1,0,4853.6,4431.85,4187.78,5233.3,4804.29,4303.52,3677.440416666667,1051.9082797653946,3471.5007142857144,421.75,19.9,68.1,21.3125,0.0,0.0,1.0
2025-12-14 09:00:00,9,6,12,348,0.7071067811865476,-0.7071067811865475,-0.7818314824680299,0.6234898018587334,-2.4492935982947064e-16,1.0,1,0,3772.25,3437.86,2750.65,4232.28,4543.44,4385.42,3186.7587500000004,812.3199007476064,3356.839702380952,334.3899999999999,25.4,41.5,21.870833333333334,0.0,0.0,0.0
2025-09-14 07:00:00,7,6,9,257,0.9659258262890683,-0.25881904510252063,-0.7818314824680299,0.6234898018587334,-1.0,-1.8369701987210297e-16,1,0,4642.39,4766.51,4926.86,4560.74,4626.32,4157.15,5571.72125,568.2670142238693,5504.903333333334,-124.11999999999989,29.9,65.7,29.916666666666668,1.0,0.0,0.0
2025-12-30 10:00:00,10,1,12,364,0.49999999999999994,-0.8660254037844387,0.7818314824680298,0.6234898018587336,-2.4492935982947064e-16,1.0,0,0,5100.17,4743.04,4386.01,5097.68,4782.82,5011.76,3759.1725,1023.2657683687344,3591.135357142857,357.1300000000001,24.9,49.5,21.458333333333332,0.0,0.0,0.0
2025-11-14 13:00:00,13,4,11,318,-0.2588190451025208,-0.9659258262890683,-0.433883739117558,-0.9009688679024191,-0.5000000000000004,0.8660254037844384,0,0,4116.09,4171.69,4172.8,3564.08,3522.57,3624.93,3269.3224999999998,748.440011503675,3157.9269047619046,-55.599999999999454,30.2,57.9,25.441666666666666,1.0,0.0,0.0
2025-10-27 15:00:00,15,0,10,300,-0.7071067811865471,-0.7071067811865479,0.0,1.0,-0.8660254037844386,0.5000000000000001,0,0,3983.08,4045.42,4231.23,3564.56,3885.28,3363.36,3467.887083333333,527.2349216388513,3481.166904761905,-62.340000000000146,33.4,47.5,29.42916666666667,0.0,0.0,0.0
2025-10-31 02:00:00,2,4,10,304,0.49999999999999994,0.8660254037844387,-0.433883739117558,-0.9009688679024191,-0.8660254037844386,0.5000000000000001,0,0,2714.24,2905.01,3163.13,2558.44,2473.29,2788.84,3595.1612500000006,602.8566484253087,3500.3441071428574,-190.77000000000044,24.7,58.3,29.841666666666665,0.0,0.0,0.0
2025-08-21 21:00:00,21,3,8,233,-0.7071067811865477,0.7071067811865474,0.43388373911755823,-0.900968867902419,-0.8660254037844384,-0.5000000000000004,0,0,6354.34,6361.91,6334.82,6477.18,5959.1,5356.32,6031.82125,683.4030813720514,5361.284404761905,-7.569999999999709,29.3,69.8,28.96666666666667,0.0,0.0,0.0
2025-10-29 14:00:00,14,2,10,302,-0.4999999999999997,-0.8660254037844388,0.9749279121818236,-0.22252093395631434,-0.8660254037844386,0.5000000000000001,0,0,3980.34,4089.5,4108.65,3831.38,3983.08,3698.52,3466.0875,587.7276683402471,3479.5175595238097,-109.15999999999985,35.8,55.2,28.891666666666666,0.0,0.0,0.0
2025-10-15 01:00:00,1,2,10,288,0.25881904510252074,0.9659258262890683,0.9749279121818236,-0.22252093395631434,-0.8660254037844386,0.5000000000000001,0,0,3339.72,3585.06,3743.06,3109.67,2994.69,3055.57,3897.27,606.3957455326071,3751.2568452380947,-245.34000000000015,25.7,57.0,29.175,0.0,0.0,0.0
2025-08-01 20:00:00,20,4,8,213,-0.8660254037844386,0.5000000000000001,-0.433883739117558,-0.9009688679024191,-0.8660254037844384,-0.5000000000000004,0,0,5756.03,5831.44,5970.4,5505.64,5876.23,6555.59,5396.712916666666,606.5327116701304,5914.916607142857,-75.40999999999985,25.9,78.1,28.087500000000002,1.0,0.0,0.0
2026-01-04 16:00:00,16,6,1,4,-0.8660254037844384,-0.5000000000000004,-0.7818314824680299,0.6234898018587334,0.49999999999999994,0.8660254037844387,1,0,4013.31,4354.35,4670.29,3889.09,4207.85,3440.19,3663.10875,1050.9654866310862,3788.8613095238097,-341.0400000000004,25.8,37.7,20.829166666666666,0.0,0.0,0.0
2025-09-15 00:00:00,0,0,9,258,0.0,1.0,0.0,1.0,-1.0,-1.8369701987210297e-16,0,0,6500.33,6491.92,6266.17,6177.32,6059.01,5022.69,5504.081666666666,572.9406410840638,5565.430714285714,8.409999999999854,21.8,96.7,29.766666666666666,0.0,1.0,0.0
2025-09-01 05:00:00,5,0,9,244,0.9659258262890683,0.25881904510252074,0.0,1.0,-1.0,-1.8369701987210297e-16,0,0,4132.12,4319.25,4558.21,4480.49,4270.73,4337.58,4828.510833333334,359.0729395433977,5258.103630952381,-187.1300000000001,25.0,88.9,28.395833333333332,0.0,0.0,1.0
2025-06-27 16:00:00,16,4,6,178,-0.8660254037844384,-0.5000000000000004,-0.433883739117558,-0.9009688679024191,1.2246467991473532e-16,-1.0,0,0,7589.44,7529.68,7173.46,7301.32,6893.09,6604.36,6614.083333333333,740.5092391970737,6239.230416666667,59.75999999999931,37.2,49.3,30.94583333333333,0.0,0.0,0.0
2025-09-03 01:00:00,1,2,9,246,0.25881904510252074,0.9659258262890683,0.9749279121818236,-0.22252093395631434,-1.0,-1.8369701987210297e-16,0,0,4342.06,4495.66,4500.72,4017.36,4832.95,4888.16,4616.066666666667,594.8240450073095,5118.018630952381,-153.59999999999945,21.8,84.9,29.091666666666665,0.0,1.0,0.0
2025-07-30 07:00:00,7,2,7,211,0.9659258262890683,-0.25881904510252063,0.9749279121818236,-0.22252093395631434,-0.4999999999999997,-0.8660254037844388,0,0,4725.35,4721.12,4872.86,5152.36,5211.5,4628.34,5708.951666666667,512.6518244143602,6057.9433928571425,4.230000000000473,29.6,82.1,28.38333333333333,1.0,0.0,0.0
2025-09-20 20:00:00,20,5,9,263,-0.8660254037844386,0.5000000000000001,-0.9749279121818236,-0.2225209339563146,-1.0,-1.8369701987210297e-16,1,0,5978.8,5970.61,6162.41,6274.09,6182.34,5845.82,5898.340833333335,589.2509847765734,5877.531011904762,8.19000000000051,28.6,73.2,29.704166666666666,1.0,0.0,0.0
2025-08-09 16:00:00,16,5,8,221,-0.8660254037844384,-0.5000000000000004,-0.9749279121818236,-0.2225209339563146,-0.8660254037844384,-0.5000000000000004,1,1,4341.05,4419.86,4443.52,6907.31,6873.2,6034.65,5395.12125,985.8973710779368,5651.5986309523805,-78.80999999999949,34.9,73.2,29.162499999999998,0.0,0.0,0.0
2025-10-02 01:00:00,1,3,10,275,0.25881904510252074,0.9659258262890683,0.43388373911755823,-0.900968867902419,-0.8660254037844386,0.5000000000000001,0,1,5475.59,5579.47,5562.06,4920.52,6491.4,5825.99,5234.180416666667,616.9709815562279,5761.938214285714,-103.88000000000011,26.3,49.3,29.450000000000003,0.0,0.0,0.0
2025-08-04 04:00:00,4,0,8,216,0.8660254037844386,0.5000000000000001,0.0,1.0,-0.8660254037844384,-0.5000000000000004,0,0,5163.03,5456.82,5812.6,4485.98,4555.45,5595.09,5354.234166666666,695.3850328628936,5640.7935119047615,-293.78999999999996,27.4,61.1,28.158333333333335,0.0,0.0,0.0
2025-07-09 06:00:00,6,2,7,190,1.0,6.123233995736766e-17,0.9749279121818236,-0.22252093395631434,-0.4999999999999997,-0.8660254037844388,0,0,5030.05,5220.46,5516.56,4908.46,4685.0,4743.82,6373.1641666666665,877.9251120727638,6189.603571428572,-190.40999999999985,28.7,83.7,28.366666666666664,1.0,0.0,0.0
2025-09-29 19:00:00,19,0,9,272,-0.9659258262890684,0.2588190451025203,0.0,1.0,-1.0,-1.8369701987210297e-16,0,0,6481.72,6703.41,6957.69,6055.95,6179.17,6032.93,6203.381249999999,661.6012994855645,5827.855952380952,-221.6899999999996,31.9,61.7,29.50833333333333,0.0,0.0,0.0
2025-11-22 09:00:00,9,5,11,326,0.7071067811865476,-0.7071067811865475,-0.9749279121818236,-0.2225209339563146,-0.5000000000000004,0.8660254037844384,1,0,3641.68,3473.42,3164.99,4252.02,3925.23,3831.81,3292.5045833333334,791.4741582366393,3197.0550595238096,168.25999999999976,28.6,54.8,25.325,0.0,0.0,0.0
2025-11-11 08:00:00,8,1,11,315,0.8660254037844387,-0.4999999999999998,0.7818314824680298,0.6234898018587336,-0.5000000000000004,0.8660254037844384,0,0,3562.9,3483.37,2644.44,3601.4,3225.18,3581.82,3169.1058333333335,682.0329422932933,3237.5543452380953,79.5300000000002,26.0,62.1,25.679166666666664,1.0,0.0,0.0
2025-07-18 08:00:00,8,4,7,199,0.8660254037844387,-0.4999999999999998,-0.433883739117558,-0.9009688679024191,-0.4999999999999997,-0.8660254037844388,0,0,4534.66,4461.37,4439.47,4704.67,4884.11,4770.12,5476.327083333334,617.7789767172003,5411.641904761905,73.28999999999996,30.1,92.7,28.179166666666664,0.0,1.0,0.0
2025-09-11 08:00:00,8,3,9,254,0.8660254037844387,-0.4999999999999998,0.43388373911755823,-0.900968867902419,-1.0,-1.8369701987210297e-16,0,0,4584.35,4577.34,4517.79,4941.0,4752.25,4393.83,5705.435833333334,662.4872841826046,5237.761130952381,7.010000000000218,30.4,78.5,29.004166666666666,0.0,1.0,0.0
2026-01-12 00:00:00,0,0,1,12,0.0,1.0,0.0,1.0,0.49999999999999994,0.8660254037844387,0,0,3410.22,3904.08,4257.2,2845.0,2928.55,2563.17,3897.1895833333333,1117.2038502847884,4022.771011904762,-493.8600000000001,15.9,47.4,20.84166666666667,0.0,0.0,0.0
2025-12-12 17:00:00,17,4,12,346,-0.9659258262890683,-0.25881904510252063,-0.433883739117558,-0.9009688679024191,-2.4492935982947064e-16,1.0,0,0,3699.74,3674.38,3781.63,3620.92,4021.28,4070.83,3460.4133333333334,863.8374658296912,3360.88005952381,25.359999999999673,24.5,39.3,21.204166666666666,0.0,0.0,0.0
2025-09-19 04:00:00,4,4,9,262,0.8660254037844386,0.5000000000000001,-0.433883739117558,-0.9009688679024191,-1.0,-1.8369701987210297e-16,0,0,5225.64,5517.59,5904.92,5070.14,5167.69,4635.42,5881.197500000001,601.3898335070762,5785.161369047619,-291.9499999999998,26.0,75.9,29.45,1.0,0.0,0.0
2025-07-17 00:00:00,0,3,7,198,0.0,1.0,0.43388373911755823,-0.900968867902419,-0.4999999999999997,-0.8660254037844388,0,0,6228.26,6251.21,6035.22,5844.87,5407.63,5674.87,5635.752083333333,643.8952154017188,5387.795,-22.949999999999818,20.2,98.0,27.558333333333334,0.0,1.0,0.0
2025-12-27 08:00:00,8,5,12,361,0.8660254037844387,-0.4999999999999998,-0.9749279121818236,-0.2225209339563146,-2.4492935982947064e-16,1.0,1,0,3796.51,3363.05,2604.7,4571.77,4219.42,4431.85,3648.4808333333335,1006.631289127996,3626.60755952381,433.46000000000004,22.4,51.2,22.441666666666666,1.0,0.0,0.0
2025-07-04 01:00:00,1,4,7,185,0.25881904510252074,0.9659258262890683,-0.433883739117558,-0.9009688679024191,-0.4999999999999997,-0.8660254037844388,0,0,7146.41,7397.33,7360.47,6409.7,5796.36,6820.81,6386.092916666666,805.5148204043954,5950.744642857143,-250.92000000000007,23.1,94.7,28.17083333333333,0.0,1.0,0.0
2025-07-04 22:00:00,22,4,7,185,-0.5000000000000004,0.8660254037844384,-0.433883739117558,-0.9009688679024191,-0.4999999999999997,-0.8660254037844388,0,0,6837.67,6494.88,6395.46,7360.47,7158.07,7589.68,6443.388333333333,669.9923616285337,5922.721904761905,342.78999999999996,24.4,90.0,28.108333333333334,0.0,1.0,0.0
2025-07-13 11:00:00,11,6,7,194,0.258819045102521,-0.9659258262890682,-0.7818314824680299,0.6234898018587334,-0.4999999999999997,-0.8660254037844388,1,0,4939.94,4622.34,4258.13,5786.83,5830.15,5742.59,5313.47625,638.9697318735572,5701.552500000001,317.59999999999945,34.9,69.3,28.65833333333333,0.0,0.0,0.0
2025-12-01 17:00:00,17,0,12,335,-0.9659258262890683,-0.25881904510252063,0.0,1.0,-2.4492935982947064e-16,1.0,0,0,3487.79,3508.03,3553.38,3396.51,3721.36,3756.32,3174.523333333334,772.3846542374519,3235.9874404761904,-20.240000000000236,22.7,46.9,22.833333333333332,0.0,0.0,0.0
2025-10-07 23:00:00,23,1,10,280,-0.25881904510252157,0.9659258262890681,0.7818314824680298,0.6234898018587336,-0.8660254037844386,0.5000000000000001,0,0,3654.56,3758.28,4150.84,3831.47,5683.25,5297.16,4028.6175,609.5102170078862,4779.590178571429,-103.72000000000025,27.3,43.2,29.67083333333333,0.0,0.0,0.0
2025-11-02 04:00:00,4,6,11,306,0.8660254037844386,0.5000000000000001,-0.7818314824680299,0.6234898018587334,-0.5000000000000004,0.8660254037844384,1,0,2421.26,2510.01,2632.2,2694.65,2602.95,2592.14,3486.93,561.5204616273048,3510.993988095238,-88.75,18.4,70.9,25.308333333333337,0.0,1.0,0.0
2025-08-21 03:00:00,3,3,8,233,0.7071067811865475,0.7071067811865476,0.43388373911755823,-0.900968867902419,-0.8660254037844384,-0.5000000000000004,0,0,5637.78,5998.28,6452.06,4951.64,5030.77,5316.73,5903.28375,720.044866759154,5292.298630952381,-360.5,24.7,74.1,28.504166666666663,1.0,0.0,0.0
2025-07-09 02:00:00,2,2,7,190,0.49999999999999994,0.8660254037844387,0.9749279121818236,-0.22252093395631434,-0.4999999999999997,-0.8660254037844388,0,0,6267.88,7034.68,7512.19,5618.85,5622.72,5431.54,6345.9025,907.6284730153993,6181.501249999999,-766.8000000000002,21.2,77.9,28.179166666666664,1.0,0.0,0.0
2025-11-06 22:00:00,22,3,11,310,-0.5000000000000004,0.8660254037844384,0.43388373911755823,-0.900968867902419,-0.5000000000000004,0.8660254037844384,0,0,3180.65,3529.06,3895.42,3234.35,3214.43,3352.29,3361.4249999999997,552.1818223312863,3463.315476190476,-348.40999999999985,23.2,50.6,25.44583333333333,1.0,0.0,0.0
2025-11-17 02:00:00,2,0,11,321,0.49999999999999994,0.8660254037844387,0.0,1.0,-0.5000000000000004,0.8660254037844384,0,0,1962.6,2169.68,2451.8,1867.9,1977.12,1912.26,2955.12375,696.3939848516516,3155.6558928571426,-207.07999999999993,20.3,46.1,25.924999999999997,0.0,0.0,0.0
2025-07-03 09:00:00,9,3,7,184,0.7071067811865476,-0.7071067811865475,0.43388373911755823,-0.900968867902419,-0.4999999999999997,-0.8660254037844388,0,0,5197.59,4998.62,4995.04,5684.16,5161.89,5962.62,6223.420000000001,700.3925464368921,5961.278988095238,198.97000000000025,31.2,75.9,27.416666666666668,1.0,0.0,0.0
2025-11-18 23:00:00,23,1,11,322,-0.25881904510252157,0.9659258262890681,0.7818314824680298,0.6234898018587336,-0.5000000000000004,0.8660254037844384,0,0,2908.82,3086.85,3465.39,2577.57,2451.8,2557.48,3249.82375,747.361695065114,3169.4883333333337,-178.02999999999975,19.5,59.2,25.8,1.0,0.0,0.0
2025-08-29 21:00:00,21,4,8,241,-0.7071067811865477,0.7071067811865474,-0.433883739117558,-0.9009688679024191,-0.8660254037844384,-0.5000000000000004,0,0,5566.98,5734.63,5733.34,6070.14,5456.94,6471.37,5553.507083333334,524.3244251952788,5347.59755952381,-167.65000000000055,29.3,72.1,28.600000000000005,0.0,0.0,0.0
2025-10-16 14:00:00,14,3,10,289,-0.4999999999999997,-0.8660254037844388,0.43388373911755823,-0.900968867902419,-0.8660254037844386,0.5000000000000001,0,0,4278.37,4487.67,4458.09,4422.27,4407.34,4357.79,3885.4637499999994,608.0220519371765,3771.9258928571426,-209.30000000000018,34.3,52.0,29.120833333333337,1.0,0.0,0.0
2025-11-08 23:00:00,23,5,11,312,-0.25881904510252157,0.9659258262890681,-0.9749279121818236,-0.2225209339563146,-0.5000000000000004,0.8660254037844384,1,0,2748.73,2975.51,3295.39,2686.26,2764.61,3041.16,3091.0591666666674,587.1625469702178,3338.90630952381,-226.7800000000002,22.4,43.0,25.087500000000002,0.0,0.0,0.0
2025-12-02 22:00:00,22,1,12,336,-0.5000000000000004,0.8660254037844384,0.7818314824680298,0.6234898018587336,-2.4492935982947064e-16,1.0,0,0,3186.26,3484.77,3745.72,2982.49,2761.34,2891.46,3286.8812500000004,817.6937085662698,3242.24625,-298.50999999999976,17.2,55.1,21.791666666666668,1.0,0.0,0.0
2025-10-10 08:00:00,8,4,10,283,0.8660254037844387,-0.4999999999999998,-0.433883739117558,-0.9009688679024191,-0.8660254037844386,0.5000000000000001,0,0,3423.44,3233.49,2862.02,3665.21,3763.06,4348.93,3780.4245833333334,653.534365990269,4403.0710714285715,189.95000000000027,28.5,61.8,28.6125,1.0,0.0,0.0
2025-10-28 15:00:00,15,1,10,301,-0.7071067811865471,-0.7071067811865479,0.7818314824680298,0.6234898018587336,-0.8660254037844386,0.5000000000000001,0,0,3831.38,3829.56,4039.79,3920.67,3564.56,3586.13,3403.8925000000004,534.3715618837288,3478.0701190476193,1.8200000000001637,28.0,74.3,29.016666666666666,0.0,0.0,1.0
2025-11-07 22:00:00,22,4,11,311,-0.5000000000000004,0.8660254037844384,-0.433883739117558,-0.9009688679024191,-0.5000000000000004,0.8660254037844384,0,0,3126.68,3496.97,3830.88,2994.39,3234.35,3502.85,3308.1666666666665,644.6167381959427,3404.8547023809524,-370.28999999999996,20.6,70.5,24.995833333333337,0.0,1.0,0.0
2025-09-28 18:00:00,18,6,9,271,-1.0,-1.8369701987210297e-16,-0.7818314824680299,0.6234898018587334,-1.0,-1.8369701987210297e-16,1,0,6003.21,6251.87,6373.7,6182.7,6181.0,5546.12,5853.23875,602.4162267887432,5769.228452380952,-248.65999999999985,25.9,90.0,28.90833333333333,0.0,0.0,1.0
2025-07-05 04:00:00,4,5,7,186,0.8660254037844386,0.5000000000000001,-0.9749279121818236,-0.2225209339563146,-0.4999999999999997,-0.8660254037844388,1,0,5731.54,6080.76,6413.63,5635.47,5348.33,5984.4,6375.737083333333,630.9313713831906,5902.102083333333,-349.22000000000025,26.8,81.0,27.74166666666667,0.0,0.0,0.0
2026-01-03 16:00:00,16,5,1,3,-0.8660254037844384,-0.5000000000000004,-0.9749279121818236,-0.2225209339563146,0.49999999999999994,0.8660254037844387,1,0,4148.12,4308.31,4557.86,4207.85,4030.54,3659.66,3809.005833333333,1041.922276434163,3756.7166071428574,-160.1900000000005,26.0,42.4,21.083333333333332,0.0,0.0,0.0
2025-06-29 21:00:00,21,6,6,180,-0.7071067811865477,0.7071067811865474,-0.7818314824680299,0.6234898018587334,1.2246467991473532e-16,-1.0,1,0,5255.41,5194.7,5070.84,6205.72,7191.16,6471.53,5492.3175,546.7861252036695,6266.381666666666,60.710000000000036,30.1,64.2,32.020833333333336,1.0,0.0,0.0
2025-11-21 10:00:00,10,4,11,325,0.49999999999999994,-0.8660254037844387,-0.433883739117558,-0.9009688679024191,-0.5000000000000004,0.8660254037844384,0,0,4252.02,3934.72,3771.77,4102.18,4215.36,4172.8,3296.138333333334,766.9410815683021,3190.318214285714,317.30000000000064,29.8,57.9,25.175,1.0,0.0,0.0
2025-11-16 04:00:00,4,6,11,320,0.8660254037844386,0.5000000000000001,-0.7818314824680299,0.6234898018587334,-0.5000000000000004,0.8660254037844384,1,0,1795.83,1867.9,1984.46,2041.54,2061.73,1972.48,3069.081666666667,691.5074670078379,3152.820773809524,-72.07000000000016,21.0,40.8,25.5,0.0,0.0,0.0
2025-11-18 20:00:00,20,1,11,322,-0.8660254037844386,0.5000000000000001,0.7818314824680298,0.6234898018587336,-0.5000000000000004,0.8660254037844384,0,0,3722.74,3854.39,3830.9,3395.62,3135.34,3444.31,3244.4891666666667,747.5184244053247,3169.0105952380945,-131.6500000000001,21.9,56.2,25.89166666666667,1.0,0.0,0.0
2025-10-13 19:00:00,19,0,10,286,-0.9659258262890684,0.2588190451025203,0.0,1.0,-0.8660254037844386,0.5000000000000001,0,0,4622.37,4484.1,4425.21,4045.41,4230.13,4622.09,3797.380833333333,627.1393627099106,3771.528869047619,138.26999999999953,29.9,57.8,30.15416666666667,0.0,0.0,0.0
2025-12-06 20:00:00,20,5,12,340,-0.8660254037844386,0.5000000000000001,-0.9749279121818236,-0.2225209339563146,-2.4492935982947064e-16,1.0,1,0,3792.96,3858.84,3789.3,3682.68,3646.0,3360.5,3271.35375,803.9859552192004,3296.8538690476194,-65.88000000000011,20.3,36.4,21.958333333333332,0.0,0.0,0.0
2025-08-09 10:00:00,10,5,8,221,0.49999999999999994,-0.8660254037844387,-0.9749279121818236,-0.2225209339563146,-0.8660254037844384,-0.5000000000000004,1,1,4195.4,4328.92,4460.61,5990.55,5854.02,5450.78,5919.492916666666,875.1677054861636,5700.185595238095,-133.52000000000044,35.2,72.8,29.00833333333333,0.0,0.0,0.0
2025-12-29 19:00:00,19,0,12,363,-0.9659258262890684,0.2588190451025203,0.0,1.0,-2.4492935982947064e-16,1.0,0,0,4340.03,4217.0,3940.48,3810.67,3904.96,4167.01,3636.085416666667,1054.6092371068846,3586.390178571429,123.02999999999975,21.9,59.4,21.625,1.0,0.0,0.0
2025-07-20 06:00:00,6,6,7,201,1.0,6.123233995736766e-17,-0.7818314824680299,0.6234898018587334,-0.4999999999999997,-0.8660254037844388,1,0,4611.89,4765.83,5034.24,4300.1,4461.37,4304.38,5344.662083333334,533.3219776896477,5387.252797619048,-153.9399999999996,29.1,63.8,28.929166666666664,0.0,0.0,0.0
2025-10-04 03:00:00,3,5,10,277,0.7071067811865475,0.7071067811865476,-0.9749279121818236,-0.2225209339563146,-0.8660254037844386,0.5000000000000001,1,0,4814.72,5108.73,5425.47,4069.32,4714.35,5318.37,5139.887083333334,695.6890764994906,5478.743035714286,-294.0099999999993,24.9,59.0,29.724999999999998,0.0,0.0,0.0
2025-09-01 15:00:00,15,0,9,244,-0.7071067811865471,-0.7071067811865479,0.0,1.0,-1.0,-1.8369701987210297e-16,0,0,5504.22,5371.65,5431.29,5061.89,6000.73,5717.07,4920.78,437.438348560483,5244.910654761905,132.57000000000062,34.3,64.3,28.32083333333333,0.0,0.0,0.0
2025-08-24 21:00:00,21,6,8,236,-0.7071067811865477,0.7071067811865474,-0.7818314824680299,0.6234898018587334,-0.8660254037844384,-0.5000000000000004,1,0,5423.77,5356.43,5198.56,5468.83,6471.37,5564.19,5092.0441666666675,461.11202069061653,5697.593035714286,67.34000000000015,29.8,75.1,28.320833333333336,0.0,0.0,0.0
2025-11-26 22:00:00,22,2,11,330,-0.5000000000000004,0.8660254037844384,0.9749279121818236,-0.22252093395631434,-0.5000000000000004,0.8660254037844384,0,0,3165.44,3512.63,3781.12,2891.46,2864.61,2976.04,3269.425416666667,812.3919669661806,3219.1841666666664,-347.19000000000005,23.9,50.7,25.133333333333336,0.0,0.0,0.0
2025-07-25 09:00:00,9,4,7,206,0.7071067811865476,-0.7071067811865475,-0.433883739117558,-0.9009688679024191,-0.4999999999999997,-0.8660254037844388,0,0,5334.6,5068.76,5060.83,5401.84,5170.67,5382.44,6130.90625,665.3489444730621,5546.511071428571,265.84000000000015,28.6,93.3,28.670833333333334,0.0,1.0,0.0
2025-07-31 14:00:00,14,3,7,212,-0.4999999999999997,-0.8660254037844388,0.43388373911755823,-0.900968867902419,-0.4999999999999997,-0.8660254037844388,0,0,5763.52,6018.11,5977.89,6394.98,6080.44,6817.87,5608.080416666667,624.2800020509228,6088.097797619047,-254.58999999999924,36.5,66.3,28.733333333333334,0.0,0.0,0.0
2025-09-16 23:00:00,23,1,9,259,-0.25881904510252157,0.9659258262890681,0.7818314824680298,0.6234898018587336,-1.0,-1.8369701987210297e-16,0,0,6889.82,6607.4,6276.84,6678.51,6500.33,6369.45,6002.329583333333,674.1326764748459,5694.322023809524,282.4200000000001,25.5,73.5,29.645833333333332,1.0,0.0,0.0
2025-10-07 11:00:00,11,1,10,280,0.258819045102521,-0.9659258262890682,0.7818314824680298,0.6234898018587336,-0.8660254037844386,0.5000000000000001,0,0,4659.83,4353.03,3786.99,5145.55,4873.13,6312.15,4117.90125,669.4748632181947,4855.827738095238,306.8000000000002,32.9,50.7,29.745833333333334,0.0,0.0,0.0
2025-10-27 10:00:00,10,0,10,300,0.49999999999999994,-0.8660254037844387,0.0,1.0,-0.8660254037844386,0.5000000000000001,0,0,3970.29,3538.07,3368.93,3754.48,3953.98,3519.82,3384.0187499999997,435.89634397380553,3463.6731547619047,432.2199999999998,33.7,67.3,29.191666666666666,1.0,0.0,0.0
2025-09-13 07:00:00,7,5,9,256,0.9659258262890683,-0.25881904510252063,-0.9749279121818236,-0.2225209339563146,-1.0,-1.8369701987210297e-16,1,0,4575.3,4651.58,4820.64,4626.32,4584.35,4261.41,5642.619583333333,604.9091446797854,5431.006190476191,-76.27999999999975,30.4,71.1,29.404166666666665,1.0,0.0,0.0
2025-08-03 06:00:00,6,6,8,215,1.0,6.123233995736766e-17,-0.7818314824680299,0.6234898018587334,-0.8660254037844384,-0.5000000000000004,1,0,4351.87,4485.98,4650.43,4435.9,4440.81,5142.58,5390.885833333334,603.6412019815465,5733.903809523809,-134.10999999999967,24.3,93.8,28.587500000000002,0.0,1.0,0.0
2025-08-12 05:00:00,5,1,8,224,0.9659258262890683,0.25881904510252074,0.7818314824680298,0.6234898018587336,-0.8660254037844384,-0.5000000000000004,0,0,4615.32,4955.73,5335.59,4457.12,3920.63,4603.8,5625.4325,663.6865492754415,5520.353630952381,-340.40999999999985,20.6,98.0,28.254166666666666,0.0,1.0,0.0
2025-07-03 21:00:00,21,3,7,184,-0.7071067811865477,0.7071067811865474,0.43388373911755823,-0.900968867902419,-0.4999999999999997,-0.8660254037844388,0,0,6611.99,6475.46,6624.24,6872.35,6138.93,7038.19,6351.893333333333,770.5041174941023,5952.001904761904,136.52999999999975,27.5,87.3,27.941666666666663,1.0,0.0,0.0
2025-10-19 11:00:00,11,6,10,292,0.258819045102521,-0.9659258262890682,-0.7818314824680299,0.6234898018587334,-0.8660254037844386,0.5000000000000001,1,0,3995.05,3830.75,3442.24,4459.6,4622.56,3988.52,3834.8954166666667,548.0595349284177,3867.285535714286,164.30000000000018,36.8,47.7,29.920833333333334,0.0,0.0,0.0
2025-07-14 09:00:00,9,0,7,195,0.7071067811865476,-0.7071067811865475,0.0,1.0,-0.4999999999999997,-0.8660254037844388,0,0,4631.48,4459.37,4404.97,4622.34,5108.69,5316.52,5107.71375,435.4812556922116,5603.641785714286,172.10999999999967,29.9,84.8,27.900000000000002,0.0,1.0,0.0
2025-07-08 10:00:00,10,1,7,189,0.49999999999999994,-0.8660254037844387,0.7818314824680298,0.6234898018587336,-0.4999999999999997,-0.8660254037844388,0,0,5811.54,5076.55,4930.54,5703.51,5466.89,5504.56,5836.068749999999,547.846076139883,6096.399583333334,734.9899999999998,30.7,90.4,27.779166666666665,0.0,0.0,1.0
2025-11-27 18:00:00,18,3,11,331,-1.0,-1.8369701987210297e-16,0.43388373911755823,-0.900968867902419,-0.5000000000000004,0.8660254037844384,0,0,3909.38,3577.89,3597.27,3919.95,3897.88,3933.7,3270.6579166666666,798.153340753766,3218.4748214285714,331.49000000000024,25.8,59.7,26.141666666666666,1.0,0.0,0.0
2025-12-11 18:00:00,18,3,12,345,-1.0,-1.8369701987210297e-16,0.43388373911755823,-0.900968867902419,-2.4492935982947064e-16,1.0,0,0,3620.92,3536.68,3636.08,4016.18,3963.56,4050.42,3403.058333333333,703.1977253244637,3351.8969642857146,84.24000000000024,23.3,38.0,21.304166666666667,0.0,0.0,0.0
2025-11-27 17:00:00,17,3,11,331,-0.9659258262890683,-0.25881904510252063,0.43388373911755823,-0.900968867902419,-0.5000000000000004,0.8660254037844384,0,0,3577.89,3597.27,3647.95,3892.77,3896.49,3929.42,3269.9658333333336,797.5824183167704,3218.594107142857,-19.38000000000011,31.2,44.1,26.208333333333332,0.0,0.0,0.0
2025-07-18 16:00:00,16,4,7,199,-0.8660254037844384,-0.5000000000000004,-0.433883739117558,-0.9009688679024191,-0.4999999999999997,-0.8660254037844388,0,0,6147.66,6160.68,6013.6,6217.32,6327.23,6117.87,5499.991666666666,619.8688176693995,5414.533333333333,-13.020000000000437,27.6,94.3,28.016666666666666,0.0,1.0,0.0
2025-09-09 04:00:00,4,1,9,252,0.8660254037844386,0.5000000000000001,0.7818314824680298,0.6234898018587336,-1.0,-1.8369701987210297e-16,0,0,4769.64,5044.07,5394.22,4067.5,4232.04,3590.97,5417.241666666667,666.9617019620225,4911.8314880952385,-274.4299999999994,22.9,87.7,28.995833333333334,0.0,1.0,0.0
2025-07-04 05:00:00,5,4,7,185,0.9659258262890683,0.25881904510252074,-0.433883739117558,-0.9009688679024191,-0.4999999999999997,-0.8660254037844388,0,0,5635.47,5939.83,6257.92,5169.83,4763.0,5554.01,6431.320833333334,780.0147935939184,5947.3882738095235,-304.3599999999997,24.4,88.8,28.270833333333332,0.0,1.0,0.0
2025-09-17 11:00:00,11,2,9,260,0.258819045102521,-0.9659258262890682,0.9749279121818236,-0.22252093395631434,-1.0,-1.8369701987210297e-16,0,0,6066.55,5681.34,5082.44,6046.81,5932.66,6004.19,6050.903333333335,650.1891313180138,5715.724107142857,385.21000000000004,33.1,70.6,29.116666666666664,1.0,0.0,0.0
2025-11-02 18:00:00,18,6,11,306,-1.0,-1.8369701987210297e-16,-0.7818314824680299,0.6234898018587334,-0.5000000000000004,0.8660254037844384,1,0,3758.55,3500.04,3512.82,4119.94,4441.18,3886.72,3312.599583333334,506.9906184835291,3510.6866666666674,258.5100000000002,28.7,46.5,25.516666666666666,0.0,0.0,0.0
2025-07-08 00:00:00,0,1,7,189,0.0,1.0,0.7818314824680298,0.6234898018587336,-0.4999999999999997,-0.8660254037844388,0,0,6607.79,6590.08,6273.96,6855.59,6981.14,5668.96,5793.849999999999,671.5623691713055,6062.760119047619,17.710000000000036,26.7,78.0,28.575,1.0,0.0,0.0
2025-07-11 15:00:00,15,4,7,192,-0.7071067811865471,-0.7071067811865479,-0.433883739117558,-0.9009688679024191,-0.4999999999999997,-0.8660254037844388,0,0,6083.28,5707.99,5723.56,5891.18,7163.73,7034.87,5401.8133333333335,519.8094830229634,5921.60386904762,375.28999999999996,34.4,67.2,28.066666666666663,0.0,0.0,0.0
2025-11-23 16:00:00,16,6,11,327,-0.8660254037844384,-0.5000000000000004,-0.7818314824680299,0.6234898018587334,-0.5000000000000004,0.8660254037844384,1,0,3390.65,3517.27,3730.32,3308.96,3576.41,3122.14,3083.7233333333334,754.8491483426895,3213.430892857143,-126.61999999999989,30.2,50.8,25.579166666666666,0.0,0.0,0.0
2025-12-12 05:00:00,5,4,12,346,0.9659258262890683,0.25881904510252074,-0.433883739117558,-0.9009688679024191,-2.4492935982947064e-16,1.0,0,0,2081.06,1902.57,1992.09,2805.89,2815.73,2616.82,3346.8120833333337,758.6001530277887,3355.4214880952386,178.49,20.3,44.3,21.108333333333334,0.0,0.0,0.0
2025-07-07 15:00:00,15,0,7,188,-0.7071067811865471,-0.7071067811865479,0.0,1.0,-0.4999999999999997,-0.8660254037844388,0,0,6370.31,5982.26,5823.63,6207.66,7053.34,5878.41,5842.173749999999,749.115304747596,6031.472797619047,388.0500000000002,34.5,75.9,28.59166666666667,1.0,0.0,0.0
2025-09-22 17:00:00,17,0,9,265,-0.9659258262890683,-0.25881904510252063,0.0,1.0,-1.0,-1.8369701987210297e-16,0,1,6534.09,6592.81,6540.58,5621.72,6162.41,6399.29,5759.615000000001,598.3527584816725,5886.700238095238,-58.720000000000255,29.3,81.9,28.50833333333333,0.0,1.0,0.0
2025-11-29 22:00:00,22,5,11,333,-0.5000000000000004,0.8660254037844384,-0.9749279121818236,-0.2225209339563146,-0.5000000000000004,0.8660254037844384,1,0,3008.81,3360.5,3628.89,3270.51,2902.72,2806.85,3233.103333333334,674.7916504320508,3228.5775000000003,-351.69000000000005,22.6,49.6,25.075,1.0,0.0,0.0
2025-09-05 15:00:00,15,4,9,248,-0.7071067811865471,-0.7071067811865479,-0.433883739117558,-0.9009688679024191,-1.0,-1.8369701987210297e-16,0,1,5511.36,5327.43,5490.48,5653.35,5103.6,6003.32,4923.019583333334,591.5818487270518,4887.902142857143,183.92999999999938,37.0,56.3,29.516666666666666,0.0,0.0,0.0
2025-09-08 01:00:00,1,0,9,251,0.25881904510252074,0.9659258262890683,0.0,1.0,-1.0,-1.8369701987210297e-16,0,0,5022.69,5240.15,5278.11,4903.73,4673.68,4832.95,4854.77625,429.87176838048225,4801.060892857143,-217.46000000000004,22.5,94.4,29.391666666666666,0.0,1.0,0.0
2025-10-01 06:00:00,6,2,10,274,1.0,6.123233995736766e-17,0.9749279121818236,-0.22252093395631434,-0.8660254037844386,0.5000000000000001,0,0,4215.19,4242.61,4397.13,5206.2,5042.26,4638.42,5301.72,551.0460668662122,5805.558928571429,-27.420000000000073,22.8,85.3,28.26666666666667,0.0,0.0,1.0
2026-01-06 02:00:00,2,1,1,6,0.49999999999999994,0.8660254037844387,0.7818314824680298,0.6234898018587336,0.49999999999999994,0.8660254037844387,0,1,2502.43,2819.38,3311.26,1966.0,1980.8,2029.84,3954.71625,1127.5812995804872,3839.465,-316.9500000000003,17.4,38.0,21.683333333333334,0.0,0.0,0.0
2025-07-01 00:00:00,0,1,7,182,0.0,1.0,0.7818314824680298,0.6234898018587336,-0.4999999999999997,-0.8660254037844388,0,0,5878.63,5846.21,5617.44,5718.22,6464.55,6752.56,5344.38875,501.44428484403545,6109.337797619048,32.42000000000007,30.2,59.6,31.020833333333332,0.0,0.0,0.0
2025-10-17 13:00:00,13,4,10,290,-0.2588190451025208,-0.9659258262890683,-0.433883739117558,-0.9009688679024191,-0.8660254037844386,0.5000000000000001,0,0,4715.41,4622.56,4522.63,4278.37,4298.91,4322.59,3932.683333333334,631.4346849741876,3791.9398214285716,92.84999999999945,38.4,48.9,29.820833333333336,0.0,0.0,0.0
2025-07-11 16:00:00,16,4,7,192,-0.8660254037844384,-0.5000000000000004,-0.433883739117558,-0.9009688679024191,-0.4999999999999997,-0.8660254037844388,0,0,6183.05,6083.28,5707.99,5817.56,6980.79,6922.31,5413.974583333334,534.9500244678004,5916.533511904762,99.77000000000044,32.3,81.9,28.200000000000003,1.0,0.0,0.0
2025-12-12 12:00:00,12,4,12,346,1.2246467991473532e-16,-1.0,-0.433883739117558,-0.9009688679024191,-2.4492935982947064e-16,1.0,0,0,4556.3,4607.86,4543.44,4081.98,4252.04,4441.3,3428.5204166666663,843.2605501704568,3363.075416666667,-51.55999999999949,26.4,51.4,21.054166666666667,1.0,0.0,0.0
2025-07-05 13:00:00,13,5,7,186,-0.2588190451025208,-0.9659258262890683,-0.9749279121818236,-0.2225209339563146,-0.4999999999999997,-0.8660254037844388,1,0,6458.83,6325.44,6049.37,6785.29,6807.76,6990.08,6255.7387499999995,694.5100461057813,5884.4269047619055,133.39000000000033,32.7,86.6,28.012500000000003,0.0,1.0,0.0
2025-12-27 17:00:00,17,5,12,361,-0.9659258262890683,-0.25881904510252063,-0.9749279121818236,-0.2225209339563146,-2.4492935982947064e-16,1.0,1,0,3659.66,3684.58,3774.84,4202.09,4074.73,4154.64,3512.1216666666664,872.1222783067093,3610.525892857143,-24.920000000000073,24.6,47.1,21.770833333333332,1.0,0.0,0.0
2025-11-09 18:00:00,18,6,11,313,-1.0,-1.8369701987210297e-16,-0.7818314824680299,0.6234898018587334,-0.5000000000000004,0.8660254037844384,1,0,3432.46,3157.68,3186.28,3677.55,3987.58,3813.67,2977.427916666667,630.3306069246264,3304.4026190476184,274.7800000000002,26.4,46.4,25.375,0.0,0.0,0.0
2025-08-18 06:00:00,6,0,8,230,1.0,6.123233995736766e-17,0.0,1.0,-0.8660254037844384,-0.5000000000000004,0,0,4332.33,4417.13,4605.44,4280.43,4018.1,4502.61,5092.0183333333325,516.3979381182534,5274.164166666667,-84.80000000000018,31.0,65.2,28.395833333333332,0.0,0.0,0.0
2025-08-23 03:00:00,3,5,8,235,0.7071067811865475,0.7071067811865476,-0.9749279121818236,-0.2225209339563146,-0.8660254037844384,-0.5000000000000004,1,0,5651.02,5990.6,6423.44,5351.17,5287.82,4292.99,6021.297916666666,589.93927625595,5629.174642857142,-339.5799999999999,21.6,89.9,27.958333333333332,0.0,1.0,0.0
2025-12-26 21:00:00,21,4,12,360,-0.7071067811865477,0.7071067811865474,-0.433883739117558,-0.9009688679024191,-2.4492935982947064e-16,1.0,0,0,3937.33,4150.55,4230.55,3504.52,3616.55,3443.17,3676.2625000000003,1017.4217766417346,3626.3546428571435,-213.22000000000025,20.0,38.9,22.287499999999998,0.0,0.0,0.0
2025-12-04 21:00:00,21,3,12,338,-0.7071067811865477,0.7071067811865474,0.43388373911755823,-0.900968867902419,-2.4492935982947064e-16,1.0,0,0,3646.0,3877.99,4050.42,3309.21,3186.26,3140.96,3428.9304166666666,747.2523457334997,3279.593928571429,-231.98999999999978,22.3,43.0,21.920833333333334,0.0,0.0,0.0
2025-07-29 23:00:00,23,1,7,210,-0.25881904510252157,0.9659258262890681,0.7818314824680298,0.6234898018587336,-0.4999999999999997,-0.8660254037844388,0,0,6365.08,6256.28,5972.63,7202.1,7276.23,5908.21,5943.1779166666665,512.3643133890257,6042.535892857142,108.80000000000018,26.0,85.0,28.291666666666668,1.0,0.0,0.0
2025-09-05 12:00:00,12,4,9,248,1.2246467991473532e-16,-1.0,-0.433883739117558,-0.9009688679024191,-1.0,-1.8369701987210297e-16,0,1,5377.39,5158.99,4814.12,5584.92,5534.96,5974.92,4943.685416666666,612.3282539049403,4897.2713690476185,218.40000000000055,36.2,53.0,29.304166666666664,0.0,0.0,0.0
2025-07-15 14:00:00,14,1,7,196,-0.4999999999999997,-0.8660254037844388,0.7818314824680298,0.6234898018587336,-0.4999999999999997,-0.8660254037844388,0,0,5850.72,5749.07,5618.55,6107.67,5532.59,7177.88,5271.12375,625.6403175169738,5500.783511904762,101.65000000000055,33.5,68.7,28.458333333333332,0.0,0.0,0.0
2025-12-18 21:00:00,21,3,12,352,-0.7071067811865477,0.7071067811865474,0.43388373911755823,-0.900968867902419,-2.4492935982947064e-16,1.0,0,0,3788.1,4097.07,4201.74,3390.82,3332.54,3377.54,3560.4491666666668,957.0033609541723,3421.613869047619,-308.9699999999998,17.7,45.5,21.516666666666666,1.0,0.0,0.0
2025-10-03 10:00:00,10,4,10,276,0.49999999999999994,-0.8660254037844387,-0.433883739117558,-0.9009688679024191,-0.8660254037844386,0.5000000000000001,0,0,5094.31,4348.93,4062.79,4231.88,5408.15,5795.88,4434.9904166666665,333.4863137597543,5545.711845238095,745.3800000000001,35.6,48.6,29.55,0.0,0.0,0.0
2025-07-19 11:00:00,11,5,7,200,0.258819045102521,-0.9659258262890682,-0.9749279121818236,-0.2225209339563146,-0.4999999999999997,-0.8660254037844388,1,0,5238.63,4912.0,4400.22,5930.63,5721.51,5786.83,5356.109583333334,630.6450834522135,5387.802261904762,326.6300000000001,30.9,94.3,28.045833333333334,0.0,1.0,0.0
2025-11-12 01:00:00,1,2,11,316,0.25881904510252074,0.9659258262890683,0.9749279121818236,-0.22252093395631434,-0.5000000000000004,0.8660254037844384,0,0,2232.68,2557.48,2862.22,2086.66,2026.16,2710.0,3173.355,695.154530440076,3206.693511904762,-324.8000000000002,22.6,57.2,25.604166666666668,1.0,0.0,0.0
2025-10-08 00:00:00,0,2,10,281,0.0,1.0,0.9749279121818236,-0.22252093395631434,-0.8660254037844386,0.5000000000000001,0,0,3443.97,3654.56,3758.28,3671.76,5302.74,5181.72,4012.4716666666664,620.0017972882209,4768.559285714286,-210.59000000000015,17.9,82.1,29.54583333333333,0.0,0.0,1.0
2025-10-20 06:00:00,6,0,10,293,1.0,6.123233995736766e-17,0.0,1.0,-0.8660254037844386,0.5000000000000001,0,1,3000.29,2860.0,2879.83,3243.05,3502.28,3562.02,3621.8566666666666,416.95897668791304,3875.3857142857146,140.28999999999996,29.7,57.1,29.9875,0.0,0.0,0.0
2025-07-04 15:00:00,15,4,7,185,-0.7071067811865471,-0.7071067811865479,-0.433883739117558,-0.9009688679024191,-0.4999999999999997,-0.8660254037844388,0,0,7024.1,6785.29,6877.48,7391.31,6994.59,7589.44,6502.361666666667,710.1118053099652,5939.2797619047615,238.8100000000004,32.7,79.0,28.166666666666668,1.0,0.0,0.0
2025-12-16 01:00:00,1,1,12,350,0.25881904510252074,0.9659258262890683,0.7818314824680298,0.6234898018587336,-2.4492935982947064e-16,1.0,0,0,2412.28,2720.4,3115.62,2062.45,1954.87,2155.32,3453.6979166666665,858.2000815558554,3385.5189880952385,-308.1199999999999,15.6,57.6,21.816666666666666,1.0,0.0,0.0
2025-10-05 07:00:00,7,6,10,278,0.9659258262890683,-0.25881904510252063,-0.7818314824680299,0.6234898018587334,-0.8660254037844386,0.5000000000000001,1,0,4108.22,4160.23,4268.2,4297.03,4062.79,4791.39,5089.66875,521.5387884304738,5346.971011904762,-52.00999999999931,29.3,64.0,29.791666666666668,1.0,0.0,0.0
2025-07-13 03:00:00,3,6,7,194,0.7071067811865475,0.7071067811865476,-0.7818314824680299,0.6234898018587334,-0.4999999999999997,-0.8660254037844388,1,0,5091.37,5376.55,5720.8,4948.98,4773.75,5901.79,5395.644583333334,558.1495945570391,5737.925595238095,-285.1800000000003,23.8,92.0,28.724999999999998,0.0,1.0,0.0
2025-08-09 03:00:00,3,5,8,221,0.7071067811865475,0.7071067811865476,-0.9749279121818236,-0.2225209339563146,-0.8660254037844384,-0.5000000000000004,1,1,5551.51,5899.66,6292.99,5484.93,5215.17,4781.64,6036.678333333333,694.5424366016729,5695.268988095238,-348.14999999999964,26.3,62.9,28.36666666666667,0.0,0.0,0.0
2025-12-17 19:00:00,19,2,12,351,-0.9659258262890684,0.2588190451025203,0.9749279121818236,-0.22252093395631434,-2.4492935982947064e-16,1.0,0,0,4025.38,4048.43,3771.59,3946.02,3884.13,3915.52,3506.304583333333,956.9471807739291,3396.393273809524,-23.049999999999727,19.1,64.0,21.287499999999998,0.0,1.0,0.0
2025-12-15 00:00:00,0,0,12,349,0.0,1.0,0.0,1.0,-2.4492935982947064e-16,1.0,0,0,2644.02,3023.85,3325.45,2350.81,2293.62,2178.26,3241.7454166666666,847.3127721931342,3366.089761904762,-379.8299999999999,18.3,45.7,21.912499999999998,0.0,0.0,0.0
2026-01-02 08:00:00,8,4,1,2,0.8660254037844387,-0.4999999999999998,-0.433883739117558,-0.9009688679024191,0.49999999999999994,0.8660254037844387,0,0,4223.31,3320.99,2485.09,4837.53,4776.82,4571.77,3819.1462500000002,1191.3431121977478,3694.574821428572,902.3200000000006,17.1,68.0,20.433333333333334,0.0,1.0,0.0
2025-09-07 01:00:00,1,6,9,250,0.25881904510252074,0.9659258262890683,-0.7818314824680299,0.6234898018587334,-1.0,-1.8369701987210297e-16,1,0,5228.28,5431.24,5415.45,4673.68,4604.57,5431.79,5018.44625,562.8589365467718,4809.925178571429,-202.96000000000004,20.8,90.6,29.166666666666668,0.0,0.0,1.0
2025-12-21 13:00:00,13,6,12,355,-0.2588190451025208,-0.9659258262890683,-0.7818314824680299,0.6234898018587334,-2.4492935982947064e-16,1.0,1,0,4909.37,5041.3,5018.95,4377.79,4573.01,3974.7,3550.3366666666666,1031.8018129452703,3533.4677976190483,-131.9300000000003,28.8,39.6,21.6125,0.0,0.0,0.0
2025-07-24 03:00:00,3,3,7,205,0.7071067811865475,0.7071067811865476,0.43388373911755823,-0.900968867902419,-0.4999999999999997,-0.8660254037844388,0,0,5056.86,5363.49,5784.65,4762.64,5146.26,4995.89,5424.13625,534.2317901176453,5458.099523809524,-306.6300000000001,21.5,96.8,27.170833333333334,0.0,1.0,0.0
2025-09-30 01:00:00,1,1,9,273,0.25881904510252074,0.9659258262890683,0.7818314824680298,0.6234898018587336,-1.0,-1.8369701987210297e-16,0,0,6887.81,7012.65,6993.91,6390.63,6226.09,5938.41,6253.844166666666,690.5586507592341,5843.552321428571,-124.83999999999924,25.8,61.7,29.19583333333333,0.0,0.0,0.0
2025-09-19 00:00:00,0,4,9,262,0.0,1.0,-0.433883739117558,-0.9009688679024191,-1.0,-1.8369701987210297e-16,0,0,6570.89,6573.08,6383.14,6349.18,6578.6,5968.55,5890.121249999999,596.1347790289973,5776.253392857143,-2.1899999999996,25.9,75.3,29.11666666666667,1.0,0.0,0.0
2025-11-13 06:00:00,6,3,11,317,1.0,6.123233995736766e-17,0.43388373911755823,-0.900968867902419,-0.5000000000000004,0.8660254037844384,0,0,2594.86,2030.34,1915.12,3503.47,3483.37,3466.32,3236.7274999999995,735.6052127700051,3163.457380952381,564.5200000000002,25.8,44.1,25.166666666666668,0.0,0.0,0.0
2025-09-10 23:00:00,23,2,9,253,-0.25881904510252157,0.9659258262890681,0.9749279121818236,-0.22252093395631434,-1.0,-1.8369701987210297e-16,0,0,6266.26,6134.3,5950.79,6369.45,6073.46,4511.63,5755.9800000000005,602.1167915670319,5175.328630952381,131.96000000000004,23.8,79.7,28.78333333333333,0.0,1.0,0.0
2025-09-03 23:00:00,23,2,9,246,-0.25881904510252157,0.9659258262890681,0.9749279121818236,-0.22252093395631434,-1.0,-1.8369701987210297e-16,0,0,4546.56,4550.92,4783.78,4495.66,4403.42,5587.64,4641.502916666667,599.2128627333141,5051.758928571428,-4.359999999999673,27.0,61.1,29.80416666666667,0.0,0.0,0.0
2025-11-26 03:00:00,3,2,11,330,0.7071067811865475,0.7071067811865476,0.9749279121818236,-0.22252093395631434,-0.5000000000000004,0.8660254037844384,0,0,1866.44,1994.52,2233.11,1831.44,1778.22,1859.72,3246.3325,837.8666764092086,3221.0331547619044,-128.07999999999993,23.2,46.6,25.191666666666666,0.0,0.0,0.0
2025-12-07 13:00:00,13,6,12,341,-0.2588190451025208,-0.9659258262890683,-0.7818314824680299,0.6234898018587334,-2.4492935982947064e-16,1.0,1,0,4301.74,4505.72,4486.75,3549.42,4175.05,3809.98,3215.2491666666665,876.4830570099003,3310.912797619048,-203.98000000000047,27.5,42.5,21.604166666666668,0.0,0.0,0.0
2025-08-16 11:00:00,11,5,8,228,0.258819045102521,-0.9659258262890682,-0.9749279121818236,-0.2225209339563146,-0.8660254037844384,-0.5000000000000004,1,1,5071.67,4673.88,4187.0,4232.29,5552.62,4345.57,4464.169166666667,388.1774339018477,5180.363690476191,397.78999999999996,30.8,90.1,27.870833333333334,0.0,1.0,0.0
2025-07-04 09:00:00,9,4,7,185,0.7071067811865476,-0.7071067811865475,-0.433883739117558,-0.9009688679024191,-0.4999999999999997,-0.8660254037844388,0,0,5376.97,5191.35,5171.87,5867.98,5684.16,6157.55,6463.991249999999,723.1544517646731,5945.49125,185.6199999999999,29.2,94.4,28.287499999999998,0.0,1.0,0.0
2025-08-03 02:00:00,2,6,8,215,0.49999999999999994,0.8660254037844387,-0.7818314824680299,0.6234898018587334,-0.8660254037844384,-0.5000000000000004,1,0,5434.62,5793.29,5996.65,5010.83,4862.84,6218.45,5406.430416666667,584.2857928273069,5762.129464285715,-358.6700000000001,19.6,98.0,28.487499999999997,0.0,0.0,1.0
2025-10-05 06:00:00,6,6,10,278,1.0,6.123233995736766e-17,-0.7818314824680299,0.6234898018587334,-0.8660254037844386,0.5000000000000001,1,0,4160.23,4268.2,4456.7,4276.0,3989.52,4881.81,5096.659583333333,508.77963727781105,5351.575714285715,-107.97000000000025,28.3,46.5,29.79583333333333,0.0,0.0,0.0
2025-10-30 08:00:00,8,3,10,303,0.8660254037844387,-0.4999999999999998,0.43388373911755823,-0.900968867902419,-0.8660254037844386,0.5000000000000001,0,0,3619.65,3568.53,2991.0,3552.73,3428.76,3430.4,3559.47,584.3014122344595,3488.229821428572,51.11999999999989,31.5,69.2,29.633333333333336,1.0,0.0,0.0
2025-10-21 05:00:00,5,1,10,294,0.9659258262890683,0.25881904510252074,0.7818314824680298,0.6234898018587336,-0.8660254037844386,0.5000000000000001,0,0,2903.68,2911.25,3036.64,3000.29,3094.57,3122.35,3391.6316666666667,274.34022700595585,3806.261369047619,-7.570000000000164,29.4,48.6,30.17916666666667,0.0,0.0,0.0
2026-01-12 19:00:00,19,0,1,12,-0.9659258262890684,0.2588190451025203,0.0,1.0,0.49999999999999994,0.8660254037844387,0,0,4832.27,4666.79,4384.43,4354.89,4492.46,4580.53,4105.667916666666,1159.0690630058411,4047.423511904761,165.48000000000047,22.6,41.8,21.391666666666666,0.0,0.0,0.0
2025-07-09 11:00:00,11,2,7,190,0.258819045102521,-0.9659258262890682,0.9749279121818236,-0.22252093395631434,-0.4999999999999997,-0.8660254037844388,0,0,5925.71,5619.28,5012.94,6375.58,5715.29,6229.71,6349.25375,893.8379680068126,6189.842202380953,306.4300000000003,31.2,90.9,28.508333333333336,0.0,1.0,0.0
2025-10-08 17:00:00,17,2,10,281,-0.9659258262890683,-0.25881904510252063,0.9749279121818236,-0.22252093395631434,-0.8660254037844386,0.5000000000000001,0,0,4363.28,4369.98,4263.18,4459.74,4729.65,5806.69,3820.0325,590.7624962505112,4634.471428571428,-6.699999999999818,33.9,43.9,29.124999999999996,0.0,0.0,0.0
2025-10-08 13:00:00,13,2,10,281,-0.2588190451025208,-0.9659258262890683,0.9749279121818236,-0.22252093395631434,-0.8660254037844386,0.5000000000000001,0,0,4388.26,4396.62,4409.19,4655.04,4727.67,5704.68,3891.3158333333336,666.7866709494454,4671.568630952381,-8.359999999999673,32.2,52.6,28.854166666666668,1.0,0.0,0.0
2026-01-12 02:00:00,2,0,1,12,0.49999999999999994,0.8660254037844387,0.0,1.0,0.49999999999999994,0.8660254037844387,0,0,2398.11,2843.69,3410.22,2102.69,2192.95,1966.0,3897.9075,1116.168498103547,4025.806785714286,-445.5799999999999,18.0,47.1,20.904166666666665,0.0,0.0,0.0
2025-08-06 01:00:00,1,2,8,218,0.25881904510252074,0.9659258262890683,0.9749279121818236,-0.22252093395631434,-0.8660254037844384,-0.5000000000000004,0,0,5851.34,6078.43,6093.36,5602.73,5812.6,5672.05,5612.149166666667,564.0861859288981,5502.901488095238,-227.09000000000015,25.3,76.6,28.3625,1.0,0.0,0.0
2025-09-17 16:00:00,16,2,9,260,-0.8660254037844384,-0.5000000000000004,0.9749279121818236,-0.22252093395631434,-1.0,-1.8369701987210297e-16,0,0,6836.27,6792.77,6534.73,6729.77,6568.19,6381.77,6081.956666666666,667.576622442622,5725.753511904762,43.5,31.3,87.4,29.15833333333333,0.0,1.0,0.0
2025-08-15 08:00:00,8,4,8,227,0.8660254037844387,-0.4999999999999998,-0.433883739117558,-0.9009688679024191,-0.8660254037844384,-0.5000000000000004,0,0,4145.93,4167.87,4282.73,4729.14,4886.9,4976.23,5155.5233333333335,508.0428414977685,5402.719404761905,-21.9399999999996,28.5,98.0,27.9375,0.0,0.0,1.0
2025-11-23 23:00:00,23,6,11,327,-0.25881904510252157,0.9659258262890681,-0.7818314824680299,0.6234898018587334,-0.5000000000000004,0.8660254037844384,1,0,2742.58,2933.34,3220.47,2505.15,2625.36,2451.8,3052.12375,741.9389965185496,3216.861011904762,-190.76000000000022,20.0,55.5,25.166666666666668,1.0,0.0,0.0
2025-11-27 08:00:00,8,3,11,331,0.8660254037844387,-0.4999999999999998,0.43388373911755823,-0.900968867902419,-0.5000000000000004,0.8660254037844384,0,0,3735.21,3513.46,2621.63,3897.16,3893.08,3831.52,3273.86875,804.4083707503352,3215.8189285714284,221.75,24.5,56.6,25.349999999999998,1.0,0.0,0.0
2025-07-01 02:00:00,2,1,7,182,0.49999999999999994,0.8660254037844387,0.7818314824680298,0.6234898018587336,-0.4999999999999997,-0.8660254037844388,0,0,5353.63,5668.96,5878.63,5134.87,5766.32,6040.57,5339.60375,499.686897321633,6096.594821428571,-315.3299999999999,26.5,67.8,30.954166666666666,0.0,0.0,0.0
2025-10-16 20:00:00,20,3,10,289,-0.8660254037844386,0.5000000000000001,0.43388373911755823,-0.900968867902419,-0.8660254037844386,0.5000000000000001,0,0,4586.6,4666.48,4544.24,4267.62,4254.0,4105.84,3892.9283333333333,616.5305040774685,3774.3655952380955,-79.8799999999992,25.2,72.9,29.4375,0.0,1.0,0.0
2025-10-20 21:00:00,21,0,10,293,-0.7071067811865477,0.7071067811865474,0.0,1.0,-0.8660254037844386,0.5000000000000001,0,1,3614.41,3827.68,3891.01,3791.28,3950.45,3892.8,3403.460416666667,300.23758087461346,3808.058452380953,-213.26999999999998,22.5,71.2,29.941666666666666,0.0,0.0,1.0
2025-06-30 03:00:00,3,0,6,181,0.7071067811865475,0.7071067811865476,0.0,1.0,1.2246467991473532e-16,-1.0,0,0,5134.87,5419.21,5718.22,5505.86,6265.13,5665.81,5316.00125,317.4388786401439,6232.579761904762,-284.34000000000015,24.1,89.4,31.17916666666667,0.0,0.0,1.0
2025-11-02 07:00:00,7,6,11,306,0.9659258262890683,-0.25881904510252063,-0.7818314824680299,0.6234898018587334,-0.5000000000000004,0.8660254037844384,1,0,2913.57,2654.94,2579.18,3481.54,3671.13,3107.84,3449.56375,595.3068801508567,3510.366964285714,258.6300000000001,25.8,56.5,25.45,0.0,0.0,0.0
2026-01-12 23:00:00,23,0,1,12,-0.25881904510252157,0.9659258262890681,0.0,1.0,0.49999999999999994,0.8660254037844387,0,0,4298.97,4455.12,4639.44,3410.22,3389.14,3311.26,4160.055833333333,1170.5995462115159,4055.028214285714,-156.14999999999964,16.5,49.8,21.125,0.0,0.0,0.0
2025-10-23 10:00:00,10,3,10,296,0.49999999999999994,-0.8660254037844387,0.43388373911755823,-0.900968867902419,-0.8660254037844386,0.5000000000000001,0,1,3787.27,3430.4,3231.79,3762.3,3634.05,4397.58,3443.4375,397.72375691040236,3659.355,356.8699999999999,34.4,50.4,29.520833333333332,0.0,0.0,0.0
2025-10-27 12:00:00,12,0,10,300,1.2246467991473532e-16,-1.0,0.0,1.0,-0.8660254037844386,0.5000000000000001,0,0,4209.2,4172.32,3970.29,3823.83,4044.66,3581.98,3418.0483333333327,481.19855602328676,3471.427142857143,36.88000000000011,30.5,67.3,29.200000000000003,0.0,1.0,0.0
2025-11-04 19:00:00,19,1,11,308,-0.9659258262890684,0.2588190451025203,0.7818314824680298,0.6234898018587336,-0.5000000000000004,0.8660254037844384,0,0,4206.34,4128.08,3933.74,3953.24,3730.82,3963.61,3462.835833333333,602.4615187056098,3502.5091666666663,78.26000000000022,25.4,46.8,25.608333333333334,0.0,0.0,0.0
2025-11-12 06:00:00,6,2,11,316,1.0,6.123233995736766e-17,0.9749279121818236,-0.22252093395631434,-0.5000000000000004,0.8660254037844384,0,0,2648.17,2044.99,1902.26,3483.37,3415.9,3064.11,3172.3212500000004,697.0413370957041,3193.005238095238,603.1800000000001,22.7,55.7,25.54583333333333,1.0,0.0,0.0
2025-12-24 03:00:00,3,2,12,358,0.7071067811865475,0.7071067811865476,0.9749279121818236,-0.22252093395631434,-2.4492935982947064e-16,1.0,0,0,1974.42,2147.95,2486.91,1897.36,2144.65,1820.79,3675.47,1000.9001625059263,3620.3657142857146,-173.52999999999975,17.7,51.0,21.858333333333334,1.0,0.0,0.0
2025-10-28 11:00:00,11,1,10,301,0.258819045102521,-0.9659258262890682,0.7818314824680298,0.6234898018587336,-0.8660254037844386,0.5000000000000001,0,0,4012.44,3851.42,3428.76,4209.2,3810.33,3708.97,3434.2791666666667,569.2870100468008,3471.8029166666665,161.01999999999998,34.2,60.5,29.016666666666666,1.0,0.0,0.0
2025-10-20 04:00:00,4,0,10,293,0.8660254037844386,0.5000000000000001,0.0,1.0,-0.8660254037844386,0.5000000000000001,0,1,2879.83,3002.72,3144.41,2945.52,3023.49,2739.26,3629.3483333333334,404.64718619163216,3874.803035714285,-122.88999999999987,29.6,57.0,29.98333333333333,0.0,0.0,0.0
2025-10-11 04:00:00,4,5,10,284,0.8660254037844386,0.5000000000000001,-0.9749279121818236,-0.2225209339563146,-0.8660254037844386,0.5000000000000001,1,0,2723.4,2815.53,2951.87,2817.43,2707.23,4324.45,3753.6558333333337,641.8132185892142,4222.9279166666665,-92.13000000000011,21.8,73.6,28.5625,0.0,1.0,0.0
2025-07-23 01:00:00,1,2,7,204,0.25881904510252074,0.9659258262890683,0.9749279121818236,-0.22252093395631434,-0.4999999999999997,-0.8660254037844388,0,0,5680.13,5908.21,5941.37,5580.9,5879.99,5429.56,5560.5325,345.1964571868695,5492.147142857143,-228.07999999999993,23.4,83.9,27.629166666666666,1.0,0.0,0.0
2025-09-09 02:00:00,2,1,9,252,0.49999999999999994,0.8660254037844387,0.7818314824680298,0.6234898018587336,-1.0,-1.8369701987210297e-16,0,0,5394.22,5782.68,6073.46,4455.38,4684.42,3836.61,5370.477083333333,720.5281191959217,4898.310833333334,-388.46000000000004,25.0,87.7,29.079166666666666,0.0,1.0,0.0
2025-10-17 01:00:00,1,4,10,290,0.25881904510252074,0.9659258262890683,-0.433883739117558,-0.9009688679024191,-0.8660254037844386,0.5000000000000001,0,0,3333.88,3564.57,3766.29,3103.88,3117.58,2947.2,3896.3104166666667,614.0704766413004,3778.835059523809,-230.69000000000005,24.0,68.5,29.370833333333337,1.0,0.0,0.0
2025-09-27 20:00:00,20,5,9,270,-0.8660254037844386,0.5000000000000001,-0.9749279121818236,-0.2225209339563146,-1.0,-1.8369701987210297e-16,1,0,6179.17,6182.7,6213.17,6003.24,5943.29,5938.17,5816.562083333333,599.2481948240112,5730.614107142857,-3.5299999999997453,24.4,83.6,29.38333333333333,0.0,1.0,0.0
2025-08-30 23:00:00,23,5,8,242,-0.25881904510252157,0.9659258262890681,-0.9749279121818236,-0.2225209339563146,-0.8660254037844384,-0.5000000000000004,1,0,5973.92,5801.62,5658.57,5592.83,6174.87,5597.28,5320.564583333334,620.8523664459825,5290.221964285714,172.30000000000018,22.4,94.8,28.25,0.0,1.0,0.0
2025-10-21 04:00:00,4,1,10,294,0.8660254037844386,0.5000000000000001,0.7818314824680298,0.6234898018587336,-0.8660254037844386,0.5000000000000001,0,0,2911.25,3036.64,3181.76,2860.0,2945.52,2853.48,3389.811666666667,277.8406476299293,3805.9625595238094,-125.38999999999987,27.5,56.3,30.083333333333332,0.0,0.0,0.0
2025-11-24 19:00:00,19,0,11,328,-0.9659258262890684,0.2588190451025203,0.0,1.0,-0.5000000000000004,0.8660254037844384,0,0,3859.61,3756.32,3463.73,3445.66,3590.94,3652.2,3169.3266666666664,801.3715879159301,3221.0295238095237,103.28999999999996,25.6,40.8,25.425,0.0,0.0,0.0
2025-12-15 20:00:00,20,0,12,349,-0.8660254037844386,0.5000000000000001,0.0,1.0,-2.4492935982947064e-16,1.0,0,0,3884.13,3980.57,3928.51,3452.96,3434.07,3582.36,3437.00125,859.716247876959,3383.974166666666,-96.44000000000005,20.8,42.4,21.954166666666666,0.0,0.0,0.0
2025-11-28 05:00:00,5,4,11,332,0.9659258262890683,0.25881904510252074,-0.433883739117558,-0.9009688679024191,-0.5000000000000004,0.8660254037844384,0,0,2107.19,1964.22,2025.35,2621.63,2619.37,2662.47,3295.2925,760.537178093944,3219.1230357142854,142.97000000000003,22.7,52.9,26.0625,1.0,0.0,0.0
2025-09-05 20:00:00,20,4,9,248,-0.8660254037844386,0.5000000000000001,-0.433883739117558,-0.9009688679024191,-1.0,-1.8369701987210297e-16,0,1,5301.19,5297.23,5101.95,5215.33,4783.78,5566.98,4871.166666666667,542.4384739438309,4870.548452380953,3.9600000000000364,25.4,86.6,29.354166666666668,0.0,1.0,0.0
2025-10-05 00:00:00,0,6,10,278,0.0,1.0,-0.7818314824680299,0.6234898018587334,-0.8660254037844386,0.5000000000000001,1,0,5458.52,5442.5,5384.53,5425.47,4819.36,6563.08,5117.255416666666,495.02357146321117,5390.7753571428575,16.020000000000437,28.3,47.1,29.729166666666668,0.0,0.0,0.0
2025-08-29 02:00:00,2,4,8,241,0.49999999999999994,0.8660254037844387,-0.433883739117558,-0.9009688679024191,-0.8660254037844384,-0.5000000000000004,0,0,5492.86,5917.26,6174.87,4738.61,4607.69,5696.7,5589.513333333333,744.6887387514379,5401.14375,-424.40000000000055,24.3,84.6,28.02916666666667,1.0,0.0,0.0
2025-10-26 05:00:00,5,6,10,299,0.9659258262890683,0.25881904510252074,-0.7818314824680299,0.6234898018587334,-0.8660254037844386,0.5000000000000001,1,0,2592.14,2587.48,2678.15,2917.29,2977.9,3094.57,3495.505416666667,515.8577201716986,3501.1154761904763,4.6599999999998545,22.4,78.9,28.7625,0.0,1.0,0.0
2025-09-01 10:00:00,10,0,9,244,0.49999999999999994,-0.8660254037844387,0.0,1.0,-1.0,-1.8369701987210297e-16,0,0,5024.99,4467.58,4312.88,4821.04,5482.58,5550.41,4836.691250000001,374.1090206519617,5251.712916666666,557.4099999999999,29.9,90.6,28.383333333333336,0.0,0.0,1.0
2025-09-13 15:00:00,15,5,9,256,-0.7071067811865471,-0.7071067811865479,-0.9749279121818236,-0.2225209339563146,-1.0,-1.8369701987210297e-16,1,0,6052.69,5812.35,5798.91,6361.24,6337.92,5591.19,5578.393749999999,611.2956784875221,5443.692261904762,240.33999999999924,34.6,51.0,28.966666666666665,0.0,0.0,0.0
2025-12-02 03:00:00,3,1,12,336,0.7071067811865475,0.7071067811865476,0.7818314824680298,0.6234898018587336,-2.4492935982947064e-16,1.0,0,0,1854.75,1978.89,2301.76,1829.73,1764.02,1831.44,3257.2833333333333,786.8204616748355,3237.427857142857,-124.1400000000001,17.4,54.0,21.950000000000003,1.0,0.0,0.0
2025-09-15 17:00:00,17,0,9,258,-0.9659258262890683,-0.25881904510252063,0.0,1.0,-1.0,-1.8369701987210297e-16,0,0,6568.19,6598.27,6480.13,5554.6,5870.15,5908.74,5755.579166666666,608.3668649533821,5623.536785714286,-30.080000000000837,33.9,69.7,29.21666666666667,1.0,0.0,0.0
2025-07-28 16:00:00,16,0,7,209,-0.8660254037844384,-0.5000000000000004,0.0,1.0,-0.4999999999999997,-0.8660254037844388,0,0,7444.33,7403.28,6858.79,6467.07,6790.42,6187.98,6360.645,694.7053724139977,5932.972202380953,41.05000000000018,29.9,96.2,27.954166666666666,0.0,1.0,0.0
2025-09-29 11:00:00,11,0,9,272,0.258819045102521,-0.9659258262890682,0.0,1.0,-1.0,-1.8369701987210297e-16,0,0,6234.45,5835.17,5116.3,5766.32,5893.4,5949.05,5988.079166666666,546.8970341363315,5807.410238095237,399.27999999999975,32.5,85.8,29.59166666666667,0.0,1.0,0.0
2025-09-08 14:00:00,14,0,9,251,-0.4999999999999997,-0.8660254037844388,0.0,1.0,-1.0,-1.8369701987210297e-16,0,0,5780.4,5751.8,5694.5,5270.49,5574.88,5504.22,4974.494583333333,501.0092078124729,4810.443511904762,28.599999999999454,33.0,86.0,29.033333333333335,0.0,1.0,0.0
2025-10-16 15:00:00,15,3,10,289,-0.7071067811865471,-0.7071067811865479,0.43388373911755823,-0.900968867902419,-0.8660254037844386,0.5000000000000001,0,0,4404.29,4278.37,4487.67,4462.03,4448.71,4421.15,3884.714583333333,607.3425728173411,3772.2026785714284,125.92000000000007,37.0,51.3,29.325000000000003,0.0,0.0,0.0
2025-10-14 23:00:00,23,1,10,287,-0.25881904510252157,0.9659258262890681,0.7818314824680298,0.6234898018587336,-0.8660254037844386,0.5000000000000001,0,0,3743.06,3894.07,4254.0,3574.34,3423.53,3443.97,3896.845,606.6188613877339,3749.902202380953,-151.01000000000022,27.4,51.8,29.108333333333334,0.0,0.0,0.0
2025-09-09 11:00:00,11,1,9,252,0.258819045102521,-0.9659258262890682,0.7818314824680298,0.6234898018587336,-1.0,-1.8369701987210297e-16,0,0,5716.89,5328.43,4752.25,5694.5,5179.21,5343.01,5486.138749999999,565.4466752339886,4936.681488095238,388.46000000000004,35.4,68.9,29.25833333333333,1.0,0.0,0.0
2025-11-28 00:00:00,0,4,11,332,0.0,1.0,-0.433883739117558,-0.9009688679024191,-0.5000000000000004,0.8660254037844384,0,0,2605.91,2902.72,3140.96,2265.98,2233.11,2304.61,3272.066666666666,800.8529257945431,3218.541785714285,-296.80999999999995,20.7,44.3,26.224999999999998,0.0,0.0,0.0
2025-12-17 05:00:00,5,2,12,351,0.9659258262890683,0.25881904510252074,0.9749279121818236,-0.22252093395631434,-2.4492935982947064e-16,1.0,0,0,1997.22,1820.79,1901.95,2730.7,2708.78,2815.73,3445.5437500000003,895.9762155025353,3386.553928571428,176.43000000000006,21.5,47.2,21.316666666666666,0.0,0.0,0.0
2025-07-15 03:00:00,3,1,7,196,0.7071067811865475,0.7071067811865476,0.7818314824680298,0.6234898018587336,-0.4999999999999997,-0.8660254037844388,0,0,4752.26,5018.24,5407.63,4719.11,4841.04,5335.47,5290.987916666666,567.5918255913322,5547.829702380953,-265.97999999999956,28.4,71.4,28.59166666666667,0.0,0.0,0.0
2025-12-27 12:00:00,12,5,12,361,1.2246467991473532e-16,-1.0,-0.9749279121818236,-0.2225209339563146,-2.4492935982947064e-16,1.0,1,0,4515.63,4590.65,4545.15,4786.01,4613.63,4741.54,3571.425416666667,913.6622949997499,3617.9505357142853,-75.01999999999953,26.2,46.8,21.991666666666664,1.0,0.0,0.0
2025-09-19 01:00:00,1,4,9,262,0.25881904510252074,0.9659258262890683,-0.433883739117558,-0.9009688679024191,-1.0,-1.8369701987210297e-16,0,0,6331.53,6570.89,6573.08,5933.2,6138.35,5513.13,5889.385833333334,595.5544471215445,5778.413988095238,-239.36000000000058,26.9,60.5,29.070833333333336,0.0,0.0,0.0
2025-12-30 14:00:00,14,1,12,364,-0.4999999999999997,-0.8660254037844388,0.7818314824680298,0.6234898018587336,-2.4492935982947064e-16,1.0,0,0,4444.49,4998.29,5176.58,4134.21,3929.23,4014.33,3773.5854166666663,1042.6960090448788,3596.603869047619,-553.8000000000002,23.4,63.3,21.425,0.0,1.0,0.0
2026-01-07 12:00:00,12,2,1,7,1.2246467991473532e-16,-1.0,0.9749279121818236,-0.22252093395631434,0.49999999999999994,0.8660254037844387,0,0,5737.2,5795.03,5669.6,5498.43,5111.53,5365.02,4138.316250000001,1228.7732345145166,3898.8506547619045,-57.82999999999993,25.3,52.2,20.504166666666666,1.0,0.0,0.0
2025-07-29 22:00:00,22,1,7,210,-0.5000000000000004,0.8660254037844384,0.7818314824680298,0.6234898018587336,-0.4999999999999997,-0.8660254037844388,0,0,6256.28,5972.63,5952.81,7233.62,7259.24,5941.37,5979.3670833333335,570.8004686515842,6040.013809523809,283.64999999999964,26.3,69.4,28.325,0.0,0.0,0.0
2025-07-22 03:00:00,3,1,7,203,0.7071067811865475,0.7071067811865476,0.7818314824680298,0.6234898018587336,-0.4999999999999997,-0.8660254037844388,0,0,5336.65,5580.9,5792.36,5212.6,5034.24,4542.05,5574.389583333334,507.57585629257517,5473.300535714286,-244.25,25.8,83.7,27.895833333333332,1.0,0.0,0.0
2025-09-22 12:00:00,12,0,9,265,1.2246467991473532e-16,-1.0,0.0,1.0,-1.0,-1.8369701987210297e-16,0,1,5949.05,5807.19,5523.42,5578.33,6107.19,6076.52,5632.739166666667,498.218751614353,5885.517261904762,141.86000000000058,37.1,61.8,28.779166666666665,0.0,0.0,0.0
2025-10-07 10:00:00,10,1,10,280,0.49999999999999994,-0.8660254037844387,0.7818314824680298,0.6234898018587336,-0.8660254037844386,0.5000000000000001,0,0,4353.03,3786.99,3652.11,4931.99,4746.9,6374.8,4129.24125,681.2548860762464,4866.035892857143,566.04,34.6,47.6,29.791666666666668,0.0,0.0,0.0
2025-11-03 11:00:00,11,0,11,307,0.258819045102521,-0.9659258262890682,0.0,1.0,-0.5000000000000004,0.8660254037844384,0,0,3913.29,3884.0,3516.29,3804.26,4069.02,4209.2,3322.8991666666666,504.276371231036,3500.5439285714288,29.289999999999964,29.9,58.5,24.88333333333333,1.0,0.0,0.0
2025-10-15 22:00:00,22,2,10,288,-0.5000000000000004,0.8660254037844384,0.9749279121818236,-0.22252093395631434,-0.8660254037844386,0.5000000000000001,0,0,3852.99,4267.62,4503.87,3743.06,3771.74,3600.85,3918.53125,620.5656680545428,3762.4926785714288,-414.6300000000001,21.5,76.4,28.770833333333332,0.0,1.0,0.0
2025-08-02 08:00:00,8,5,8,214,0.8660254037844387,-0.4999999999999998,-0.9749279121818236,-0.2225209339563146,-0.8660254037844384,-0.5000000000000004,1,0,4456.45,4435.9,4417.93,4743.56,4852.42,4873.68,5462.224999999999,596.8378870710981,5845.035119047619,20.550000000000182,29.9,79.0,28.337500000000002,1.0,0.0,0.0
2025-07-28 20:00:00,20,0,7,209,-0.8660254037844386,0.5000000000000001,0.0,1.0,-0.4999999999999997,-0.8660254037844388,0,0,6716.52,6570.26,6748.62,6506.25,6505.04,5255.37,6459.861666666667,706.3662549590885,5957.046964285713,146.26000000000022,28.6,77.8,28.162499999999998,1.0,0.0,0.0
2025-09-19 07:00:00,7,4,9,262,0.9659258262890683,-0.25881904510252063,-0.433883739117558,-0.9009688679024191,-1.0,-1.8369701987210297e-16,0,0,4909.07,4849.12,4999.83,4808.6,4934.07,4626.32,5881.005416666667,600.8159696249404,5791.081845238095,59.94999999999982,28.2,76.9,29.370833333333334,1.0,0.0,0.0
2025-10-01 08:00:00,8,2,10,274,0.8660254037844387,-0.4999999999999998,0.9749279121818236,-0.22252093395631434,-0.8660254037844386,0.5000000000000001,0,0,4344.21,4287.03,4215.19,5378.59,5116.3,4687.8,5228.3375,617.8049412181049,5802.064464285714,57.18000000000029,29.7,62.9,28.224999999999998,1.0,0.0,0.0
2025-11-07 23:00:00,23,4,11,311,-0.25881904510252157,0.9659258262890681,-0.433883739117558,-0.9009688679024191,-0.5000000000000004,0.8660254037844384,0,0,2961.49,3126.68,3496.97,2764.61,2982.72,3261.96,3306.795833333333,645.3475913761399,3401.6323214285712,-165.19000000000005,20.8,51.7,24.958333333333332,1.0,0.0,0.0
2025-12-10 05:00:00,5,2,12,344,0.9659258262890683,0.25881904510252074,0.9749279121818236,-0.22252093395631434,-2.4492935982947064e-16,1.0,0,0,2165.78,2046.84,2070.52,2763.42,2595.13,2857.13,3439.9683333333337,773.1343428660311,3343.3923809523812,118.94000000000028,19.8,46.6,22.087500000000002,0.0,0.0,0.0
2025-07-06 23:00:00,23,6,7,187,-0.25881904510252157,0.9659258262890681,-0.7818314824680299,0.6234898018587334,-0.4999999999999997,-0.8660254037844388,1,1,7112.9,6757.15,6436.44,7139.85,7039.59,5845.77,5997.4766666666665,652.3900339898589,5990.864821428571,355.75,21.4,97.0,28.104166666666668,0.0,1.0,0.0
2025-08-05 02:00:00,2,1,8,217,0.49999999999999994,0.8660254037844387,0.7818314824680298,0.6234898018587336,-0.8660254037844384,-0.5000000000000004,0,0,5602.73,6031.39,6291.81,5456.82,4904.5,6115.01,5667.502083333333,548.8558045526502,5534.857202380952,-428.66000000000076,23.9,83.7,28.825,1.0,0.0,0.0
2025-09-12 12:00:00,12,4,9,255,1.2246467991473532e-16,-1.0,-0.433883739117558,-0.9009688679024191,-1.0,-1.8369701987210297e-16,0,0,5848.79,5563.11,5256.1,5847.51,6082.96,5490.48,5598.084166666667,634.4321823346479,5337.5008333333335,285.6800000000003,32.9,85.4,29.97083333333333,0.0,1.0,0.0
2025-07-17 16:00:00,16,3,7,198,-0.8660254037844384,-0.5000000000000004,0.43388373911755823,-0.900968867902419,-0.4999999999999997,-0.8660254037844388,0,0,6291.16,6222.73,5845.51,6327.23,6071.12,5817.56,5589.490000000001,620.0796488530774,5402.245178571429,68.43000000000029,33.0,75.1,28.075000000000003,1.0,0.0,0.0
2025-09-01 17:00:00,17,0,9,244,-0.9659258262890683,-0.25881904510252063,0.0,1.0,-1.0,-1.8369701987210297e-16,0,0,4889.64,4863.91,5504.22,4906.92,5783.61,5536.06,4908.160833333333,436.1957846308562,5235.8076190476195,25.730000000000473,33.5,67.4,28.583333333333332,1.0,0.0,0.0
2025-12-21 06:00:00,6,6,12,355,1.0,6.123233995736766e-17,-0.7818314824680299,0.6234898018587334,-2.4492935982947064e-16,1.0,1,0,2294.54,1921.03,1841.45,3470.86,3648.57,2750.65,3605.6512500000003,1031.1729025908041,3514.967202380952,373.51,21.0,47.3,21.8,0.0,0.0,0.0
2025-12-02 18:00:00,18,1,12,336,-1.0,-1.8369701987210297e-16,0.7818314824680298,0.6234898018587336,-2.4492935982947064e-16,1.0,0,0,3733.62,3545.23,3632.72,3805.82,3452.9,3897.88,3291.1341666666667,820.6890721239553,3242.744166666667,188.38999999999987,24.3,40.2,21.816666666666666,0.0,0.0,0.0
2025-06-29 10:00:00,10,6,6,180,0.49999999999999994,-0.8660254037844387,-0.7818314824680299,0.6234898018587334,1.2246467991473532e-16,-1.0,1,0,5023.46,4640.78,4720.03,6302.47,6502.71,5461.99,5973.724999999999,737.2160138391482,6308.828571428572,382.6800000000003,36.8,68.0,32.020833333333336,1.0,0.0,0.0
2025-08-28 17:00:00,17,3,8,240,-0.9659258262890683,-0.25881904510252063,0.43388373911755823,-0.900968867902419,-0.8660254037844384,-0.5000000000000004,0,0,6366.44,6549.27,6478.83,5544.04,5515.81,6560.18,5388.297083333333,669.6400213643759,5427.97011904762,-182.83000000000084,28.4,92.2,27.400000000000002,0.0,0.0,1.0
2025-08-16 22:00:00,22,5,8,228,-0.5000000000000004,0.8660254037844384,-0.9749279121818236,-0.2225209339563146,-0.8660254037844384,-0.5000000000000004,1,1,5409.72,5311.01,5301.77,5154.47,5471.5,4916.39,4914.1375,530.3919136642905,5240.443333333334,98.71000000000004,24.9,81.5,27.2375,1.0,0.0,0.0
2025-06-28 04:00:00,4,5,6,179,0.8660254037844386,0.5000000000000001,-0.9749279121818236,-0.2225209339563146,1.2246467991473532e-16,-1.0,1,0,6265.13,6639.45,7058.93,5773.16,5491.05,5214.37,6698.4775,780.3399900113184,6300.520714285714,-374.3199999999997,27.6,71.4,31.920833333333334,1.0,0.0,0.0
2025-10-20 13:00:00,13,0,10,293,-0.2588190451025208,-0.9659258262890683,0.0,1.0,-0.8660254037844386,0.5000000000000001,0,1,3581.98,3559.03,3519.82,4003.95,4358.97,4253.46,3516.7858333333334,391.5268559162668,3846.2263095238095,22.949999999999818,35.6,51.9,30.075000000000003,0.0,0.0,0.0
2025-09-04 07:00:00,7,3,9,247,0.9659258262890683,-0.25881904510252063,0.43388373911755823,-0.900968867902419,-1.0,-1.8369701987210297e-16,0,0,4021.68,3706.39,3566.0,4115.04,4124.3,4529.21,4633.0529166666665,612.7909044015156,5012.148273809524,315.28999999999996,27.3,86.1,30.379166666666666,0.0,1.0,0.0
2025-09-28 13:00:00,13,6,9,271,-0.2588190451025208,-0.9659258262890683,-0.7818314824680299,0.6234898018587334,-1.0,-1.8369701987210297e-16,1,0,5946.02,5766.32,5483.56,6035.69,6052.48,5662.13,5874.106666666667,616.1327434025643,5757.748333333334,179.70000000000073,34.6,79.7,29.075000000000003,0.0,1.0,0.0
2025-12-26 00:00:00,0,4,12,360,0.0,1.0,-0.433883739117558,-0.9009688679024191,-2.4492935982947064e-16,1.0,0,0,2900.14,3320.51,3504.52,2521.4,2486.91,2428.42,3523.4725000000003,933.3934817701023,3633.0350595238097,-420.37000000000035,16.5,50.2,21.53333333333333,0.0,0.0,0.0
2025-07-22 00:00:00,0,1,7,203,0.0,1.0,0.7818314824680298,0.6234898018587336,-0.4999999999999997,-0.8660254037844388,0,0,5628.9,5615.39,5414.4,6292.39,6059.97,5407.63,5616.078333333334,527.092779413797,5464.182797619047,13.509999999999309,22.7,97.7,27.974999999999998,0.0,1.0,0.0
2026-01-02 12:00:00,12,4,1,2,1.2246467991473532e-16,-1.0,-0.433883739117558,-0.9009688679024191,0.49999999999999994,0.8660254037844387,0,0,5545.99,5508.58,5298.62,5389.21,5365.02,4786.01,3805.3383333333336,1173.3364291317193,3702.906130952381,37.409999999999854,24.3,38.6,20.345833333333335,0.0,0.0,0.0
2025-11-19 14:00:00,14,2,11,323,-0.4999999999999997,-0.8660254037844388,0.9749279121818236,-0.22252093395631434,-0.5000000000000004,0.8660254037844384,0,0,3779.66,4055.28,4183.65,3606.38,3595.36,3550.58,3274.490416666667,785.8469519955808,3176.9564285714287,-275.62000000000035,30.9,43.4,25.416666666666668,0.0,0.0,0.0
2025-11-21 09:00:00,9,4,11,325,0.7071067811865476,-0.7071067811865475,-0.433883739117558,-0.9009688679024191,-0.5000000000000004,0.8660254037844384,0,0,3934.72,3771.77,3581.46,3925.23,4156.28,4109.48,3282.5220833333333,751.9876626473255,3189.4697619047615,162.94999999999982,26.9,54.8,25.041666666666668,1.0,0.0,0.0
2025-09-30 11:00:00,11,1,9,273,0.258819045102521,-0.9659258262890682,0.7818314824680298,0.6234898018587336,-1.0,-1.8369701987210297e-16,0,0,6374.8,6093.62,5378.59,6427.18,5766.32,5822.43,6321.5079166666665,615.3791065251171,5876.885,281.1800000000003,32.9,77.2,29.141666666666666,1.0,0.0,0.0
2025-07-14 03:00:00,3,0,7,195,0.7071067811865475,0.7071067811865476,0.0,1.0,-0.4999999999999997,-0.8660254037844388,0,0,4999.54,5294.8,5594.65,4841.04,4948.98,5342.9,5093.11,465.63388838090634,5615.689821428571,-295.2600000000002,23.5,74.7,27.59583333333333,0.0,0.0,0.0
2025-08-27 20:00:00,20,2,8,239,-0.8660254037844386,0.5000000000000001,0.9749279121818236,-0.22252093395631434,-0.8660254037844384,-0.5000000000000004,0,1,5539.34,5527.83,5544.04,5257.98,5315.79,6185.43,5158.020416666666,517.5796889073264,5503.148511904762,11.510000000000218,27.9,82.5,28.25,1.0,0.0,0.0
2025-07-22 06:00:00,6,1,7,203,1.0,6.123233995736766e-17,0.7818314824680298,0.6234898018587336,-0.4999999999999997,-0.8660254037844388,0,0,4906.6,5004.11,5146.26,4755.38,4432.39,4317.69,5577.1575,502.017294646241,5485.067619047619,-97.50999999999931,23.8,98.0,27.79583333333333,0.0,0.0,1.0
2025-07-16 23:00:00,23,2,7,197,-0.25881904510252157,0.9659258262890681,0.9749279121818236,-0.22252093395631434,-0.4999999999999997,-0.8660254037844388,0,0,6251.21,6035.22,5850.46,6093.5,5628.9,5752.63,5630.137083333334,639.0732066691917,5384.963869047619,215.98999999999978,24.1,82.5,27.712499999999995,1.0,0.0,0.0
2025-10-24 20:00:00,20,4,10,297,-0.8660254037844386,0.5000000000000001,-0.433883739117558,-0.9009688679024191,-0.8660254037844386,0.5000000000000001,0,0,4245.45,4344.1,4227.59,3789.38,3684.92,4332.63,3628.6145833333335,556.9760012860216,3577.683333333333,-98.65000000000055,27.8,57.7,29.166666666666668,1.0,0.0,0.0
2025-07-11 00:00:00,0,4,7,192,0.0,1.0,-0.433883739117558,-0.9009688679024191,-0.4999999999999997,-0.8660254037844388,0,0,5862.22,5849.64,5655.24,5674.87,7034.68,7146.41,5361.2699999999995,462.21949346511997,6009.553988095237,12.579999999999927,23.4,84.4,29.033333333333335,1.0,0.0,0.0
2025-10-25 03:00:00,3,5,10,298,0.7071067811865475,0.7071067811865476,-0.9749279121818236,-0.2225209339563146,-0.8660254037844386,0.5000000000000001,1,0,2785.0,2934.86,3147.41,2681.66,2709.48,3005.7,3644.88875,556.2625986170203,3562.6983333333337,-149.86000000000013,26.7,46.1,29.0625,0.0,0.0,0.0
2025-10-05 03:00:00,3,6,10,278,0.7071067811865475,0.7071067811865476,-0.7818314824680299,0.6234898018587334,-0.8660254037844386,0.5000000000000001,1,0,4709.63,5006.25,5326.58,4529.87,4069.32,5532.68,5104.48625,496.41757360210835,5369.137738095238,-296.6199999999999,26.1,56.5,29.854166666666668,0.0,0.0,0.0
2025-09-01 23:00:00,23,0,9,244,-0.25881904510252157,0.9659258262890681,0.0,1.0,-1.0,-1.8369701987210297e-16,0,0,4414.03,4352.94,4519.19,5375.51,5969.44,5492.29,4797.2091666666665,440.80348597925945,5208.155952380952,61.090000000000146,24.4,70.4,28.587499999999995,1.0,0.0,0.0
2025-08-27 19:00:00,19,2,8,239,-0.9659258262890684,0.2588190451025203,0.9749279121818236,-0.22252093395631434,-0.8660254037844384,-0.5000000000000004,0,1,5527.83,5544.04,5579.25,5389.15,5397.35,6233.22,5151.7625,513.6619288162576,5507.27875,-16.210000000000036,30.6,78.8,28.333333333333332,1.0,0.0,0.0
2025-12-23 20:00:00,20,1,12,357,-0.8660254037844386,0.5000000000000001,0.7818314824680298,0.6234898018587336,-2.4492935982947064e-16,1.0,0,0,4160.17,4249.6,4205.8,3987.67,3726.65,3686.35,3685.1066666666666,995.0231896125376,3612.0643452380955,-89.43000000000029,16.2,75.4,22.141666666666666,0.0,0.0,1.0
2025-09-13 00:00:00,0,5,9,256,0.0,1.0,-0.9749279121818236,-0.2225209339563146,-1.0,-1.8369701987210297e-16,1,0,6230.69,6211.57,6048.98,5968.55,6042.64,4962.94,5602.919999999999,636.805980711225,5397.535595238095,19.11999999999989,27.2,73.3,29.979166666666668,1.0,0.0,0.0
2025-10-08 15:00:00,15,2,10,281,-0.7071067811865471,-0.7071067811865479,0.9749279121818236,-0.22252093395631434,-0.8660254037844386,0.5000000000000001,0,0,4263.18,4165.07,4388.26,4769.33,4730.33,5918.35,3850.668333333333,628.3520811696199,4652.867023809524,98.11000000000058,36.1,53.6,29.09583333333333,0.0,0.0,0.0
2025-09-22 20:00:00,20,0,9,265,-0.8660254037844386,0.5000000000000001,0.0,1.0,-1.0,-1.8369701987210297e-16,0,1,6032.93,6057.49,6295.67,5803.0,5938.17,6150.54,5825.816666666667,607.8705442177252,5884.86494047619,-24.55999999999949,29.8,74.6,28.412499999999998,1.0,0.0,0.0
2025-07-22 19:00:00,19,1,7,203,-0.9659258262890684,0.2588190451025203,0.7818314824680298,0.6234898018587336,-0.4999999999999997,-0.8660254037844388,0,0,5754.06,5815.27,5891.88,5314.6,5635.71,5602.05,5486.097916666667,325.8354882182842,5494.012321428572,-61.210000000000036,25.9,94.3,27.704166666666666,0.0,1.0,0.0
2025-09-08 19:00:00,19,0,9,251,-0.9659258262890684,0.2588190451025203,0.0,1.0,-1.0,-1.8369701987210297e-16,0,0,5734.74,5908.74,6052.11,5073.4,5439.26,4789.42,5158.964583333333,654.2991940866553,4838.952619047619,-174.0,31.5,77.3,28.95,1.0,0.0,0.0
2025-08-26 12:00:00,12,1,8,238,1.2246467991473532e-16,-1.0,0.7818314824680298,0.6234898018587336,-0.8660254037844384,-0.5000000000000004,0,0,5629.99,5464.03,5131.5,5651.4,5413.49,6192.11,5150.911666666667,509.5004054584642,5611.226607142858,165.96000000000004,29.2,95.7,28.3875,0.0,1.0,0.0
2025-09-30 03:00:00,3,1,9,273,0.7071067811865475,0.7071067811865476,0.7818314824680298,0.6234898018587336,-1.0,-1.8369701987210297e-16,0,0,6115.46,6491.4,6887.81,5657.92,5532.68,5216.92,6262.422083333334,690.4271162427682,5850.242023809524,-375.9399999999996,22.1,87.3,29.433333333333334,0.0,1.0,0.0
2025-08-09 21:00:00,21,5,8,221,-0.7071067811865477,0.7071067811865474,-0.9749279121818236,-0.2225209339563146,-0.8660254037844384,-0.5000000000000004,1,1,4590.19,4506.22,4333.57,6495.48,6650.47,5754.51,4960.574583333333,854.9699457722226,5609.239166666667,83.96999999999935,29.8,63.2,29.09583333333333,0.0,0.0,0.0
2026-01-04 23:00:00,23,6,1,4,-0.25881904510252157,0.9659258262890681,-0.7818314824680299,0.6234898018587334,0.49999999999999994,0.8660254037844387,1,0,3586.63,3809.53,4024.58,3096.45,3179.73,2792.0,3643.6770833333335,1041.368905600717,3802.8089880952384,-222.9000000000001,17.8,43.5,21.020833333333332,0.0,0.0,0.0
2025-11-04 15:00:00,15,1,11,308,-0.7071067811865471,-0.7071067811865479,0.7818314824680298,0.6234898018587336,-0.5000000000000004,0.8660254037844384,0,0,3865.16,3781.17,3981.17,3784.03,3512.82,3842.25,3446.7816666666663,587.736775426263,3500.202083333333,83.98999999999978,28.1,69.8,25.245833333333334,0.0,1.0,0.0
2025-08-02 06:00:00,6,5,8,214,1.0,6.123233995736766e-17,-0.9749279121818236,-0.2225209339563146,-0.8660254037844384,-0.5000000000000004,1,0,4417.93,4555.45,4781.64,4440.81,4555.05,4919.68,5465.305,591.557226339766,5850.288630952381,-137.51999999999953,28.2,67.6,28.375,0.0,0.0,0.0
2025-10-09 17:00:00,17,3,10,282,-0.9659258262890683,-0.25881904510252063,0.43388373911755823,-0.900968867902419,-0.8660254037844386,0.5000000000000001,0,0,4436.4,4421.15,4357.79,4480.69,4459.74,4337.33,3798.4600000000005,641.7785420831003,4480.902976190476,15.25,30.3,54.2,29.145833333333332,1.0,0.0,0.0
2025-09-26 03:00:00,3,4,9,269,0.7071067811865475,0.7071067811865476,-0.433883739117558,-0.9009688679024191,-1.0,-1.8369701987210297e-16,0,0,5495.49,5878.79,6237.42,5155.29,5112.98,5225.64,5723.5075,615.8747123030511,5765.535238095238,-383.3000000000002,24.2,69.8,29.412499999999998,1.0,0.0,0.0
2025-07-11 05:00:00,5,4,7,192,0.9659258262890683,0.25881904510252074,-0.433883739117558,-0.9009688679024191,-0.4999999999999997,-0.8660254037844388,0,0,4551.56,4773.75,5013.48,4535.87,5030.05,5404.98,5339.215416666667,480.2761759743414,5971.828869047619,-222.1899999999996,24.4,98.0,28.720833333333335,0.0,0.0,1.0
2025-10-11 11:00:00,11,5,10,284,0.258819045102521,-0.9659258262890682,-0.9749279121818236,-0.2225209339563146,-0.8660254037844386,0.5000000000000001,1,0,4084.19,3895.28,3452.43,4497.45,4389.1,5420.95,3712.8487499999997,638.0634288036578,4174.096369047618,188.90999999999985,29.0,79.3,28.8125,0.0,0.0,1.0
2026-01-02 19:00:00,19,4,1,2,-0.9659258262890684,0.2588190451025203,-0.433883739117558,-0.9009688679024191,0.49999999999999994,0.8660254037844387,0,0,4527.5,4502.09,4207.85,4069.78,4524.36,4150.55,3849.1,1192.037062875816,3721.1208928571423,25.409999999999854,22.5,44.4,20.558333333333334,0.0,0.0,0.0
2025-12-17 08:00:00,8,2,12,351,0.8660254037844387,-0.4999999999999998,0.9749279121818236,-0.22252093395631434,-2.4492935982947064e-16,1.0,0,0,4187.51,3538.58,2668.19,4321.47,4250.63,4285.33,3443.312083333333,900.0069336108999,3385.1008928571428,648.9300000000003,24.7,47.0,21.479166666666668,0.0,0.0,0.0
2025-08-29 03:00:00,3,4,8,241,0.7071067811865475,0.7071067811865476,-0.433883739117558,-0.9009688679024191,-0.8660254037844384,-0.5000000000000004,0,0,5145.9,5492.86,5917.26,4515.7,4372.32,5351.17,5606.48375,728.9287771960135,5397.865178571428,-346.96000000000004,22.6,95.3,28.075000000000003,0.0,0.0,1.0
2025-11-09 21:00:00,21,6,11,313,-0.7071067811865477,0.7071067811865474,-0.7818314824680299,0.6234898018587334,-0.5000000000000004,0.8660254037844384,1,0,3169.72,3349.02,3462.94,2975.51,3126.68,3305.7,2954.5454166666664,611.7776634777671,3297.8585714285714,-179.30000000000018,19.8,58.1,25.30416666666667,1.0,0.0,0.0
2025-09-12 17:00:00,17,4,9,255,-0.9659258262890683,-0.25881904510252063,-0.433883739117558,-0.9009688679024191,-1.0,-1.8369701987210297e-16,0,0,6275.3,6361.24,6264.42,6129.31,6236.29,5101.95,5607.985416666666,640.3016978702234,5360.532857142857,-85.9399999999996,29.0,82.3,30.09166666666667,0.0,1.0,0.0
2025-12-22 00:00:00,0,0,12,356,0.0,1.0,0.0,1.0,-2.4492935982947064e-16,1.0,0,0,2914.5,3264.29,3484.48,2452.63,2508.62,2449.69,3505.25,1018.7041889918838,3550.350952380953,-349.78999999999996,17.0,50.0,21.125,0.0,0.0,0.0
2025-11-25 11:00:00,11,1,11,329,0.258819045102521,-0.9659258262890682,0.7818314824680298,0.6234898018587336,-0.5000000000000004,0.8660254037844384,0,0,4310.59,4193.99,3893.08,4072.58,4080.13,4022.8,3207.1145833333335,793.2456657467242,3217.52244047619,116.60000000000036,27.9,53.2,25.17916666666667,1.0,0.0,0.0
2025-07-10 05:00:00,5,3,7,191,0.9659258262890683,0.25881904510252074,0.43388373911755823,-0.900968867902419,-0.4999999999999997,-0.8660254037844388,0,0,4671.84,4890.22,5214.03,5030.05,4928.22,5169.83,5759.6137499999995,747.97204744222,6127.8439285714285,-218.3800000000001,28.1,82.4,27.754166666666663,1.0,0.0,0.0
2025-08-12 10:00:00,10,1,8,224,0.49999999999999994,-0.8660254037844387,0.7818314824680298,0.6234898018587336,-0.8660254037844384,-0.5000000000000004,0,0,5192.51,4688.64,4555.32,5709.7,4702.92,5697.89,5626.675833333334,658.0511959462154,5515.988214285714,503.8699999999999,30.1,98.0,28.2625,0.0,1.0,0.0
2026-01-06 05:00:00,5,1,1,6,0.9659258262890683,0.25881904510252074,0.7818314824680298,0.6234898018587336,0.49999999999999994,0.8660254037844387,0,1,2095.48,1912.82,2333.94,2577.95,2311.97,2723.91,3975.6687499999994,1090.9995511309653,3841.5061904761906,182.66000000000008,17.4,41.8,21.47083333333333,0.0,0.0,0.0
2026-01-03 10:00:00,10,5,1,3,0.49999999999999994,-0.8660254037844387,-0.9749279121818236,-0.2225209339563146,0.49999999999999994,0.8660254037844387,1,0,5019.01,4560.02,4156.25,5508.58,5572.05,4590.65,3896.8125,1135.2507903973737,3737.7930357142864,458.9899999999998,23.3,42.5,21.475000000000005,0.0,0.0,0.0
2025-10-01 11:00:00,11,2,10,274,0.258819045102521,-0.9659258262890682,0.9749279121818236,-0.22252093395631434,-0.8660254037844386,0.5000000000000001,0,0,5408.15,5056.75,4467.65,6312.15,6427.18,5774.12,5106.901666666667,550.8705466462595,5797.6910119047625,351.39999999999964,36.1,53.9,28.466666666666665,1.0,0.0,0.0
2025-10-04 09:00:00,9,5,10,277,0.7071067811865476,-0.7071067811865475,-0.9749279121818236,-0.2225209339563146,-0.8660254037844386,0.5000000000000001,1,0,4428.1,4297.03,4276.0,5094.31,4062.75,5352.86,5217.112916666666,566.5475272014738,5457.900178571428,131.07000000000062,31.7,66.5,30.020833333333332,1.0,0.0,0.0
2025-11-10 05:00:00,5,0,11,314,0.9659258262890683,0.25881904510252074,0.0,1.0,-0.5000000000000004,0.8660254037844384,0,0,1999.76,1864.37,1912.26,2217.21,2435.81,2873.1,2941.11875,625.3308580772657,3275.3101785714293,135.3900000000001,24.4,59.5,25.145833333333332,1.0,0.0,0.0
2025-09-30 06:00:00,6,1,9,273,1.0,6.123233995736766e-17,0.7818314824680298,0.6234898018587336,-1.0,-1.8369701987210297e-16,0,0,5300.11,5494.81,5762.71,5042.26,4881.81,4734.28,6279.391666666666,668.1885830763877,5859.703333333334,-194.70000000000073,27.5,75.8,29.2,1.0,0.0,0.0
2025-10-30 02:00:00,2,3,10,303,0.49999999999999994,0.8660254037844387,0.43388373911755823,-0.900968867902419,-0.8660254037844386,0.5000000000000001,0,0,2687.37,2870.26,3121.34,2473.29,2492.3,2827.16,3538.445833333333,606.8493087495146,3485.5392261904767,-182.89000000000033,23.0,52.8,29.308333333333337,1.0,0.0,0.0
2025-12-10 02:00:00,2,2,12,344,0.49999999999999994,0.8660254037844387,0.9749279121818236,-0.22252093395631434,-2.4492935982947064e-16,1.0,0,0,2210.76,2505.01,2817.84,2007.14,1739.04,2091.77,3424.89625,802.2137654874477,3343.853928571429,-294.25,18.1,43.0,21.920833333333334,0.0,0.0,0.0
2025-07-14 22:00:00,22,0,7,195,-0.5000000000000004,0.8660254037844384,0.0,1.0,-0.4999999999999997,-0.8660254037844388,0,0,5414.4,5255.37,5314.6,5631.81,5818.48,6590.08,5324.576249999999,561.5188269158915,5576.182321428571,159.02999999999975,26.4,64.6,28.283333333333335,0.0,0.0,0.0
2025-12-25 23:00:00,23,3,12,359,-0.25881904510252157,0.9659258262890681,0.43388373911755823,-0.900968867902419,-2.4492935982947064e-16,1.0,0,1,3320.51,3504.52,3811.5,2989.55,2941.28,2812.38,3527.1979166666665,930.9727206715812,3632.5126785714288,-184.00999999999976,16.7,55.9,21.529166666666665,1.0,0.0,0.0
2025-07-15 05:00:00,5,1,7,196,0.9659258262890683,0.25881904510252074,0.7818314824680298,0.6234898018587336,-0.4999999999999997,-0.8660254037844388,0,0,4310.86,4542.05,4752.26,4338.76,4467.1,4928.22,5275.182083333333,589.5157286390961,5538.421130952381,-231.1900000000005,22.4,97.4,28.308333333333334,0.0,0.0,1.0
2025-11-06 06:00:00,6,3,11,310,1.0,6.123233995736766e-17,0.43388373911755823,-0.900968867902419,-0.5000000000000004,0.8660254037844384,0,0,2833.61,2404.25,2337.22,3064.11,3491.07,3568.53,3443.5625,633.3666185603543,3488.833690476191,429.3600000000001,24.5,57.0,26.099999999999998,1.0,0.0,0.0
2025-10-18 11:00:00,11,5,10,291,0.258819045102521,-0.9659258262890682,-0.9749279121818236,-0.2225209339563146,-0.8660254037844386,0.5000000000000001,1,0,4411.58,4115.65,3715.36,4622.56,4458.09,4164.01,3995.299166666666,607.5388548456356,3830.2916071428576,295.9300000000003,35.7,46.6,29.916666666666668,0.0,0.0,0.0
2025-06-26 23:00:00,23,3,6,177,-0.25881904510252157,0.9659258262890681,0.43388373911755823,-0.900968867902419,1.2246467991473532e-16,-1.0,0,0,7404.2,7038.19,6626.06,7004.62,7106.34,6909.17,6442.147916666668,789.9202279315753,6175.500535714286,366.0100000000002,25.8,85.1,30.90833333333333,0.0,1.0,0.0
2025-10-06 00:00:00,0,0,10,279,0.0,1.0,0.0,1.0,-0.8660254037844386,0.5000000000000001,0,0,5683.25,5634.28,5485.46,5326.58,5425.47,6697.47,4862.365833333333,493.5713280105391,5247.374107142857,48.970000000000255,23.5,63.7,30.087500000000002,1.0,0.0,0.0
2025-08-05 10:00:00,10,1,8,217,0.49999999999999994,-0.8660254037844387,0.7818314824680298,0.6234898018587336,-0.8660254037844384,-0.5000000000000004,0,0,5378.65,4840.04,4691.14,5667.31,4965.34,5826.14,5638.708750000001,584.7732009287623,5508.63386904762,538.6099999999997,31.5,88.5,28.554166666666664,0.0,1.0,0.0
2025-11-09 20:00:00,20,6,11,313,-0.8660254037844386,0.5000000000000001,-0.7818314824680299,0.6234898018587334,-0.5000000000000004,0.8660254037844384,1,0,3349.02,3462.94,3432.46,3295.39,3496.97,3536.59,2959.7816666666663,614.2323171999468,3300.0423214285715,-113.92000000000007,25.2,47.9,25.53333333333333,0.0,0.0,0.0
2025-10-28 06:00:00,6,1,10,301,1.0,6.123233995736766e-17,0.7818314824680298,0.6234898018587336,-0.8660254037844386,0.5000000000000001,0,0,2929.9,2603.32,2487.42,3147.0,2917.88,3118.79,3445.181666666667,584.0801427936512,3464.517321428571,326.5799999999999,26.9,53.4,29.079166666666666,1.0,0.0,0.0
2025-07-11 09:00:00,9,4,7,192,0.7071067811865476,-0.7071067811865475,-0.433883739117558,-0.9009688679024191,-0.4999999999999997,-0.8660254037844388,0,0,4770.12,4568.18,4525.78,5238.73,5619.28,6136.34,5338.2225,484.07448681458584,5954.83505952381,201.9399999999996,28.8,93.6,28.441666666666666,0.0,1.0,0.0
2025-12-29 03:00:00,3,0,12,363,0.7071067811865475,0.7071067811865476,0.0,1.0,-2.4492935982947064e-16,1.0,0,0,1910.75,2063.94,2380.47,1836.43,1895.48,2144.65,3400.0833333333335,945.4722629075818,3585.4599404761907,-153.19000000000005,17.1,41.7,21.275,0.0,0.0,0.0
2025-11-07 03:00:00,3,4,11,311,0.7071067811865475,0.7071067811865476,-0.433883739117558,-0.9009688679024191,-0.5000000000000004,0.8660254037844384,0,0,2211.75,2330.66,2515.12,2337.22,2425.78,2527.52,3316.5437500000003,604.3695234368594,3451.96869047619,-118.90999999999985,21.5,40.2,25.458333333333332,0.0,0.0,0.0
2025-12-07 03:00:00,3,6,12,341,0.7071067811865475,0.7071067811865476,-0.7818314824680299,0.6234898018587334,-2.4492935982947064e-16,1.0,1,0,1851.41,1993.76,2294.48,1812.87,1764.94,1764.02,3252.8033333333333,814.894921103719,3302.12363095238,-142.3499999999999,18.5,52.0,21.941666666666666,0.0,0.0,0.0
2025-08-12 00:00:00,0,1,8,224,0.0,1.0,0.7818314824680298,0.6234898018587336,-0.8660254037844384,-0.5000000000000004,0,0,6424.58,6418.43,6210.28,5880.83,4816.53,6031.39,5592.085,671.6847006044577,5520.352738095238,6.149999999999636,24.3,83.9,28.17083333333333,1.0,0.0,0.0
2025-10-26 12:00:00,12,6,10,299,1.2246467991473532e-16,-1.0,-0.7818314824680299,0.6234898018587334,-0.8660254037844386,0.5000000000000001,1,0,3810.33,3754.48,3516.61,4044.66,4214.12,4107.09,3428.342916666667,525.8528889543285,3488.6581547619044,55.84999999999991,34.5,64.4,29.0125,1.0,0.0,0.0
2025-08-28 14:00:00,14,3,8,240,-0.4999999999999997,-0.8660254037844388,0.43388373911755823,-0.900968867902419,-0.8660254037844384,-0.5000000000000004,0,0,5968.25,5993.51,5896.71,5657.64,5811.33,6837.29,5284.85625,541.9037257172307,5434.051666666667,-25.26000000000022,36.3,68.8,27.400000000000002,0.0,0.0,0.0
2025-11-30 12:00:00,12,6,11,334,1.2246467991473532e-16,-1.0,-0.7818314824680299,0.6234898018587334,-0.5000000000000004,0.8660254037844384,1,0,4209.72,4197.75,4097.22,3977.9,4305.88,4036.14,3105.3291666666664,795.604256480426,3230.8639285714285,11.970000000000255,31.6,41.8,25.34166666666667,0.0,0.0,0.0
2026-01-07 02:00:00,2,2,1,7,0.49999999999999994,0.8660254037844387,0.9749279121818236,-0.22252093395631434,0.49999999999999994,0.8660254037844387,0,0,2303.76,2746.08,3415.59,2333.94,1966.0,2032.14,4132.916666666667,1212.211324913814,3889.1525,-442.3199999999997,16.5,60.2,21.150000000000002,1.0,0.0,0.0
2025-10-14 15:00:00,15,1,10,287,-0.7071067811865471,-0.7071067811865479,0.7818314824680298,0.6234898018587336,-0.8660254037844386,0.5000000000000001,0,0,4407.34,4366.65,4436.14,4398.25,3857.53,4769.33,3890.1087499999994,598.7987789938311,3748.9435714285714,40.69000000000051,34.8,57.4,28.891666666666666,1.0,0.0,0.0
2025-07-16 19:00:00,19,2,7,197,-0.9659258262890684,0.2588190451025203,0.9749279121818236,-0.22252093395631434,-0.4999999999999997,-0.8660254037844388,0,0,5911.38,6167.73,6327.23,5602.05,5314.6,5873.68,5598.109166666666,625.1428404975767,5373.570773809524,-256.34999999999945,28.4,76.5,28.058333333333334,1.0,0.0,0.0
2025-08-01 23:00:00,23,4,8,213,-0.25881904510252157,0.9659258262890681,-0.433883739117558,-0.9009688679024191,-0.8660254037844384,-0.5000000000000004,0,0,5925.06,5738.51,5661.32,5708.8,6092.05,7316.9,5418.82875,617.4936564808071,5893.777023809524,186.55000000000018,27.0,69.6,28.316666666666666,0.0,0.0,0.0
2025-10-11 19:00:00,19,5,10,284,-0.9659258262890684,0.2588190451025203,-0.9749279121818236,-0.2225209339563146,-0.8660254037844386,0.5000000000000001,1,0,4284.76,4155.38,4048.96,4337.76,4491.83,5538.41,3624.7291666666665,547.1605504143748,4108.589702380953,129.3800000000001,31.4,51.2,29.512500000000003,0.0,0.0,0.0
2025-12-21 10:00:00,10,6,12,355,0.49999999999999994,-0.8660254037844387,-0.7818314824680299,0.6234898018587334,-2.4492935982947064e-16,1.0,1,0,4792.86,4145.36,3601.5,4959.42,5233.3,4402.62,3542.2554166666664,1021.2099410438682,3522.1005952380956,647.5,26.3,42.2,21.84583333333333,0.0,0.0,0.0
2025-09-29 12:00:00,12,0,9,272,1.2246467991473532e-16,-1.0,0.0,1.0,-1.0,-1.8369701987210297e-16,0,0,6427.18,6234.45,5835.17,5946.02,6014.89,6147.76,6015.614999999999,551.8605486975033,5810.25625,192.73000000000047,33.5,86.2,29.71666666666667,0.0,1.0,0.0
2025-12-10 01:00:00,1,2,12,344,0.25881904510252074,0.9659258262890683,0.9749279121818236,-0.22252093395631434,-2.4492935982947064e-16,1.0,0,0,2505.01,2817.84,3195.25,2155.32,1878.49,2189.61,3422.5862500000003,805.9331141187847,3343.728035714286,-312.8299999999999,17.3,50.4,21.683333333333334,1.0,0.0,0.0
2025-07-17 11:00:00,11,3,7,198,0.258819045102521,-0.9659258262890682,0.43388373911755823,-0.900968867902419,-0.4999999999999997,-0.8660254037844388,0,0,5601.97,5268.9,4704.67,6066.63,5618.55,5532.57,5630.237083333333,644.9901948259165,5392.659821428571,333.0700000000006,33.3,77.1,27.995833333333334,1.0,0.0,0.0
2025-10-08 02:00:00,2,2,10,281,0.49999999999999994,0.8660254037844387,0.9749279121818236,-0.22252093395631434,-0.8660254037844386,0.5000000000000001,0,0,3055.57,3253.23,3443.97,3297.8,4428.57,4628.86,3979.4491666666668,654.4609856437244,4745.979285714286,-197.65999999999985,24.0,65.2,29.483333333333334,1.0,0.0,0.0
2025-10-31 20:00:00,20,4,10,304,-0.8660254037844386,0.5000000000000001,-0.433883739117558,-0.9009688679024191,-0.8660254037844386,0.5000000000000001,0,0,4292.36,4441.18,4414.37,3894.36,3849.97,3957.23,3706.12375,690.4012683487413,3514.6176785714288,-148.82000000000062,27.6,49.8,29.545833333333334,0.0,0.0,0.0
2025-09-04 10:00:00,10,3,9,247,0.49999999999999994,-0.8660254037844387,0.43388373911755823,-0.900968867902419,-1.0,-1.8369701987210297e-16,0,0,5061.72,4393.83,4130.6,5309.99,5235.5,5802.36,4639.747083333333,612.3324606317343,5005.391904761905,667.8900000000003,35.0,58.9,30.370833333333334,0.0,0.0,0.0
2025-09-03 03:00:00,3,2,9,246,0.7071067811865475,0.7071067811865476,0.9749279121818236,-0.22252093395631434,-1.0,-1.8369701987210297e-16,0,0,3884.42,4081.55,4342.06,3705.63,4319.25,4372.32,4620.733333333333,589.4820755888993,5108.912202380952,-197.1300000000001,27.1,61.0,29.208333333333332,0.0,0.0,0.0
2025-12-25 09:00:00,9,3,12,359,0.7071067811865476,-0.7071067811865475,0.43388373911755823,-0.900968867902419,-2.4492935982947064e-16,1.0,0,1,4219.42,3855.65,3141.99,4985.06,5013.88,4736.2,3605.26375,984.8221203711486,3633.843869047619,363.77,25.5,57.7,21.570833333333336,1.0,0.0,0.0
2025-08-14 13:00:00,13,3,8,226,-0.2588190451025208,-0.9659258262890683,0.43388373911755823,-0.900968867902419,-0.8660254037844384,-0.5000000000000004,0,0,5531.87,5552.62,5387.62,6131.01,5810.99,6384.83,5840.547500000001,729.3806350074844,5522.239107142857,-20.75,32.9,74.0,28.587500000000002,1.0,0.0,0.0
2025-07-14 10:00:00,10,0,7,195,0.49999999999999994,-0.8660254037844387,0.0,1.0,-0.4999999999999997,-0.8660254037844388,0,0,5176.53,4631.48,4459.37,4939.94,5510.39,5703.51,5130.805,423.14358302141324,5602.808511904763,545.0500000000002,32.4,87.5,27.791666666666668,1.0,0.0,0.0
2026-01-03 18:00:00,18,5,1,3,-1.0,-1.8369701987210297e-16,-0.9749279121818236,-0.2225209339563146,0.49999999999999994,0.8660254037844387,1,0,4244.54,3889.09,4148.12,4527.5,4169.77,4012.99,3784.9929166666666,1032.339448759503,3759.9375,355.4499999999998,23.6,38.5,21.066666666666666,0.0,0.0,0.0
2025-10-25 23:00:00,23,5,10,298,-0.25881904510252157,0.9659258262890681,-0.9749279121818236,-0.2225209339563146,-0.8660254037844386,0.5000000000000001,1,0,3344.59,3505.57,3778.55,3321.01,3292.56,3681.79,3525.761666666667,476.5342531661635,3516.5291071428574,-160.98000000000002,25.5,49.2,29.016666666666666,0.0,0.0,0.0
2025-10-14 00:00:00,0,1,10,287,0.0,1.0,0.7818314824680298,0.6234898018587336,-0.8660254037844386,0.5000000000000001,0,0,3574.34,3771.74,3892.8,3189.37,3173.17,3671.76,3851.5087499999995,642.0877599865174,3767.1963095238093,-197.39999999999964,25.6,53.6,30.137500000000003,0.0,0.0,0.0
2025-09-29 03:00:00,3,0,9,272,0.7071067811865475,0.7071067811865476,0.0,1.0,-1.0,-1.8369701987210297e-16,0,0,6010.36,6390.63,6697.47,5532.68,5318.37,5239.43,5883.71125,641.7823706123601,5792.4924404761905,-380.27000000000044,20.7,88.5,29.32083333333333,0.0,0.0,1.0
2025-09-11 23:00:00,23,3,9,254,-0.25881904510252157,0.9659258262890681,0.43388373911755823,-0.900968867902419,-1.0,-1.8369701987210297e-16,0,0,6215.76,6061.89,5928.01,6291.48,6369.45,5122.22,5611.51875,634.3077285980826,5285.778273809524,153.8699999999999,22.1,87.5,29.658333333333335,0.0,0.0,1.0
2025-08-16 10:00:00,10,5,8,228,0.49999999999999994,-0.8660254037844387,-0.9749279121818236,-0.2225209339563146,-0.8660254037844384,-0.5000000000000004,1,1,4673.88,4187.0,4054.63,4196.13,5387.62,4300.25,4427.6883333333335,369.2840822299956,5175.771904761905,486.8800000000001,34.8,70.9,28.083333333333332,0.0,0.0,0.0
2025-09-07 05:00:00,5,6,9,250,0.9659258262890683,0.25881904510252074,-0.7818314824680299,0.6234898018587334,-1.0,-1.8369701987210297e-16,1,0,4232.04,4413.2,4684.42,4069.12,3930.39,4480.49,5055.94375,521.7531763934455,4799.635238095238,-181.15999999999985,29.1,75.0,28.75833333333333,1.0,0.0,0.0
2025-12-22 04:00:00,4,0,12,356,0.8660254037844386,0.5000000000000001,0.0,1.0,-2.4492935982947064e-16,1.0,0,0,2144.65,2199.59,2326.88,1921.03,2074.39,2033.34,3544.512083333333,961.751515521842,3554.5688095238097,-54.940000000000055,17.8,39.6,21.15416666666667,0.0,0.0,0.0
2025-07-02 21:00:00,21,2,7,183,-0.7071067811865477,0.7071067811865474,0.9749279121818236,-0.22252093395631434,-0.4999999999999997,-0.8660254037844388,0,0,6427.14,6224.82,6354.17,6138.93,5617.44,6702.47,5978.259166666667,735.0098475407638,5960.360952380953,202.32000000000062,23.8,98.0,28.24166666666667,0.0,1.0,0.0
2025-12-27 18:00:00,18,5,12,361,-1.0,-1.8369701987210297e-16,-0.9749279121818236,-0.2225209339563146,-2.4492935982947064e-16,1.0,1,0,3932.86,3659.66,3684.58,4230.55,4111.77,4198.59,3500.90375,864.5602404581322,3609.205773809524,273.2000000000003,25.2,44.3,21.920833333333334,0.0,0.0,0.0
2025-10-10 07:00:00,7,4,10,283,0.9659258262890683,-0.25881904510252063,-0.433883739117558,-0.9009688679024191,-0.8660254037844386,0.5000000000000001,0,0,3233.49,2862.02,2817.43,3547.93,3627.31,4062.79,3785.611666666666,651.067179187019,4406.876726190476,371.4699999999998,29.2,59.0,28.75,0.0,0.0,0.0
2025-12-06 22:00:00,22,5,12,340,-0.5000000000000004,0.8660254037844384,-0.9749279121818236,-0.2225209339563146,-2.4492935982947064e-16,1.0,1,0,3264.24,3582.78,3792.96,3084.81,3177.11,2786.24,3265.7291666666665,801.9908453880806,3299.697380952381,-318.5400000000004,14.9,56.8,21.7625,1.0,0.0,0.0
2025-07-23 20:00:00,20,2,7,204,-0.8660254037844386,0.5000000000000001,0.9749279121818236,-0.22252093395631434,-0.4999999999999997,-0.8660254037844388,0,0,5749.9,5684.53,5793.67,5731.79,5255.37,5850.46,5402.1,521.0012963682653,5465.558690476191,65.36999999999989,24.3,91.1,27.15416666666667,0.0,1.0,0.0
2025-08-17 21:00:00,21,6,8,229,-0.7071067811865477,0.7071067811865474,-0.7818314824680299,0.6234898018587334,-0.8660254037844384,-0.5000000000000004,1,0,5314.78,5192.49,5043.5,5409.72,4988.32,5857.09,5099.683333333333,477.7010078505998,5288.541130952381,122.28999999999996,22.6,96.0,28.141666666666666,0.0,1.0,0.0
2025-08-10 13:00:00,13,6,8,222,-0.2588190451025208,-0.9659258262890683,-0.7818314824680299,0.6234898018587334,-0.8660254037844384,-0.5000000000000004,1,0,5100.54,4967.48,4702.92,4443.52,6443.5,5476.87,4433.015416666666,364.388566720163,5555.905595238095,133.0600000000004,31.4,88.8,28.791666666666668,0.0,1.0,0.0
2025-12-20 12:00:00,12,5,12,354,1.2246467991473532e-16,-1.0,-0.9749279121818236,-0.2225209339563146,-2.4492935982947064e-16,1.0,1,0,5074.71,4959.42,4853.6,5018.75,4544.88,4123.4,3660.3512499999997,1027.1566205383692,3480.141904761905,115.28999999999996,25.9,41.0,21.554166666666664,0.0,0.0,0.0
2026-01-09 02:00:00,2,4,1,9,0.49999999999999994,0.8660254037844387,-0.433883739117558,-0.9009688679024191,0.49999999999999994,0.8660254037844387,0,0,2428.48,2890.28,3033.66,2132.8,2096.74,1966.67,3888.6541666666667,1109.6987666300156,3903.622619047619,-461.8000000000002,15.5,48.6,20.766666666666666,0.0,0.0,0.0
2025-12-10 16:00:00,16,2,12,344,-0.8660254037844384,-0.5000000000000004,0.9749279121818236,-0.22252093395631434,-2.4492935982947064e-16,1.0,0,0,3698.8,3732.24,3902.5,3630.83,3606.14,3602.91,3468.4329166666666,799.6108814726275,3353.1712500000003,-33.4399999999996,25.9,38.9,22.216666666666665,0.0,0.0,0.0
2025-08-14 19:00:00,19,3,8,226,-0.9659258262890684,0.2588190451025203,0.43388373911755823,-0.900968867902419,-0.8660254037844384,-0.5000000000000004,0,0,5555.69,5618.16,5640.21,6229.43,5887.36,6270.01,5638.203333333334,639.1608621137439,5483.902976190477,-62.470000000000255,28.7,78.9,28.45416666666667,1.0,0.0,0.0
2025-07-10 03:00:00,3,3,7,191,0.7071067811865475,0.7071067811865476,0.43388373911755823,-0.900968867902419,-0.4999999999999997,-0.8660254037844388,0,0,5214.03,5399.42,5674.87,5516.56,5335.47,5661.66,5808.5704166666665,698.4695309123202,6136.462559523809,-185.39000000000033,25.7,71.6,27.6375,0.0,0.0,0.0
2025-09-06 18:00:00,18,5,9,249,-1.0,-1.8369701987210297e-16,-0.9749279121818236,-0.2225209339563146,-1.0,-1.8369701987210297e-16,1,0,5511.55,5578.87,5591.19,5297.23,5385.19,5684.29,4952.24125,529.8407311744091,4827.510892857143,-67.31999999999971,29.2,80.4,29.40416666666667,0.0,1.0,0.0
2025-09-14 10:00:00,10,6,9,257,0.49999999999999994,-0.8660254037844387,-0.7818314824680299,0.6234898018587334,-1.0,-1.8369701987210297e-16,1,0,4900.87,4564.0,4577.79,5372.55,5563.11,4943.87,5568.377916666667,571.2719484964838,5511.802142857143,336.8699999999999,31.5,84.1,30.020833333333332,0.0,1.0,0.0
2025-10-07 13:00:00,13,1,10,280,-0.2588190451025208,-0.9659258262890683,0.7818314824680298,0.6234898018587336,-0.8660254037844386,0.5000000000000001,0,0,4813.69,4760.56,4659.83,4727.67,4756.41,5301.61,4089.7179166666665,630.9402007286536,4842.266785714285,53.1299999999992,34.7,49.9,30.02916666666667,0.0,0.0,0.0
2025-12-13 23:00:00,23,5,12,347,-0.25881904510252157,0.9659258262890681,-0.9749279121818236,-0.2225209339563146,-2.4492935982947064e-16,1.0,1,0,2911.08,3163.91,3434.07,2714.9,2737.73,2606.09,3224.5766666666664,796.277797257875,3355.727023809524,-252.82999999999993,18.0,56.8,21.579166666666666,1.0,0.0,0.0
2025-12-14 06:00:00,6,6,12,348,1.0,6.123233995736766e-17,-0.7818314824680299,0.6234898018587334,-2.4492935982947064e-16,1.0,1,0,2265.56,1846.29,1798.49,3008.63,3829.4,2790.99,3209.8608333333336,814.7186357260599,3357.5135714285716,419.27,17.0,65.0,21.8625,0.0,1.0,0.0
2025-11-04 23:00:00,23,1,11,308,-0.25881904510252157,0.9659258262890681,0.7818314824680298,0.6234898018587336,-0.5000000000000004,0.8660254037844384,0,0,3214.43,3382.53,3752.29,2963.44,2931.34,2992.28,3472.62625,608.0246133591951,3503.9179166666663,-168.10000000000036,20.2,57.2,25.425,1.0,0.0,0.0
2025-12-03 15:00:00,15,2,12,337,-0.7071067811865471,-0.7071067811865479,0.9749279121818236,-0.22252093395631434,-2.4492935982947064e-16,1.0,0,0,3690.55,3755.5,4057.44,3632.72,3508.03,3550.23,3353.0358333333334,721.6842527751849,3255.779702380952,-64.94999999999982,25.4,44.6,21.7375,1.0,0.0,0.0
2025-09-07 20:00:00,20,6,9,250,-0.8660254037844386,0.5000000000000001,-0.7818314824680299,0.6234898018587334,-1.0,-1.8369701987210297e-16,1,0,5073.4,4986.98,4967.78,5341.47,5138.65,5007.8,4890.669583333333,461.4414626446831,4802.440059523809,86.42000000000007,28.8,79.0,29.245833333333334,1.0,0.0,0.0
2025-12-09 07:00:00,7,1,12,343,0.9659258262890683,-0.25881904510252063,0.7818314824680298,0.6234898018587336,-2.4492935982947064e-16,1.0,0,0,3769.61,2763.42,2112.46,3951.26,3443.1,3849.55,3378.4424999999997,800.0248098721196,3331.086547619047,1006.19,22.1,48.0,21.825,0.0,0.0,0.0
2025-10-09 08:00:00,8,3,10,282,0.8660254037844387,-0.4999999999999998,0.43388373911755823,-0.900968867902419,-0.8660254037844386,0.5000000000000001,0,0,3547.93,3518.92,2970.05,3763.06,3786.99,4110.31,3797.3416666666667,635.3636413053572,4489.019880952381,29.009999999999764,31.8,47.4,29.462499999999995,0.0,0.0,0.0
2025-07-28 12:00:00,12,0,7,209,1.2246467991473532e-16,-1.0,0.0,1.0,-0.4999999999999997,-0.8660254037844388,0,0,6552.8,6363.22,6007.66,5987.88,6311.78,6056.33,6233.7825,600.7322212263701,5913.033214285715,189.57999999999993,36.6,68.0,28.4875,0.0,0.0,0.0
2025-07-17 23:00:00,23,3,7,198,-0.25881904510252157,0.9659258262890681,0.43388373911755823,-0.900968867902419,-0.4999999999999997,-0.8660254037844388,0,0,5630.12,5851.88,5969.03,6228.26,6093.5,5862.22,5560.10875,597.3504819604541,5414.021726190475,-221.76000000000022,21.0,84.2,28.345833333333335,1.0,0.0,0.0
2025-11-19 08:00:00,8,2,11,323,0.8660254037844387,-0.4999999999999998,0.9749279121818236,-0.22252093395631434,-0.5000000000000004,0.8660254037844384,0,0,3803.03,3514.38,2678.79,3837.43,3742.27,3752.96,3247.7495833333337,757.8732641984623,3170.3334523809526,288.6500000000001,32.7,34.6,25.650000000000002,0.0,0.0,0.0
2025-06-27 17:00:00,17,4,6,178,-0.9659258262890683,-0.25881904510252063,-0.433883739117558,-0.9009688679024191,1.2246467991473532e-16,-1.0,0,0,7540.02,7589.44,7529.68,7124.98,6747.49,6404.48,6624.029166666667,751.6599274701889,6244.799821428571,-49.41999999999916,34.9,56.0,30.929166666666664,0.0,0.0,0.0
2025-11-17 03:00:00,3,0,11,321,0.7071067811865475,0.7071067811865476,0.0,1.0,-0.5000000000000004,0.8660254037844384,0,0,1855.07,1962.6,2169.68,1795.83,1912.51,1864.37,2954.5891666666666,697.26924812582,3155.315476190476,-107.52999999999997,22.0,47.1,25.891666666666666,0.0,0.0,0.0
2025-07-28 01:00:00,1,0,7,209,0.25881904510252074,0.9659258262890683,0.0,1.0,-0.4999999999999997,-0.8660254037844388,0,0,7054.91,7276.23,7259.24,6620.85,6496.41,5879.99,6099.716666666666,704.5117817613732,5877.591011904762,-221.3199999999997,26.9,74.3,28.587500000000002,0.0,0.0,0.0
2025-10-09 20:00:00,20,3,10,282,-0.8660254037844386,0.5000000000000001,0.43388373911755823,-0.900968867902419,-0.8660254037844386,0.5000000000000001,0,0,4491.83,4547.57,4482.48,4170.16,4150.84,4431.0,3800.2529166666664,643.7537861466358,4484.777261904762,-55.73999999999978,27.0,50.4,28.6875,0.0,0.0,0.0
2025-09-27 21:00:00,21,5,9,270,-0.7071067811865477,0.7071067811865474,-0.9749279121818236,-0.2225209339563146,-1.0,-1.8369701987210297e-16,1,0,6146.06,6179.17,6182.7,6227.97,6131.63,6163.42,5822.512916666667,601.885931396373,5731.851547619047,-33.10999999999967,29.7,61.6,29.408333333333335,0.0,0.0,0.0
2025-11-23 17:00:00,17,6,11,327,-0.9659258262890683,-0.25881904510252063,-0.7818314824680299,0.6234898018587334,-0.5000000000000004,0.8660254037844384,1,0,3270.93,3390.65,3517.27,3619.63,3933.71,3340.07,3082.1387499999996,754.3955531377967,3214.316547619047,-119.72000000000025,24.6,66.2,25.55,0.0,1.0,0.0
2025-09-08 16:00:00,16,0,9,251,-0.8660254037844384,-0.5000000000000004,0.0,1.0,-1.0,-1.8369701987210297e-16,0,0,6095.76,6045.65,5780.4,5017.48,5578.87,4889.64,5045.491666666666,587.2634929737497,4820.99875,50.11000000000058,30.3,85.6,28.6875,0.0,1.0,0.0
2025-07-29 16:00:00,16,1,7,210,-0.8660254037844384,-0.5000000000000004,0.7818314824680298,0.6234898018587336,-0.4999999999999997,-0.8660254037844388,0,0,6148.76,6080.44,5842.95,7099.5,6467.07,5891.88,6191.625416666667,700.5477786888695,6031.889642857143,68.32000000000062,31.8,97.9,28.504166666666666,0.0,1.0,0.0
2025-10-01 18:00:00,18,2,10,274,-1.0,-1.8369701987210297e-16,0.9749279121818236,-0.22252093395631434,-0.8660254037844386,0.5000000000000001,0,0,5806.69,5905.37,5918.35,5597.27,6481.72,6030.96,5161.105833333333,585.1898070074284,5785.398452380953,-98.68000000000029,31.3,44.7,28.912499999999998,0.0,0.0,0.0
2025-07-05 22:00:00,22,5,7,186,-0.5000000000000004,0.8660254037844384,-0.9749279121818236,-0.2225209339563146,-0.4999999999999997,-0.8660254037844388,1,0,6957.61,6646.55,6444.3,7068.71,7360.47,6534.63,6255.48,694.813299389629,5906.817678571429,311.0599999999995,24.9,83.6,28.225000000000005,1.0,0.0,0.0
2025-08-01 18:00:00,18,4,8,213,-1.0,-1.8369701987210297e-16,-0.433883739117558,-0.9009688679024191,-0.8660254037844384,-0.5000000000000004,0,0,5970.4,5986.44,6261.51,5611.64,5948.29,6757.07,5380.464583333333,597.7794361088523,5925.032202380952,-16.039999999999964,27.1,98.0,28.125,0.0,0.0,1.0
2025-09-26 08:00:00,8,4,9,269,0.8660254037844387,-0.4999999999999998,-0.433883739117558,-0.9009688679024191,-1.0,-1.8369701987210297e-16,0,0,4751.58,4758.99,4737.71,4735.59,4687.8,5074.67,5733.9295833333335,597.5729965632452,5762.037976190476,-7.4099999999998545,33.2,54.4,29.995833333333334,0.0,0.0,0.0
2025-07-13 09:00:00,9,6,7,194,0.7071067811865476,-0.7071067811865475,-0.7818314824680299,0.6234898018587334,-0.4999999999999997,-0.8660254037844388,1,0,4258.13,4222.67,4304.38,5108.69,5495.74,5064.32,5357.5095833333335,618.8162851661199,5707.319940476191,35.460000000000036,27.8,93.5,28.59583333333333,0.0,1.0,0.0
2025-07-03 11:00:00,11,3,7,184,0.258819045102521,-0.9659258262890682,0.43388373911755823,-0.900968867902419,-0.4999999999999997,-0.8660254037844388,0,0,6287.73,5867.98,5197.59,6229.71,5697.85,6685.78,6239.91125,694.5121845759528,5960.122738095238,419.75,36.8,65.0,27.491666666666664,0.0,0.0,0.0
2025-07-19 00:00:00,0,5,7,200,0.0,1.0,-0.9749279121818236,-0.2225209339563146,-0.4999999999999997,-0.8660254037844388,1,0,5587.76,5587.76,5587.76,5601.45,5982.75,5967.03,5424.170833333334,571.0887680708552,5401.132678571428,0.0,25.7,83.5,28.270833333333332,1.0,0.0,0.0
2025-11-12 22:00:00,22,2,11,316,-0.5000000000000004,0.8660254037844384,0.9749279121818236,-0.22252093395631434,-0.5000000000000004,0.8660254037844384,0,0,3152.97,3520.16,3800.76,2862.22,2829.86,3234.35,3232.2591666666667,740.8207980219919,3181.963095238095,-367.19000000000005,22.8,46.8,25.474999999999998,0.0,0.0,0.0
2025-10-03 23:00:00,23,4,10,276,-0.25881904510252157,0.9659258262890681,-0.433883739117558,-0.9009688679024191,-0.8660254037844386,0.5000000000000001,0,0,5568.81,5436.35,5483.0,4935.85,5579.47,6525.48,5042.787916666667,714.692221309177,5500.2925000000005,132.46000000000004,21.9,82.9,29.579166666666666,0.0,1.0,0.0
2025-10-15 12:00:00,12,2,10,288,1.2246467991473532e-16,-1.0,0.9749279121818236,-0.22252093395631434,-0.8660254037844386,0.5000000000000001,0,0,4509.21,4482.13,4280.12,4436.14,4493.13,4388.26,3912.2454166666666,610.5516397629739,3755.3973214285716,27.079999999999927,34.3,53.5,29.25833333333333,0.0,0.0,0.0
2026-01-06 00:00:00,0,1,1,6,0.0,1.0,0.7818314824680298,0.6234898018587336,0.49999999999999994,0.8660254037844387,0,1,3311.26,3880.53,4068.88,2563.17,2561.74,2546.17,3930.132083333334,1160.15408239027,3836.169226190476,-569.27,14.8,61.6,21.645833333333332,1.0,0.0,0.0
2025-10-05 15:00:00,15,6,10,278,-0.7071067811865471,-0.7071067811865479,-0.7818314824680299,0.6234898018587334,-0.8660254037844386,0.5000000000000001,1,0,4919.31,4756.41,4979.22,5638.61,5877.84,6373.7,4929.21125,544.6172881887336,5303.3625,162.90000000000055,33.9,54.6,29.729166666666668,0.0,0.0,0.0
2025-11-05 18:00:00,18,2,11,309,-1.0,-1.8369701987210297e-16,0.9749279121818236,-0.22252093395631434,-0.5000000000000004,0.8660254037844384,0,1,4086.33,3832.62,3841.95,4206.34,4098.09,4248.57,3466.179166666667,605.4497873835691,3497.9144642857145,253.71000000000004,28.5,53.5,25.549999999999997,1.0,0.0,0.0
2025-09-08 22:00:00,22,0,9,251,-0.5000000000000004,0.8660254037844384,0.0,1.0,-1.0,-1.8369701987210297e-16,0,0,5944.79,5721.74,5746.56,5278.11,5415.45,4414.03,5241.9875,689.6205620185023,4861.283214285714,223.05000000000018,28.6,63.3,28.641666666666666,0.0,0.0,0.0
2025-09-26 11:00:00,11,4,9,269,0.258819045102521,-0.9659258262890682,-0.433883739117558,-0.9009688679024191,-1.0,-1.8369701987210297e-16,0,0,5795.88,5451.24,4855.86,5795.43,5774.12,6239.55,5749.727083333334,585.728223618527,5757.779583333333,344.6400000000003,37.0,65.5,30.020833333333332,1.0,0.0,0.0
2025-11-23 12:00:00,12,6,11,327,1.2246467991473532e-16,-1.0,-0.7818314824680299,0.6234898018587334,-0.5000000000000004,0.8660254037844384,1,0,4080.13,4063.46,3954.66,3886.62,4175.47,3843.36,3070.7612499999996,741.7959244986306,3209.902202380953,16.670000000000073,31.3,52.4,25.795833333333334,1.0,0.0,0.0
2026-01-01 12:00:00,12,3,1,1,1.2246467991473532e-16,-1.0,0.43388373911755823,-0.900968867902419,0.49999999999999994,0.8660254037844387,0,1,5567.43,5572.05,5468.57,5365.02,4998.29,4613.63,4008.8154166666664,1141.5087819997093,3675.887738095238,-4.619999999999891,27.1,47.0,21.525000000000002,1.0,0.0,0.0
2025-12-14 16:00:00,16,6,12,348,-0.8660254037844384,-0.5000000000000004,-0.7818314824680299,0.6234898018587334,-2.4492935982947064e-16,1.0,1,0,3567.87,3777.34,3974.7,3413.05,3699.74,3236.49,3228.058333333333,849.1812186308755,3356.905178571428,-209.47000000000025,24.7,46.7,21.808333333333334,0.0,0.0,0.0
2025-09-19 14:00:00,14,4,9,262,-0.4999999999999997,-0.8660254037844388,-0.433883739117558,-0.9009688679024191,-1.0,-1.8369701987210297e-16,0,0,6524.05,6427.61,6239.55,6189.72,6792.77,6264.42,5916.842916666667,598.012349090763,5808.992142857142,96.44000000000051,34.5,69.6,29.920833333333334,1.0,0.0,0.0
2025-07-20 05:00:00,5,6,7,201,0.9659258262890683,0.25881904510252074,-0.7818314824680299,0.6234898018587334,-0.4999999999999997,-0.8660254037844388,1,0,4765.83,5034.24,5353.32,4363.11,4439.47,4467.1,5334.296249999999,550.3301138788154,5386.3909523809525,-268.40999999999985,28.2,73.1,28.729166666666668,0.0,0.0,0.0
2025-11-10 22:00:00,22,0,11,314,-0.5000000000000004,0.8660254037844384,0.0,1.0,-0.5000000000000004,0.8660254037844384,0,0,3030.87,3428.0,3655.74,2727.1,2748.73,3190.95,3142.337916666667,708.7711184185102,3256.869107142857,-397.1300000000001,24.0,51.5,25.65416666666667,0.0,0.0,0.0
2025-12-11 15:00:00,15,3,12,345,-0.7071067811865471,-0.7071067811865479,0.43388373911755823,-0.900968867902419,-2.4492935982947064e-16,1.0,0,0,3728.88,3860.98,4081.98,3698.8,3665.08,3682.5,3427.8512499999997,715.6335390669932,3355.7165476190476,-132.0999999999999,24.9,53.2,21.3,1.0,0.0,0.0
2025-09-17 04:00:00,4,2,9,260,0.8660254037844386,0.5000000000000001,0.9749279121818236,-0.22252093395631434,-1.0,-1.8369701987210297e-16,0,0,5418.73,5746.97,6138.35,5153.22,4930.88,4812.83,6019.015416666666,685.4891308876108,5707.722857142857,-328.2400000000007,25.9,70.7,29.804166666666664,1.0,0.0,0.0
2025-10-20 16:00:00,16,0,10,293,-0.8660254037844384,-0.5000000000000004,0.0,1.0,-0.8660254037844386,0.5000000000000001,0,1,3363.36,3478.23,3563.24,3783.48,4316.83,4425.21,3458.405,357.387099618842,3831.149702380952,-114.86999999999989,36.0,50.4,30.170833333333334,0.0,0.0,0.0
2025-08-18 08:00:00,8,0,8,230,0.8660254037844387,-0.4999999999999998,0.0,1.0,-0.8660254037844384,-0.5000000000000004,0,0,4554.55,4527.34,4332.33,4266.81,4187.0,4664.12,5115.94,480.98597921356225,5274.619821428571,27.210000000000036,32.2,61.1,28.191666666666666,0.0,0.0,0.0
2025-11-07 05:00:00,5,4,11,311,0.9659258262890683,0.25881904510252074,-0.433883739117558,-0.9009688679024191,-0.5000000000000004,0.8660254037844384,0,0,2225.34,2150.33,2211.75,2833.61,2743.42,3008.15,3301.3020833333335,630.9030042999154,3447.475833333333,75.01000000000022,23.0,47.1,25.258333333333336,0.0,0.0,0.0
2025-11-19 18:00:00,18,2,11,323,-1.0,-1.8369701987210297e-16,0.9749279121818236,-0.22252093395631434,-0.5000000000000004,0.8660254037844384,0,0,3814.77,3579.25,3625.93,3854.39,3741.36,3921.47,3277.5383333333334,787.094333718056,3177.2626785714288,235.51999999999998,23.0,67.6,25.616666666666664,0.0,0.0,1.0
2025-09-27 11:00:00,11,5,9,270,0.258819045102521,-0.9659258262890682,-0.9749279121818236,-0.2225209339563146,-1.0,-1.8369701987210297e-16,1,0,5692.46,5352.86,4748.36,5917.04,5795.43,5939.21,5838.258333333332,619.6398765037967,5729.471785714285,339.60000000000036,34.4,55.4,28.8,0.0,0.0,0.0
2025-09-30 22:00:00,22,1,9,273,-0.5000000000000004,0.8660254037844384,0.7818314824680298,0.6234898018587336,-1.0,-1.8369701987210297e-16,0,0,5200.4,5274.0,5492.78,6993.91,6816.46,6292.32,5796.587083333333,590.0368522424545,5844.218035714286,-73.60000000000036,28.2,69.2,28.912499999999998,1.0,0.0,0.0
2025-11-03 00:00:00,0,0,11,307,0.0,1.0,0.0,1.0,-0.5000000000000004,0.8660254037844384,0,0,2931.34,3097.44,3305.7,2847.1,3038.92,2960.77,3265.59125,472.6167949169374,3506.40369047619,-166.0999999999999,19.9,61.8,25.224999999999998,1.0,0.0,0.0
2026-01-05 01:00:00,1,0,1,5,0.25881904510252074,0.9659258262890683,0.0,1.0,0.49999999999999994,0.8660254037844387,0,0,2563.17,3094.4,3586.63,2179.56,2313.14,2063.94,3643.6512500000003,1041.3512765312169,3805.6964880952382,-531.23,17.8,43.2,21.070833333333333,0.0,0.0,0.0
2025-07-09 22:00:00,22,2,7,190,-0.5000000000000004,0.8660254037844384,0.9749279121818236,-0.22252093395631434,-0.4999999999999997,-0.8660254037844388,0,0,5329.61,5251.12,5873.68,7490.51,6590.08,7158.07,6081.465833333333,841.5715521101125,6172.281964285714,78.48999999999978,24.0,83.2,27.833333333333332,1.0,0.0,0.0
2025-08-09 20:00:00,20,5,8,221,-0.8660254037844386,0.5000000000000001,-0.9749279121818236,-0.2225209339563146,-0.8660254037844384,-0.5000000000000004,1,1,4506.22,4333.57,4246.99,6257.94,6308.7,5681.5,5030.064166666666,890.5902786106644,5615.7350595238095,172.65000000000055,26.6,92.5,29.116666666666664,0.0,0.0,1.0
2025-10-20 17:00:00,17,0,10,293,-0.9659258262890683,-0.25881904510252063,0.0,1.0,-0.8660254037844386,0.5000000000000001,0,1,3343.18,3363.36,3478.23,3930.11,4395.07,4484.1,3440.0591666666664,351.2222615372362,3824.7090476190474,-20.18000000000029,31.9,49.3,30.191666666666666,0.0,0.0,0.0
2025-12-17 18:00:00,18,2,12,351,-1.0,-1.8369701987210297e-16,0.9749279121818236,-0.22252093395631434,-2.4492935982947064e-16,1.0,0,0,4048.43,3771.59,3847.47,4051.88,3980.57,4016.18,3507.40875,957.5872271056086,3396.338511904762,276.8399999999997,24.0,44.9,21.395833333333332,0.0,0.0,0.0
2025-10-22 06:00:00,6,2,10,295,1.0,6.123233995736766e-17,0.9749279121818236,-0.22252093395631434,-0.8660254037844386,0.5000000000000001,0,1,2934.65,2814.94,2817.31,3118.79,3105.62,3678.69,3417.6654166666667,324.44955934073374,3737.076726190476,119.71000000000004,28.7,52.5,29.479166666666668,0.0,0.0,0.0
2025-08-25 05:00:00,5,0,8,237,0.9659258262890683,0.25881904510252074,0.0,1.0,-0.8660254037844384,-0.5000000000000004,0,0,4443.51,4634.27,4901.42,4365.89,4890.98,4332.33,5110.532916666667,485.5628650785789,5699.126964285715,-190.76000000000022,27.5,79.7,28.2,1.0,0.0,0.0
2025-07-22 21:00:00,21,1,7,203,-0.7071067811865477,0.7071067811865474,0.7818314824680298,0.6234898018587336,-0.4999999999999997,-0.8660254037844388,0,0,5731.79,5738.22,5754.06,5414.4,6281.28,5889.85,5523.599583333333,326.33750477316767,5495.417202380953,-6.430000000000291,24.6,96.6,27.633333333333336,0.0,1.0,0.0
2025-08-29 11:00:00,11,4,8,241,0.258819045102521,-0.9659258262890682,-0.433883739117558,-0.9009688679024191,-0.8660254037844384,-0.5000000000000004,0,0,5670.17,5443.78,4954.56,5896.71,5659.64,6346.6,5670.695833333334,619.0555735671165,5379.379404761905,226.39000000000033,30.8,95.8,28.337500000000002,0.0,1.0,0.0
2025-10-15 16:00:00,16,2,10,288,-0.8660254037844384,-0.5000000000000004,0.9749279121818236,-0.22252093395631434,-0.8660254037844386,0.5000000000000001,0,0,4462.03,4422.27,4298.91,4449.17,4425.21,4363.28,3922.60375,623.0557795171471,3759.68869047619,39.75999999999931,34.2,46.8,29.32916666666667,0.0,0.0,0.0
2025-07-10 01:00:00,1,3,7,191,0.25881904510252074,0.9659258262890683,0.43388373911755823,-0.900968867902419,-0.4999999999999997,-0.8660254037844388,0,0,5674.87,5752.63,5582.65,6267.88,5963.65,6409.7,5871.997916666667,685.813203240476,6147.198095238095,-77.76000000000022,19.5,92.6,27.566666666666666,0.0,1.0,0.0
2025-09-16 14:00:00,14,1,9,259,-0.4999999999999997,-0.8660254037844388,0.7818314824680298,0.6234898018587336,-1.0,-1.8369701987210297e-16,0,0,6386.58,6232.13,6046.81,6480.13,5796.79,6330.5,5945.580833333333,624.6680814565415,5676.7269642857145,154.44999999999982,33.3,87.1,30.099999999999998,0.0,1.0,0.0
2025-08-03 10:00:00,10,6,8,215,0.49999999999999994,-0.8660254037844387,-0.7818314824680299,0.6234898018587334,-0.8660254037844384,-0.5000000000000004,1,0,4610.69,4270.94,4271.24,5450.78,5652.48,5493.04,5346.132083333333,662.0722044163351,5717.940535714286,339.75,32.2,79.1,28.46666666666667,1.0,0.0,0.0
2025-12-22 13:00:00,13,0,12,356,-0.2588190451025208,-0.9659258262890683,0.0,1.0,-2.4492935982947064e-16,1.0,0,0,4804.97,5072.32,5064.8,4527.65,4377.79,3955.11,3634.7450000000003,926.9214620733609,3567.145714285715,-267.34999999999945,20.3,65.1,21.004166666666666,0.0,0.0,1.0
2025-08-12 20:00:00,20,1,8,224,-0.8660254037844386,0.5000000000000001,0.7818314824680298,0.6234898018587336,-0.8660254037844384,-0.5000000000000004,0,0,5887.36,5890.83,6061.44,5970.74,5532.77,5775.1,5609.21875,655.5996888234,5511.999107142858,-3.4700000000002547,30.3,63.5,28.245833333333334,0.0,0.0,0.0
2025-10-25 02:00:00,2,5,10,298,0.49999999999999994,0.8660254037844387,-0.9749279121818236,-0.2225209339563146,-0.8660254037844386,0.5000000000000001,1,0,2934.86,3147.41,3321.01,2788.84,2827.16,3107.54,3645.0487500000004,556.0050044294521,3564.618214285714,-212.54999999999973,22.6,69.4,28.929166666666664,1.0,0.0,0.0
2025-12-28 15:00:00,15,6,12,362,-0.7071067811865471,-0.7071067811865479,-0.7818314824680299,0.6234898018587334,-2.4492935982947064e-16,1.0,1,0,3929.23,4239.18,4665.63,3684.58,3922.16,3813.94,3441.8962500000002,951.3525777673087,3595.941964285714,-309.9500000000003,23.7,56.1,22.041666666666668,1.0,0.0,0.0
2025-12-26 11:00:00,11,4,12,360,0.258819045102521,-0.9659258262890682,-0.433883739117558,-0.9009688679024191,-2.4492935982947064e-16,1.0,0,0,5062.14,5012.35,4571.77,4845.83,4928.74,5210.97,3606.94125,975.9847830126889,3631.5036309523807,49.789999999999964,28.6,36.2,21.791666666666668,0.0,0.0,0.0
2025-08-16 01:00:00,1,5,8,228,0.25881904510252074,0.9659258262890683,-0.9749279121818236,-0.2225209339563146,-0.8660254037844384,-0.5000000000000004,1,1,5062.82,5180.17,5154.47,5058.1,6073.38,5899.66,4465.215833333334,379.78220422078374,5210.686488095239,-117.35000000000036,24.9,71.2,28.279166666666665,0.0,0.0,0.0
2025-09-03 12:00:00,12,2,9,246,1.2246467991473532e-16,-1.0,0.9749279121818236,-0.22252093395631434,-1.0,-1.8369701987210297e-16,0,0,5499.11,5309.99,4998.71,5393.19,5431.29,5598.99,4640.494583333333,596.4654432789237,5086.933928571428,189.1199999999999,34.5,60.7,28.962500000000002,0.0,0.0,0.0
2025-09-07 16:00:00,16,6,9,250,-0.8660254037844384,-0.5000000000000004,-0.7818314824680299,0.6234898018587334,-1.0,-1.8369701987210297e-16,1,0,5166.99,5270.49,5304.49,5578.87,5308.19,4994.52,4970.79625,516.6488737406863,4802.004345238095,-103.5,34.1,73.6,29.258333333333336,1.0,0.0,0.0
2025-09-11 16:00:00,16,3,9,254,-0.8660254037844384,-0.5000000000000004,0.43388373911755823,-0.900968867902419,-1.0,-1.8369701987210297e-16,0,0,6337.92,6278.76,5901.56,6381.77,6340.9,5626.07,5630.265833333334,650.8793548124218,5255.248333333333,59.159999999999854,31.9,90.8,29.454166666666666,0.0,1.0,0.0
2025-09-17 05:00:00,5,2,9,260,0.9659258262890683,0.25881904510252074,0.9749279121818236,-0.22252093395631434,-1.0,-1.8369701987210297e-16,0,0,5167.69,5418.73,5746.97,4958.74,4805.55,4662.89,6019.618333333335,684.7004281255987,5709.83511904762,-251.03999999999996,25.3,83.9,29.787499999999998,0.0,1.0,0.0
2025-09-30 23:00:00,23,1,9,273,-0.25881904510252157,0.9659258262890681,0.7818314824680298,0.6234898018587336,-1.0,-1.8369701987210297e-16,0,0,5298.86,5200.4,5274.0,7012.65,6854.52,6323.4,5725.96,539.7960100292489,5838.304583333333,98.46000000000004,21.9,88.8,28.891666666666666,0.0,1.0,0.0
2025-10-02 21:00:00,21,3,10,275,-0.7071067811865477,0.7071067811865474,0.43388373911755823,-0.900968867902419,-0.8660254037844386,0.5000000000000001,0,1,4431.0,4257.56,4276.11,5448.28,5200.4,6131.63,4642.8029166666665,477.09053588421295,5626.5196428571435,173.4399999999996,25.5,49.5,29.962500000000002,0.0,0.0,0.0
2025-09-13 06:00:00,6,5,9,256,1.0,6.123233995736766e-17,-0.9749279121818236,-0.2225209339563146,-1.0,-1.8369701987210297e-16,1,0,4651.58,4820.64,5062.11,4631.1,4577.34,4210.74,5644.944583333333,600.7212232625872,5428.8361904761905,-169.0600000000004,26.1,88.7,29.5,0.0,0.0,1.0
2026-01-10 16:00:00,16,5,1,10,-0.8660254037844384,-0.5000000000000004,-0.9749279121818236,-0.2225209339563146,0.49999999999999994,0.8660254037844387,1,0,4145.69,4330.08,4691.77,4595.97,4030.54,3889.09,4065.9829166666673,1105.4514615481671,3972.884642857143,-184.39000000000033,23.5,37.2,20.241666666666664,0.0,0.0,0.0
2025-07-30 18:00:00,18,2,7,211,-1.0,-1.8369701987210297e-16,0.9749279121818236,-0.22252093395631434,-0.4999999999999997,-0.8660254037844388,0,0,6092.94,6361.55,6438.28,5861.54,6570.26,5684.53,5744.070833333332,588.9109208266134,6082.5018452380955,-268.6100000000006,32.8,71.6,28.516666666666666,0.0,0.0,0.0
2025-08-06 19:00:00,19,2,8,218,-0.9659258262890684,0.2588190451025203,0.9749279121818236,-0.22252093395631434,-0.8660254037844384,-0.5000000000000004,0,0,6135.93,6336.27,6520.39,5841.68,5932.08,5949.06,5637.7108333333335,668.4822063185428,5495.79380952381,-200.34000000000015,26.0,92.0,27.966666666666665,0.0,1.0,0.0
2026-01-02 17:00:00,17,4,1,2,-0.9659258262890683,-0.25881904510252063,-0.433883739117558,-0.9009688679024191,0.49999999999999994,0.8660254037844387,0,0,4207.85,4384.87,4546.12,4131.91,4542.53,4202.09,3818.7704166666667,1178.724721728063,3717.567619047619,-177.01999999999953,22.9,37.2,20.529166666666665,0.0,0.0,0.0
2026-01-01 07:00:00,7,3,1,1,0.9659258262890683,-0.25881904510252063,0.43388373911755823,-0.900968867902419,0.49999999999999994,0.8660254037844387,0,1,3470.09,2590.44,2241.86,4371.89,4386.01,3855.65,3992.7104166666663,1120.7968751953574,3656.1484523809527,879.6500000000001,20.6,45.9,21.608333333333334,0.0,0.0,0.0
2025-08-26 09:00:00,9,1,8,238,0.7071067811865476,-0.7071067811865475,0.7818314824680298,0.6234898018587336,-0.8660254037844384,-0.5000000000000004,0,0,4591.93,4440.89,4408.6,5255.6,4749.42,5670.34,5160.6825,513.4717526564705,5620.110416666667,151.03999999999996,32.4,78.3,28.241666666666664,1.0,0.0,0.0
2025-10-01 04:00:00,4,2,10,274,0.8660254037844386,0.5000000000000001,0.9749279121818236,-0.22252093395631434,-0.8660254037844386,0.5000000000000001,0,0,4397.13,4628.86,4920.52,5494.81,5351.65,4866.21,5399.1,441.90431883918063,5812.164285714285,-231.72999999999956,22.8,76.5,28.479166666666668,0.0,1.0,0.0
2025-11-15 23:00:00,23,5,11,319,-0.25881904510252157,0.9659258262890681,-0.9749279121818236,-0.2225209339563146,-0.5000000000000004,0.8660254037844384,1,0,2718.57,2946.13,3258.34,2593.7,2606.35,2517.04,3095.3766666666666,653.0324352266359,3155.6541071428574,-227.55999999999995,19.5,66.0,25.025000000000002,1.0,0.0,0.0
2025-09-27 22:00:00,22,5,9,270,-0.5000000000000004,0.8660254037844384,-0.9749279121818236,-0.2225209339563146,-1.0,-1.8369701987210297e-16,1,0,6398.8,6146.06,6179.17,6484.79,6375.25,6406.76,5829.630833333334,607.8697269539902,5733.252619047618,252.73999999999978,23.1,93.5,29.387500000000003,0.0,1.0,0.0
2025-09-30 02:00:00,2,1,9,273,0.49999999999999994,0.8660254037844387,0.7818314824680298,0.6234898018587336,-1.0,-1.8369701987210297e-16,0,0,6491.4,6887.81,7012.65,6010.36,5888.41,5544.58,6258.042916666666,691.7318547735982,5846.8439285714285,-396.41000000000076,27.9,69.4,29.375,0.0,0.0,0.0
2025-10-05 17:00:00,17,6,10,278,-0.9659258262890683,-0.25881904510252063,-0.7818314824680299,0.6234898018587334,-0.8660254037844386,0.5000000000000001,1,0,5206.15,4972.84,4919.31,5454.47,5670.37,6003.21,4885.935,507.7721720032503,5288.799523809524,233.3099999999995,31.7,45.4,29.820833333333336,0.0,0.0,0.0
2025-09-18 11:00:00,11,3,9,261,0.258819045102521,-0.9659258262890682,0.43388373911755823,-0.900968867902419,-1.0,-1.8369701987210297e-16,0,0,6029.08,5615.83,4932.4,6247.14,6046.81,5780.22,5967.408333333333,665.8150956055653,5757.8230952380945,413.25,34.4,61.6,29.458333333333332,0.0,0.0,0.0
2025-07-03 15:00:00,15,3,7,184,-0.7071067811865471,-0.7071067811865479,0.43388373911755823,-0.900968867902419,-0.4999999999999997,-0.8660254037844388,0,0,7286.43,6807.76,6588.67,6994.59,6301.47,7439.51,6283.16,724.0446066489247,5954.34755952381,478.6700000000001,33.3,80.6,27.370833333333337,1.0,0.0,0.0
2025-09-13 10:00:00,10,5,9,256,0.49999999999999994,-0.8660254037844387,-0.9749279121818236,-0.2225209339563146,-1.0,-1.8369701987210297e-16,1,0,5007.03,4555.13,4560.74,5563.11,5656.23,5247.7,5624.7575,626.7790059277343,5434.633869047619,451.89999999999964,33.8,58.3,29.308333333333334,0.0,0.0,0.0
2026-01-03 05:00:00,5,5,1,3,0.9659258262890683,0.25881904510252074,-0.9749279121818236,-0.2225209339563146,0.49999999999999994,0.8660254037844387,1,0,2050.83,1946.48,2061.43,2485.09,2590.44,2604.7,3916.0537499999996,1158.992248515987,3731.2213690476187,104.34999999999991,17.8,47.2,20.879166666666666,0.0,0.0,0.0
2025-12-26 07:00:00,7,4,12,360,0.9659258262890683,-0.25881904510252063,-0.433883739117558,-0.9009688679024191,-2.4492935982947064e-16,1.0,0,0,3603.61,2689.89,2052.88,3855.65,4351.21,4371.73,3551.4583333333335,920.8186858238504,3633.811309523809,913.7200000000003,21.7,42.4,21.650000000000002,0.0,0.0,0.0
2025-11-02 14:00:00,14,6,11,306,-0.4999999999999997,-0.8660254037844388,-0.7818314824680299,0.6234898018587334,-0.5000000000000004,0.8660254037844384,1,0,3689.5,3824.44,3804.26,3886.16,4224.96,3602.48,3368.81375,551.5860127717007,3512.040714285714,-134.94000000000005,31.7,39.1,25.445833333333336,0.0,0.0,0.0
2025-07-05 10:00:00,10,5,7,186,0.49999999999999994,-0.8660254037844387,-0.9749279121818236,-0.2225209339563146,-0.4999999999999997,-0.8660254037844388,1,0,5599.13,5037.11,5058.29,6603.4,6287.73,6302.47,6314.425416666668,712.7877712803298,5889.915000000001,562.0200000000004,28.3,93.6,27.59166666666667,0.0,0.0,1.0
2025-11-23 15:00:00,15,6,11,327,-0.7071067811865471,-0.7071067811865479,-0.7818314824680299,0.6234898018587334,-0.5000000000000004,0.8660254037844384,1,0,3517.27,3730.32,4036.14,3404.45,3650.9,3250.17,3084.2983333333336,755.098327208903,3212.5947023809526,-213.05000000000018,31.1,38.4,25.59583333333333,0.0,0.0,0.0
2025-11-16 09:00:00,9,6,11,320,0.7071067811865476,-0.7071067811865475,-0.7818314824680299,0.6234898018587334,-0.5000000000000004,0.8660254037844384,1,0,3395.52,3140.63,2594.3,3831.81,4109.48,3584.5,2998.6204166666666,716.15279351295,3152.82125,254.88999999999987,30.0,45.0,25.854166666666668,0.0,0.0,0.0
2025-07-25 19:00:00,19,4,7,206,-0.9659258262890684,0.2588190451025203,-0.433883739117558,-0.9009688679024191,-0.4999999999999997,-0.8660254037844388,0,0,6757.07,7096.52,7427.95,6384.35,5749.9,5614.54,6362.280416666667,791.3337383039342,5606.17130952381,-339.4500000000007,27.3,77.0,28.924999999999997,1.0,0.0,0.0
2025-10-08 07:00:00,7,2,10,281,0.9659258262890683,-0.25881904510252063,0.9749279121818236,-0.22252093395631434,-0.8660254037844386,0.5000000000000001,0,0,3527.24,3092.09,2795.11,3652.11,4346.15,4344.21,3942.2004166666666,712.5276832790395,4706.256130952381,435.14999999999964,29.1,62.3,29.21666666666667,1.0,0.0,0.0
2025-12-04 14:00:00,14,3,12,338,-0.4999999999999997,-0.8660254037844388,0.43388373911755823,-0.900968867902419,-2.4492935982947064e-16,1.0,0,0,3782.97,4159.96,4339.0,3690.55,3653.05,3647.95,3407.4304166666666,734.2379616190376,3275.555416666667,-376.99000000000024,27.1,45.6,21.7375,0.0,0.0,0.0
2025-10-03 18:00:00,18,4,10,276,-1.0,-1.8369701987210297e-16,-0.433883739117558,-0.9009688679024191,-0.8660254037844386,0.5000000000000001,0,0,5670.37,5807.41,5877.84,4276.11,5780.61,6181.0,4829.4075,691.4301187378628,5519.695833333333,-137.03999999999996,30.9,46.8,29.650000000000002,0.0,0.0,0.0
2025-08-12 03:00:00,3,1,8,224,0.7071067811865475,0.7071067811865476,0.7818314824680298,0.6234898018587336,-0.8660254037844384,-0.5000000000000004,0,0,5335.59,5677.08,6108.66,4817.86,4153.08,4983.59,5618.669999999999,671.9071329788356,5521.55386904762,-341.4899999999998,26.4,67.4,28.3125,0.0,0.0,0.0
2025-09-28 02:00:00,2,6,9,271,0.49999999999999994,0.8660254037844387,-0.7818314824680299,0.6234898018587334,-1.0,-1.8369701987210297e-16,1,0,6226.09,6563.08,6689.11,5640.63,5495.49,5560.09,5861.399166666666,638.9828298361225,5739.662380952381,-336.9899999999998,23.6,89.8,29.441666666666666,0.0,1.0,0.0
2025-09-02 20:00:00,20,1,9,245,-0.8660254037844386,0.5000000000000001,0.7818314824680298,0.6234898018587336,-1.0,-1.8369701987210297e-16,0,0,4952.39,5060.16,5096.2,4519.19,5007.8,5257.98,4589.6825,599.4436581948441,5141.951130952381,-107.76999999999953,31.1,68.8,28.958333333333332,0.0,0.0,0.0
2025-12-06 23:00:00,23,5,12,340,-0.25881904510252157,0.9659258262890681,-0.9749279121818236,-0.2225209339563146,-2.4492935982947064e-16,1.0,1,0,3011.53,3264.24,3582.78,2708.25,2586.1,2510.36,3262.6758333333332,802.8486238059811,3301.0383928571428,-252.70999999999958,18.2,45.9,21.7625,1.0,0.0,0.0
2025-09-10 13:00:00,13,2,9,253,-0.2588190451025208,-0.9659258262890683,0.9749279121818236,-0.22252093395631434,-1.0,-1.8369701987210297e-16,0,0,6082.96,6004.19,5899.24,6048.31,5780.4,5366.15,5755.837500000001,598.8095039053834,5101.599583333334,78.77000000000044,33.6,82.1,28.620833333333337,0.0,1.0,0.0
2025-10-29 05:00:00,5,2,10,302,0.9659258262890683,0.25881904510252074,0.9749279121818236,-0.22252093395631434,-0.8660254037844386,0.5000000000000001,0,0,2515.12,2420.66,2473.29,2929.9,2837.41,2934.65,3430.1666666666665,572.727018499124,3466.3314880952385,94.46000000000004,30.4,48.7,29.3125,0.0,0.0,0.0
2025-11-16 01:00:00,1,6,11,320,0.25881904510252074,0.9659258262890683,-0.7818314824680299,0.6234898018587334,-0.5000000000000004,0.8660254037844384,1,0,2180.0,2459.01,2718.57,2109.43,2128.01,2078.36,3083.70125,666.060055924711,3154.6294047619053,-279.0100000000002,19.5,44.9,25.254166666666666,0.0,0.0,0.0
2025-07-20 17:00:00,17,6,7,201,-0.9659258262890683,-0.25881904510252063,-0.7818314824680299,0.6234898018587334,-0.4999999999999997,-0.8660254037844388,1,0,5738.76,5779.95,5713.18,5752.59,5872.67,5457.22,5300.847916666667,523.3017010663848,5397.0247023809525,-41.1899999999996,32.9,66.1,28.470833333333335,0.0,0.0,0.0
2025-09-28 01:00:00,1,6,9,271,0.25881904510252074,0.9659258262890683,-0.7818314824680299,0.6234898018587334,-1.0,-1.8369701987210297e-16,1,0,6563.08,6689.11,6668.35,6025.71,5878.79,5945.41,5853.049999999999,635.3090294597271,5737.991666666667,-126.02999999999975,28.7,65.5,29.40416666666667,0.0,0.0,0.0
2025-12-20 11:00:00,11,5,12,354,0.258819045102521,-0.9659258262890682,-0.9749279121818236,-0.2225209339563146,-2.4492935982947064e-16,1.0,1,0,4959.42,4853.6,4431.85,5210.97,4731.85,4278.89,3666.02875,1035.6556597815427,3475.404880952381,105.81999999999971,29.2,48.3,21.587500000000002,0.0,0.0,0.0
2025-08-15 05:00:00,5,4,8,227,0.9659258262890683,0.25881904510252074,-0.433883739117558,-0.9009688679024191,-0.8660254037844384,-0.5000000000000004,0,0,4419.33,4568.42,4806.55,4826.97,4703.49,4983.27,5221.42875,398.05515529247316,5415.497261904762,-149.09000000000015,21.6,98.0,28.112499999999997,0.0,0.0,1.0
2025-08-03 01:00:00,1,6,8,215,0.25881904510252074,0.9659258262890683,-0.7818314824680299,0.6234898018587334,-0.8660254037844384,-0.5000000000000004,1,0,5793.29,5996.65,5970.37,5313.69,5143.02,6620.85,5401.391666666666,584.5534978802829,5769.1903571428575,-203.35999999999967,24.3,78.2,28.770833333333332,1.0,0.0,0.0
2025-10-25 01:00:00,1,5,10,298,0.25881904510252074,0.9659258262890683,-0.9749279121818236,-0.2225209339563146,-0.8660254037844386,0.5000000000000001,1,0,3147.41,3321.01,3501.16,2914.92,2978.66,3272.04,3644.217916666667,557.1261412859913,3566.6252380952383,-173.60000000000036,24.3,64.6,29.03333333333333,1.0,0.0,0.0
2025-08-28 01:00:00,1,3,8,240,0.25881904510252074,0.9659258262890683,0.43388373911755823,-0.900968867902419,-0.8660254037844384,-0.5000000000000004,0,0,5409.32,5587.64,5630.77,4888.16,4978.86,5998.28,5195.2891666666665,535.2919011231083,5473.295654761905,-178.32000000000062,23.9,77.0,28.1375,1.0,0.0,0.0
2025-11-16 06:00:00,6,6,11,320,1.0,6.123233995736766e-17,-0.7818314824680299,0.6234898018587334,-0.5000000000000004,0.8660254037844384,1,0,2110.59,1859.28,1795.83,3182.69,3496.85,2622.09,3044.6054166666668,722.4397308997394,3151.5123214285713,251.31000000000017,24.9,46.7,25.608333333333334,0.0,0.0,0.0
2025-07-31 02:00:00,2,3,7,212,0.49999999999999994,0.8660254037844387,0.43388373911755823,-0.900968867902419,-0.4999999999999997,-0.8660254037844388,0,0,5403.34,5833.24,6092.05,5352.61,6115.01,5056.86,5691.479166666667,560.7466281270065,6088.473154761905,-429.89999999999964,24.0,83.7,28.63333333333333,1.0,0.0,0.0
2025-10-30 13:00:00,13,3,10,303,-0.2588190451025208,-0.9659258262890683,0.43388373911755823,-0.900968867902419,-0.8660254037844386,0.5000000000000001,0,0,4134.89,4205.88,4242.77,3980.34,3829.56,3840.62,3584.1875,602.7838465440168,3495.2094047619053,-70.98999999999978,37.0,47.5,30.112499999999997,0.0,0.0,0.0
2025-07-05 01:00:00,1,5,7,186,0.25881904510252074,0.9659258262890683,-0.9749279121818236,-0.2225209339563146,-0.4999999999999997,-0.8660254037844388,1,0,6823.36,7039.59,7068.71,6679.26,6409.7,7058.93,6402.865416666667,623.1279146788357,5912.444821428571,-216.23000000000047,20.2,94.3,27.8,0.0,0.0,1.0
2025-07-08 14:00:00,14,1,7,189,-0.4999999999999997,-0.8660254037844388,0.7818314824680298,0.6234898018587336,-0.4999999999999997,-0.8660254037844388,0,0,6801.84,6549.54,6375.58,6370.31,6229.93,6203.95,5949.582916666666,605.1230561340823,6114.793452380953,252.30000000000018,32.7,96.3,27.7625,0.0,1.0,0.0
2025-08-12 16:00:00,16,1,8,224,-0.8660254037844384,-0.5000000000000004,0.7818314824680298,0.6234898018587336,-0.8660254037844384,-0.5000000000000004,0,0,6311.33,6223.47,5810.99,6185.16,5280.1,6254.95,5609.260416666667,655.0019724728393,5512.437023809524,87.85999999999967,34.1,59.0,28.308333333333334,0.0,0.0,0.0
2025-09-20 14:00:00,14,5,9,263,-0.4999999999999997,-0.8660254037844388,-0.9749279121818236,-0.2225209339563146,-1.0,-1.8369701987210297e-16,1,0,6150.63,6107.19,5939.21,6810.45,6189.72,6052.69,5994.98875,664.8326276152999,5867.245416666667,43.44000000000051,34.7,72.6,29.916666666666668,1.0,0.0,0.0
2025-12-04 20:00:00,20,3,12,338,-0.8660254037844386,0.5000000000000001,0.43388373911755823,-0.900968867902419,-2.4492935982947064e-16,1.0,0,0,3877.99,4050.42,4047.7,3603.16,3484.77,3508.57,3427.1454166666663,746.7622822674304,3278.775892857143,-172.4300000000003,19.3,45.3,21.891666666666666,0.0,0.0,0.0
2025-08-07 07:00:00,7,3,8,219,0.9659258262890683,-0.25881904510252063,0.43388373911755823,-0.900968867902419,-0.8660254037844384,-0.5000000000000004,0,0,4735.69,4773.32,4982.08,4627.32,4691.14,4645.11,5836.019583333334,679.1755253981331,5521.864940476191,-37.63000000000011,27.1,94.7,28.075,0.0,1.0,0.0
2025-12-07 21:00:00,21,6,12,341,-0.7071067811865477,0.7071067811865474,-0.7818314824680299,0.6234898018587334,-2.4492935982947064e-16,1.0,1,0,3284.42,3507.97,3566.96,3264.24,3299.33,3014.51,3191.2833333333333,865.8673306182319,3315.7374404761904,-223.54999999999973,20.1,40.5,22.020833333333332,0.0,0.0,0.0
2025-11-25 17:00:00,17,1,11,329,-0.9659258262890683,-0.25881904510252063,0.7818314824680298,0.6234898018587336,-0.5000000000000004,0.8660254037844384,0,0,3539.98,3477.17,3660.6,3756.32,3441.07,3830.9,3237.0849999999996,821.5231312047184,3220.8045238095233,62.809999999999945,30.0,49.6,25.279166666666665,0.0,0.0,0.0
2025-07-11 02:00:00,2,4,7,192,0.49999999999999994,0.8660254037844387,-0.433883739117558,-0.9009688679024191,-0.4999999999999997,-0.8660254037844388,0,0,5309.1,5673.18,5862.22,5214.03,5867.83,6257.92,5357.43625,462.2127410790215,5992.629047619048,-364.0799999999999,25.9,72.5,29.266666666666666,0.0,0.0,0.0
2025-09-01 06:00:00,6,0,9,244,1.0,6.123233995736766e-17,0.0,1.0,-1.0,-1.8369701987210297e-16,0,0,4130.95,4132.12,4319.25,4388.52,4354.9,4495.36,4813.946666666667,380.2658968425474,5256.873690476191,-1.1700000000000728,25.7,84.7,28.508333333333336,0.0,1.0,0.0
2025-10-21 21:00:00,21,1,10,294,-0.7071067811865477,0.7071067811865474,0.7818314824680298,0.6234898018587336,-0.8660254037844386,0.5000000000000001,0,0,3712.86,3767.01,3838.09,3579.17,3791.28,3894.07,3441.4095833333336,287.2938300081361,3742.833095238095,-54.15000000000009,25.1,62.9,29.8875,1.0,0.0,0.0
2025-12-13 07:00:00,7,5,12,347,0.9659258262890683,-0.25881904510252063,-0.9749279121818236,-0.2225209339563146,-2.4492935982947064e-16,1.0,1,0,3008.63,2403.0,1928.83,4139.74,3777.46,3809.26,3423.1879166666663,932.5456463800991,3358.2632738095235,605.6300000000001,21.5,59.3,21.770833333333332,1.0,0.0,0.0
2025-10-22 02:00:00,2,2,10,295,0.49999999999999994,0.8660254037844387,0.9749279121818236,-0.22252093395631434,-0.8660254037844386,0.5000000000000001,0,1,3067.07,3249.95,3447.01,3036.64,3002.72,2951.82,3433.8912500000006,297.240207244533,3738.774107142857,-182.87999999999965,21.0,74.7,29.629166666666663,0.0,0.0,1.0
2025-08-17 05:00:00,5,6,8,229,0.9659258262890683,0.25881904510252074,-0.7818314824680299,0.6234898018587334,-0.8660254037844384,-0.5000000000000004,1,0,4533.9,4734.89,5095.9,4057.99,4282.73,3920.63,5048.37375,518.7162077233774,5267.440595238096,-200.9900000000007,24.5,85.7,27.254166666666663,1.0,0.0,0.0
2025-09-16 21:00:00,21,1,9,259,-0.7071067811865477,0.7071067811865474,0.7818314824680298,0.6234898018587336,-1.0,-1.8369701987210297e-16,0,0,6276.84,6264.97,6251.23,6424.85,6266.17,6253.0,5986.183333333334,657.2944180612741,5689.280892857142,11.86999999999989,28.7,58.3,29.891666666666666,0.0,0.0,0.0
2026-01-01 23:00:00,23,3,1,1,-0.25881904510252157,0.9659258262890681,0.43388373911755823,-0.900968867902419,0.49999999999999994,0.8660254037844387,0,1,3527.06,3685.31,3883.53,3215.63,3114.74,2900.14,3890.3875000000003,1110.674074144221,3697.9344047619047,-158.25,18.2,42.8,20.820833333333333,0.0,0.0,0.0
2026-01-01 18:00:00,18,3,1,1,-1.0,-1.8369701987210297e-16,0.43388373911755823,-0.900968867902419,0.49999999999999994,0.8660254037844387,0,1,4131.91,4030.54,4276.8,4567.0,4335.47,4111.77,3955.6975,1121.991706193689,3694.7589285714284,101.36999999999989,22.8,46.7,21.320833333333333,0.0,0.0,0.0
2026-01-01 11:00:00,11,3,1,1,0.258819045102521,-0.9659258262890682,0.43388373911755823,-0.900968867902419,0.49999999999999994,0.8660254037844387,0,1,5572.05,5468.57,4837.53,5464.15,5176.58,4845.83,4004.5120833333335,1135.5567063664255,3671.5924999999997,103.48000000000047,24.5,36.9,21.40833333333333,0.0,0.0,0.0
2025-12-13 20:00:00,20,5,12,347,-0.8660254037844386,0.5000000000000001,-0.9749279121818236,-0.2225209339563146,-2.4492935982947064e-16,1.0,1,0,3666.21,3756.38,3724.55,3762.02,3699.91,3582.78,3255.0820833333332,801.8280513003073,3357.8073214285714,-90.17000000000007,20.6,42.3,21.695833333333336,0.0,0.0,0.0
2025-10-03 00:00:00,0,4,10,276,0.0,1.0,-0.433883739117558,-0.9009688679024191,-0.8660254037844386,0.5000000000000001,0,0,4935.85,4912.84,4764.0,5475.59,5181.72,6237.42,4560.422916666667,353.52828997534937,5600.914404761905,23.01000000000022,24.3,67.4,29.879166666666663,1.0,0.0,0.0
2025-06-28 13:00:00,13,5,6,179,-0.2588190451025208,-0.9659258262890683,-0.9749279121818236,-0.2225209339563146,1.2246467991473532e-16,-1.0,1,0,6851.77,6601.4,6302.47,7173.46,7048.8,6436.36,6676.948333333334,769.455439835699,6331.329345238096,250.3700000000008,32.0,87.1,31.791666666666668,0.0,0.0,1.0
2025-09-08 23:00:00,23,0,9,251,-0.25881904510252157,0.9659258262890681,0.0,1.0,-1.0,-1.8369701987210297e-16,0,0,6089.67,5944.79,5721.74,5240.15,5431.24,4403.42,5275.8025,711.0334742395395,4871.257261904761,144.8800000000001,24.6,75.9,28.75833333333333,1.0,0.0,0.0
2025-09-25 08:00:00,8,3,9,268,0.8660254037844387,-0.4999999999999998,0.43388373911755823,-0.900968867902419,-1.0,-1.8369701987210297e-16,0,0,4633.51,4653.9,4725.45,4687.8,4807.48,4932.4,5694.735416666666,603.2027137738895,5783.757083333333,-20.389999999999418,28.5,88.0,28.379166666666666,0.0,1.0,0.0
2025-09-19 03:00:00,3,4,9,262,0.7071067811865475,0.7071067811865476,-0.433883739117558,-0.9009688679024191,-1.0,-1.8369701987210297e-16,0,0,5517.59,5904.92,6331.53,5316.54,5418.73,4844.74,5884.985,597.3543848467749,5782.894107142857,-387.3299999999999,26.1,67.8,29.508333333333336,1.0,0.0,0.0
2025-11-12 05:00:00,5,2,11,316,0.9659258262890683,0.25881904510252074,0.9749279121818236,-0.22252093395631434,-0.5000000000000004,0.8660254037844384,0,0,2044.99,1902.26,1940.04,2644.44,2595.77,2743.42,3172.165833333333,697.163691426061,3193.5722023809526,142.73000000000002,22.2,60.6,25.59166666666667,1.0,0.0,0.0
2025-10-12 07:00:00,7,6,10,285,0.9659258262890683,-0.25881904510252063,-0.7818314824680299,0.6234898018587334,-0.8660254037844386,0.5000000000000001,1,0,2969.96,2766.44,2675.59,3342.76,3423.44,4071.25,3613.4216666666666,563.9526012358053,3987.7805357142856,203.51999999999998,29.1,57.4,30.2,1.0,0.0,0.0
2025-09-25 14:00:00,14,3,9,268,-0.4999999999999997,-0.8660254037844388,0.43388373911755823,-0.900968867902419,-1.0,-1.8369701987210297e-16,0,0,5924.63,5903.03,5795.43,6226.74,6230.79,6189.72,5701.170416666667,601.6638657089496,5772.319226190476,21.600000000000364,29.6,85.9,28.270833333333332,0.0,1.0,0.0
2025-08-09 02:00:00,2,5,8,221,0.49999999999999994,0.8660254037844387,-0.9749279121818236,-0.2225209339563146,-0.8660254037844384,-0.5000000000000004,1,1,5899.66,6292.99,6718.06,5840.26,5561.56,5010.83,6048.709583333333,688.2450694747836,5692.050654761905,-393.3299999999999,24.6,74.3,28.154166666666665,1.0,0.0,0.0
2025-08-11 18:00:00,18,0,8,223,-1.0,-1.8369701987210297e-16,0.0,1.0,-0.8660254037844384,-0.5000000000000004,0,0,6075.06,6185.16,6305.14,5112.75,4333.57,5888.32,5473.8325,615.6839299740379,5517.171428571428,-110.09999999999945,32.2,61.4,28.15833333333333,0.0,0.0,0.0
2025-12-21 20:00:00,20,6,12,355,-0.8660254037844386,0.5000000000000001,-0.7818314824680299,0.6234898018587334,-2.4492935982947064e-16,1.0,1,0,3905.54,3958.95,3904.27,3911.39,3762.02,3452.96,3518.0066666666667,1021.3628344336624,3544.7340476190475,-53.409999999999854,22.9,48.3,21.145833333333332,0.0,0.0,0.0
2025-12-06 15:00:00,15,5,12,340,-0.7071067811865471,-0.7071067811865479,-0.9749279121818236,-0.2225209339563146,-2.4492935982947064e-16,1.0,1,0,3381.38,3549.42,4062.78,3775.66,3682.5,3400.47,3335.9266666666663,837.2074994817353,3295.15630952381,-168.03999999999996,25.0,58.7,21.733333333333334,1.0,0.0,0.0
2025-09-24 07:00:00,7,2,9,267,0.9659258262890683,-0.25881904510252063,0.9749279121818236,-0.22252093395631434,-1.0,-1.8369701987210297e-16,0,0,4638.42,4701.29,4866.21,4714.33,4784.5,4934.07,5676.736666666667,575.5864715731161,5826.324642857143,-62.86999999999989,29.0,88.6,29.15833333333333,0.0,1.0,0.0
2025-12-20 16:00:00,16,5,12,354,-0.8660254037844384,-0.5000000000000004,-0.9749279121818236,-0.2225209339563146,-2.4492935982947064e-16,1.0,1,0,3902.55,4050.0,4377.79,3968.56,3794.75,3413.05,3627.1879166666663,999.8606767770596,3493.4425000000006,-147.44999999999982,24.3,41.3,21.787499999999998,0.0,0.0,0.0
2025-06-27 15:00:00,15,4,6,178,-0.7071067811865471,-0.7071067811865479,-0.433883739117558,-0.9009688679024191,1.2246467991473532e-16,-1.0,0,0,7529.68,7173.46,7050.54,7439.51,7079.87,6671.1,6607.83625,732.5124244787648,6233.764107142857,356.22000000000025,34.8,62.1,30.908333333333335,1.0,0.0,0.0
2025-07-27 06:00:00,6,6,7,208,1.0,6.123233995736766e-17,-0.7818314824680299,0.6234898018587334,-0.4999999999999997,-0.8660254037844388,1,0,5421.41,5630.28,5864.55,4919.68,5060.83,4432.39,6205.579583333333,708.7970734646099,5805.58,-208.8699999999999,29.0,73.2,28.224999999999998,1.0,0.0,0.0
2025-12-17 00:00:00,0,2,12,351,0.0,1.0,0.9749279121818236,-0.22252093395631434,-2.4492935982947064e-16,1.0,0,0,2697.08,3127.36,3332.54,2412.28,2449.69,2505.01,3462.8524999999995,867.0871799469244,3391.8232738095235,-430.2800000000002,16.7,57.4,21.47083333333333,1.0,0.0,0.0
2025-10-01 09:00:00,9,2,10,274,0.7071067811865476,-0.7071067811865475,0.9749279121818236,-0.22252093395631434,-0.8660254037844386,0.5000000000000001,0,0,4467.65,4344.21,4287.03,6093.62,5835.17,5352.17,5190.381666666667,635.890403331662,5800.754047619048,123.4399999999996,32.6,48.2,28.24166666666667,0.0,0.0,0.0
2025-07-14 13:00:00,13,0,7,195,-0.2588190451025208,-0.9659258262890683,0.0,1.0,-0.4999999999999997,-0.8660254037844388,0,0,5642.23,5555.58,5494.44,5385.31,6024.2,5982.26,5191.402083333333,444.4191578070527,5599.533630952381,86.64999999999964,32.0,71.4,27.712500000000002,1.0,0.0,0.0
2025-09-30 09:00:00,9,1,9,273,0.7071067811865476,-0.7071067811865475,0.7818314824680298,0.6234898018587336,-1.0,-1.8369701987210297e-16,0,0,5378.59,5186.22,5206.2,5835.17,5126.05,5381.19,6304.89125,621.7998840624816,5868.720714285714,192.3699999999999,32.2,88.3,29.245833333333334,0.0,1.0,0.0
2025-08-04 01:00:00,1,0,8,216,0.25881904510252074,0.9659258262890683,0.0,1.0,-0.8660254037844384,-0.5000000000000004,0,0,6258.08,6494.52,6460.53,5434.62,5313.69,6599.33,5294.113333333334,706.5538055801048,5654.104166666667,-236.4400000000005,24.2,74.3,27.837500000000002,0.0,0.0,0.0
2025-12-09 08:00:00,8,1,12,343,0.8660254037844387,-0.4999999999999998,0.7818314824680298,0.6234898018587336,-2.4492935982947064e-16,1.0,0,0,4144.28,3769.61,2763.42,4013.02,3839.88,3976.16,3386.4850000000006,806.9736228166262,3332.840892857143,374.6699999999996,23.3,40.9,21.783333333333335,0.0,0.0,0.0
2025-12-05 10:00:00,10,4,12,339,0.49999999999999994,-0.8660254037844387,-0.433883739117558,-0.9009688679024191,-2.4492935982947064e-16,1.0,0,0,4385.24,4010.3,3944.54,4382.68,4279.74,4389.33,3368.3624999999997,874.4349191049344,3287.9551785714284,374.9399999999996,25.4,45.2,21.55,1.0,0.0,0.0
2025-12-23 12:00:00,12,1,12,357,1.2246467991473532e-16,-1.0,0.7818314824680298,0.6234898018587336,-2.4492935982947064e-16,1.0,0,0,4907.56,5011.76,5013.88,4804.97,4909.37,4339.88,3706.7929166666668,1007.2836542058519,3600.403869047619,-104.19999999999982,28.7,45.1,21.704166666666666,0.0,0.0,0.0
2025-11-01 17:00:00,17,5,11,305,-0.9659258262890683,-0.25881904510252063,-0.9749279121818236,-0.2225209339563146,-0.5000000000000004,0.8660254037844384,1,0,3868.08,3873.19,3886.16,4414.37,4225.45,4048.08,3604.277083333334,556.0829420578348,3517.811309523809,-5.110000000000127,30.1,41.1,26.27916666666667,0.0,0.0,0.0
2025-11-18 12:00:00,12,1,11,322,1.2246467991473532e-16,-1.0,0.7818314824680298,0.6234898018587336,-0.5000000000000004,0.8660254037844384,0,0,4022.8,4075.24,4045.72,3938.57,3843.36,3807.84,3220.3545833333333,732.5480916041756,3163.8189285714284,-52.4399999999996,32.6,37.6,26.150000000000002,0.0,0.0,0.0
2025-11-03 19:00:00,19,0,11,307,-0.9659258262890684,0.2588190451025203,0.0,1.0,-0.5000000000000004,0.8660254037844384,0,0,4098.09,4072.55,3832.61,3730.82,4011.26,3732.64,3394.12625,564.0875076333381,3496.0782142857142,25.539999999999964,25.3,58.4,24.466666666666665,1.0,0.0,0.0
2025-08-17 15:00:00,15,6,8,229,-0.7071067811865471,-0.7071067811865479,-0.7818314824680299,0.6234898018587334,-0.8660254037844384,-0.5000000000000004,1,0,5730.38,5601.45,5509.24,5557.86,4210.54,5402.88,5114.308333333333,477.1048152333719,5290.520119047619,128.9300000000003,33.0,63.0,28.020833333333332,0.0,0.0,0.0
2025-08-03 16:00:00,16,6,8,215,-0.8660254037844384,-0.5000000000000004,-0.7818314824680299,0.6234898018587334,-0.8660254037844384,-0.5000000000000004,1,0,5710.99,5680.19,5476.87,6034.65,5986.44,6467.07,5255.5175,627.265786730149,5691.951666666666,30.800000000000182,31.4,69.0,28.295833333333334,0.0,0.0,0.0
2025-10-25 15:00:00,15,5,10,298,-0.7071067811865471,-0.7071067811865479,-0.9749279121818236,-0.2225209339563146,-0.8660254037844386,0.5000000000000001,1,0,3904.84,3864.85,4044.66,4142.71,3812.54,4363.53,3588.9812500000003,529.0905143103631,3536.2620238095237,39.99000000000024,34.1,67.0,28.762500000000003,1.0,0.0,0.0
2025-12-08 02:00:00,2,0,12,342,0.49999999999999994,0.8660254037844387,0.0,1.0,-2.4492935982947064e-16,1.0,0,0,1878.49,2178.26,2463.19,1851.41,1900.66,1897.67,3160.9254166666665,884.8675432244378,3315.873928571428,-299.7700000000002,13.9,72.0,21.845833333333335,0.0,1.0,0.0
2026-01-02 06:00:00,6,4,1,2,1.0,6.123233995736766e-17,-0.433883739117558,-0.9009688679024191,0.49999999999999994,0.8660254037844387,0,0,2485.09,1982.36,1844.11,3470.09,3615.94,3603.61,3831.0508333333332,1191.331566342691,3696.885,502.73000000000025,15.0,71.8,20.599999999999998,0.0,0.0,1.0
2025-07-04 00:00:00,0,4,7,185,0.0,1.0,-0.433883739117558,-0.9009688679024191,-0.4999999999999997,-0.8660254037844388,0,0,7397.33,7360.47,7013.17,6905.19,6247.68,7241.55,6376.042083333333,797.076182824395,5951.310952380953,36.85999999999967,24.9,66.9,28.195833333333336,0.0,0.0,0.0
2025-08-22 02:00:00,2,4,8,234,0.49999999999999994,0.8660254037844387,-0.433883739117558,-0.9009688679024191,-0.8660254037844384,-0.5000000000000004,0,0,6089.81,6518.93,6820.78,5637.78,5215.12,4806.55,6054.0275,700.245073548019,5397.97505952381,-429.1199999999999,24.4,88.6,28.59166666666667,1.0,0.0,0.0
2025-11-24 05:00:00,5,0,11,328,0.9659258262890683,0.25881904510252074,0.0,1.0,-0.5000000000000004,0.8660254037844384,0,0,1913.85,1778.22,1845.38,2187.97,2521.24,2564.61,3038.7845833333336,758.7453775404571,3216.406071428572,135.62999999999988,23.4,58.2,24.9375,1.0,0.0,0.0
2025-07-09 18:00:00,18,2,7,190,-1.0,-1.8369701987210297e-16,0.9749279121818236,-0.22252093395631434,-0.4999999999999997,-0.8660254037844388,0,0,6642.4,6980.79,7163.73,6725.83,6004.11,6354.17,6279.958333333333,852.1683646754489,6191.317797619047,-338.3900000000003,27.9,94.2,28.07083333333333,0.0,1.0,0.0
2025-12-12 20:00:00,20,4,12,346,-0.8660254037844386,0.5000000000000001,-0.433883739117558,-0.9009688679024191,-2.4492935982947064e-16,1.0,0,0,4019.96,4078.59,3940.96,3699.91,3754.31,3682.68,3495.0125000000003,879.2665485369805,3360.1318452380956,-58.63000000000011,20.6,44.6,21.358333333333334,0.0,0.0,0.0
2025-10-06 13:00:00,13,0,10,279,-0.2588190451025208,-0.9659258262890683,0.0,1.0,-0.8660254037844386,0.5000000000000001,0,0,5105.1,5145.55,4931.99,4756.41,5392.3,6606.51,4887.8324999999995,468.7054112752747,5154.119821428571,-40.44999999999982,30.6,59.0,29.791666666666668,1.0,0.0,0.0
2025-10-22 13:00:00,13,2,10,295,-0.2588190451025208,-0.9659258262890683,0.9749279121818236,-0.22252093395631434,-0.8660254037844386,0.5000000000000001,0,1,3824.37,3820.23,3762.3,3672.73,3563.24,4298.91,3443.0775,339.8415649176945,3711.0974404761905,4.139999999999873,34.0,49.7,29.983333333333334,0.0,0.0,0.0
2025-09-02 09:00:00,9,1,9,245,0.7071067811865476,-0.7071067811865475,0.7818314824680298,0.6234898018587336,-1.0,-1.8369701987210297e-16,0,0,4311.04,4124.3,4018.54,5024.99,4569.14,5131.5,4562.885,589.0575804733021,5167.685952380953,186.73999999999978,31.8,67.7,28.504166666666663,1.0,0.0,0.0
2025-12-11 05:00:00,5,3,12,345,0.9659258262890683,0.25881904510252074,0.43388373911755823,-0.900968867902419,-2.4492935982947064e-16,1.0,0,0,2239.86,2131.56,2185.9,2815.73,2763.42,2866.83,3500.2029166666666,782.2905924020406,3358.467023809524,108.30000000000018,18.9,45.5,21.633333333333336,0.0,0.0,0.0
2025-12-20 13:00:00,13,5,12,354,-0.2588190451025208,-0.9659258262890683,-0.9749279121818236,-0.2225209339563146,-2.4492935982947064e-16,1.0,1,0,4741.54,5074.71,4959.42,4573.01,4100.61,3768.98,3648.8008333333332,1012.6737465477933,3483.8213095238093,-333.1700000000001,29.1,48.5,21.691666666666666,0.0,0.0,0.0
2025-08-13 19:00:00,19,2,8,225,-0.9659258262890684,0.2588190451025203,0.9749279121818236,-0.22252093395631434,-0.8660254037844384,-0.5000000000000004,0,0,6174.32,6391.14,6546.57,5887.36,5971.26,6119.39,5757.502916666667,638.095366965869,5528.840357142857,-216.82000000000062,29.7,76.4,28.645833333333332,0.0,0.0,0.0
2025-12-22 09:00:00,9,0,12,356,0.7071067811865476,-0.7071067811865475,0.0,1.0,-2.4492935982947064e-16,1.0,0,0,4562.63,3978.51,3458.87,4792.86,4853.6,4565.62,3633.507083333334,924.6223090890028,3556.2702976190476,584.1199999999999,24.2,42.5,21.395833333333332,0.0,0.0,0.0
2025-06-28 05:00:00,5,5,6,179,0.9659258262890683,0.25881904510252074,-0.9749279121818236,-0.2225209339563146,1.2246467991473532e-16,-1.0,1,0,5984.4,6265.13,6639.45,5554.01,5257.41,5036.65,6707.279166666666,770.5795796271793,6305.104226190476,-280.7300000000005,25.2,78.2,31.84166666666667,0.0,0.0,1.0
2025-10-08 12:00:00,12,2,10,281,1.2246467991473532e-16,-1.0,0.9749279121818236,-0.22252093395631434,-0.8660254037844386,0.5000000000000001,0,0,4396.62,4409.19,4220.54,4813.69,5105.1,5735.88,3909.0420833333337,685.9516399736019,4679.590178571429,-12.569999999999709,34.9,46.1,28.95833333333333,0.0,0.0,0.0
2025-08-31 10:00:00,10,6,8,243,0.49999999999999994,-0.8660254037844387,-0.7818314824680299,0.6234898018587334,-0.8660254037844384,-0.5000000000000004,1,0,4569.14,4239.51,4357.18,5482.58,5670.17,5051.46,5379.847083333333,619.7815962479555,5298.373988095238,329.6300000000001,32.3,80.2,27.837500000000002,1.0,0.0,0.0
2025-09-10 08:00:00,8,2,9,253,0.8660254037844387,-0.4999999999999998,0.9749279121818236,-0.22252093395631434,-1.0,-1.8369701987210297e-16,0,0,4824.82,4805.68,4662.89,4752.25,4631.91,4311.74,5718.860416666666,610.6570686562459,5084.65619047619,19.139999999999418,29.1,89.9,28.629166666666666,0.0,0.0,1.0
2025-07-13 14:00:00,14,6,7,194,-0.4999999999999997,-0.8660254037844388,-0.7818314824680299,0.6234898018587334,-0.4999999999999997,-0.8660254037844388,1,0,5385.31,5259.6,5038.38,6230.79,6083.28,6229.93,5227.3758333333335,596.2293108609589,5688.112142857142,125.71000000000004,30.3,94.7,28.608333333333334,0.0,0.0,1.0
2025-12-09 16:00:00,16,1,12,343,-0.8660254037844384,-0.5000000000000004,0.7818314824680298,0.6234898018587336,-2.4492935982947064e-16,1.0,0,0,3665.08,3758.28,3786.75,3606.14,3236.49,3545.23,3402.1029166666667,821.1247639908322,3336.7037499999997,-93.20000000000027,23.1,65.4,21.45,0.0,1.0,0.0
2025-09-28 11:00:00,11,6,9,271,0.258819045102521,-0.9659258262890682,-0.7818314824680299,0.6234898018587334,-1.0,-1.8369701987210297e-16,1,0,5483.56,5126.05,4755.81,5893.4,5917.04,5450.55,5882.271250000001,616.1963499483669,5753.680119047618,357.5100000000002,31.2,79.8,29.366666666666664,0.0,1.0,0.0
2025-07-30 10:00:00,10,2,7,211,0.49999999999999994,-0.8660254037844387,0.9749279121818236,-0.22252093395631434,-0.4999999999999997,-0.8660254037844388,0,0,5535.61,4943.08,4798.26,5826.14,6363.22,5514.15,5688.727083333334,543.9977230089842,6062.906785714285,592.5299999999997,33.7,63.1,28.270833333333332,0.0,0.0,0.0
2025-08-19 17:00:00,17,1,8,231,-0.9659258262890683,-0.25881904510252063,0.7818314824680298,0.6234898018587336,-0.8660254037844384,-0.5000000000000004,0,0,6122.34,6200.45,6163.72,6127.88,5104.62,6061.44,5731.203333333332,567.3759360551949,5296.43125,-78.10999999999967,33.4,66.4,28.604166666666668,0.0,0.0,0.0
2025-10-29 02:00:00,2,2,10,302,0.49999999999999994,0.8660254037844387,0.9749279121818236,-0.22252093395631434,-0.8660254037844386,0.5000000000000001,0,0,2576.81,2748.36,2992.28,2492.3,2649.54,2928.28,3437.4154166666667,560.4007070720294,3473.1854166666667,-171.55000000000018,26.3,55.8,29.03333333333333,0.0,0.0,0.0
2025-11-10 06:00:00,6,0,11,314,1.0,6.123233995736766e-17,0.0,1.0,-0.5000000000000004,0.8660254037844384,0,0,2595.77,1999.76,1864.37,2622.09,2925.63,3420.0,2956.8920833333327,610.8846192629628,3273.659404761904,596.01,22.7,56.7,25.34583333333333,1.0,0.0,0.0
2025-12-03 19:00:00,19,2,12,337,-0.9659258262890684,0.2588190451025203,0.9749279121818236,-0.22252093395631434,-2.4492935982947064e-16,1.0,0,0,3905.84,3895.13,3602.91,3745.72,3825.03,3781.12,3367.2862499999997,730.3513585452263,3256.478988095238,10.710000000000036,20.2,57.3,21.50833333333333,1.0,0.0,0.0
2025-12-17 13:00:00,13,2,12,351,-0.2588190451025208,-0.9659258262890683,0.9749279121818236,-0.22252093395631434,-2.4492935982947064e-16,1.0,0,0,4515.06,4738.71,4758.99,3971.34,3955.11,3902.5,3481.1974999999998,947.3043405426358,3392.3567261904764,-223.64999999999964,28.1,33.3,21.454166666666666,0.0,0.0,0.0
2025-07-07 01:00:00,1,0,7,188,0.25881904510252074,0.9659258262890683,0.0,1.0,-0.4999999999999997,-0.8660254037844388,0,0,6855.59,7137.11,7112.9,6590.72,6413.63,5419.21,5992.131249999999,644.4046755849733,6005.321428571428,-281.5199999999995,25.9,79.5,28.125,1.0,0.0,0.0
2026-01-10 09:00:00,9,5,1,10,0.7071067811865476,-0.7071067811865475,-0.9749279121818236,-0.2225209339563146,0.49999999999999994,0.8660254037844387,1,0,4808.54,4337.25,3520.53,5861.45,5468.57,5019.01,4227.6795833333335,1252.7853081884737,3964.016964285714,471.28999999999996,23.9,41.8,20.066666666666666,0.0,0.0,0.0
2025-12-05 18:00:00,18,4,12,339,-1.0,-1.8369701987210297e-16,-0.433883739117558,-0.9009688679024191,-2.4492935982947064e-16,1.0,0,0,4070.83,3731.92,3775.66,4050.42,3905.84,3921.49,3416.2779166666674,912.1401400766225,3293.9237500000004,338.90999999999985,18.1,59.7,21.654166666666665,1.0,0.0,0.0
2025-08-14 00:00:00,0,3,8,226,0.0,1.0,0.43388373911755823,-0.900968867902419,-0.8660254037844384,-0.5000000000000004,0,0,6759.63,6778.53,6580.2,6087.41,6108.66,6371.91,5846.7595833333335,711.1045507089356,5532.679166666667,-18.899999999999636,22.4,95.9,28.5,0.0,1.0,0.0
2025-10-03 06:00:00,6,4,10,276,1.0,6.123233995736766e-17,-0.433883739117558,-0.9009688679024191,-0.8660254037844386,0.5000000000000001,0,0,3862.12,3888.0,4069.32,4314.15,4287.03,4758.99,4402.608333333334,298.82197177337224,5559.533988095239,-25.88000000000011,29.7,44.8,29.645833333333332,0.0,0.0,0.0
2025-07-24 00:00:00,0,3,7,205,0.0,1.0,0.43388373911755823,-0.900968867902419,-0.4999999999999997,-0.8660254037844388,0,0,6026.74,6013.66,5898.87,5680.13,5792.36,5982.75,5414.844166666667,533.8568674883879,5461.569464285714,13.079999999999927,23.9,90.9,27.541666666666668,1.0,0.0,0.0
2026-01-04 21:00:00,21,6,1,4,-0.7071067811865477,0.7071067811865474,-0.7818314824680299,0.6234898018587334,0.49999999999999994,0.8660254037844387,1,0,4024.58,4127.88,4153.79,3809.9,3890.24,3451.19,3641.955416666666,1041.50555560932,3798.535,-103.30000000000018,18.7,39.1,21.004166666666666,0.0,0.0,0.0
2025-10-22 10:00:00,10,2,10,295,0.49999999999999994,-0.8660254037844387,0.9749279121818236,-0.22252093395631434,-0.8660254037844386,0.5000000000000001,0,1,3611.07,3386.93,3235.93,3634.05,3519.82,4482.13,3427.7983333333336,325.2374514997106,3724.839523809524,224.14000000000033,35.7,45.5,29.870833333333334,0.0,0.0,0.0
2025-09-02 07:00:00,7,1,9,245,0.9659258262890683,-0.25881904510252063,0.7818314824680298,0.6234898018587336,-1.0,-1.8369701987210297e-16,0,0,4018.54,3702.07,3590.97,4312.88,4357.18,4440.89,4577.265,582.0347805534738,5171.242380952381,316.4699999999998,30.0,74.4,28.387500000000003,1.0,0.0,0.0
2026-01-05 10:00:00,10,0,1,5,0.49999999999999994,-0.8660254037844387,0.0,1.0,0.49999999999999994,0.8660254037844387,0,0,5316.71,4873.9,4452.67,5034.0,5151.57,5097.68,3754.1000000000004,1074.1979520230311,3810.931488095238,442.8100000000004,26.2,38.8,21.208333333333332,0.0,0.0,0.0
2025-08-20 20:00:00,20,2,8,232,-0.8660254037844386,0.5000000000000001,0.9749279121818236,-0.22252093395631434,-0.8660254037844384,-0.5000000000000004,0,0,6233.22,6227.62,6436.93,5800.1,5964.96,6278.89,5768.505833333334,664.7805271628692,5295.027500000001,5.600000000000364,26.6,98.0,28.266666666666666,0.0,0.0,1.0
2025-09-06 11:00:00,11,5,9,249,0.258819045102521,-0.9659258262890682,-0.9749279121818236,-0.2225209339563146,-1.0,-1.8369701987210297e-16,1,0,5247.7,4892.05,4359.99,5377.39,5497.01,5706.0,4912.0425000000005,491.66503313830344,4843.071369047619,355.64999999999964,34.0,81.3,29.629166666666666,1.0,0.0,0.0
2025-09-05 05:00:00,5,4,9,248,0.9659258262890683,0.25881904510252074,-0.433883739117558,-0.9009688679024191,-1.0,-1.8369701987210297e-16,0,1,3963.6,4134.14,4376.61,3706.39,3759.06,4581.7,4967.23125,631.3166025703725,4923.110892857143,-170.54000000000042,24.8,86.9,28.9375,0.0,1.0,0.0
2025-09-30 05:00:00,5,1,9,273,0.9659258262890683,0.25881904510252074,0.7818314824680298,0.6234898018587336,-1.0,-1.8369701987210297e-16,0,0,5494.81,5762.71,6115.46,5140.79,5046.1,4800.78,6272.753333333333,679.043801882743,5856.731130952381,-267.89999999999964,26.5,86.9,29.391666666666666,0.0,1.0,0.0
2025-08-27 22:00:00,22,2,8,239,-0.5000000000000004,0.8660254037844384,0.9749279121818236,-0.22252093395631434,-0.8660254037844384,-0.5000000000000004,0,1,5456.94,5437.82,5539.34,5424.22,5494.98,6715.18,5170.749583333333,522.7511691998781,5492.625595238095,19.11999999999989,24.2,93.7,28.195833333333336,0.0,1.0,0.0
2025-12-10 14:00:00,14,2,12,344,-0.4999999999999997,-0.8660254037844388,0.9749279121818236,-0.22252093395631434,-2.4492935982947064e-16,1.0,0,0,3902.5,4252.04,4421.22,3758.28,3623.92,3690.55,3468.112916666667,799.6113104637817,3352.5475595238095,-349.53999999999996,27.6,44.5,22.041666666666668,0.0,0.0,0.0
2025-11-21 16:00:00,16,4,11,325,-0.8660254037844384,-0.5000000000000004,-0.433883739117558,-0.9009688679024191,-0.5000000000000004,0.8660254037844384,0,0,3650.9,3718.23,3867.41,3612.68,3579.25,3541.11,3334.56125,802.4629126433132,3192.8497023809523,-67.32999999999993,24.0,69.7,25.379166666666666,0.0,1.0,0.0
2025-07-07 08:00:00,8,0,7,188,0.8660254037844387,-0.4999999999999998,0.0,1.0,-0.4999999999999997,-0.8660254037844388,0,0,4564.87,4685.0,4839.92,4850.14,5037.11,4603.74,5843.720416666667,746.5931574738639,6022.669404761905,-120.13000000000011,32.0,81.1,28.458333333333332,1.0,0.0,0.0
2025-09-02 05:00:00,5,1,9,245,0.9659258262890683,0.25881904510252074,0.7818314824680298,0.6234898018587336,-1.0,-1.8369701987210297e-16,0,0,3590.97,3705.63,3836.61,4130.95,4480.49,4218.0,4606.644583333334,550.5620813786672,5176.635178571429,-114.66000000000031,26.7,83.8,28.47083333333333,0.0,1.0,0.0
2025-08-15 11:00:00,11,4,8,227,0.258819045102521,-0.9659258262890682,-0.433883739117558,-0.9009688679024191,-0.8660254037844384,-0.5000000000000004,0,0,4196.13,4058.78,4060.32,5552.62,5929.0,6186.94,5036.207916666667,614.079240744133,5378.2057738095245,137.3499999999999,35.9,64.4,28.11666666666667,0.0,0.0,0.0
2025-09-25 22:00:00,22,3,9,268,-0.5000000000000004,0.8660254037844384,0.43388373911755823,-0.900968867902419,-1.0,-1.8369701987210297e-16,0,0,6131.63,5943.29,6053.25,6369.93,6292.32,6573.08,5717.877083333334,614.4946959227786,5768.532678571429,188.34000000000015,28.8,62.3,28.9875,0.0,0.0,0.0
2025-06-28 17:00:00,17,5,6,179,-0.9659258262890683,-0.25881904510252063,-0.9749279121818236,-0.2225209339563146,1.2246467991473532e-16,-1.0,1,0,6243.12,6893.47,7102.27,7225.58,7124.98,6216.94,6568.462500000001,700.8624505766155,6333.779166666667,-650.3500000000004,37.1,50.9,32.12083333333334,0.0,0.0,0.0
2025-08-20 14:00:00,14,2,8,232,-0.4999999999999997,-0.8660254037844388,0.9749279121818236,-0.22252093395631434,-0.8660254037844384,-0.5000000000000004,0,0,6233.08,6199.71,6011.28,6163.72,6406.8,6588.58,5658.390833333334,562.1507709867802,5293.670238095238,33.36999999999989,36.2,60.6,28.15833333333333,0.0,0.0,0.0
2025-07-26 00:00:00,0,5,7,207,0.0,1.0,-0.9749279121818236,-0.2225209339563146,-0.4999999999999997,-0.8660254037844388,1,0,7316.9,7296.02,7024.73,6672.68,5784.65,5684.04,6407.146250000001,824.4501024098339,5646.394404761905,20.8799999999992,23.8,81.3,28.229166666666668,1.0,0.0,0.0
2025-10-07 16:00:00,16,1,10,280,-0.8660254037844384,-0.5000000000000004,0.7818314824680298,0.6234898018587336,-0.8660254037844386,0.5000000000000001,0,0,4769.33,4748.75,4655.04,4662.1,5206.15,5588.59,4089.0575000000003,630.4991422692157,4830.083392857143,20.579999999999927,32.4,48.1,29.795833333333334,0.0,0.0,0.0
2026-01-07 05:00:00,5,2,1,7,0.9659258262890683,0.25881904510252074,0.9749279121818236,-0.22252093395631434,0.49999999999999994,0.8660254037844387,0,0,2107.45,1986.9,2096.74,2637.85,2577.95,2689.36,4126.618750000001,1221.7977955822735,3890.1323214285712,120.54999999999973,21.4,38.5,21.158333333333335,0.0,0.0,0.0
2025-10-25 20:00:00,20,5,10,298,-0.8660254037844386,0.5000000000000001,-0.9749279121818236,-0.2225209339563146,-0.8660254037844386,0.5000000000000001,1,0,4053.94,4143.38,4048.08,3957.23,3789.38,4177.46,3544.3170833333334,480.59775044693527,3524.5704166666665,-89.44000000000005,28.4,56.0,28.77916666666667,0.0,0.0,0.0
2025-12-14 01:00:00,1,6,12,348,0.25881904510252074,0.9659258262890683,-0.7818314824680299,0.6234898018587334,-2.4492935982947064e-16,1.0,1,0,2350.81,2638.84,2911.08,2149.17,2122.62,1993.76,3223.7904166666667,795.7340546968084,3356.257261904762,-288.0300000000002,16.9,48.9,21.791666666666668,0.0,0.0,0.0
2025-10-05 16:00:00,16,6,10,278,-0.8660254037844384,-0.5000000000000004,-0.7818314824680299,0.6234898018587334,-0.8660254037844386,0.5000000000000001,1,0,4972.84,4919.31,4756.41,5579.01,5807.41,6251.87,4901.470833333334,523.4572333257448,5295.024047619047,53.529999999999745,35.2,51.8,29.820833333333336,0.0,0.0,0.0
2025-09-23 08:00:00,8,1,9,266,0.8660254037844387,-0.4999999999999998,0.7818314824680298,0.6234898018587336,-1.0,-1.8369701987210297e-16,0,0,4714.33,4734.28,4800.78,4909.58,4498.81,4911.62,5849.18,643.3010190720572,5875.395952380953,-19.949999999999818,28.8,93.6,28.641666666666666,0.0,0.0,1.0
2025-07-25 11:00:00,11,4,7,206,0.258819045102521,-0.9659258262890682,-0.433883739117558,-0.9009688679024191,-0.4999999999999997,-0.8660254037844388,0,0,6406.23,5987.85,5334.6,6070.11,5651.32,5930.63,6181.243750000001,644.8971305619749,5554.166488095238,418.3799999999992,32.4,85.4,28.787499999999998,0.0,1.0,0.0
2025-11-20 13:00:00,13,3,11,324,-0.2588190451025208,-0.9659258262890683,0.43388373911755823,-0.900968867902419,-0.5000000000000004,0.8660254037844384,0,0,3966.61,4057.31,4102.18,3779.66,3703.18,3564.08,3277.3270833333336,737.5594045904879,3184.4964285714286,-90.69999999999982,30.7,43.9,25.670833333333334,0.0,0.0,0.0
2025-11-05 00:00:00,0,2,11,309,0.0,1.0,0.9749279121818236,-0.22252093395631434,-0.5000000000000004,0.8660254037844384,0,1,3007.62,3214.43,3382.53,2745.61,2751.21,2748.36,3474.4670833333334,606.4809129114955,3504.0092261904756,-206.80999999999995,19.3,49.0,25.287499999999998,0.0,0.0,0.0
2025-11-08 10:00:00,10,5,11,312,0.49999999999999994,-0.8660254037844387,-0.9749279121818236,-0.2225209339563146,-0.5000000000000004,0.8660254037844384,1,0,3680.1,3369.92,3267.42,3984.68,3922.55,4040.98,3219.0070833333334,678.4700662999769,3371.571071428571,310.17999999999984,28.6,38.8,25.358333333333334,0.0,0.0,0.0
2025-10-14 18:00:00,18,1,10,287,-1.0,-1.8369701987210297e-16,0.7818314824680298,0.6234898018587336,-0.8660254037844386,0.5000000000000001,0,0,4546.11,4449.17,4448.71,4622.37,4119.54,4461.83,3895.793333333333,604.4638276275855,3746.061011904762,96.9399999999996,33.0,47.7,29.024999999999995,0.0,0.0,0.0
2025-07-08 07:00:00,7,1,7,189,0.9659258262890683,-0.25881904510252063,0.7818314824680298,0.6234898018587336,-0.4999999999999997,-0.8660254037844388,0,0,4908.46,4928.22,5098.08,4564.87,4977.04,4452.77,5780.513333333332,619.8063642620416,6087.009464285714,-19.76000000000022,23.8,98.0,28.058333333333334,0.0,0.0,1.0
2025-09-25 13:00:00,13,3,9,268,-0.2588190451025208,-0.9659258262890683,0.43388373911755823,-0.900968867902419,-1.0,-1.8369701987210297e-16,0,0,5903.03,5795.43,5666.52,5890.03,5877.08,6147.51,5699.728749999999,601.1463774237453,5773.645892857143,107.59999999999945,32.0,82.1,28.379166666666666,0.0,1.0,0.0
2025-09-28 07:00:00,7,6,9,271,0.9659258262890683,-0.25881904510252063,-0.7818314824680299,0.6234898018587334,-1.0,-1.8369701987210297e-16,1,0,4881.81,5046.1,5256.77,4771.27,4751.58,4600.35,5899.277083333333,603.3499558262081,5747.251011904762,-164.28999999999996,28.9,82.2,29.566666666666666,0.0,1.0,0.0
2025-08-27 16:00:00,16,2,8,239,-0.8660254037844384,-0.5000000000000004,0.9749279121818236,-0.22252093395631434,-0.8660254037844384,-0.5000000000000004,0,1,5675.07,5657.64,5469.18,5664.95,5565.79,6639.93,5148.955833333333,512.8474019239696,5523.07255952381,17.42999999999938,31.4,95.5,28.154166666666665,0.0,1.0,0.0
2025-10-18 15:00:00,15,5,10,291,-0.7071067811865471,-0.7071067811865479,-0.9749279121818236,-0.2225209339563146,-0.8660254037844386,0.5000000000000001,1,0,4362.43,4358.97,4496.41,4570.63,4460.66,4043.05,3965.83375,579.830119910079,3837.45875,3.4600000000000364,33.9,58.3,29.829166666666666,1.0,0.0,0.0
2025-11-21 15:00:00,15,4,11,325,-0.7071067811865471,-0.7071067811865479,-0.433883739117558,-0.9009688679024191,-0.5000000000000004,0.8660254037844384,0,0,3718.23,3867.41,4175.47,3644.26,3625.93,3605.0,3334.2845833333336,802.3502427189625,3192.576488095239,-149.17999999999984,28.7,45.1,25.579166666666666,0.0,0.0,0.0
2025-11-28 07:00:00,7,4,11,332,0.9659258262890683,-0.25881904510252063,-0.433883739117558,-0.9009688679024191,-0.5000000000000004,0.8660254037844384,0,0,3215.3,2572.42,2107.19,3735.21,3804.97,3771.77,3280.8187500000004,761.1799726015723,3216.4075000000003,642.8800000000001,24.1,71.1,25.8125,0.0,1.0,0.0
2026-01-03 15:00:00,15,5,1,3,-0.7071067811865471,-0.7071067811865479,-0.9749279121818236,-0.2225209339563146,0.49999999999999994,0.8660254037844387,1,0,4308.31,4557.86,4929.64,4384.87,4276.8,3684.58,3818.8704166666666,1046.3836766879476,3753.957440476191,-249.54999999999927,19.6,67.2,21.070833333333333,0.0,0.0,1.0
2025-07-27 17:00:00,17,6,7,208,-0.9659258262890683,-0.25881904510252063,-0.7818314824680299,0.6234898018587334,-0.4999999999999997,-0.8660254037844388,1,0,6467.07,6589.96,6520.34,6550.42,7096.52,5552.49,6127.68875,697.7258918821358,5846.712142857143,-122.89000000000033,29.3,98.0,28.229166666666668,0.0,1.0,0.0
2025-10-19 06:00:00,6,6,10,292,1.0,6.123233995736766e-17,-0.7818314824680299,0.6234898018587334,-0.8660254037844386,0.5000000000000001,1,0,3094.57,2945.52,2965.4,3502.28,3631.58,2969.96,3897.0345833333326,537.7615960869206,3861.0901190476184,149.05000000000018,29.4,49.7,30.191666666666666,0.0,0.0,0.0
2025-07-10 09:00:00,9,3,7,191,0.7071067811865476,-0.7071067811865475,0.43388373911755823,-0.900968867902419,-0.4999999999999997,-0.8660254037844388,0,0,4681.84,4532.85,4563.48,5619.28,5811.54,5867.98,5695.183333333333,829.4806402891566,6115.659166666666,148.98999999999978,29.5,93.8,27.75833333333333,0.0,1.0,0.0
2025-09-27 04:00:00,4,5,9,270,0.8660254037844386,0.5000000000000001,-0.9749279121818236,-0.2225209339563146,-1.0,-1.8369701987210297e-16,1,0,5318.37,5640.63,6025.71,4926.23,4905.43,5178.07,5837.21,630.5425097830405,5734.305892857143,-322.2600000000002,25.3,75.7,29.34583333333333,1.0,0.0,0.0
2025-10-23 09:00:00,9,3,10,296,0.7071067811865476,-0.7071067811865475,0.43388373911755823,-0.900968867902419,-0.8660254037844386,0.5000000000000001,0,1,3430.4,3231.79,3036.23,3611.07,3491.52,4175.06,3436.0958333333333,392.6953992702568,3661.6632738095236,198.61000000000013,29.8,76.6,29.575000000000003,0.0,1.0,0.0
2025-10-06 17:00:00,17,0,10,279,-0.9659258262890683,-0.25881904510252063,0.0,1.0,-0.8660254037844386,0.5000000000000001,0,0,4662.1,4730.33,4730.97,5098.83,5454.47,6703.41,4846.014166666667,466.71768041076007,5102.339047619047,-68.22999999999956,35.3,53.1,29.958333333333332,0.0,0.0,0.0
2025-12-18 23:00:00,23,3,12,352,-0.25881904510252157,0.9659258262890681,0.43388373911755823,-0.900968867902419,-2.4492935982947064e-16,1.0,0,0,3249.12,3479.86,3788.1,2801.03,2697.08,2737.73,3567.4283333333333,955.2194548883241,3422.5501190476193,-230.74000000000024,18.7,49.2,21.50833333333333,1.0,0.0,0.0
2025-08-10 16:00:00,16,6,8,222,-0.8660254037844384,-0.5000000000000004,-0.7818314824680299,0.6234898018587334,-0.8660254037844384,-0.5000000000000004,1,0,5402.88,5328.34,5177.72,4269.49,6907.31,5667.43,4545.703333333334,467.9854755798039,5550.196607142857,74.53999999999996,32.2,80.3,28.97083333333333,1.0,0.0,0.0
2025-09-23 12:00:00,12,1,9,266,1.2246467991473532e-16,-1.0,0.7818314824680298,0.6234898018587336,-1.0,-1.8369701987210297e-16,0,0,5822.43,5715.63,5381.19,6147.76,5578.33,6232.13,5829.90875,653.7955823617792,5871.621369047619,106.80000000000018,35.9,66.5,28.770833333333332,1.0,0.0,0.0
2025-08-25 23:00:00,23,0,8,237,-0.25881904510252157,0.9659258262890681,0.0,1.0,-0.8660254037844384,-0.5000000000000004,0,0,5494.98,5333.1,5315.79,5736.77,5597.28,6350.33,5236.5545833333335,462.7323517784857,5654.2367261904765,161.8799999999992,22.0,98.0,28.325,0.0,0.0,1.0
2025-09-23 13:00:00,13,1,9,266,-0.2588190451025208,-0.9659258262890683,0.7818314824680298,0.6234898018587336,-1.0,-1.8369701987210297e-16,0,0,5935.63,5822.43,5715.63,6207.18,5662.13,6386.58,5821.07,650.7384388189613,5869.856488095238,113.19999999999982,32.3,82.0,28.691666666666666,0.0,1.0,0.0
2025-09-21 17:00:00,17,6,9,264,-0.9659258262890683,-0.25881904510252063,-0.7818314824680299,0.6234898018587334,-1.0,-1.8369701987210297e-16,1,0,5871.88,5954.64,5910.42,6162.41,6560.05,5554.6,5588.28125,598.809953340898,5886.123690476191,-82.76000000000022,28.4,90.7,29.05416666666667,0.0,1.0,0.0
2025-10-24 02:00:00,2,4,10,297,0.49999999999999994,0.8660254037844387,-0.433883739117558,-0.9009688679024191,-0.8660254037844386,0.5000000000000001,0,0,2914.92,3131.76,3292.56,2827.16,2928.28,2961.88,3491.527083333333,457.9368090115702,3614.676726190476,-216.84000000000015,25.1,52.0,29.445833333333336,0.0,0.0,0.0
2025-11-24 02:00:00,2,0,11,328,0.49999999999999994,0.8660254037844387,0.0,1.0,-0.5000000000000004,0.8660254037844384,0,0,1945.77,2170.54,2414.6,1901.76,1986.62,1855.07,3041.90875,753.4910351523451,3216.5445238095235,-224.76999999999998,22.8,46.0,25.150000000000002,0.0,0.0,0.0
2025-11-03 01:00:00,1,0,11,307,0.25881904510252074,0.9659258262890683,0.0,1.0,-0.5000000000000004,0.8660254037844384,0,0,2751.21,2931.34,3097.44,2632.2,2847.82,2787.99,3261.5958333333333,476.69617635959247,3505.15630952381,-180.1300000000001,20.7,60.8,25.270833333333332,1.0,0.0,0.0
2025-07-17 03:00:00,3,3,7,198,0.7071067811865475,0.7071067811865476,0.43388373911755823,-0.900968867902419,-0.4999999999999997,-0.8660254037844388,0,0,5234.13,5571.07,5982.75,4859.08,4542.05,4890.22,5653.239583333333,640.4631602783624,5390.7689880952385,-336.9399999999996,22.0,84.8,27.420833333333334,0.0,1.0,0.0
2025-12-16 16:00:00,16,1,12,350,-0.8660254037844384,-0.5000000000000004,0.7818314824680298,0.6234898018587336,-2.4492935982947064e-16,1.0,0,0,3666.04,3775.73,3971.34,3601.04,3496.57,3630.83,3453.986666666667,860.6742772343106,3391.0068452380956,-109.69000000000005,25.0,40.9,22.037499999999998,0.0,0.0,0.0
2025-11-18 04:00:00,4,1,11,322,0.8660254037844386,0.5000000000000001,0.7818314824680298,0.6234898018587336,-0.5000000000000004,0.8660254037844384,0,0,1900.08,1955.29,2061.61,1933.56,1859.28,2041.74,3190.045833333333,726.3290948498623,3158.7823809523807,-55.210000000000036,22.0,58.5,25.724999999999998,1.0,0.0,0.0
2025-10-03 13:00:00,13,4,10,276,-0.2588190451025208,-0.9659258262890683,-0.433883739117558,-0.9009688679024191,-0.8660254037844386,0.5000000000000001,0,0,5663.09,5584.54,5432.36,4637.51,5704.68,6052.48,4580.337916666667,503.16257574062234,5539.20494047619,78.55000000000018,33.1,57.8,29.599999999999998,1.0,0.0,0.0
2025-10-05 10:00:00,10,6,10,278,0.49999999999999994,-0.8660254037844387,-0.7818314824680299,0.6234898018587334,-0.8660254037844386,0.5000000000000001,1,0,4479.26,4038.11,4071.25,5241.06,5432.36,5483.56,5044.925,576.1345009933094,5334.5625,441.1500000000001,29.8,75.5,29.84166666666667,0.0,1.0,0.0
2025-09-10 21:00:00,21,2,9,253,-0.7071067811865477,0.7071067811865474,0.9749279121818236,-0.22252093395631434,-1.0,-1.8369701987210297e-16,0,0,5950.79,6007.62,6004.35,6253.0,5944.79,4550.92,5766.38625,611.1553169617063,5155.66744047619,-56.82999999999993,25.4,94.6,28.525000000000002,0.0,1.0,0.0
2025-12-10 19:00:00,19,2,12,344,-0.9659258262890684,0.2588190451025203,0.9749279121818236,-0.22252093395631434,-2.4492935982947064e-16,1.0,0,0,4016.18,4021.28,3668.63,3834.14,3883.0,3850.43,3477.726666666667,804.91021774061,3354.970119047619,-5.100000000000364,21.3,45.6,22.191666666666666,0.0,0.0,0.0
2026-01-12 12:00:00,12,0,1,12,1.2246467991473532e-16,-1.0,0.0,1.0,0.49999999999999994,0.8660254037844387,0,0,5616.81,5752.89,5582.44,5367.77,5212.48,5111.53,4037.6200000000003,1137.735305737573,4039.7220238095233,-136.07999999999993,26.5,56.3,21.425,0.0,0.0,0.0
2025-09-23 00:00:00,0,1,9,266,0.0,1.0,0.7818314824680298,0.6234898018587336,-1.0,-1.8369701987210297e-16,0,0,6580.57,6568.57,6338.69,6311.15,6282.71,6457.17,5854.82,627.4112422729223,5882.40994047619,12.0,23.2,86.9,28.5125,0.0,1.0,0.0
2025-10-22 18:00:00,18,2,10,295,-1.0,-1.8369701987210297e-16,0.9749279121818236,-0.22252093395631434,-0.8660254037844386,0.5000000000000001,0,1,3794.72,3662.24,3700.89,3838.09,3891.01,4628.6,3464.683333333333,353.3337795253635,3690.146785714285,132.48000000000002,28.7,76.0,29.400000000000002,0.0,1.0,0.0
2025-08-08 15:00:00,15,4,8,220,-0.7071067811865471,-0.7071067811865479,-0.433883739117558,-0.9009688679024191,-0.8660254037844384,-0.5000000000000004,0,0,6938.92,6443.5,6289.09,6951.11,6632.98,6261.51,6109.18,723.2723704410993,5647.178511904762,495.4200000000001,32.2,78.6,27.287500000000005,1.0,0.0,0.0
2025-09-23 04:00:00,4,1,9,266,0.8660254037844386,0.5000000000000001,0.7818314824680298,0.6234898018587336,-1.0,-1.8369701987210297e-16,0,0,5216.92,5544.58,5938.41,4997.46,5010.56,5153.22,5857.237083333333,629.5623959923763,5878.87869047619,-327.65999999999985,26.0,75.9,28.724999999999998,1.0,0.0,0.0
2026-01-07 04:00:00,4,2,1,7,0.8660254037844386,0.5000000000000001,0.9749279121818236,-0.22252093395631434,0.49999999999999994,0.8660254037844387,0,0,1986.9,2096.74,2303.76,2095.48,2004.87,2066.28,4126.12,1222.6600159595127,3889.8872619047625,-109.83999999999969,15.9,43.1,20.991666666666667,0.0,0.0,0.0
2025-11-21 07:00:00,7,4,11,325,0.9659258262890683,-0.25881904510252063,-0.433883739117558,-0.9009688679024191,-0.5000000000000004,0.8660254037844384,0,0,3581.46,2662.47,2053.01,3709.19,3803.03,3699.08,3275.6145833333335,746.6952897411461,3188.411369047619,918.9900000000002,25.8,48.3,25.1875,0.0,0.0,0.0
2025-09-13 01:00:00,1,5,9,256,0.25881904510252074,0.9659258262890683,-0.9749279121818236,-0.2225209339563146,-1.0,-1.8369701987210297e-16,1,0,6059.01,6230.69,6211.57,5513.13,5594.23,4673.68,5606.689166666667,639.3269064103001,5404.059821428571,-171.67999999999938,26.3,63.9,29.954166666666666,1.0,0.0,0.0
2025-09-06 23:00:00,23,5,9,249,-0.25881904510252157,0.9659258262890681,-0.9749279121818236,-0.2225209339563146,-1.0,-1.8369701987210297e-16,1,0,5415.45,5333.09,5341.47,5141.69,5122.22,5969.44,4995.325833333333,554.7285270795226,4816.386785714286,82.35999999999967,22.8,90.6,29.445833333333336,0.0,1.0,0.0
2025-07-24 18:00:00,18,3,7,205,-1.0,-1.8369701987210297e-16,0.43388373911755823,-0.900968867902419,-0.4999999999999997,-0.8660254037844388,0,0,6604.42,6811.63,6941.09,5684.53,5754.06,5958.33,5647.544583333333,804.1423683488813,5476.588988095238,-207.21000000000004,28.5,90.0,27.80416666666667,0.0,1.0,0.0
2025-11-24 08:00:00,8,0,11,328,0.8660254037844387,-0.4999999999999998,0.0,1.0,-0.5000000000000004,0.8660254037844384,0,0,3641.68,3348.99,2541.76,3516.99,3641.68,3742.27,3100.8199999999997,750.7217469412318,3216.2024404761905,292.69000000000005,26.5,56.7,25.1875,1.0,0.0,0.0
2025-10-06 14:00:00,14,0,10,279,-0.4999999999999997,-0.8660254037844388,0.0,1.0,-0.8660254037844386,0.5000000000000001,0,0,4727.67,5105.1,5145.55,4919.31,5503.09,6943.33,4886.635,469.09233704920996,5142.936250000001,-377.4300000000003,36.1,47.5,29.916666666666668,0.0,0.0,0.0
2025-08-08 10:00:00,10,4,8,220,0.49999999999999994,-0.8660254037844387,-0.433883739117558,-0.9009688679024191,-0.8660254037844384,-0.5000000000000004,0,0,5466.74,4976.23,4873.03,5854.02,5716.02,5652.48,6088.495416666668,717.8146387411807,5632.176547619048,490.5100000000002,29.8,89.4,27.320833333333336,0.0,1.0,0.0
2025-09-10 16:00:00,16,2,9,253,-0.8660254037844384,-0.5000000000000004,0.9749279121818236,-0.22252093395631434,-1.0,-1.8369701987210297e-16,0,0,6498.3,6423.39,6155.92,6340.9,6052.11,5024.95,5767.734583333334,609.801328937345,5121.205714285714,74.90999999999985,30.7,94.9,28.454166666666666,0.0,1.0,0.0
2025-11-29 03:00:00,3,5,11,333,0.7071067811865475,0.7071067811865476,-0.9749279121818236,-0.2225209339563146,-0.5000000000000004,0.8660254037844384,1,0,2121.81,2211.18,2471.15,1964.22,1801.75,1900.72,3359.02,760.8239548359578,3221.0432738095237,-89.36999999999989,22.1,41.8,25.379166666666666,0.0,0.0,0.0
2025-08-16 08:00:00,8,5,8,228,0.8660254037844387,-0.4999999999999998,-0.9749279121818236,-0.2225209339563146,-0.8660254037844384,-0.5000000000000004,1,1,4054.63,4018.1,4057.99,4060.32,4729.14,4328.92,4396.780833333333,376.8353315144179,5173.768571428572,36.5300000000002,31.9,79.7,28.14166666666667,1.0,0.0,0.0
2025-09-06 15:00:00,15,5,9,249,-0.7071067811865471,-0.7071067811865479,-0.9749279121818236,-0.2225209339563146,-1.0,-1.8369701987210297e-16,1,0,5574.88,5354.31,5466.74,5358.89,5653.35,6000.73,4914.217083333333,494.4407279946084,4833.822857142857,220.5699999999997,32.3,82.6,29.383333333333336,0.0,1.0,0.0
2025-12-09 12:00:00,12,1,12,343,1.2246467991473532e-16,-1.0,0.7818314824680298,0.6234898018587336,-2.4492935982947064e-16,1.0,0,0,4256.56,4362.82,4351.9,4046.16,4301.74,4068.96,3396.3245833333335,816.9534303154726,3334.92619047619,-106.25999999999931,28.4,44.7,21.741666666666664,0.0,0.0,0.0
2025-09-07 02:00:00,2,6,9,250,0.49999999999999994,0.8660254037844387,-0.7818314824680299,0.6234898018587334,-1.0,-1.8369701987210297e-16,1,0,4903.73,5228.28,5431.24,4414.75,4376.61,5101.17,5028.031666666667,558.6756514929159,4806.781964285714,-324.5500000000002,22.8,92.0,29.0125,0.0,1.0,0.0
2025-07-06 14:00:00,14,6,7,187,-0.4999999999999997,-0.8660254037844388,-0.7818314824680299,0.6234898018587334,-0.4999999999999997,-0.8660254037844388,1,1,6230.79,5967.89,5742.59,6987.76,7024.1,5604.24,6185.939166666666,755.2885288355625,5943.287261904762,262.89999999999964,32.8,74.3,28.599999999999998,1.0,0.0,0.0
2025-08-14 12:00:00,12,3,8,226,1.2246467991473532e-16,-1.0,0.43388373911755823,-0.900968867902419,-0.8660254037844384,-0.5000000000000004,0,0,5552.62,5387.62,5062.04,6007.12,5804.7,6216.02,5860.349583333333,727.0836386699715,5526.311428571429,165.0,30.4,94.3,28.71666666666667,0.0,1.0,0.0
2025-07-07 11:00:00,11,0,7,188,0.258819045102521,-0.9659258262890682,0.0,1.0,-0.4999999999999997,-0.8660254037844388,0,0,5703.51,5316.52,4603.91,5742.59,6325.44,5586.5,5853.828333333334,749.3719021354904,6025.026666666667,386.9899999999998,30.4,87.2,28.508333333333336,0.0,1.0,0.0
2025-09-26 12:00:00,12,4,9,269,1.2246467991473532e-16,-1.0,-0.433883739117558,-0.9009688679024191,-1.0,-1.8369701987210297e-16,0,0,5917.04,5795.88,5451.24,5903.03,5861.05,6427.61,5754.794166666667,586.6660535226281,5755.859880952381,121.15999999999985,34.1,73.4,29.854166666666668,1.0,0.0,0.0
2025-08-12 11:00:00,11,1,8,224,0.258819045102521,-0.9659258262890682,0.7818314824680298,0.6234898018587336,-0.8660254037844384,-0.5000000000000004,0,0,5534.12,5192.51,4688.64,5840.35,4967.48,5799.79,5619.36,658.0640485281278,5515.013392857143,341.6099999999997,30.9,92.4,28.25,0.0,1.0,0.0
2025-06-29 00:00:00,0,6,6,180,0.0,1.0,-0.7818314824680299,0.6234898018587334,1.2246467991473532e-16,-1.0,1,0,6581.41,6534.63,6205.72,7458.17,7241.55,6732.63,6279.97625,602.897161378601,6320.112202380953,46.779999999999745,27.1,73.1,31.979166666666668,1.0,0.0,0.0
2025-09-18 13:00:00,13,3,9,261,-0.2588190451025208,-0.9659258262890683,0.43388373911755823,-0.900968867902419,-1.0,-1.8369701987210297e-16,0,0,6321.19,6222.48,6029.08,6534.73,6386.58,5901.56,5961.480833333334,662.1786620524346,5763.275119047619,98.71000000000004,30.2,83.9,29.083333333333332,0.0,1.0,0.0
2025-09-16 22:00:00,22,1,9,259,-0.5000000000000004,0.8660254037844384,0.7818314824680298,0.6234898018587336,-1.0,-1.8369701987210297e-16,0,0,6607.4,6276.84,6264.97,6684.86,6491.92,6397.31,5993.789583333334,663.6172311458978,5691.390416666666,330.5599999999995,25.4,92.9,29.7625,0.0,1.0,0.0
2025-10-31 15:00:00,15,4,10,304,-0.7071067811865471,-0.7071067811865479,-0.433883739117558,-0.9009688679024191,-0.8660254037844386,0.5000000000000001,0,0,4224.96,4270.45,4456.14,3965.49,3999.05,4142.71,3670.60375,661.8390094985888,3511.2284523809526,-45.48999999999978,33.7,54.2,29.254166666666666,1.0,0.0,0.0
2025-12-25 22:00:00,22,3,12,359,-0.5000000000000004,0.8660254037844384,0.43388373911755823,-0.900968867902419,-2.4492935982947064e-16,1.0,0,1,3504.52,3811.5,4053.67,3419.59,3399.63,3249.12,3531.32625,930.2357178171358,3632.087738095238,-306.98,17.4,52.2,21.495833333333334,0.0,0.0,0.0
2025-10-23 05:00:00,5,3,10,296,0.9659258262890683,0.25881904510252074,0.43388373911755823,-0.900968867902419,-0.8660254037844386,0.5000000000000001,0,1,2716.36,2709.48,2827.16,2934.65,3033.03,3129.86,3439.1554166666665,386.9007234081984,3670.2918452380945,6.880000000000109,26.6,62.9,29.620833333333337,1.0,0.0,0.0
2026-01-02 10:00:00,10,4,1,2,0.49999999999999994,-0.8660254037844387,-0.433883739117558,-0.9009688679024191,0.49999999999999994,0.8660254037844387,0,0,5298.62,4761.0,4223.31,5572.05,5489.49,5062.14,3808.87625,1178.7900760297541,3697.405178571429,537.6199999999999,21.8,43.3,20.34583333333333,1.0,0.0,0.0
2025-10-13 07:00:00,7,0,10,286,0.9659258262890683,-0.25881904510252063,0.0,1.0,-0.8660254037844386,0.5000000000000001,0,0,3562.02,3023.14,2739.26,3137.72,3342.76,4346.15,3546.456666666667,446.148092391955,3805.0205357142854,538.8800000000001,30.1,59.2,29.879166666666666,1.0,0.0,0.0
2025-09-22 08:00:00,8,0,9,265,0.8660254037844387,-0.4999999999999998,0.0,1.0,-1.0,-1.8369701987210297e-16,0,1,4784.5,4798.46,4812.77,4498.81,4912.07,4870.88,5538.475833333334,553.437688852841,5884.655892857142,-13.960000000000036,32.0,76.6,28.933333333333334,1.0,0.0,0.0
2025-11-10 14:00:00,14,0,11,314,-0.4999999999999997,-0.8660254037844388,0.0,1.0,-0.5000000000000004,0.8660254037844384,0,0,3504.13,3786.46,3867.26,3318.87,3388.55,3759.28,3056.0733333333337,668.7256434811933,3271.809345238096,-282.3299999999999,31.2,34.0,25.65833333333333,0.0,0.0,0.0
2025-10-28 19:00:00,19,1,10,301,-0.9659258262890684,0.2588190451025203,0.7818314824680298,0.6234898018587336,-0.8660254037844386,0.5000000000000001,0,0,4064.33,4050.61,3827.8,3732.64,3797.22,3767.01,3417.8191666666667,549.2073757375698,3484.804523809524,13.7199999999998,25.9,70.4,28.72083333333333,0.0,1.0,0.0
2025-08-17 14:00:00,14,6,8,229,-0.4999999999999997,-0.8660254037844388,-0.7818314824680299,0.6234898018587334,-0.8660254037844384,-0.5000000000000004,1,0,5601.45,5509.24,5356.95,5525.34,4240.8,5328.34,5105.765,467.3290487719722,5288.127023809524,92.21000000000004,35.4,74.5,28.020833333333332,1.0,0.0,0.0
2025-06-30 16:00:00,16,0,6,181,-0.8660254037844384,-0.5000000000000004,0.0,1.0,1.2246467991473532e-16,-1.0,0,0,5878.41,5829.55,5695.59,5425.82,6243.12,7332.83,5262.3237500000005,479.8127587046757,6156.689464285714,48.85999999999967,35.5,61.3,30.858333333333334,0.0,0.0,0.0
2025-10-06 19:00:00,19,0,10,279,-0.9659258262890684,0.2588190451025203,0.0,1.0,-0.8660254037844386,0.5000000000000001,0,0,4749.29,4729.65,4662.1,5246.27,5538.41,6485.33,4811.345833333333,457.12064307034353,5080.2783928571425,19.640000000000327,28.6,46.0,29.858333333333334,0.0,0.0,0.0
2025-09-13 03:00:00,3,5,9,256,0.7071067811865475,0.7071067811865476,-0.9749279121818236,-0.2225209339563146,-1.0,-1.8369701987210297e-16,1,0,5345.69,5684.98,6059.01,4844.74,4889.22,4201.43,5621.723333333332,634.4663751646043,5415.620773809524,-339.28999999999996,20.4,95.0,29.866666666666664,0.0,0.0,1.0
2025-07-17 13:00:00,13,3,7,198,-0.2588190451025208,-0.9659258262890683,0.43388373911755823,-0.900968867902419,-0.4999999999999997,-0.8660254037844388,0,0,5819.54,5721.51,5601.97,6020.13,5850.72,5452.36,5601.027916666666,629.1571039786421,5395.095773809524,98.02999999999975,33.6,81.3,27.691666666666663,1.0,0.0,0.0
2025-11-27 09:00:00,9,3,11,331,0.7071067811865476,-0.7071067811865475,0.43388373911755823,-0.900968867902419,-0.5000000000000004,0.8660254037844384,0,0,3837.65,3735.21,3513.46,4192.98,4193.99,3925.23,3271.3891666666664,802.4929845280415,3215.8554166666663,102.44000000000005,29.8,40.3,25.52916666666667,0.0,0.0,0.0
2026-01-10 07:00:00,7,5,1,10,0.9659258262890683,-0.25881904510252063,-0.9749279121818236,-0.2225209339563146,0.49999999999999994,0.8660254037844387,1,0,3520.53,2674.29,2182.61,4767.2,4359.92,4156.25,4263.474166666667,1268.837568372069,3961.460297619047,846.2400000000002,18.9,59.1,20.1375,0.0,1.0,0.0
2025-09-11 09:00:00,9,3,9,254,0.7071067811865476,-0.7071067811865475,0.43388373911755823,-0.900968867902419,-1.0,-1.8369701987210297e-16,0,0,4692.08,4584.35,4577.34,5573.61,5328.43,5061.72,5695.064166666667,676.7698994226271,5239.536428571429,107.72999999999956,32.5,69.0,28.97083333333333,1.0,0.0,0.0
2025-08-02 02:00:00,2,5,8,214,0.49999999999999994,0.8660254037844387,-0.9749279121818236,-0.2225209339563146,-0.8660254037844384,-0.5000000000000004,1,0,5313.69,5701.93,5900.62,4862.84,5164.09,5962.14,5442.76,622.5547932860954,5870.524285714286,-388.2400000000007,26.4,70.2,28.262500000000003,0.0,0.0,0.0
2025-11-30 22:00:00,22,6,11,334,-0.5000000000000004,0.8660254037844384,-0.7818314824680299,0.6234898018587334,-0.5000000000000004,0.8660254037844384,1,0,3014.51,3177.97,3384.46,2786.24,3270.51,2742.58,3068.5975,785.4919187930534,3230.548333333333,-163.45999999999958,23.0,42.4,25.837500000000002,0.0,0.0,0.0
2025-08-03 21:00:00,21,6,8,215,-0.7071067811865477,0.7071067811865474,-0.7818314824680299,0.6234898018587334,-0.8660254037844384,-0.5000000000000004,1,0,5899.48,5632.51,5389.19,5754.51,5738.51,7012.02,5213.671666666666,594.4610948959967,5672.895714285714,266.96999999999935,22.6,98.0,28.108333333333334,0.0,0.0,1.0
2025-09-12 15:00:00,15,4,9,255,-0.7071067811865471,-0.7071067811865479,-0.433883739117558,-0.9009688679024191,-1.0,-1.8369701987210297e-16,0,0,6264.42,5994.03,5970.74,6337.92,6498.3,5358.89,5606.474166666667,638.5420060127395,5348.809880952381,270.3900000000003,33.9,74.1,30.15416666666667,1.0,0.0,0.0
2025-11-22 22:00:00,22,5,11,326,-0.5000000000000004,0.8660254037844384,-0.9749279121818236,-0.2225209339563146,-0.5000000000000004,0.8660254037844384,1,0,3019.15,3314.39,3590.94,2967.82,2913.32,2718.57,3149.63125,680.8744545216597,3202.712857142857,-295.2399999999998,21.0,45.2,25.583333333333332,0.0,0.0,0.0
2025-10-15 10:00:00,10,2,10,288,0.49999999999999994,-0.8660254037844387,0.9749279121818236,-0.22252093395631434,-0.8660254037844386,0.5000000000000001,0,0,4280.12,3743.31,3673.84,4395.99,4408.11,4409.19,3906.592916666667,605.2519573912602,3754.292976190476,536.81,34.4,48.8,29.120833333333334,0.0,0.0,0.0
2025-07-31 20:00:00,20,3,7,212,-0.8660254037844386,0.5000000000000001,0.43388373911755823,-0.900968867902419,-0.4999999999999997,-0.8660254037844388,0,0,5585.87,5611.64,5681.73,5876.23,5972.63,6472.89,5480.87875,523.4390830161793,6053.720714285714,-25.770000000000437,26.0,96.9,28.945833333333336,0.0,1.0,0.0
2025-07-11 07:00:00,7,4,7,192,0.9659258262890683,-0.25881904510252063,-0.433883739117558,-0.9009688679024191,-0.4999999999999997,-0.8660254037844388,0,0,4525.78,4426.13,4551.56,4532.85,4912.25,5191.35,5333.0720833333335,491.34539373811884,5962.156607142857,99.64999999999964,26.0,93.3,28.450000000000003,0.0,1.0,0.0
2026-01-01 19:00:00,19,3,1,1,-0.9659258262890684,0.2588190451025203,0.43388373911755823,-0.900968867902419,0.49999999999999994,0.8660254037844387,0,1,4169.77,4131.91,4030.54,4524.36,4265.45,4053.67,3939.1462500000002,1115.4929808475458,3695.1041666666665,37.86000000000058,22.7,43.1,21.333333333333332,0.0,0.0,0.0
2025-07-08 20:00:00,20,1,7,189,-0.8660254037844386,0.5000000000000001,0.7818314824680298,0.6234898018587336,-0.4999999999999997,-0.8660254037844388,0,0,6591.38,6725.83,7060.23,5923.51,6436.44,5858.56,6151.400416666666,787.0338125407557,6149.227678571428,-134.44999999999982,26.3,98.0,27.929166666666664,0.0,1.0,0.0
2025-08-07 20:00:00,20,3,8,219,-0.8660254037844386,0.5000000000000001,0.43388373911755823,-0.900968867902419,-0.8660254037844384,-0.5000000000000004,0,0,6270.01,6353.08,6671.22,6137.09,5775.1,5505.64,5959.0408333333335,736.9152862877132,5565.116547619047,-83.06999999999971,24.6,88.6,27.42916666666667,0.0,1.0,0.0
2025-07-12 07:00:00,7,5,7,193,0.9659258262890683,-0.25881904510252063,-0.9749279121818236,-0.2225209339563146,-0.4999999999999997,-0.8660254037844388,1,0,4438.13,4554.6,4733.91,4568.18,4532.85,5058.29,5557.738333333334,575.3854586325713,5848.045773809524,-116.47000000000025,28.7,79.0,29.304166666666664,1.0,0.0,0.0
2025-08-05 06:00:00,6,1,8,217,1.0,6.123233995736766e-17,0.7818314824680298,0.6234898018587336,-0.8660254037844384,-0.5000000000000004,0,0,4603.8,4789.1,4983.59,4730.68,4273.88,5152.79,5641.042083333334,579.9159440364258,5516.697380952381,-185.30000000000018,25.1,94.1,28.40833333333333,0.0,1.0,0.0
2025-10-01 22:00:00,22,2,10,274,-0.5000000000000004,0.8660254037844384,0.9749279121818236,-0.22252093395631434,-0.8660254037844386,0.5000000000000001,0,0,5448.28,5506.6,5743.37,5298.86,6993.91,6369.93,5199.20625,606.1840827154143,5776.0341071428575,-58.32000000000062,29.1,47.9,29.14166666666667,0.0,0.0,0.0
2025-07-28 18:00:00,18,0,7,209,-1.0,-1.8369701987210297e-16,0.0,1.0,-0.4999999999999997,-0.8660254037844388,0,0,6748.62,7099.5,7444.33,5955.68,6348.69,5641.95,6409.55375,713.3606963052795,5943.176547619048,-350.8800000000001,30.9,72.9,28.099999999999998,1.0,0.0,0.0
2025-10-12 13:00:00,13,6,10,285,-0.2588190451025208,-0.9659258262890683,-0.7818314824680299,0.6234898018587334,-0.8660254037844386,0.5000000000000001,1,0,4021.76,3988.52,3858.73,4079.11,4322.59,4756.41,3561.685,549.6375665678805,3956.2177976190474,33.24000000000024,35.9,38.9,30.075,0.0,0.0,0.0
2025-11-16 08:00:00,8,6,11,320,0.8660254037844387,-0.4999999999999998,-0.7818314824680299,0.6234898018587334,-0.5000000000000004,0.8660254037844384,1,0,3140.63,2594.3,2110.59,3597.93,3829.6,3225.18,3007.0541666666663,722.1964253516081,3151.8073214285714,546.3299999999999,29.4,47.6,25.833333333333332,0.0,0.0,0.0
2025-11-28 04:00:00,4,4,11,332,0.8660254037844386,0.5000000000000001,-0.433883739117558,-0.9009688679024191,-0.5000000000000004,0.8660254037844384,0,0,1964.22,2025.35,2075.34,1958.09,1957.75,2053.01,3289.08,771.1984765342524,3218.8005357142856,-61.12999999999988,18.3,63.8,26.03333333333333,0.0,1.0,0.0
2025-09-09 18:00:00,18,1,9,252,-1.0,-1.8369701987210297e-16,0.7818314824680298,0.6234898018587336,-1.0,-1.8369701987210297e-16,0,0,6178.28,6340.9,6413.27,5734.74,4986.98,5060.16,5561.067083333334,635.8880398752287,4974.676547619048,-162.6199999999999,27.8,91.0,29.370833333333334,0.0,0.0,1.0
2025-12-04 10:00:00,10,3,12,338,0.49999999999999994,-0.8660254037844387,0.43388373911755823,-0.900968867902419,-2.4492935982947064e-16,1.0,0,0,4168.59,3964.62,3881.69,4279.74,4318.65,4158.84,3392.403333333333,716.8318881546877,3272.2910714285717,203.97000000000025,23.6,53.5,21.716666666666665,1.0,0.0,0.0
2025-08-24 11:00:00,11,6,8,236,0.258819045102521,-0.9659258262890682,-0.7818314824680299,0.6234898018587334,-0.8660254037844384,-0.5000000000000004,1,0,5051.46,4749.42,4359.58,5928.11,6346.6,5356.95,5306.395833333333,662.0430919176002,5697.848630952381,302.03999999999996,30.9,81.4,28.070833333333336,1.0,0.0,0.0
2025-12-10 03:00:00,3,2,12,344,0.7071067811865475,0.7071067811865476,0.9749279121818236,-0.22252093395631434,-2.4492935982947064e-16,1.0,0,0,2070.52,2210.76,2505.01,1801.81,1670.73,2040.3,3427.537083333333,797.4337686412795,3343.727440476191,-140.24000000000024,17.9,47.9,21.96666666666667,0.0,0.0,0.0
2025-11-18 18:00:00,18,1,11,322,-1.0,-1.8369701987210297e-16,0.7818314824680298,0.6234898018587336,-0.5000000000000004,0.8660254037844384,0,0,3830.9,3574.3,3602.46,3741.36,3425.92,3765.08,3236.8404166666664,742.0016718162681,3168.1728571428566,256.5999999999999,22.0,65.0,25.84583333333333,0.0,1.0,0.0
2025-12-18 05:00:00,5,3,12,352,0.9659258262890683,0.25881904510252074,0.43388373911755823,-0.900968867902419,-2.4492935982947064e-16,1.0,0,0,2034.44,1860.26,1945.96,2668.19,2730.7,2805.89,3527.991666666667,939.1021865992057,3390.52375,174.18000000000006,20.9,40.0,21.704166666666666,0.0,0.0,0.0
2025-11-27 11:00:00,11,3,11,331,0.258819045102521,-0.9659258262890682,0.43388373911755823,-0.900968867902419,-0.5000000000000004,0.8660254037844384,0,0,4158.84,4119.03,3837.65,4186.54,4313.79,4057.31,3266.2025,796.4094805096867,3217.34625,39.8100000000004,30.5,44.5,25.84583333333333,0.0,0.0,0.0
2025-08-15 13:00:00,13,4,8,227,-0.2588190451025208,-0.9659258262890683,-0.433883739117558,-0.9009688679024191,-0.8660254037844384,-0.5000000000000004,0,0,4309.29,4232.29,4196.13,5482.81,6131.01,6443.5,4930.253333333333,627.8342547871129,5354.786428571429,77.0,35.4,58.6,28.275000000000002,0.0,0.0,0.0
2025-10-19 19:00:00,19,6,10,292,-0.9659258262890684,0.2588190451025203,-0.7818314824680299,0.6234898018587334,-0.8660254037844386,0.5000000000000001,1,0,4080.19,3930.11,3783.48,4380.49,4623.1,4045.41,3691.9845833333334,419.2535346871812,3869.230178571429,150.07999999999993,31.3,47.7,29.825,0.0,0.0,0.0
2025-12-19 06:00:00,6,4,12,353,1.0,6.123233995736766e-17,-0.433883739117558,-0.9009688679024191,-2.4492935982947064e-16,1.0,0,0,2718.67,2042.56,1869.54,3585.55,3538.58,3829.4,3572.5741666666668,948.4981518669254,3422.025595238095,676.1100000000001,20.2,61.3,21.7375,1.0,0.0,0.0
2025-11-22 03:00:00,3,5,11,326,0.7071067811865475,0.7071067811865476,-0.9749279121818236,-0.2225209339563146,-0.5000000000000004,0.8660254037844384,1,0,1986.62,2096.09,2355.89,1960.06,1960.23,1912.51,3343.1475000000005,794.6594073112807,3196.7922023809524,-109.47000000000025,22.8,53.2,25.366666666666664,0.0,0.0,0.0
2025-11-09 23:00:00,23,6,11,313,-0.25881904510252157,0.9659258262890681,-0.7818314824680299,0.6234898018587334,-0.5000000000000004,0.8660254037844384,1,0,2727.1,2908.02,3169.72,2517.04,2686.26,2931.34,2950.8320833333332,612.1600927079689,3293.287023809524,-180.92000000000007,21.4,65.1,25.275000000000002,1.0,0.0,0.0
2025-06-30 21:00:00,21,0,6,181,-0.7071067811865477,0.7071067811865474,0.0,1.0,1.2246467991473532e-16,-1.0,0,0,5398.26,5495.54,5591.81,5536.76,6205.72,6456.22,5338.051666666667,496.66354471543843,6126.6849999999995,-97.27999999999975,28.4,71.9,30.625,1.0,0.0,0.0
2025-12-27 13:00:00,13,5,12,361,-0.2588190451025208,-0.9659258262890683,-0.9749279121818236,-0.2225209339563146,-2.4492935982947064e-16,1.0,1,0,4397.76,4515.63,4590.65,4430.56,4191.73,4377.79,3555.2483333333334,894.4574390179425,3615.9042261904765,-117.86999999999989,24.2,56.1,21.858333333333334,1.0,0.0,0.0
2025-11-10 07:00:00,7,0,11,314,0.9659258262890683,-0.25881904510252063,0.0,1.0,-0.5000000000000004,0.8660254037844384,0,0,3415.9,2595.77,1999.76,3063.28,3267.42,3489.69,2989.9675,613.4535399739603,3273.6349999999998,820.1300000000001,25.1,52.5,25.362499999999997,1.0,0.0,0.0
2025-06-28 19:00:00,19,5,6,179,-0.9659258262890684,0.2588190451025203,-0.9749279121818236,-0.2225209339563146,1.2246467991473532e-16,-1.0,1,0,5738.72,5972.42,6243.12,6561.61,6486.38,6033.72,6471.422916666666,710.8838398322204,6330.905773809523,-233.69999999999982,29.6,88.4,31.9375,0.0,1.0,0.0
2025-06-29 13:00:00,13,6,6,180,-0.2588190451025208,-0.9659258262890683,-0.7818314824680299,0.6234898018587334,1.2246467991473532e-16,-1.0,1,0,5493.18,5297.94,5311.28,6990.08,7173.46,6041.35,5821.506666666667,716.1962115453429,6303.0371428571425,195.2400000000007,37.3,63.7,32.2625,0.0,0.0,0.0
2025-07-30 05:00:00,5,2,7,211,0.9659258262890683,0.25881904510252074,0.9749279121818236,-0.22252093395631434,-0.4999999999999997,-0.8660254037844388,0,0,4872.86,5078.99,5352.61,5306.16,5391.07,4480.4,5751.138333333333,443.8092848497535,6055.785476190476,-206.1300000000001,27.0,82.3,28.462500000000002,1.0,0.0,0.0
2025-07-11 17:00:00,17,4,7,192,-0.9659258262890683,-0.25881904510252063,-0.433883739117558,-0.9009688679024191,-0.4999999999999997,-0.8660254037844388,0,0,6117.87,6183.05,6083.28,5737.42,6642.4,6723.14,5426.4875,548.1500498574418,5911.745178571428,-65.18000000000029,33.1,67.7,28.350000000000005,0.0,0.0,0.0
2025-12-22 21:00:00,21,0,12,356,-0.7071067811865477,0.7071067811865474,0.0,1.0,-2.4492935982947064e-16,1.0,0,0,3987.67,4167.01,4273.58,3484.48,3580.96,3363.39,3698.646666666667,945.5109465840075,3582.3598809523814,-179.34000000000015,22.3,47.7,21.375,0.0,0.0,0.0
2025-07-29 18:00:00,18,1,7,210,-1.0,-1.8369701987210297e-16,0.7818314824680298,0.6234898018587336,-0.4999999999999997,-0.8660254037844388,0,0,5984.88,6075.67,6148.76,6570.26,5955.68,5754.06,6117.143333333333,661.8883899916973,6033.993214285714,-90.78999999999996,31.9,75.0,28.3,0.0,0.0,0.0
2025-11-03 03:00:00,3,0,11,307,0.7071067811865475,0.7071067811865476,0.0,1.0,-0.5000000000000004,0.8660254037844384,0,0,2430.97,2556.65,2751.21,2421.26,2626.44,2594.99,3255.1545833333334,486.84317602628033,3502.4782738095237,-125.68000000000029,19.8,61.7,24.975000000000005,1.0,0.0,0.0
2025-09-04 20:00:00,20,3,9,247,-0.8660254037844386,0.5000000000000001,0.43388373911755823,-0.900968867902419,-1.0,-1.8369701987210297e-16,0,0,5366.44,5385.19,5580.87,4783.78,4751.48,5964.8,4773.263333333333,739.9191973902861,4970.393630952381,-18.75,24.9,94.6,29.45,0.0,1.0,0.0
2025-09-22 23:00:00,23,0,9,265,-0.25881904510252157,0.9659258262890681,0.0,1.0,-1.0,-1.8369701987210297e-16,0,1,6568.57,6338.69,6038.49,6447.19,6434.91,6678.51,5849.262500000001,621.2637833113763,5882.992916666666,229.8800000000001,26.1,69.9,28.504166666666666,1.0,0.0,0.0
2025-11-26 16:00:00,16,2,11,330,-0.8660254037844384,-0.5000000000000004,0.9749279121818236,-0.22252093395631434,-0.5000000000000004,0.8660254037844384,0,0,3550.23,3612.31,3733.09,3539.98,3463.73,3579.25,3264.9174999999996,812.1430694010406,3219.139285714286,-62.07999999999993,27.5,47.5,25.425,0.0,0.0,0.0
2025-11-09 09:00:00,9,6,11,313,0.7071067811865476,-0.7071067811865475,-0.7818314824680299,0.6234898018587334,-0.5000000000000004,0.8660254037844384,1,0,3225.18,3063.28,2622.09,3680.1,3896.87,3588.92,3014.5625,657.1972979598393,3314.1920833333334,161.89999999999964,27.7,40.9,24.90833333333333,0.0,0.0,0.0
2025-12-09 19:00:00,19,1,12,343,-0.9659258262890684,0.2588190451025203,0.7818314824680298,0.6234898018587336,-2.4492935982947064e-16,1.0,0,0,3963.56,3888.65,3630.83,3883.0,3507.97,3745.72,3403.5825000000004,821.7232731768557,3339.192916666667,74.90999999999985,22.8,43.4,21.458333333333332,0.0,0.0,0.0
2025-07-01 10:00:00,10,1,7,182,0.49999999999999994,-0.8660254037844387,0.7818314824680298,0.6234898018587336,-0.4999999999999997,-0.8660254037844388,0,0,5161.89,4626.43,4452.77,5446.02,5311.28,6264.73,5325.729583333334,513.0546994779112,6060.500892857143,535.46,33.6,68.0,29.979166666666668,0.0,0.0,0.0
2025-09-01 00:00:00,0,0,9,244,0.0,1.0,0.0,1.0,-1.0,-1.8369701987210297e-16,0,0,5375.51,5369.36,5173.04,5775.63,5411.86,5593.81,4941.0575,366.32535660140746,5268.769226190476,6.150000000000546,26.9,72.4,28.041666666666668,0.0,0.0,0.0
2025-10-21 06:00:00,6,1,10,294,1.0,6.123233995736766e-17,0.7818314824680298,0.6234898018587336,-0.8660254037844386,0.5000000000000001,0,0,3033.03,2903.68,2911.25,3105.62,3243.05,3631.27,3392.995833333333,272.3840859158279,3805.729702380953,129.35000000000036,27.3,49.3,30.079166666666666,0.0,0.0,0.0
2025-11-13 11:00:00,11,3,11,317,0.258819045102521,-0.9659258262890682,0.43388373911755823,-0.900968867902419,-0.5000000000000004,0.8660254037844384,0,0,4006.18,3923.0,3642.47,3910.13,3901.25,3894.08,3217.5033333333336,721.2633209299483,3165.237261904762,83.17999999999984,31.0,56.4,24.8875,1.0,0.0,0.0
2025-08-03 23:00:00,23,6,8,215,-0.25881904510252157,0.9659258262890681,-0.7818314824680299,0.6234898018587334,-0.8660254037844384,-0.5000000000000004,1,0,6460.53,6232.29,5899.48,5996.65,5900.62,7276.23,5254.0025,653.2838307867494,5663.500238095237,228.23999999999978,22.4,88.4,27.875,0.0,1.0,0.0
2025-07-01 13:00:00,13,1,7,182,-0.2588190451025208,-0.9659258262890683,0.7818314824680298,0.6234898018587336,-0.4999999999999997,-0.8660254037844388,0,0,5839.33,5697.85,5504.56,5695.59,5517.74,6850.39,5338.742916666667,521.8743135583717,6045.558035714285,141.47999999999956,33.0,90.2,29.587499999999995,0.0,1.0,0.0
2025-09-04 15:00:00,15,3,9,247,-0.7071067811865471,-0.7071067811865479,0.43388373911755823,-0.900968867902419,-1.0,-1.8369701987210297e-16,0,0,5676.22,5564.11,5584.92,5103.6,5287.86,6549.27,4669.06125,651.926172776152,4991.035476190476,112.11000000000058,29.6,84.5,29.933333333333334,0.0,1.0,0.0
2025-08-18 10:00:00,10,0,8,230,0.49999999999999994,-0.8660254037844387,0.0,1.0,-0.8660254037844384,-0.5000000000000004,0,0,5387.18,4794.05,4554.55,5062.99,5071.67,5709.7,5166.9608333333335,443.95393819942853,5276.064226190477,593.1300000000001,28.7,98.0,27.816666666666663,0.0,0.0,1.0
2025-11-05 21:00:00,21,2,11,309,-0.7071067811865477,0.7071067811865474,0.9749279121818236,-0.22252093395631434,-0.5000000000000004,0.8660254037844384,0,1,3764.91,4071.45,4146.44,3382.53,3344.72,3469.9,3463.210833333333,601.5778006710357,3496.4389285714287,-306.53999999999996,24.2,45.5,25.862499999999997,0.0,0.0,0.0
2025-11-07 09:00:00,9,4,11,311,0.7071067811865476,-0.7071067811865475,-0.433883739117558,-0.9009688679024191,-0.5000000000000004,0.8660254037844384,0,0,3580.01,3585.71,3479.48,3797.77,3953.46,4208.42,3303.099166666667,636.1271272242974,3443.918690476191,-5.699999999999818,27.8,54.8,24.945833333333336,0.0,0.0,0.0
2025-11-03 14:00:00,14,0,11,307,-0.4999999999999997,-0.8660254037844388,0.0,1.0,-0.5000000000000004,0.8660254037844384,0,0,3747.82,3937.6,3937.46,3556.71,3886.16,3983.08,3335.594166666667,517.6603490868545,3495.4072023809517,-189.77999999999975,30.7,42.9,24.791666666666668,0.0,0.0,0.0
2025-08-15 03:00:00,3,4,8,227,0.7071067811865475,0.7071067811865476,-0.433883739117558,-0.9009688679024191,-0.8660254037844384,-0.5000000000000004,0,0,4806.55,5058.1,5337.98,5316.73,5035.5,5484.93,5279.657916666667,331.37442204015946,5425.73755952381,-251.55000000000018,24.2,72.2,28.200000000000003,0.0,0.0,0.0
2025-11-23 14:00:00,14,6,11,327,-0.4999999999999997,-0.8660254037844388,-0.7818314824680299,0.6234898018587334,-0.5000000000000004,0.8660254037844384,1,0,3730.32,4036.14,4080.13,3484.93,3718.23,3388.64,3082.950833333334,754.320535500391,3211.8290476190477,-305.8199999999997,25.7,67.2,25.541666666666668,0.0,1.0,0.0
2025-12-18 04:00:00,4,3,12,352,0.8660254037844386,0.5000000000000001,0.43388373911755823,-0.900968867902419,-2.4492935982947064e-16,1.0,0,0,1860.26,1945.96,2094.35,1997.22,2088.64,2239.86,3526.4408333333336,941.703005904599,3391.7464880952375,-85.70000000000005,17.2,45.1,21.729166666666668,0.0,0.0,0.0
2025-07-14 19:00:00,19,0,7,195,-0.9659258262890684,0.2588190451025203,0.0,1.0,-0.4999999999999997,-0.8660254037844388,0,0,5641.95,5945.81,6088.63,5217.96,5404.07,5854.26,5309.151666666667,564.2853014571625,5588.488035714286,-303.8600000000006,25.8,90.4,28.104166666666668,0.0,1.0,0.0
2025-11-21 00:00:00,0,4,11,325,0.0,1.0,-0.433883739117558,-0.9009688679024191,-0.5000000000000004,0.8660254037844384,0,0,2578.94,2913.32,3142.66,2294.29,2236.91,2340.74,3275.18875,740.572668719922,3188.438511904762,-334.3800000000001,20.1,47.9,25.4375,0.0,0.0,0.0
2026-01-12 22:00:00,22,0,1,12,-0.5000000000000004,0.8660254037844384,0.0,1.0,0.49999999999999994,0.8660254037844387,0,0,4455.12,4639.44,4752.1,3904.08,3904.51,3880.53,4143.602083333333,1171.3371197202916,4052.5375000000004,-184.3199999999997,16.2,52.4,21.216666666666665,1.0,0.0,0.0
2025-08-04 14:00:00,14,0,8,216,-0.4999999999999997,-0.8660254037844388,0.0,1.0,-0.8660254037844384,-0.5000000000000004,0,0,5929.75,5870.29,5790.83,5680.19,6000.04,7403.28,5578.305833333333,528.5436247711692,5600.762916666667,59.460000000000036,33.3,74.9,28.529166666666665,1.0,0.0,0.0
2025-09-13 02:00:00,2,5,9,256,0.49999999999999994,0.8660254037844387,-0.9749279121818236,-0.2225209339563146,-1.0,-1.8369701987210297e-16,1,0,5684.98,6059.01,6230.69,5156.72,5201.53,4414.75,5613.849583333334,639.1958318787309,5410.0794642857145,-374.03000000000065,28.1,59.1,30.0625,0.0,0.0,0.0
2025-12-15 22:00:00,22,0,12,349,-0.5000000000000004,0.8660254037844384,0.0,1.0,-2.4492935982947064e-16,1.0,0,0,3363.39,3685.0,3884.13,3023.85,2911.08,3124.2,3448.2504166666663,861.0095995247564,3384.944107142857,-321.6100000000001,19.6,53.9,21.90416666666667,1.0,0.0,0.0
2025-08-24 20:00:00,20,6,8,236,-0.8660254037844386,0.5000000000000001,-0.7818314824680299,0.6234898018587334,-0.8660254037844384,-0.5000000000000004,1,0,5356.43,5198.56,5142.24,5443.09,6244.83,5314.78,5092.849166666667,461.7327664627924,5696.944285714286,157.8699999999999,29.3,71.3,28.266666666666666,0.0,0.0,0.0
2025-11-06 20:00:00,20,3,11,310,-0.8660254037844386,0.5000000000000001,0.43388373911755823,-0.900968867902419,-0.5000000000000004,0.8660254037844384,0,0,3895.42,4042.78,3960.19,3764.91,3752.29,3894.36,3379.3016666666663,555.889923868051,3467.486785714286,-147.36000000000013,26.6,43.9,25.458333333333332,0.0,0.0,0.0
2025-08-28 16:00:00,16,3,8,240,-0.8660254037844384,-0.5000000000000004,0.43388373911755823,-0.900968867902419,-0.8660254037844384,-0.5000000000000004,0,0,6549.27,6478.83,5968.25,5579.25,5664.95,6708.42,5355.4974999999995,638.186574390772,5430.005714285714,70.44000000000051,30.4,90.8,27.46666666666667,0.0,1.0,0.0
2025-08-17 04:00:00,4,6,8,229,0.8660254037844386,0.5000000000000001,-0.7818314824680299,0.6234898018587334,-0.8660254037844384,-0.5000000000000004,1,0,4734.89,5095.9,5508.72,4123.54,4419.33,4003.14,5031.275416666666,542.6243535775942,5264.28130952381,-361.0099999999993,23.5,94.9,27.337499999999995,0.0,1.0,0.0
2025-11-11 22:00:00,22,1,11,315,-0.5000000000000004,0.8660254037844384,0.7818314824680298,0.6234898018587336,-0.5000000000000004,0.8660254037844384,0,0,3074.27,3444.31,3671.31,2829.86,2727.1,3214.43,3177.8954166666663,688.0988632329555,3214.904464285714,-370.03999999999996,22.2,44.9,25.541666666666668,0.0,0.0,0.0
2025-12-15 18:00:00,18,0,12,349,-1.0,-1.8369701987210297e-16,0.0,1.0,-2.4492935982947064e-16,1.0,0,0,3928.51,3601.04,3692.96,3708.52,3756.38,3953.13,3418.1120833333334,850.5756355345987,3383.804107142857,327.47000000000025,24.3,38.3,22.104166666666668,0.0,0.0,0.0
2025-10-30 16:00:00,16,3,10,303,-0.8660254037844384,-0.5000000000000004,0.43388373911755823,-0.900968867902419,-0.8660254037844386,0.5000000000000001,0,0,3965.49,3919.66,3889.61,3988.02,3827.8,3798.66,3574.8987500000003,596.681278532012,3497.0034523809527,45.82999999999993,29.1,79.7,29.95416666666667,0.0,1.0,0.0
2025-07-09 21:00:00,21,2,7,190,-0.7071067811865477,0.7071067811865474,0.9749279121818236,-0.22252093395631434,-0.4999999999999997,-0.8660254037844388,0,0,5251.12,5873.68,6226.05,7254.71,6273.96,6872.35,6161.678333333333,858.3700219433473,6181.46494047619,-622.5600000000004,27.6,68.5,28.004166666666666,0.0,0.0,0.0
2025-12-28 13:00:00,13,6,12,362,-0.2588190451025208,-0.9659258262890683,-0.7818314824680299,0.6234898018587334,-2.4492935982947064e-16,1.0,1,0,4665.63,4772.2,4782.82,4096.75,4430.56,4527.65,3429.52875,943.6171897328312,3598.6459523809526,-106.56999999999971,24.5,55.0,22.224999999999998,1.0,0.0,0.0
2026-01-02 15:00:00,15,4,1,2,-0.7071067811865471,-0.7071067811865479,-0.433883739117558,-0.9009688679024191,0.49999999999999994,0.8660254037844387,0,0,4546.12,4979.8,5381.37,4276.8,4565.32,3922.16,3806.8795833333334,1174.6490260331918,3712.6638690476193,-433.6800000000003,24.1,52.7,20.35,1.0,0.0,0.0
2025-11-13 20:00:00,20,3,11,317,-0.8660254037844386,0.5000000000000001,0.43388373911755823,-0.900968867902419,-0.5000000000000004,0.8660254037844384,0,0,3764.18,3835.07,3825.45,3520.16,3444.31,3529.06,3204.84375,710.2712094981079,3159.812083333333,-70.89000000000033,25.4,44.0,24.84166666666667,0.0,0.0,0.0
2025-11-14 22:00:00,22,4,11,318,-0.5000000000000004,0.8660254037844384,-0.433883739117558,-0.9009688679024191,-0.5000000000000004,0.8660254037844384,0,0,3122.21,3431.51,3723.68,2893.3,2936.5,2961.49,3281.9970833333336,754.5321295748405,3155.282261904762,-309.3000000000002,24.5,49.9,25.7375,0.0,0.0,0.0
2025-12-15 03:00:00,3,0,12,349,0.7071067811865475,0.7071067811865476,0.0,1.0,-2.4492935982947064e-16,1.0,0,0,2048.84,2062.45,2449.69,1798.49,1787.51,1670.73,3254.6633333333334,829.3276630928634,3370.6444642857145,-13.609999999999673,19.5,41.3,22.037499999999998,0.0,0.0,0.0
2025-08-07 23:00:00,23,3,8,219,-0.25881904510252157,0.9659258262890681,0.43388373911755823,-0.900968867902419,-0.8660254037844384,-0.5000000000000004,0,0,6975.79,6650.47,6308.7,6645.01,6078.43,5708.8,5988.940833333333,762.4194414118537,5583.812083333333,325.3199999999997,25.9,71.8,27.395833333333332,0.0,0.0,0.0
2025-12-17 09:00:00,9,2,12,351,0.7071067811865476,-0.7071067811865475,0.9749279121818236,-0.22252093395631434,-2.4492935982947064e-16,1.0,0,0,4394.86,4187.51,3538.58,4562.73,4565.62,4458.08,3446.3699999999994,903.2392129393818,3385.752857142857,207.34999999999945,24.7,38.1,21.575,0.0,0.0,0.0
2025-10-09 15:00:00,15,3,10,282,-0.7071067811865471,-0.7071067811865479,0.43388373911755823,-0.900968867902419,-0.8660254037844386,0.5000000000000001,0,0,4357.79,4189.85,4439.84,4369.98,4769.33,4638.33,3793.28125,636.687618069306,4482.116071428572,167.9399999999996,34.4,57.2,29.195833333333336,0.0,0.0,0.0
2025-11-08 18:00:00,18,5,11,312,-1.0,-1.8369701987210297e-16,-0.9749279121818236,-0.2225209339563146,-0.5000000000000004,0.8660254037844384,1,0,3629.26,3363.72,3338.96,3987.58,4042.78,4119.94,3138.9133333333334,614.1165016557176,3352.284285714286,265.5400000000004,22.5,66.1,24.704166666666666,0.0,1.0,0.0
2025-08-27 04:00:00,4,2,8,239,0.8660254037844386,0.5000000000000001,0.9749279121818236,-0.22252093395631434,-0.8660254037844384,-0.5000000000000004,0,1,4372.32,4607.69,4888.16,4214.39,4443.51,4780.39,5148.54875,534.9873606740621,5558.25005952381,-235.3699999999999,23.3,96.7,27.958333333333332,0.0,1.0,0.0
2025-08-17 02:00:00,2,6,8,229,0.49999999999999994,0.8660254037844387,-0.7818314824680299,0.6234898018587334,-0.8660254037844384,-0.5000000000000004,1,0,5508.72,5508.86,5460.03,4505.59,4806.55,4353.54,4988.266666666667,569.4063708633246,5256.399345238095,-0.13999999999941792,25.9,65.2,27.25833333333333,0.0,0.0,0.0
2025-09-22 14:00:00,14,0,9,265,-0.4999999999999997,-0.8660254037844388,0.0,1.0,-1.0,-1.8369701987210297e-16,0,1,6207.18,6147.76,5949.05,5910.42,6396.49,6480.13,5679.175833333334,521.2341574105328,5886.575892857143,59.42000000000007,31.0,82.0,28.71666666666667,0.0,1.0,0.0
2025-09-21 14:00:00,14,6,9,264,-0.4999999999999997,-0.8660254037844388,-0.7818314824680299,0.6234898018587334,-1.0,-1.8369701987210297e-16,1,0,5662.13,5578.33,5450.55,6396.49,6810.45,5796.79,5650.062083333334,654.4602444097588,5883.439107142856,83.80000000000018,33.9,71.2,29.0625,1.0,0.0,0.0
2025-08-16 17:00:00,17,5,8,228,-0.9659258262890683,-0.25881904510252063,-0.9749279121818236,-0.2225209339563146,-0.8660254037844384,-0.5000000000000004,1,1,5429.84,5557.86,5525.34,4127.95,5618.16,4246.99,4757.48125,532.1486475749026,5217.120178571429,-128.01999999999953,27.7,79.7,27.475000000000005,1.0,0.0,0.0
2025-11-26 00:00:00,0,2,11,330,0.0,1.0,0.9749279121818236,-0.22252093395631434,-0.5000000000000004,0.8660254037844384,0,0,2525.85,2891.46,3106.74,2269.26,2170.54,2236.91,3251.5975000000003,829.8912535950328,3221.829285714286,-365.6100000000001,17.7,74.0,25.216666666666665,0.0,1.0,0.0
2025-07-13 21:00:00,21,6,7,194,-0.7071067811865477,0.7071067811865474,-0.7818314824680299,0.6234898018587334,-0.4999999999999997,-0.8660254037844388,1,0,5044.9,5217.96,5313.04,5570.04,5933.44,6757.15,5128.529166666666,498.9521384114795,5657.852202380952,-173.0600000000004,24.6,97.5,28.020833333333332,0.0,1.0,0.0
2025-11-05 02:00:00,2,2,11,309,0.49999999999999994,0.8660254037844387,0.9749279121818236,-0.22252093395631434,-0.5000000000000004,0.8660254037844384,0,1,2710.0,2809.77,3007.62,2429.84,2430.97,2473.29,3483.4829166666664,593.902812979608,3505.16755952381,-99.76999999999998,22.0,57.2,25.09583333333333,1.0,0.0,0.0
2025-06-26 15:00:00,15,3,6,177,-0.7071067811865471,-0.7071067811865479,0.43388373911755823,-0.900968867902419,1.2246467991473532e-16,-1.0,0,0,7413.8,7048.8,6933.1,7079.87,7043.38,6790.92,6337.280833333333,709.129911191951,6149.08505952381,365.0,36.7,60.5,30.570833333333336,0.0,0.0,0.0
2025-08-04 21:00:00,21,0,8,216,-0.7071067811865477,0.7071067811865474,0.0,1.0,-0.8660254037844384,-0.5000000000000004,0,0,5885.2,5932.08,5888.32,6232.29,5754.51,7137.98,5710.178333333333,584.7084694002808,5563.304761904762,-46.88000000000011,24.8,98.0,28.666666666666668,0.0,1.0,0.0
2025-07-14 16:00:00,16,0,7,195,-0.8660254037844384,-0.5000000000000004,0.0,1.0,-0.4999999999999997,-0.8660254037844388,0,0,6181.99,6107.67,5675.26,5532.78,5836.18,6391.92,5251.92875,518.9160351893677,5594.417916666666,74.31999999999971,28.2,94.7,27.916666666666668,0.0,0.0,1.0
2025-08-20 18:00:00,18,2,8,232,-1.0,-1.8369701987210297e-16,0.9749279121818236,-0.22252093395631434,-0.8660254037844384,-0.5000000000000004,0,0,6436.93,6639.93,6695.12,5837.88,5947.54,6174.32,5734.908333333334,650.0084982365428,5294.6876785714285,-203.0,33.1,71.8,28.11666666666667,0.0,0.0,0.0
2025-09-27 10:00:00,10,5,9,270,0.49999999999999994,-0.8660254037844387,-0.9749279121818236,-0.2225209339563146,-1.0,-1.8369701987210297e-16,1,0,5352.86,4748.36,4771.27,5795.88,5666.52,5809.35,5842.5675,618.9410794409937,5730.167559523809,604.5,30.6,84.9,28.90833333333333,0.0,1.0,0.0
2025-09-04 11:00:00,11,3,9,247,0.258819045102521,-0.9659258262890682,0.43388373911755823,-0.900968867902419,-1.0,-1.8369701987210297e-16,0,0,5405.52,5061.72,4393.83,5499.11,5343.01,5896.71,4643.7275,617.1701307704666,5003.0297619047615,343.8000000000002,34.0,74.5,30.358333333333334,1.0,0.0,0.0
2025-08-31 07:00:00,7,6,8,243,0.9659258262890683,-0.25881904510252063,-0.7818314824680299,0.6234898018587334,-0.8660254037844384,-0.5000000000000004,1,0,4388.52,4480.49,4628.71,4386.02,4791.48,4289.0,5413.314166666666,575.6867685750104,5299.755952380951,-91.96999999999935,27.6,87.4,28.125,0.0,1.0,0.0
2025-11-27 02:00:00,2,3,11,331,0.49999999999999994,0.8660254037844387,0.43388373911755823,-0.900968867902419,-0.5000000000000004,0.8660254037844384,0,0,2009.92,2265.98,2592.96,1866.44,1911.44,2043.71,3275.9408333333336,806.1679681917797,3218.214880952381,-256.05999999999995,21.5,39.7,25.370833333333334,0.0,0.0,0.0
2025-12-28 05:00:00,5,6,12,362,0.9659258262890683,0.25881904510252074,-0.7818314824680299,0.6234898018587334,-2.4492935982947064e-16,1.0,1,0,1911.6,1836.43,1923.66,2604.7,2689.89,2294.54,3440.9395833333333,885.0143168259042,3604.201845238095,75.16999999999985,20.4,48.1,22.354166666666668,0.0,0.0,0.0
2025-11-18 03:00:00,3,1,11,322,0.7071067811865475,0.7071067811865476,0.7818314824680298,0.6234898018587336,-0.5000000000000004,0.8660254037844384,0,0,1955.29,2061.61,2271.07,1772.08,1795.83,1896.24,3184.7124999999996,736.6101419827161,3158.7595238095237,-106.32000000000016,22.5,45.4,25.77916666666667,0.0,0.0,0.0
2025-10-02 03:00:00,3,3,10,275,0.7071067811865475,0.7071067811865476,0.43388373911755823,-0.900968867902419,-0.8660254037844386,0.5000000000000001,0,1,4980.56,5238.09,5475.59,4397.13,5762.71,5155.29,5262.066666666667,602.0220609901833,5755.655892857143,-257.52999999999975,26.0,49.6,29.758333333333336,0.0,0.0,0.0
2025-11-26 06:00:00,6,2,11,330,1.0,6.123233995736766e-17,0.9749279121818236,-0.22252093395631434,-0.5000000000000004,0.8660254037844384,0,0,2619.37,1957.75,1814.55,3008.49,3348.99,3514.38,3256.2704166666663,828.909829844549,3220.014404761905,661.6199999999999,24.9,60.9,25.433333333333334,1.0,0.0,0.0
2025-09-13 22:00:00,22,5,9,256,-0.5000000000000004,0.8660254037844384,-0.9749279121818236,-0.2225209339563146,-1.0,-1.8369701987210297e-16,1,0,6097.43,5845.82,5810.16,6211.57,6215.76,5415.45,5532.787916666667,571.9593010299088,5463.0949404761905,251.61000000000058,28.4,73.3,29.316666666666666,1.0,0.0,0.0
2026-01-10 04:00:00,4,5,1,10,0.8660254037844386,0.5000000000000001,-0.9749279121818236,-0.2225209339563146,0.49999999999999994,0.8660254037844387,1,0,2049.4,2192.95,2455.93,2195.66,2241.86,2050.83,4281.7675,1253.5063547583597,3958.873035714286,-143.54999999999973,17.6,40.2,20.491666666666664,0.0,0.0,0.0
2025-12-11 06:00:00,6,3,12,345,1.0,6.123233995736766e-17,0.43388373911755823,-0.900968867902419,-2.4492935982947064e-16,1.0,0,0,2805.89,2239.86,2131.56,3769.92,3769.61,3679.75,3499.7929166666668,782.6674109095549,3358.1042857142857,566.0299999999997,21.1,48.6,21.51666666666667,0.0,0.0,0.0
2025-12-31 18:00:00,18,2,12,365,-1.0,-1.8369701987210297e-16,0.9749279121818236,-0.22252093395631434,-2.4492935982947064e-16,1.0,0,0,4542.53,4363.63,4565.32,4335.47,4340.03,4239.61,3928.6341666666667,1161.8055983231282,3636.928988095238,178.89999999999964,22.8,46.8,21.991666666666664,0.0,0.0,0.0
2025-10-06 16:00:00,16,0,10,279,-0.8660254037844384,-0.5000000000000004,0.0,1.0,-0.8660254037844386,0.5000000000000001,0,0,4730.33,4730.97,4727.67,5206.15,5579.01,6957.69,4868.682916666667,470.5928041402073,5116.003273809523,-0.6400000000003274,31.9,64.2,29.808333333333334,1.0,0.0,0.0
2025-07-04 11:00:00,11,4,7,185,0.258819045102521,-0.9659258262890682,-0.433883739117558,-0.9009688679024191,-0.4999999999999997,-0.8660254037844388,0,0,6603.4,6136.34,5376.97,6428.39,6229.71,6817.44,6488.325833333333,714.878672636538,5945.964345238095,467.0599999999995,33.0,93.7,28.325,0.0,1.0,0.0
2025-08-27 11:00:00,11,2,8,239,0.258819045102521,-0.9659258262890682,0.9749279121818236,-0.22252093395631434,-0.8660254037844384,-0.5000000000000004,0,1,5695.44,5336.58,4668.82,5629.99,5654.01,6011.28,5172.547083333334,537.2443471568719,5544.83994047619,358.8599999999997,30.2,92.0,27.883333333333336,0.0,1.0,0.0
2025-09-14 12:00:00,12,6,9,257,1.2246467991473532e-16,-1.0,-0.7818314824680299,0.6234898018587334,-1.0,-1.8369701987210297e-16,1,0,5399.82,5188.69,4900.87,5798.91,5970.74,5355.0,5556.882083333333,576.0165728517184,5514.57255952381,211.1300000000001,35.8,63.3,30.2625,0.0,0.0,0.0
2025-08-16 12:00:00,12,5,8,228,1.2246467991473532e-16,-1.0,-0.9749279121818236,-0.2225209339563146,-0.8660254037844384,-0.5000000000000004,1,1,5226.08,5071.67,4673.88,4309.29,5531.87,4462.49,4505.577083333333,414.48076269917243,5185.604821428571,154.40999999999985,29.2,94.9,27.76666666666667,0.0,1.0,0.0
2025-09-29 04:00:00,4,0,9,272,0.8660254037844386,0.5000000000000001,0.0,1.0,-1.0,-1.8369701987210297e-16,0,0,5657.92,6010.36,6390.63,5256.77,5062.18,4997.46,5888.929583333334,639.3084328872135,5794.983452380952,-352.4399999999996,29.6,58.2,29.46666666666667,0.0,0.0,0.0
2025-10-08 23:00:00,23,2,10,281,-0.25881904510252157,0.9659258262890681,0.9749279121818236,-0.22252093395631434,-0.8660254037844386,0.5000000000000001,0,0,3600.85,3720.89,4170.16,3443.97,3831.47,5579.47,3824.4725,600.5683784423143,4581.632976190476,-120.03999999999996,25.5,56.2,28.783333333333335,0.0,0.0,0.0
2025-11-24 17:00:00,17,0,11,328,-0.9659258262890683,-0.25881904510252063,0.0,1.0,-0.5000000000000004,0.8660254037844384,0,0,3463.73,3515.54,3564.9,3441.07,3619.63,3736.05,3140.1750000000006,782.8733294451799,3220.2050000000004,-51.809999999999945,27.7,54.9,25.254166666666666,1.0,0.0,0.0
2025-10-09 04:00:00,4,3,10,282,0.8660254037844386,0.5000000000000001,0.43388373911755823,-0.900968867902419,-0.8660254037844386,0.5000000000000001,0,0,2703.18,2828.8,2961.71,2795.11,3033.36,4482.56,3809.7425,621.0910253756872,4516.716785714285,-125.62000000000035,26.1,58.5,29.291666666666668,0.0,0.0,0.0
2025-10-30 22:00:00,22,3,10,303,-0.5000000000000004,0.8660254037844384,0.43388373911755823,-0.900968867902419,-0.8660254037844386,0.5000000000000001,0,0,3516.13,3894.36,4188.6,3314.71,3191.35,3408.74,3589.286666666667,608.3820575897635,3503.994761904762,-378.23,25.9,54.7,29.5625,0.0,0.0,0.0
2025-09-07 03:00:00,3,6,9,250,0.7071067811865475,0.7071067811865476,-0.7818314824680299,0.6234898018587334,-1.0,-1.8369701987210297e-16,1,0,4684.42,4903.73,5228.28,4201.43,4134.14,4800.43,5039.267916666667,548.4226241407291,4804.301309523809,-219.3099999999995,20.8,95.2,28.808333333333337,0.0,1.0,0.0
2025-08-13 03:00:00,3,2,8,225,0.7071067811865475,0.7071067811865476,0.9749279121818236,-0.22252093395631434,-0.8660254037844384,-0.5000000000000004,0,0,5313.74,5637.02,6087.41,4955.73,4817.86,4863.53,5587.9675,637.5305638930885,5520.087797619048,-323.28000000000065,24.0,94.4,28.241666666666664,0.0,1.0,0.0
2025-08-26 22:00:00,22,1,8,238,-0.5000000000000004,0.8660254037844384,0.7818314824680298,0.6234898018587336,-0.8660254037844384,-0.5000000000000004,0,0,5331.28,5257.98,5389.15,5494.98,5709.79,6192.83,5169.702916666666,531.4811745897662,5583.396785714286,73.30000000000018,23.5,85.0,27.920833333333334,0.0,1.0,0.0
2025-07-07 21:00:00,21,0,7,188,-0.7071067811865477,0.7071067811865474,0.0,1.0,-0.4999999999999997,-0.8660254037844388,0,0,5923.51,5854.26,6004.11,6757.15,6957.61,5617.44,5857.8220833333335,758.1410667632247,6050.084226190476,69.25,25.7,84.0,28.416666666666668,1.0,0.0,0.0
2026-01-11 07:00:00,7,6,1,11,0.9659258262890683,-0.25881904510252063,-0.7818314824680299,0.6234898018587334,0.49999999999999994,0.8660254037844387,1,0,3140.09,2427.29,2049.54,4337.25,4767.2,3733.06,3924.7745833333333,1125.373267614226,3993.0767261904757,712.8000000000002,19.7,46.3,20.374999999999996,0.0,0.0,0.0
2025-11-18 22:00:00,22,1,11,322,-0.5000000000000004,0.8660254037844384,0.7818314824680298,0.6234898018587336,-0.5000000000000004,0.8660254037844384,0,0,3086.85,3465.39,3722.74,2879.06,2703.12,2862.22,3248.58375,747.976513034066,3169.210952380952,-378.53999999999996,21.1,63.4,25.8625,1.0,0.0,0.0
2025-11-06 14:00:00,14,3,11,310,-0.4999999999999997,-0.8660254037844388,0.43388373911755823,-0.900968867902419,-0.5000000000000004,0.8660254037844384,0,0,3576.62,3853.23,3894.08,3842.15,3865.16,3919.66,3416.1529166666664,588.3325548825744,3477.9084523809524,-276.6100000000001,31.2,48.5,25.966666666666665,0.0,0.0,0.0
2025-08-20 07:00:00,7,2,8,232,0.9659258262890683,-0.25881904510252063,0.9749279121818236,-0.22252093395631434,-0.8660254037844384,-0.5000000000000004,0,0,4739.56,4650.27,4780.39,4829.52,4554.55,4749.01,5670.400833333334,550.3087015636617,5290.125119047619,89.28999999999996,33.2,65.9,28.191666666666666,0.0,0.0,0.0
2025-10-02 02:00:00,2,3,10,275,0.49999999999999994,0.8660254037844387,0.43388373911755823,-0.900968867902419,-0.8660254037844386,0.5000000000000001,0,1,5238.09,5475.59,5579.47,4628.86,6115.46,5448.09,5247.412499999999,613.346264819,5758.438809523809,-237.5,26.1,47.1,29.600000000000005,0.0,0.0,0.0
2025-07-05 15:00:00,15,5,7,186,-0.7071067811865471,-0.7071067811865479,-0.9749279121818236,-0.2225209339563146,-0.4999999999999997,-0.8660254037844388,1,0,6987.76,6659.9,6458.83,7034.87,7391.31,6893.47,6249.0,689.0833459654668,5881.779940476191,327.8600000000006,32.1,89.7,27.98333333333333,0.0,1.0,0.0
2025-09-07 17:00:00,17,6,9,250,-0.9659258262890683,-0.25881904510252063,-0.7818314824680299,0.6234898018587334,-1.0,-1.8369701987210297e-16,1,0,5017.48,5166.99,5270.49,5511.55,5101.95,4906.92,4947.405,500.37348764612824,4802.141011904762,-149.51000000000022,30.5,69.2,29.254166666666666,1.0,0.0,0.0
2025-09-03 19:00:00,19,2,9,246,-0.9659258262890684,0.2588190451025203,0.9749279121818236,-0.22252093395631434,-1.0,-1.8369701987210297e-16,0,0,4976.96,5051.66,5024.95,4952.39,4789.42,5539.34,4636.79,599.5162639778259,5070.9833928571425,-74.69999999999982,32.7,68.3,29.670833333333334,0.0,0.0,0.0
2025-07-20 14:00:00,14,6,7,201,-0.4999999999999997,-0.8660254037844388,-0.7818314824680299,0.6234898018587334,-0.4999999999999997,-0.8660254037844388,1,0,5546.85,5455.34,5321.31,5846.84,6160.68,5532.59,5318.794583333333,541.2034306824467,5393.6191071428575,91.51000000000022,28.7,96.6,28.712500000000002,0.0,0.0,1.0
2025-08-17 13:00:00,13,6,8,229,-0.2588190451025208,-0.9659258262890683,-0.7818314824680299,0.6234898018587334,-0.8660254037844384,-0.5000000000000004,1,0,5509.24,5356.95,5062.99,5367.82,4265.63,5177.72,5096.0304166666665,458.9123734248807,5285.604821428571,152.28999999999996,33.3,96.7,27.904166666666665,0.0,1.0,0.0
2025-11-09 19:00:00,19,6,11,313,-0.9659258262890684,0.2588190451025203,-0.7818314824680299,0.6234898018587334,-0.5000000000000004,0.8660254037844384,1,0,3462.94,3432.46,3157.68,3557.92,3830.88,3730.82,2968.4858333333336,621.4259721411003,3302.3149404761907,30.480000000000018,27.6,49.5,25.483333333333334,0.0,0.0,0.0
2025-09-14 01:00:00,1,6,9,257,0.25881904510252074,0.9659258262890683,-0.7818314824680299,0.6234898018587334,-1.0,-1.8369701987210297e-16,1,0,6177.32,6348.81,6312.55,5684.98,5513.13,4903.73,5546.846666666667,589.1791652627667,5479.545595238095,-171.4900000000007,27.3,67.8,29.458333333333332,0.0,0.0,0.0
2025-08-21 15:00:00,15,3,8,233,-0.7071067811865471,-0.7071067811865479,0.43388373911755823,-0.900968867902419,-0.8660254037844384,-0.5000000000000004,0,0,6837.29,6410.3,6372.02,6695.12,6200.45,5671.14,5999.656666666667,660.9705565149789,5325.722083333334,426.9899999999998,30.9,88.9,28.758333333333336,0.0,1.0,0.0
2025-09-29 22:00:00,22,0,9,272,-0.5000000000000004,0.8660254037844384,0.0,1.0,-1.0,-1.8369701987210297e-16,0,0,6750.65,6422.41,6485.33,6816.46,6668.35,6568.57,6231.930833333333,669.3692552591883,5835.28619047619,328.2399999999998,26.8,70.2,29.5,1.0,0.0,0.0
2025-07-13 19:00:00,19,6,7,194,-0.9659258262890684,0.2588190451025203,-0.7818314824680299,0.6234898018587334,-0.4999999999999997,-0.8660254037844388,1,0,5313.04,5457.22,5532.78,5404.07,5785.8,6054.55,5150.444583333333,503.9402511770279,5671.11488095238,-144.1800000000003,26.1,80.2,28.154166666666665,1.0,0.0,0.0
2025-10-12 05:00:00,5,6,10,285,0.9659258262890683,0.25881904510252074,-0.7818314824680299,0.6234898018587334,-0.8660254037844386,0.5000000000000001,1,0,2675.59,2701.47,2784.03,2873.72,2862.02,4160.23,3624.9145833333337,549.8255467832706,4002.852261904762,-25.879999999999654,27.9,60.7,30.299999999999997,0.0,0.0,0.0
2025-08-12 01:00:00,1,1,8,224,0.25881904510252074,0.9659258262890683,0.7818314824680298,0.6234898018587336,-0.8660254037844384,-0.5000000000000004,0,0,6108.66,6424.58,6418.43,5479.36,4584.56,5602.73,5601.577916666666,677.5275074151451,5520.8126785714285,-315.9200000000001,25.7,80.3,28.183333333333334,1.0,0.0,0.0
2025-07-07 02:00:00,2,0,7,188,0.49999999999999994,0.8660254037844387,0.0,1.0,-0.4999999999999997,-0.8660254037844388,0,0,6177.67,6855.59,7137.11,6250.57,6080.76,5134.87,5974.920833333333,633.1401125784176,6009.836071428571,-677.9200000000001,22.0,95.0,27.97083333333333,0.0,1.0,0.0
2025-07-08 16:00:00,16,1,7,189,-0.8660254037844384,-0.5000000000000004,0.7818314824680298,0.6234898018587336,-0.4999999999999997,-0.8660254037844388,0,0,7384.83,7177.88,6801.84,6391.92,6090.99,6228.63,6021.275000000001,704.5683934339521,6127.039226190476,206.94999999999982,30.1,92.9,27.77916666666667,0.0,1.0,0.0
2025-12-20 02:00:00,2,5,12,354,0.49999999999999994,0.8660254037844387,-0.9749279121818236,-0.2225209339563146,-2.4492935982947064e-16,1.0,1,0,2190.41,2508.62,2714.9,1962.75,1945.96,1876.28,3707.86,1085.963867482847,3454.2485714285713,-318.21000000000004,15.2,48.6,21.391666666666666,1.0,0.0,0.0
2025-12-18 01:00:00,1,3,12,352,0.25881904510252074,0.9659258262890683,0.43388373911755823,-0.900968867902419,-2.4492935982947064e-16,1.0,0,0,2394.36,2801.03,3170.66,2038.31,2135.45,2283.15,3520.6275000000005,951.7370806434865,3395.9133928571428,-406.6700000000001,15.8,43.5,21.787499999999998,0.0,0.0,0.0
2025-09-21 06:00:00,6,6,9,264,1.0,6.123233995736766e-17,-0.7818314824680299,0.6234898018587334,-1.0,-1.8369701987210297e-16,1,0,4816.97,5010.56,5278.7,4906.96,4909.07,4642.39,5804.131249999999,560.2619449811302,5883.250476190477,-193.59000000000015,30.3,62.4,29.433333333333334,0.0,0.0,0.0
2025-11-05 05:00:00,5,2,11,309,0.9659258262890683,0.25881904510252074,0.9749279121818236,-0.22252093395631434,-0.5000000000000004,0.8660254037844384,0,1,2525.2,2425.78,2495.41,2893.63,2873.1,2916.6,3489.272916666667,583.2971398381378,3505.3897023809523,99.41999999999962,23.6,48.3,25.070833333333336,0.0,0.0,0.0
2025-12-22 05:00:00,5,0,12,356,0.9659258262890683,0.25881904510252074,0.0,1.0,-2.4492935982947064e-16,1.0,0,0,2240.03,2144.65,2199.59,2294.54,2656.54,2708.78,3557.8037499999996,940.3042263050348,3555.7991071428573,95.38000000000011,20.9,46.9,21.416666666666668,0.0,0.0,0.0
2025-12-04 19:00:00,19,3,12,338,-0.9659258262890684,0.2588190451025203,0.43388373911755823,-0.900968867902419,-2.4492935982947064e-16,1.0,0,0,4050.42,4047.7,3705.17,3850.43,3745.72,3832.42,3425.9970833333336,746.0597130518445,3278.504642857143,2.7200000000002547,21.7,41.2,22.0,0.0,0.0,0.0
2025-09-02 08:00:00,8,1,9,245,0.8660254037844387,-0.4999999999999998,0.7818314824680298,0.6234898018587336,-1.0,-1.8369701987210297e-16,0,0,4124.3,4018.54,3702.07,4467.58,4239.51,4591.93,4569.4075,587.0108238558555,5169.357916666666,105.76000000000022,26.3,92.2,28.400000000000002,0.0,0.0,1.0
2025-12-18 14:00:00,14,3,12,352,-0.4999999999999997,-0.8660254037844388,0.43388373911755823,-0.900968867902419,-2.4492935982947064e-16,1.0,0,0,4100.61,4544.88,4731.85,3921.07,3775.73,3728.88,3536.0049999999997,944.6026569341224,3408.9856547619047,-444.27000000000044,23.7,69.0,21.625,0.0,1.0,0.0
2025-08-31 04:00:00,4,6,8,243,0.8660254037844386,0.5000000000000001,-0.7818314824680299,0.6234898018587334,-0.8660254037844384,-0.5000000000000004,1,0,4800.43,5101.17,5431.79,4358.04,4667.83,4475.91,5391.895416666666,612.0143346217035,5297.482976190477,-300.7399999999998,25.1,84.5,28.195833333333336,0.0,1.0,0.0
2025-10-05 08:00:00,8,6,10,278,0.8660254037844387,-0.4999999999999998,-0.7818314824680299,0.6234898018587334,-0.8660254037844386,0.5000000000000001,1,0,4071.25,4108.22,4160.23,4428.1,4348.93,4755.81,5080.26125,538.227316501895,5342.684464285714,-36.970000000000255,31.6,50.3,29.80416666666667,0.0,0.0,0.0
2025-07-26 17:00:00,17,5,7,207,-0.9659258262890683,-0.25881904510252063,-0.9749279121818236,-0.2225209339563146,-0.4999999999999997,-0.8660254037844388,1,0,6790.42,6777.55,6655.76,7096.52,6604.42,5752.59,6223.318749999999,783.9709429027095,5728.592023809523,12.86999999999989,29.4,90.3,28.245833333333334,0.0,1.0,0.0
2025-09-25 19:00:00,19,3,9,268,-0.9659258262890684,0.2588190451025203,0.43388373911755823,-0.900968867902419,-1.0,-1.8369701987210297e-16,0,0,6119.48,6207.99,6369.86,6008.67,5926.42,6234.14,5713.416249999999,612.3456456639542,5772.5294047619045,-88.51000000000022,33.3,57.1,28.525000000000002,0.0,0.0,0.0
2025-10-02 12:00:00,12,3,10,275,1.2246467991473532e-16,-1.0,0.43388373911755823,-0.900968867902419,-0.8660254037844386,0.5000000000000001,0,1,4420.45,4231.88,4062.75,5735.88,5540.34,5903.03,5132.832916666667,680.0372070861904,5716.037440476191,188.5699999999997,36.7,43.6,30.287499999999998,0.0,0.0,0.0
2025-10-09 03:00:00,3,3,10,282,0.7071067811865475,0.7071067811865476,0.43388373911755823,-0.900968867902419,-0.8660254037844386,0.5000000000000001,0,0,2828.8,2961.71,3172.36,2777.44,3112.98,4714.35,3812.8366666666666,615.4984383031948,4528.688035714285,-132.90999999999985,23.9,64.8,29.262500000000003,1.0,0.0,0.0
2025-11-24 18:00:00,18,0,11,328,-1.0,-1.8369701987210297e-16,0.0,1.0,-0.5000000000000004,0.8660254037844384,0,0,3756.32,3463.73,3515.54,3475.22,3627.74,3741.36,3153.3104166666667,790.7465066493427,3220.3256547619044,292.59000000000015,27.2,49.5,25.420833333333334,1.0,0.0,0.0
2025-08-19 18:00:00,18,1,8,231,-1.0,-1.8369701987210297e-16,0.7818314824680298,0.6234898018587336,-0.8660254037844384,-0.5000000000000004,0,0,6027.3,6122.34,6200.45,5947.54,5043.5,5890.83,5727.012500000001,564.6836266537977,5296.228035714286,-95.03999999999996,26.9,98.0,28.50833333333333,0.0,0.0,1.0
2025-07-15 02:00:00,2,1,7,196,0.49999999999999994,0.8660254037844387,0.7818314824680298,0.6234898018587336,-0.4999999999999997,-0.8660254037844388,0,0,5018.24,5407.63,5628.9,4999.54,5091.37,5618.85,5301.291249999999,559.5750469412127,5552.987976190476,-389.3900000000003,23.0,82.1,28.387500000000003,1.0,0.0,0.0
2025-11-30 11:00:00,11,6,11,334,0.258819045102521,-0.9659258262890682,-0.7818314824680299,0.6234898018587334,-0.5000000000000004,0.8660254037844384,1,0,4197.75,4097.22,3589.65,4113.91,4343.32,4080.13,3101.3370833333333,790.0427825646462,3230.092559523809,100.52999999999975,30.2,38.0,25.333333333333332,0.0,0.0,0.0
2025-12-29 11:00:00,11,0,12,363,0.258819045102521,-0.9659258262890682,0.0,1.0,-2.4492935982947064e-16,1.0,0,0,5097.68,4963.8,4531.79,4772.2,4515.63,5072.32,3521.925416666667,993.9015215935383,3585.144702380953,133.8800000000001,28.9,39.7,21.295833333333334,0.0,0.0,0.0
2025-08-05 23:00:00,23,1,8,217,-0.25881904510252157,0.9659258262890681,0.7818314824680298,0.6234898018587336,-0.8660254037844384,-0.5000000000000004,0,0,6093.36,5924.11,5775.1,6291.81,6494.52,6351.98,5628.542083333334,577.6664588932507,5506.07261904762,169.25,23.6,96.0,28.070833333333336,0.0,1.0,0.0
2025-09-22 05:00:00,5,0,9,265,0.9659258262890683,0.25881904510252074,0.0,1.0,-1.0,-1.8369701987210297e-16,0,1,4997.46,5239.43,5526.04,4816.97,5003.79,4805.55,5525.39875,573.4058724795573,5884.9400000000005,-241.97000000000025,24.4,81.9,29.05416666666667,0.0,1.0,0.0
2025-07-24 07:00:00,7,3,7,205,0.9659258262890683,-0.25881904510252063,0.43388373911755823,-0.900968867902419,-0.4999999999999997,-0.8660254037844388,0,0,4508.5,4312.88,4427.53,4628.34,4986.68,4517.88,5404.915416666667,567.3473797992355,5453.131071428572,195.6199999999999,25.2,96.7,27.5625,0.0,0.0,1.0
2025-12-02 06:00:00,6,1,12,336,1.0,6.123233995736766e-17,0.7818314824680298,0.6234898018587336,-2.4492935982947064e-16,1.0,0,0,2662.89,1969.74,1780.56,3528.59,2680.36,3008.49,3254.790833333333,791.9736212554996,3238.9756547619045,693.1499999999999,22.3,48.6,21.849999999999998,0.0,0.0,0.0
2025-10-15 07:00:00,7,2,10,288,0.9659258262890683,-0.25881904510252063,0.9749279121818236,-0.22252093395631434,-0.8660254037844386,0.5000000000000001,0,0,3678.69,3149.86,2838.7,3668.12,3583.95,3627.31,3900.2120833333333,604.597705931189,3753.7789285714293,528.8299999999999,28.4,63.3,28.833333333333332,1.0,0.0,0.0
2025-09-28 23:00:00,23,6,9,271,-0.25881904510252157,0.9659258262890681,-0.7818314824680299,0.6234898018587334,-1.0,-1.8369701987210297e-16,1,0,6816.46,6552.38,6364.87,6689.11,6525.48,6447.19,5859.2825,618.8628632542383,5782.094821428571,264.0799999999999,24.0,88.3,29.27916666666667,0.0,1.0,0.0
2025-10-10 15:00:00,15,4,10,283,-0.7071067811865471,-0.7071067811865479,-0.433883739117558,-0.9009688679024191,-0.8660254037844386,0.5000000000000001,0,0,4315.38,4322.59,4504.81,4421.15,4369.98,5877.84,3792.6612499999997,667.3099839903499,4357.5626785714285,-7.210000000000036,33.1,59.6,28.779166666666665,1.0,0.0,0.0
2025-10-04 05:00:00,5,5,10,277,0.9659258262890683,0.25881904510252074,-0.9749279121818236,-0.2225209339563146,-0.8660254037844386,0.5000000000000001,1,0,4324.45,4529.87,4814.72,3862.12,4369.33,4884.41,5177.262083333333,640.034430160713,5469.658333333333,-205.42000000000007,29.4,50.6,30.03333333333333,0.0,0.0,0.0
2025-07-13 12:00:00,12,6,7,194,1.2246467991473532e-16,-1.0,-0.7818314824680299,0.6234898018587334,-0.4999999999999997,-0.8660254037844388,1,0,5038.38,4939.94,4622.34,5938.67,5723.56,5967.89,5282.2908333333335,633.1002657311583,5697.360773809524,98.44000000000051,35.4,64.5,28.833333333333332,0.0,0.0,0.0
2025-09-24 10:00:00,10,2,9,267,0.49999999999999994,-0.8660254037844387,0.9749279121818236,-0.22252093395631434,-1.0,-1.8369701987210297e-16,0,0,5352.17,4687.8,4579.89,5715.63,5807.19,6066.55,5664.939166666667,594.6787596452449,5819.908035714286,664.3699999999999,36.8,57.4,29.441666666666666,0.0,0.0,0.0
2025-10-15 20:00:00,20,2,10,288,-0.8660254037844386,0.5000000000000001,0.9749279121818236,-0.22252093395631434,-0.8660254037844386,0.5000000000000001,0,0,4503.87,4628.6,4507.95,4254.0,4226.22,4170.16,3919.675416666667,620.1082590545711,3761.12625,-124.73000000000047,26.3,66.9,28.862499999999997,1.0,0.0,0.0
2025-10-16 01:00:00,1,3,10,289,0.25881904510252074,0.9659258262890683,0.43388373911755823,-0.900968867902419,-0.8660254037844386,0.5000000000000001,0,0,3308.35,3524.06,3774.98,3117.58,3109.67,2961.71,3916.0125000000003,623.0607459759708,3764.9813095238096,-215.71000000000004,24.3,63.9,28.741666666666664,1.0,0.0,0.0
2025-12-15 11:00:00,11,0,12,349,0.258819045102521,-0.9659258262890682,0.0,1.0,-2.4492935982947064e-16,1.0,0,0,4624.46,4565.62,4250.63,4388.08,4278.89,4293.05,3394.094166666667,837.3063182087961,3379.696964285715,58.840000000000146,25.4,35.5,21.97083333333333,0.0,0.0,0.0
2025-10-30 03:00:00,3,3,10,303,0.7071067811865475,0.7071067811865476,0.43388373911755823,-0.900968867902419,-0.8660254037844386,0.5000000000000001,0,0,2558.44,2687.37,2870.26,2420.66,2487.42,2709.48,3541.9937499999996,600.5675685174358,3483.9397023809524,-128.92999999999984,24.2,67.6,29.299999999999997,1.0,0.0,0.0
2025-09-06 17:00:00,17,5,9,249,-0.9659258262890683,-0.25881904510252063,-0.9749279121818236,-0.2225209339563146,-1.0,-1.8369701987210297e-16,1,0,5578.87,5591.19,5574.88,5101.95,5580.87,5783.61,4935.174583333333,517.4945298932188,4829.130297619047,-12.319999999999709,30.6,78.2,29.224999999999998,1.0,0.0,0.0
2026-01-11 14:00:00,14,6,1,11,-0.4999999999999997,-0.8660254037844388,-0.7818314824680299,0.6234898018587334,0.49999999999999994,0.8660254037844387,1,0,4923.83,5367.77,5528.2,4330.08,4975.45,4354.35,3912.9641666666666,1125.7773833606109,4007.934761904762,-443.9400000000005,26.9,44.5,20.354166666666668,0.0,0.0,0.0
2025-12-14 12:00:00,12,6,12,348,1.2246467991473532e-16,-1.0,-0.7818314824680299,0.6234898018587334,-2.4492935982947064e-16,1.0,1,0,4388.08,4402.62,4263.42,4123.4,4396.07,4301.74,3196.735,826.783826544061,3354.9124999999995,-14.539999999999964,24.9,52.5,21.925,1.0,0.0,0.0
2025-07-14 07:00:00,7,0,7,195,0.9659258262890683,-0.25881904510252063,0.0,1.0,-0.4999999999999997,-0.8660254037844388,0,0,4404.97,4338.76,4513.14,4222.67,4430.94,4564.87,5082.295,475.6803059509528,5604.105654761905,66.21000000000004,30.3,68.5,27.825000000000003,0.0,0.0,0.0
2026-01-09 14:00:00,14,4,1,9,-0.4999999999999997,-0.8660254037844388,-0.433883739117558,-0.9009688679024191,0.49999999999999994,0.8660254037844387,0,0,5377.38,5744.01,5931.41,4536.61,4675.74,4546.12,4026.14125,1237.863362247244,3931.3950595238093,-366.6300000000001,26.7,43.4,20.666666666666668,0.0,0.0,0.0
2025-08-22 23:00:00,23,4,8,234,-0.25881904510252157,0.9659258262890681,-0.433883739117558,-0.9009688679024191,-0.8660254037844384,-0.5000000000000004,0,0,6626.49,6471.37,6244.83,6820.78,6707.92,5180.17,6039.506666666667,601.8220397922628,5598.299761904762,155.1199999999999,24.9,80.0,27.7625,0.0,0.0,0.0
2025-09-06 02:00:00,2,5,9,249,0.49999999999999994,0.8660254037844387,-0.9749279121818236,-0.2225209339563146,-1.0,-1.8369701987210297e-16,1,0,4673.68,4962.94,5141.69,4376.61,3863.85,4768.72,4872.368750000001,539.258801563411,4855.122321428571,-289.2599999999993,26.5,84.2,29.608333333333334,1.0,0.0,0.0
2025-10-14 14:00:00,14,1,10,287,-0.4999999999999997,-0.8660254037844388,0.7818314824680298,0.6234898018587336,-0.8660254037844386,0.5000000000000001,0,0,4366.65,4436.14,4459.69,4285.99,3877.92,4748.75,3885.0525,594.739976425616,3750.9757738095236,-69.49000000000069,32.6,54.9,28.933333333333334,1.0,0.0,0.0
2025-08-15 01:00:00,1,4,8,227,0.25881904510252074,0.9659258262890683,-0.433883739117558,-0.9009688679024191,-0.8660254037844384,-0.5000000000000004,0,0,5337.98,5495.64,5471.5,6073.38,5637.02,6272.08,5356.474166666666,353.07554053068407,5439.116666666667,-157.66000000000076,22.8,79.6,28.245833333333337,1.0,0.0,0.0
2025-11-01 19:00:00,19,5,11,305,-0.9659258262890684,0.2588190451025203,-0.9749279121818236,-0.2225209339563146,-0.5000000000000004,0.8660254037844384,1,0,4119.94,4049.83,3868.08,4292.36,4188.6,4053.94,3575.7029166666666,519.214394517125,3517.6822023809523,70.10999999999967,25.1,61.7,25.825000000000003,1.0,0.0,0.0
2025-08-27 13:00:00,13,2,8,239,-0.2588190451025208,-0.9659258262890683,0.9749279121818236,-0.22252093395631434,-0.8660254037844384,-0.5000000000000004,0,1,5598.99,5659.64,5695.44,5650.26,5453.73,6233.08,5170.625833333333,535.5244047937786,5539.171130952381,-60.650000000000546,31.0,93.4,28.15416666666667,0.0,0.0,1.0
2025-10-25 21:00:00,21,5,10,298,-0.7071067811865477,0.7071067811865474,-0.9749279121818236,-0.2225209339563146,-0.8660254037844386,0.5000000000000001,1,0,3778.55,4053.94,4143.38,3615.65,3545.54,3950.45,3536.8720833333336,475.2776880664452,3522.195952380953,-275.3899999999999,27.2,62.8,28.841666666666665,1.0,0.0,0.0
2025-10-25 16:00:00,16,5,10,298,-0.8660254037844384,-0.5000000000000004,-0.9749279121818236,-0.2225209339563146,-0.8660254037844386,0.5000000000000001,1,0,3885.28,3904.84,3864.85,4090.93,3798.66,4316.83,3578.2549999999997,519.9064266059225,3533.4152976190476,-19.559999999999945,32.4,66.7,28.65833333333333,1.0,0.0,0.0
2025-06-30 15:00:00,15,0,6,181,-0.7071067811865471,-0.7071067811865479,0.0,1.0,1.2246467991473532e-16,-1.0,0,0,5829.55,5695.59,5696.9,5605.33,6893.47,7517.42,5250.9454166666665,467.65140972442373,6166.445476190476,133.96000000000004,35.2,62.1,30.912500000000005,1.0,0.0,0.0
2025-09-23 06:00:00,6,1,9,266,1.0,6.123233995736766e-17,0.7818314824680298,0.6234898018587336,-1.0,-1.8369701987210297e-16,0,0,4800.78,4950.43,5216.92,4798.46,4664.56,4853.52,5854.777916666667,633.2850870622865,5876.731369047619,-149.65000000000055,29.9,61.9,28.829166666666666,0.0,0.0,0.0
2025-11-05 20:00:00,20,2,11,309,-0.8660254037844386,0.5000000000000001,0.9749279121818236,-0.22252093395631434,-0.5000000000000004,0.8660254037844384,0,1,4071.45,4146.44,4086.33,3752.29,3720.78,3849.97,3462.685,601.3080776397719,3496.9452380952384,-74.98999999999978,24.7,53.8,25.741666666666664,1.0,0.0,0.0
2025-08-18 16:00:00,16,0,8,230,-0.8660254037844384,-0.5000000000000004,0.0,1.0,-0.8660254037844384,-0.5000000000000004,0,0,6469.28,6406.8,6016.59,5222.57,5429.84,6185.16,5304.099999999999,599.6473712760578,5278.624226190476,62.47999999999956,28.8,95.4,27.020833333333332,0.0,1.0,0.0
2025-12-26 17:00:00,17,4,12,360,-0.9659258262890683,-0.25881904510252063,-0.433883739117558,-0.9009688679024191,-2.4492935982947064e-16,1.0,0,0,3846.73,3922.16,4051.42,4074.73,4174.92,4319.41,3656.7270833333337,1009.3380985511332,3625.895416666667,-75.42999999999984,26.4,33.4,21.92916666666667,0.0,0.0,0.0
2025-09-17 21:00:00,21,2,9,260,-0.7071067811865477,0.7071067811865474,0.9749279121818236,-0.22252093395631434,-1.0,-1.8369701987210297e-16,0,0,6189.36,6260.36,6190.57,6607.4,6424.85,6134.3,6060.344583333333,656.1573116256758,5731.274940476191,-71.0,25.6,94.3,29.150000000000002,0.0,1.0,0.0
2025-10-29 17:00:00,17,2,10,302,-0.9659258262890683,-0.25881904510252063,0.9749279121818236,-0.22252093395631434,-0.8660254037844386,0.5000000000000001,0,0,3988.02,3999.05,4018.3,4050.61,3874.11,3794.72,3487.0850000000005,603.9649657058383,3485.134940476191,-11.0300000000002,33.9,45.5,29.333333333333332,0.0,0.0,0.0
2025-10-28 20:00:00,20,1,10,301,-0.8660254037844386,0.5000000000000001,0.7818314824680298,0.6234898018587336,-0.8660254037844386,0.5000000000000001,0,0,3963.61,4064.33,4050.61,3510.18,3593.83,3712.86,3427.442916666667,556.9331290393967,3485.974761904762,-100.7199999999998,29.3,48.8,28.829166666666666,0.0,0.0,0.0
2025-10-22 03:00:00,3,2,10,295,0.7071067811865475,0.7071067811865476,0.9749279121818236,-0.22252093395631434,-0.8660254037844386,0.5000000000000001,0,1,2928.28,3067.07,3249.95,2911.25,2879.83,2839.96,3429.37625,304.2764027744867,3738.6339880952382,-138.78999999999996,24.7,57.6,29.5125,1.0,0.0,0.0
2025-10-31 11:00:00,11,4,10,304,0.258819045102521,-0.9659258262890682,-0.433883739117558,-0.9009688679024191,-0.8660254037844386,0.5000000000000001,0,0,4428.77,4208.42,3748.08,4205.88,4108.65,4198.31,3616.9991666666665,613.9815742945717,3506.224464285714,220.35000000000036,30.2,68.9,29.708333333333332,0.0,1.0,0.0
2025-11-23 03:00:00,3,6,11,327,0.7071067811865475,0.7071067811865476,-0.7818314824680299,0.6234898018587334,-0.5000000000000004,0.8660254037844384,1,0,1901.76,2016.96,2253.96,1900.72,1960.06,1795.83,3126.835416666667,704.7917551643922,3204.348214285714,-115.20000000000005,24.7,43.9,25.908333333333335,0.0,0.0,0.0
2025-12-13 13:00:00,13,5,12,347,-0.2588190451025208,-0.9659258262890683,-0.9749279121818236,-0.2225209339563146,-2.4492935982947064e-16,1.0,1,0,4123.4,4278.89,4303.52,4058.21,3860.98,3549.42,3337.552916666667,850.1683773970651,3356.495833333333,-155.4900000000007,26.6,45.0,21.82083333333333,0.0,0.0,0.0
2025-12-09 11:00:00,11,1,12,343,0.258819045102521,-0.9659258262890682,0.7818314824680298,0.6234898018587336,-2.4492935982947064e-16,1.0,0,0,4362.82,4351.9,4163.64,4293.05,4505.72,4250.91,3397.845,818.6561864952878,3334.8925595238093,10.920000000000073,25.9,54.3,21.720833333333335,1.0,0.0,0.0
2026-01-05 13:00:00,13,0,1,5,-0.2588190451025208,-0.9659258262890683,0.0,1.0,0.49999999999999994,0.8660254037844387,0,0,5111.53,5451.7,5514.95,4670.29,4557.86,4472.61,3793.8683333333333,1129.7525280061425,3817.410654761905,-340.1700000000001,28.2,40.1,21.166666666666668,0.0,0.0,0.0
2025-08-31 21:00:00,21,6,8,243,-0.7071067811865477,0.7071067811865474,-0.7818314824680299,0.6234898018587334,-0.8660254037844384,-0.5000000000000004,1,0,5007.8,5085.62,4985.38,5801.62,5471.87,5560.6,5017.185416666666,483.9292324205483,5275.2528571428575,-77.81999999999971,26.6,67.2,27.875,0.0,0.0,0.0
2025-12-19 17:00:00,17,4,12,353,-0.9659258262890683,-0.25881904510252063,-0.433883739117558,-0.9009688679024191,-2.4492935982947064e-16,1.0,0,0,3968.56,4084.05,4191.99,4156.18,4048.43,3940.96,3707.021666666667,1081.0166593924903,3448.9028571428566,-115.49000000000024,24.8,47.3,21.683333333333334,1.0,0.0,0.0
2025-12-01 22:00:00,22,0,12,335,-0.5000000000000004,0.8660254037844384,0.0,1.0,-2.4492935982947064e-16,1.0,0,0,3166.21,3507.77,3825.03,2761.34,2786.24,2864.61,3241.728333333333,798.4430852095204,3237.226130952381,-341.55999999999995,18.5,50.3,22.108333333333334,0.0,0.0,0.0
2025-08-22 13:00:00,13,4,8,234,-0.2588190451025208,-0.9659258262890683,-0.433883739117558,-0.9009688679024191,-0.8660254037844384,-0.5000000000000004,0,0,6399.02,6346.6,6258.7,6410.3,6233.08,4265.63,6107.462083333333,654.1250686486571,5481.3684523809525,52.42000000000007,32.1,81.2,27.77916666666667,1.0,0.0,0.0
2025-11-06 05:00:00,5,3,11,310,0.9659258262890683,0.25881904510252074,0.43388373911755823,-0.900968867902419,-0.5000000000000004,0.8660254037844384,0,0,2404.25,2337.22,2397.09,2743.42,2893.63,2991.0,3439.804583333333,637.3976928034638,3489.7705357142854,67.0300000000002,26.9,49.2,26.054166666666664,0.0,0.0,0.0
2026-01-12 09:00:00,9,0,1,12,0.7071067811865476,-0.7071067811865475,0.0,1.0,0.49999999999999994,0.8660254037844387,0,0,5164.8,4736.48,3853.52,5190.07,5358.38,5316.71,4007.1200000000003,1095.8690840606967,4035.7411904761907,428.3200000000006,23.7,43.6,21.320833333333336,0.0,0.0,0.0
2025-09-25 09:00:00,9,3,9,268,0.7071067811865476,-0.7071067811865475,0.43388373911755823,-0.900968867902419,-1.0,-1.8369701987210297e-16,0,0,4735.59,4633.51,4653.9,5352.17,5381.19,5615.83,5696.7266666666665,599.8034698035882,5782.585595238095,102.07999999999993,32.9,65.1,28.429166666666664,0.0,0.0,0.0
2025-07-12 21:00:00,21,5,7,193,-0.7071067811865477,0.7071067811865474,-0.9749279121818236,-0.2225209339563146,-0.4999999999999997,-0.8660254037844388,1,0,5384.76,5404.07,5399.14,5933.44,5655.24,6957.61,5460.7733333333335,598.8009596189697,5783.311130952381,-19.30999999999949,28.6,66.1,29.125,0.0,0.0,0.0
2025-11-06 15:00:00,15,3,11,310,-0.7071067811865471,-0.7071067811865479,0.43388373911755823,-0.900968867902419,-0.5000000000000004,0.8660254037844384,0,0,3659.09,3576.62,3853.23,3841.95,3904.42,3965.49,3408.525416666667,583.7382569118489,3476.3574404761907,82.47000000000025,27.9,54.7,25.758333333333336,1.0,0.0,0.0
2025-08-10 09:00:00,9,6,8,222,0.7071067811865476,-0.7071067811865475,-0.7818314824680299,0.6234898018587334,-0.8660254037844384,-0.5000000000000004,1,0,3914.15,3916.43,3878.26,4195.4,5466.74,4610.69,4358.079166666667,308.38302345594946,5561.507142857143,-2.2799999999997453,32.0,74.7,28.962499999999995,0.0,0.0,0.0
2025-09-26 06:00:00,6,4,9,269,1.0,6.123233995736766e-17,-0.433883739117558,-0.9009688679024191,-1.0,-1.8369701987210297e-16,0,0,4737.71,4926.23,5149.2,4653.9,4638.42,4909.07,5724.631249999999,614.0720971784749,5763.978988095238,-188.51999999999953,27.7,79.8,29.599999999999998,1.0,0.0,0.0
2025-09-15 18:00:00,18,0,9,258,-1.0,-1.8369701987210297e-16,0.0,1.0,-1.0,-1.8369701987210297e-16,0,0,6399.29,6568.19,6598.27,5576.0,5782.93,5734.74,5790.774583333333,620.5459507070908,5626.456726190477,-168.89999999999964,27.9,86.5,29.104166666666668,0.0,0.0,1.0
2025-07-31 03:00:00,3,3,7,212,0.7071067811865475,0.7071067811865476,0.43388373911755823,-0.900968867902419,-0.4999999999999997,-0.8660254037844388,0,0,5164.09,5403.34,5833.24,5078.99,5786.13,4696.63,5683.624166666666,566.9856281586123,6089.111428571428,-239.25,22.5,89.8,28.704166666666666,0.0,1.0,0.0
2025-10-01 15:00:00,15,2,10,274,-0.7071067811865471,-0.7071067811865479,0.9749279121818236,-0.22252093395631434,-0.8660254037844386,0.5000000000000001,0,0,5865.44,5704.68,5735.88,5541.9,7042.71,6377.85,5123.373333333333,544.2755734693519,5792.77375,160.7599999999993,34.3,51.0,28.608333333333334,1.0,0.0,0.0
2025-08-30 17:00:00,17,5,8,242,-0.9659258262890683,-0.25881904510252063,-0.9749279121818236,-0.2225209339563146,-0.8660254037844384,-0.5000000000000004,1,0,5957.68,6000.73,5990.95,5845.3,6133.89,5684.17,5292.305833333333,602.2492837898448,5282.065416666666,-43.04999999999927,28.3,94.4,28.120833333333334,0.0,1.0,0.0
2025-10-24 19:00:00,19,4,10,297,-0.9659258262890684,0.2588190451025203,-0.433883739117558,-0.9009688679024191,-0.8660254037844386,0.5000000000000001,0,0,4344.1,4227.59,4090.93,3957.78,3815.13,4623.1,3616.6283333333336,546.113858726187,3579.9312500000005,116.51000000000022,29.8,59.0,29.233333333333334,0.0,0.0,0.0
2025-07-31 01:00:00,1,3,7,212,0.25881904510252074,0.9659258262890683,0.43388373911755823,-0.900968867902419,-0.4999999999999997,-0.8660254037844388,0,0,5833.24,6092.05,6132.21,5672.05,6500.65,5363.49,5702.675416666666,557.4160389416455,6088.235952380953,-258.8100000000004,26.0,72.6,28.591666666666665,0.0,0.0,0.0
2025-08-31 13:00:00,13,6,8,243,-0.2588190451025208,-0.9659258262890683,-0.7818314824680299,0.6234898018587334,-0.8660254037844384,-0.5000000000000004,1,0,5044.45,4942.82,4821.04,5796.79,5956.49,5385.6,5288.216666666667,623.4389945097923,5292.73130952381,101.63000000000011,34.9,72.9,28.016666666666666,0.0,0.0,0.0
2025-12-30 20:00:00,20,1,12,364,-0.8660254037844386,0.5000000000000001,0.7818314824680298,0.6234898018587336,-2.4492935982947064e-16,1.0,0,0,4265.45,4335.47,4285.36,4020.09,3647.24,3942.32,3779.720416666667,1045.3286673514763,3600.2766666666666,-70.02000000000044,22.0,43.0,21.229166666666668,0.0,0.0,0.0
2025-12-14 07:00:00,7,6,12,348,0.9659258262890683,-0.25881904510252063,-0.7818314824680299,0.6234898018587334,-2.4492935982947064e-16,1.0,1,0,2750.65,2265.56,1846.29,3641.55,4139.74,3443.1,3199.111666666667,819.1787017796133,3357.273452380952,485.09000000000015,24.4,37.7,21.983333333333334,0.0,0.0,0.0
2025-07-12 06:00:00,6,5,7,193,1.0,6.123233995736766e-17,-0.9749279121818236,-0.2225209339563146,-0.4999999999999997,-0.8660254037844388,1,0,4554.6,4733.91,4948.98,4525.78,4563.48,5050.6,5561.390416666666,568.2034569281091,5851.691428571428,-179.3099999999995,25.9,94.1,29.191666666666666,0.0,1.0,0.0
2025-11-20 02:00:00,2,3,11,324,0.49999999999999994,0.8660254037844387,0.43388373911755823,-0.900968867902419,-0.5000000000000004,0.8660254037844384,0,0,2111.46,2294.29,2582.36,1930.17,1955.29,1967.21,3298.3241666666668,783.3411532766054,3178.131904761905,-182.82999999999993,21.5,52.4,25.849999999999998,0.0,0.0,0.0
2025-09-23 16:00:00,16,1,9,266,-0.8660254037844384,-0.5000000000000004,0.7818314824680298,0.6234898018587336,-1.0,-1.8369701987210297e-16,0,0,6349.58,6230.79,5877.08,6534.09,5871.88,6729.77,5784.2733333333335,621.8859188312575,5861.713452380953,118.78999999999996,34.4,69.6,28.90833333333333,0.0,0.0,0.0
2025-11-08 06:00:00,6,5,11,312,1.0,6.123233995736766e-17,-0.9749279121818236,-0.2225209339563146,-0.5000000000000004,0.8660254037844384,1,0,2435.81,2129.62,2072.36,3479.48,3466.32,3387.14,3273.1320833333334,691.1059892978467,3377.7647619047616,306.19000000000005,24.5,50.1,24.816666666666663,0.0,0.0,0.0
2025-11-25 06:00:00,6,1,11,329,1.0,6.123233995736766e-17,0.7818314824680298,0.6234898018587336,-0.5000000000000004,0.8660254037844384,0,0,2368.35,1953.37,1831.44,3348.99,2659.08,3499.91,3213.385,783.7049236077404,3218.3894642857144,414.98,25.1,54.6,25.425,1.0,0.0,0.0
2025-10-10 01:00:00,1,4,10,283,0.25881904510252074,0.9659258262890683,-0.433883739117558,-0.9009688679024191,-0.8660254037844386,0.5000000000000001,0,0,3185.32,3414.83,3619.1,2961.71,3055.57,4534.01,3799.334166666667,641.4752461720547,4450.225178571429,-229.50999999999976,22.9,74.3,28.72083333333333,0.0,1.0,0.0
2025-09-25 05:00:00,5,3,9,268,0.9659258262890683,0.25881904510252074,0.43388373911755823,-0.900968867902419,-1.0,-1.8369701987210297e-16,0,0,4905.43,5155.29,5448.09,4701.29,4800.78,4883.82,5690.849583333334,610.2327715857518,5786.663214285714,-249.85999999999967,27.4,71.6,28.791666666666668,1.0,0.0,0.0
2025-08-02 01:00:00,1,5,8,214,0.25881904510252074,0.9659258262890683,-0.9749279121818236,-0.2225209339563146,-0.8660254037844384,-0.5000000000000004,1,0,5701.93,5900.62,5925.06,5143.02,5403.34,6496.41,5435.64875,625.0629238050965,5877.564285714286,-198.6899999999996,25.0,66.5,28.2375,0.0,0.0,0.0
2025-12-20 15:00:00,15,5,12,354,-0.7071067811865471,-0.7071067811865479,-0.9749279121818236,-0.2225209339563146,-2.4492935982947064e-16,1.0,1,0,4050.0,4377.79,4741.54,4084.05,3910.19,3421.76,3634.7504166666663,1002.7162603278902,3490.580654761905,-327.78999999999996,27.4,41.9,21.858333333333334,0.0,0.0,0.0
2026-01-03 20:00:00,20,5,1,3,-0.8660254037844386,0.5000000000000001,-0.9749279121818236,-0.2225209339563146,0.49999999999999994,0.8660254037844387,1,0,4181.55,4304.75,4244.54,4169.17,3883.53,3740.57,3767.2099999999996,1021.9216917034065,3763.3205357142856,-123.19999999999982,18.9,44.9,20.804166666666667,0.0,0.0,0.0
2025-07-19 14:00:00,14,5,7,200,-0.4999999999999997,-0.8660254037844388,-0.9749279121818236,-0.2225209339563146,-0.4999999999999997,-0.8660254037844388,1,0,5580.17,5522.79,5429.92,6160.68,6222.73,6230.79,5299.366666666666,591.1639124985578,5380.5592857142865,57.38000000000011,32.1,92.7,28.270833333333332,0.0,1.0,0.0
2025-08-14 08:00:00,8,3,8,226,0.8660254037844387,-0.4999999999999998,0.43388373911755823,-0.900968867902419,-0.8660254037844384,-0.5000000000000004,0,0,4669.92,4681.37,4826.97,4886.9,4688.64,4868.73,5916.929166666668,690.509289512914,5535.602976190476,-11.449999999999818,29.6,69.7,28.78333333333333,1.0,0.0,0.0
2025-08-16 14:00:00,14,5,8,228,-0.4999999999999997,-0.8660254037844388,-0.9749279121818236,-0.2225209339563146,-0.8660254037844384,-0.5000000000000004,1,1,5367.82,5350.13,5226.08,4240.8,5660.36,4419.86,4594.87,471.83917747474163,5196.390178571428,17.6899999999996,32.6,96.2,27.55,0.0,1.0,0.0
2025-09-07 11:00:00,11,6,9,250,0.258819045102521,-0.9659258262890682,-0.7818314824680299,0.6234898018587334,-1.0,-1.8369701987210297e-16,1,0,4943.87,4559.98,4166.53,5362.92,5377.39,4942.82,5015.540416666667,549.9862185742271,4794.965297619047,383.8900000000003,32.0,91.0,28.791666666666668,0.0,0.0,1.0
2025-09-11 12:00:00,12,3,9,254,1.2246467991473532e-16,-1.0,0.43388373911755823,-0.900968867902419,-1.0,-1.8369701987210297e-16,0,0,5780.22,5656.23,5280.25,6082.96,5982.57,5584.92,5663.383333333334,676.9222855572698,5244.0152976190475,123.99000000000069,35.1,58.2,29.308333333333334,0.0,0.0,0.0
2025-06-28 09:00:00,9,5,6,179,0.7071067811865476,-0.7071067811865475,-0.9749279121818236,-0.2225209339563146,1.2246467991473532e-16,-1.0,1,0,5263.46,5283.83,5411.89,6157.55,5962.62,5313.53,6715.875,756.4436050993139,6318.765595238096,-20.36999999999989,32.1,78.2,31.587499999999995,0.0,1.0,0.0
2025-09-30 08:00:00,8,1,9,273,0.8660254037844387,-0.4999999999999998,0.7818314824680298,0.6234898018587336,-1.0,-1.8369701987210297e-16,0,0,5186.22,5206.2,5300.11,5116.3,4755.81,4807.48,6293.962499999999,640.8030239252514,5865.32125,-19.979999999999563,30.0,79.1,29.100000000000005,1.0,0.0,0.0
2025-09-15 02:00:00,2,0,9,258,0.49999999999999994,0.8660254037844387,0.0,1.0,-1.0,-1.8369701987210297e-16,0,0,5841.21,6261.33,6500.33,5447.27,5345.69,4455.38,5509.759999999999,578.6759656243944,5579.505238095238,-420.1199999999999,25.1,72.3,29.61666666666667,1.0,0.0,0.0
2025-07-24 05:00:00,5,3,7,205,0.9659258262890683,0.25881904510252074,0.43388373911755823,-0.900968867902419,-0.4999999999999997,-0.8660254037844388,0,0,4427.53,4696.63,5056.86,4480.4,4906.6,4535.29,5415.855416666666,547.7728461529003,5454.449285714286,-269.10000000000036,25.3,94.8,27.504166666666663,0.0,1.0,0.0
2025-07-28 05:00:00,5,0,7,209,0.9659258262890683,0.25881904510252074,0.0,1.0,-0.4999999999999997,-0.8660254037844388,0,0,5595.09,5878.95,6190.36,5421.41,5172.31,4808.8,6096.783333333334,704.5012126361473,5893.447797619047,-283.8599999999997,23.8,95.0,28.52916666666667,0.0,0.0,1.0
2025-08-26 16:00:00,16,1,8,238,-0.8660254037844384,-0.5000000000000004,0.7818314824680298,0.6234898018587336,-0.8660254037844384,-0.5000000000000004,0,0,5860.38,5811.33,5650.26,5565.79,5356.7,6122.34,5170.5112500000005,529.8008467365241,5601.260892857143,49.05000000000018,32.7,84.1,28.075,1.0,0.0,0.0
2025-12-07 16:00:00,16,6,12,341,-0.8660254037844384,-0.5000000000000004,-0.7818314824680299,0.6234898018587334,-2.4492935982947064e-16,1.0,1,0,3370.41,3641.51,3940.71,3519.16,3731.92,3162.11,3251.0429166666668,890.2470102045479,3312.55375,-271.10000000000036,26.6,41.4,21.808333333333334,0.0,0.0,0.0
2025-09-10 14:00:00,14,2,9,253,-0.4999999999999997,-0.8660254037844388,0.9749279121818236,-0.22252093395631434,-1.0,-1.8369701987210297e-16,0,0,6155.92,6082.96,6004.19,6330.5,6045.65,5314.03,5760.321250000001,601.4915609825065,5106.3005952380945,72.96000000000004,36.5,69.6,28.795833333333334,1.0,0.0,0.0
2025-10-29 10:00:00,10,2,10,302,0.49999999999999994,-0.8660254037844387,0.9749279121818236,-0.22252093395631434,-0.8660254037844386,0.5000000000000001,0,0,3897.78,3552.73,3531.09,4012.44,4172.32,3762.3,3452.2220833333336,574.5043621356737,3473.039702380953,345.0500000000002,32.8,52.8,29.137500000000003,1.0,0.0,0.0
2025-08-02 03:00:00,3,5,8,214,0.7071067811865475,0.7071067811865476,-0.9749279121818236,-0.2225209339563146,-0.8660254037844384,-0.5000000000000004,1,0,5010.83,5313.69,5701.93,4613.96,4874.23,5653.71,5448.92625,617.2715771833207,5864.8617261904765,-302.8599999999997,22.4,97.7,28.200000000000003,0.0,1.0,0.0
2025-07-28 09:00:00,9,0,7,209,0.7071067811865476,-0.7071067811865475,0.0,1.0,-0.4999999999999997,-0.8660254037844388,0,0,5373.9,5211.5,5205.23,5138.4,5434.49,5613.8,6129.704583333332,653.1607609754924,5904.547797619047,162.39999999999964,30.4,96.6,28.487499999999997,0.0,1.0,0.0
2025-09-03 13:00:00,13,2,9,246,-0.2588190451025208,-0.9659258262890683,0.9749279121818236,-0.22252093395631434,-1.0,-1.8369701987210297e-16,0,0,5534.96,5499.11,5309.99,5179.89,5371.65,5469.18,4646.401666666667,604.8864111742018,5086.552797619048,35.850000000000364,37.3,68.3,28.9875,0.0,0.0,0.0
2025-06-30 05:00:00,5,0,6,181,0.9659258262890683,0.25881904510252074,0.0,1.0,1.2246467991473532e-16,-1.0,0,0,4647.23,4866.47,5134.87,5212.23,5710.99,5185.11,5263.734166666666,352.7830096830699,6223.4044047619045,-219.2400000000007,31.0,58.5,31.283333333333335,0.0,0.0,0.0
2025-10-15 05:00:00,5,2,10,288,0.9659258262890683,0.25881904510252074,0.9749279121818236,-0.22252093395631434,-0.8660254037844386,0.5000000000000001,0,0,2838.7,2839.96,2951.82,3122.35,3023.14,3092.09,3897.09,606.9326989121133,3752.5335714285716,-1.2600000000002183,27.9,50.4,29.15833333333333,0.0,0.0,0.0
2025-10-24 01:00:00,1,4,10,297,0.25881904510252074,0.9659258262890683,-0.433883739117558,-0.9009688679024191,-0.8660254037844386,0.5000000000000001,0,0,3131.76,3292.56,3408.74,2978.66,3067.07,3114.1,3494.1829166666666,454.6201672058862,3615.8623214285712,-160.79999999999973,26.4,54.1,29.483333333333334,0.0,0.0,0.0
2025-11-01 02:00:00,2,5,11,305,0.49999999999999994,0.8660254037844387,-0.9749279121818236,-0.2225209339563146,-0.5000000000000004,0.8660254037844384,1,0,2847.82,3038.92,3261.96,2588.12,2558.44,2785.0,3738.9287499999996,670.3752887250561,3513.7555357142855,-191.0999999999999,21.7,58.7,28.850000000000005,1.0,0.0,0.0
2025-10-12 08:00:00,8,6,10,285,0.8660254037844387,-0.4999999999999998,-0.7818314824680299,0.6234898018587334,-0.8660254037844386,0.5000000000000001,1,0,3137.72,2969.96,2766.44,3452.43,3604.59,4038.11,3604.8783333333336,569.7543693074932,3982.2238095238095,167.75999999999976,27.4,71.3,30.03333333333333,0.0,1.0,0.0
2025-08-28 03:00:00,3,3,8,240,0.7071067811865475,0.7071067811865476,0.43388373911755823,-0.900968867902419,-0.8660254037844384,-0.5000000000000004,0,0,4738.61,5025.1,5409.32,4372.32,4424.6,5287.82,5206.45,526.897820867389,5462.150714285714,-286.4900000000007,21.5,98.0,27.92083333333333,0.0,1.0,0.0
2025-12-31 03:00:00,3,2,12,365,0.7071067811865475,0.7071067811865476,0.9749279121818236,-0.22252093395631434,-2.4492935982947064e-16,1.0,0,0,2032.14,2216.11,2576.98,1890.91,1809.81,1887.43,3785.1999999999994,1042.8226000411382,3605.334345238095,-183.97000000000003,17.8,51.5,21.46666666666667,0.0,0.0,0.0
2025-07-27 10:00:00,10,6,7,208,0.49999999999999994,-0.8660254037844387,-0.7818314824680299,0.6234898018587334,-0.4999999999999997,-0.8660254037844388,1,0,5138.4,4840.28,4987.32,5899.37,6406.23,5016.02,6206.640833333334,701.7562456711082,5819.555059523809,298.1199999999999,32.9,76.6,28.120833333333334,1.0,0.0,0.0
2026-01-04 04:00:00,4,6,1,4,0.8660254037844386,0.5000000000000001,-0.7818314824680299,0.6234898018587334,0.49999999999999994,0.8660254037844387,1,0,1865.38,1980.8,2179.56,2050.83,1982.36,1911.6,3733.4412500000003,1046.7471066711848,3772.1785714285716,-115.41999999999985,18.0,39.2,20.545833333333334,0.0,0.0,0.0
2025-12-07 08:00:00,8,6,12,341,0.8660254037844387,-0.4999999999999998,-0.7818314824680299,0.6234898018587334,-2.4492935982947064e-16,1.0,1,0,3443.1,2790.99,2177.76,3962.23,4010.3,3589.65,3190.7837500000005,840.7175001091226,3303.278690476191,652.1100000000001,22.2,50.4,21.787499999999998,1.0,0.0,0.0
2025-11-27 19:00:00,19,3,11,331,-0.9659258262890684,0.2588190451025203,0.43388373911755823,-0.900968867902419,-0.5000000000000004,0.8660254037844384,0,0,3947.78,3909.38,3577.89,3781.12,3806.51,3819.39,3271.8174999999997,799.15725198626,3218.558630952381,38.40000000000009,26.7,49.8,26.166666666666668,0.0,0.0,0.0
2025-10-30 14:00:00,14,3,10,303,-0.4999999999999997,-0.8660254037844388,0.43388373911755823,-0.900968867902419,-0.8660254037844386,0.5000000000000001,0,0,3889.61,4134.89,4205.88,4018.3,3831.38,3820.2,3580.407083333333,600.4713913866212,3495.501011904762,-245.2800000000002,36.1,68.2,30.125,1.0,0.0,0.0
2025-11-07 18:00:00,18,4,11,311,-1.0,-1.8369701987210297e-16,-0.433883739117558,-0.9009688679024191,-0.5000000000000004,0.8660254037844384,0,0,3956.17,3666.11,3666.52,4042.78,4146.44,4441.18,3316.741666666667,649.468145034497,3416.594940476191,290.05999999999995,28.3,45.8,25.474999999999998,0.0,0.0,0.0
2025-08-12 07:00:00,7,1,8,224,0.9659258262890683,-0.25881904510252063,0.7818314824680298,0.6234898018587336,-0.8660254037844384,-0.5000000000000004,0,0,4552.96,4441.44,4615.32,4502.73,3916.43,4691.14,5626.877083333333,661.2681221744923,5518.805833333334,111.52000000000044,25.6,98.0,28.200000000000003,0.0,0.0,1.0
2025-11-02 00:00:00,0,6,11,306,0.0,1.0,-0.7818314824680299,0.6234898018587334,-0.5000000000000004,0.8660254037844384,1,0,3041.16,3241.85,3417.3,3038.92,2905.01,2996.99,3520.94125,508.27290461718366,3515.005178571429,-200.69000000000005,22.9,49.6,25.170833333333334,0.0,0.0,0.0
2025-12-21 21:00:00,21,6,12,355,-0.7071067811865477,0.7071067811865474,-0.7818314824680299,0.6234898018587334,-2.4492935982947064e-16,1.0,1,0,3726.65,3905.54,3958.95,3580.96,3443.17,3325.45,3510.3091666666664,1018.9625258157009,3546.3631547619048,-178.88999999999987,20.6,42.6,21.26666666666667,0.0,0.0,0.0
2025-12-30 19:00:00,19,1,12,364,-0.9659258262890684,0.2588190451025203,0.7818314824680298,0.6234898018587336,-2.4492935982947064e-16,1.0,0,0,4335.47,4285.36,3934.21,4229.21,3810.67,4160.17,3778.2104166666663,1044.6224501890563,3599.6499999999996,50.11000000000058,22.9,60.9,21.29583333333333,1.0,0.0,0.0
2025-07-10 19:00:00,19,3,7,191,-0.9659258262890684,0.2588190451025203,0.43388373911755823,-0.900968867902419,-0.4999999999999997,-0.8660254037844388,0,0,5611.72,5737.42,5817.56,5873.68,6591.38,6475.46,5337.1175,455.05636692662245,6048.179404761905,-125.69999999999982,30.9,73.7,29.09166666666667,0.0,0.0,0.0
2025-10-24 10:00:00,10,4,10,297,0.49999999999999994,-0.8660254037844387,-0.433883739117558,-0.9009688679024191,-0.8660254037844386,0.5000000000000001,0,0,3935.5,3434.57,3391.37,3943.92,3762.3,4522.63,3517.8404166666664,448.99838057697076,3603.170654761905,500.92999999999984,32.3,63.2,28.837499999999995,1.0,0.0,0.0
2025-11-27 03:00:00,3,3,11,331,0.7071067811865475,0.7071067811865476,0.43388373911755823,-0.900968867902419,-0.5000000000000004,0.8660254037844384,0,0,1879.83,2009.92,2265.98,1814.55,1831.44,1960.23,3276.49875,805.1540934575627,3217.2394047619046,-130.09000000000015,21.6,62.8,25.304166666666664,1.0,0.0,0.0
2025-08-29 04:00:00,4,4,8,241,0.8660254037844386,0.5000000000000001,-0.433883739117558,-0.9009688679024191,-0.8660254037844384,-0.5000000000000004,0,0,4865.45,5145.9,5492.86,4345.52,4225.68,5144.81,5621.056666666666,709.4081943525263,5394.973988095238,-280.4499999999998,25.0,82.0,28.195833333333336,1.0,0.0,0.0
2025-12-29 16:00:00,16,0,12,363,-0.8660254037844384,-0.5000000000000004,0.0,1.0,-2.4492935982947064e-16,1.0,0,0,3998.75,4134.21,4472.61,3440.19,3659.66,3902.6,3576.0070833333334,1035.6169304814703,3586.0244047619044,-135.46000000000004,25.0,41.0,21.40833333333333,0.0,0.0,0.0
2025-07-20 19:00:00,19,6,7,201,-0.9659258262890684,0.2588190451025203,-0.7818314824680299,0.6234898018587334,-0.4999999999999997,-0.8660254037844388,1,0,5452.66,5552.49,5738.76,5404.07,5614.54,5217.96,5286.203333333334,514.3024252973048,5398.4228571428575,-99.82999999999993,25.4,98.0,28.391666666666666,0.0,0.0,1.0
2025-06-29 12:00:00,12,6,6,180,1.2246467991473532e-16,-1.0,-0.7818314824680299,0.6234898018587334,1.2246467991473532e-16,-1.0,1,0,5297.94,5311.28,5023.46,6851.77,7050.54,5886.8,5878.114583333333,742.3314768612237,6305.38011904762,-13.340000000000146,36.5,50.1,32.041666666666664,0.0,0.0,0.0
2025-08-25 14:00:00,14,0,8,237,-0.4999999999999997,-0.8660254037844388,0.0,1.0,-0.8660254037844384,-0.5000000000000004,0,0,5453.73,5651.4,5654.01,5538.61,6331.09,6406.8,5211.971666666667,454.82333502589626,5691.07869047619,-197.67000000000007,34.1,72.9,28.049999999999997,1.0,0.0,0.0
2025-12-23 08:00:00,8,1,12,357,0.8660254037844387,-0.4999999999999998,0.7818314824680298,0.6234898018587336,-2.4492935982947064e-16,1.0,0,0,4381.46,3706.45,2699.54,4562.63,4145.36,4321.47,3705.9599999999996,1007.943113594968,3590.3876785714288,675.0100000000002,24.6,52.0,21.395833333333332,0.0,0.0,0.0
2025-12-20 06:00:00,6,5,12,354,1.0,6.123233995736766e-17,-0.9749279121818236,-0.2225209339563146,-2.4492935982947064e-16,1.0,1,0,2656.54,2074.39,1935.42,3648.57,3585.55,3008.63,3712.1874999999995,1076.9139411955562,3458.4257142857136,582.1500000000001,21.4,50.3,21.491666666666664,0.0,0.0,0.0
2025-10-11 00:00:00,0,5,10,284,0.0,1.0,-0.9749279121818236,-0.2225209339563146,-0.8660254037844386,0.5000000000000001,1,0,3375.44,3533.83,3615.57,3185.32,3172.36,5425.47,3753.1591666666664,643.3953214134497,4271.939464285715,-158.38999999999987,25.3,49.1,28.654166666666665,0.0,0.0,0.0
2026-01-11 01:00:00,1,6,1,11,0.25881904510252074,0.9659258262890683,-0.7818314824680299,0.6234898018587334,0.49999999999999994,0.8660254037844387,1,0,2845.0,3389.14,3904.51,2455.93,2428.48,2179.56,3966.954166666667,1075.3339421452952,3988.22880952381,-544.1399999999999,16.5,48.4,20.2625,0.0,0.0,0.0
2025-12-07 07:00:00,7,6,12,341,0.9659258262890683,-0.25881904510252063,-0.7818314824680299,0.6234898018587334,-2.4492935982947064e-16,1.0,1,0,2790.99,2177.76,1834.85,3809.26,3944.54,3301.09,3206.0404166666667,848.7791499892057,3302.433392857143,613.2299999999996,21.3,49.0,21.78333333333333,1.0,0.0,0.0
2025-07-03 19:00:00,19,3,7,184,-0.9659258262890684,0.2588190451025203,0.43388373911755823,-0.900968867902419,-0.4999999999999997,-0.8660254037844388,0,0,6624.24,6952.53,7238.27,6224.82,5791.75,6486.38,6333.747916666667,768.5545505517065,5952.150654761905,-328.28999999999996,31.2,81.7,27.808333333333334,1.0,0.0,0.0
2025-10-16 09:00:00,9,3,10,289,0.7071067811865476,-0.7071067811865475,0.43388373911755823,-0.900968867902419,-0.8660254037844386,0.5000000000000001,0,0,3677.91,3628.56,3583.53,4280.12,4206.6,4120.39,3906.206666666667,628.2063818569845,3770.0729166666665,49.34999999999991,28.8,75.7,29.09166666666667,0.0,1.0,0.0
2025-12-21 17:00:00,17,6,12,355,-0.9659258262890683,-0.25881904510252063,-0.7818314824680299,0.6234898018587334,-2.4492935982947064e-16,1.0,1,0,3597.56,3813.94,4095.03,4154.64,4319.41,3682.37,3546.7862499999997,1036.1720988238505,3540.716011904761,-216.3800000000001,21.5,73.1,21.008333333333333,0.0,1.0,0.0
2025-10-02 06:00:00,6,3,10,275,1.0,6.123233995736766e-17,0.43388373911755823,-0.900968867902419,-0.8660254037844386,0.5000000000000001,0,1,4369.33,4482.56,4714.35,4287.03,5206.2,4653.9,5291.704583333333,557.0132320728059,5748.394404761905,-113.23000000000047,29.0,64.0,30.112499999999997,1.0,0.0,0.0
2025-09-11 17:00:00,17,3,9,254,-0.9659258262890683,-0.25881904510252063,0.43388373911755823,-0.900968867902419,-1.0,-1.8369701987210297e-16,0,0,6262.35,6337.92,6278.76,6236.29,6178.28,5580.87,5625.29,645.3171839322742,5259.035714285715,-75.56999999999971,34.2,65.3,29.59166666666667,0.0,0.0,0.0
2025-10-02 20:00:00,20,3,10,275,-0.8660254037844386,0.5000000000000001,0.43388373911755823,-0.900968867902419,-0.8660254037844386,0.5000000000000001,0,1,4257.56,4276.11,4337.33,5506.6,5274.0,5943.29,4687.619583333334,505.9744728866209,5635.521369047619,-18.549999999999272,28.4,69.2,30.05416666666667,1.0,0.0,0.0
2025-12-06 19:00:00,19,5,12,340,-0.9659258262890684,0.2588190451025203,-0.9749279121818236,-0.2225209339563146,-2.4492935982947064e-16,1.0,1,0,3858.84,3789.3,3519.16,4006.41,3877.99,3628.89,3280.2475,811.1555046339031,3295.8772619047613,69.53999999999996,18.1,63.6,21.958333333333332,0.0,1.0,0.0
2025-07-22 05:00:00,5,1,7,203,0.9659258262890683,0.25881904510252074,0.7818314824680298,0.6234898018587336,-0.4999999999999997,-0.8660254037844388,0,0,5004.11,5146.26,5336.65,4808.8,4611.89,4227.19,5573.0825,508.0576279727745,5481.023511904762,-142.15000000000055,22.4,98.0,27.90416666666667,0.0,1.0,0.0
2025-12-13 10:00:00,10,5,12,347,0.49999999999999994,-0.8660254037844387,-0.9749279121818236,-0.2225209339563146,-2.4492935982947064e-16,1.0,1,0,4232.28,3865.03,3641.55,4607.86,4234.61,4331.82,3373.1537499999995,893.853055479325,3356.299583333334,367.24999999999955,25.4,41.6,21.729166666666668,0.0,0.0,0.0
2025-06-27 10:00:00,10,4,6,178,0.49999999999999994,-0.8660254037844387,-0.433883739117558,-0.9009688679024191,1.2246467991473532e-16,-1.0,0,0,6157.55,5450.56,5230.53,6387.34,6384.82,5972.95,6582.6275,719.5946860514439,6210.586785714286,706.9899999999998,34.7,78.9,30.941666666666666,0.0,1.0,0.0
2025-07-24 11:00:00,11,3,7,205,0.258819045102521,-0.9659258262890682,0.43388373911755823,-0.900968867902419,-0.4999999999999997,-0.8660254037844388,0,0,5784.14,5401.84,4712.73,5651.32,5755.8,5721.51,5423.9766666666665,573.2802872081601,5455.043571428572,382.3000000000002,29.9,91.5,27.75,0.0,1.0,0.0
2025-12-02 05:00:00,5,1,12,336,0.9659258262890683,0.25881904510252074,0.7818314824680298,0.6234898018587336,-2.4492935982947064e-16,1.0,0,0,1969.74,1780.56,1854.75,2650.08,2188.68,2368.35,3254.2570833333334,792.39408135141,3237.2224404761905,189.18000000000006,21.2,48.7,21.887500000000003,0.0,0.0,0.0
2025-11-12 11:00:00,11,2,11,316,0.258819045102521,-0.9659258262890682,0.9749279121818236,-0.22252093395631434,-0.5000000000000004,0.8660254037844384,0,0,4084.97,4023.07,3752.96,3901.25,3867.26,4149.22,3193.025416666667,717.0634714189218,3198.550892857143,61.899999999999636,29.8,47.6,25.712500000000002,1.0,0.0,0.0
2025-07-03 14:00:00,14,3,7,184,-0.4999999999999997,-0.8660254037844388,0.43388373911755823,-0.900968867902419,-0.4999999999999997,-0.8660254037844388,0,0,6807.76,6588.67,6428.39,6908.68,6203.95,7413.8,6267.420416666667,705.1460710684719,5955.105714285714,219.09000000000015,33.9,74.1,27.349999999999998,1.0,0.0,0.0
2025-09-02 04:00:00,4,1,9,245,0.8660254037844386,0.5000000000000001,0.7818314824680298,0.6234898018587336,-1.0,-1.8369701987210297e-16,0,0,3705.63,3836.61,4017.36,4132.12,4628.71,4214.39,4629.1925,517.2294437149433,5180.346011904761,-130.98000000000002,27.8,57.9,28.400000000000002,0.0,0.0,0.0
2025-07-14 14:00:00,14,0,7,195,-0.4999999999999997,-0.8660254037844388,0.0,1.0,-0.4999999999999997,-0.8660254037844388,0,0,5675.26,5642.23,5555.58,5532.59,6230.79,6370.31,5203.483333333333,453.76244335238385,5597.706249999999,33.030000000000655,33.2,74.8,27.833333333333332,1.0,0.0,0.0
2025-07-10 04:00:00,4,3,7,191,0.8660254037844386,0.5000000000000001,0.43388373911755823,-0.900968867902419,-0.4999999999999997,-0.8660254037844388,0,0,4890.22,5214.03,5399.42,5220.46,5098.08,5348.33,5782.472916666667,721.1863494722089,6131.870654761904,-323.8099999999995,24.3,93.7,27.762500000000003,0.0,1.0,0.0
2025-10-24 00:00:00,0,4,10,297,0.0,1.0,-0.433883739117558,-0.9009688679024191,-0.8660254037844386,0.5000000000000001,0,0,3292.56,3408.74,3545.54,3151.84,3249.95,3333.88,3495.0195833333332,453.9421491439613,3617.0654166666673,-116.17999999999984,27.1,54.5,29.408333333333335,0.0,0.0,0.0
2025-08-26 15:00:00,15,1,8,238,-0.7071067811865471,-0.7071067811865479,0.7818314824680298,0.6234898018587336,-0.8660254037844384,-0.5000000000000004,0,0,5811.33,5650.26,5674.75,5717.07,5621.06,6200.45,5164.54,522.4439803878487,5603.285119047619,161.0699999999997,34.6,78.4,28.09583333333333,1.0,0.0,0.0
2025-07-10 15:00:00,15,3,7,191,-0.7071067811865471,-0.7071067811865479,0.43388373911755823,-0.900968867902419,-0.4999999999999997,-0.8660254037844388,0,0,5814.76,5452.36,5599.24,7163.73,7384.83,7391.31,5501.912916666667,718.381367801383,6078.82505952381,362.40000000000055,35.5,68.0,28.720833333333335,0.0,0.0,0.0
2025-10-27 16:00:00,16,0,10,300,-0.8660254037844384,-0.5000000000000004,0.0,1.0,-0.8660254037844386,0.5000000000000001,0,0,3920.67,3983.08,4045.42,3587.49,3848.16,3343.18,3482.7250000000004,535.0272657010413,3484.484226190477,-62.409999999999854,35.0,46.6,29.445833333333336,0.0,0.0,0.0
2025-12-29 21:00:00,21,0,12,363,-0.7071067811865477,0.7071067811865474,0.0,1.0,-2.4492935982947064e-16,1.0,0,0,4020.09,4229.21,4340.03,3451.19,3466.11,3657.67,3669.0599999999995,1063.6927294796499,3586.9533928571423,-209.1199999999999,20.9,39.3,21.729166666666668,0.0,0.0,0.0
2025-08-11 09:00:00,9,0,8,223,0.7071067811865476,-0.7071067811865475,0.0,1.0,-0.8660254037844384,-0.5000000000000004,0,0,4664.12,4502.73,4502.61,4331.24,4195.4,5366.99,5146.184583333333,510.66435081288404,5518.258035714285,161.39000000000033,33.0,76.3,27.74166666666667,1.0,0.0,0.0
2025-07-16 08:00:00,8,2,7,197,0.8660254037844387,-0.4999999999999998,0.9749279121818236,-0.22252093395631434,-0.4999999999999997,-0.8660254037844388,0,0,4643.36,4580.66,4456.49,4534.13,4631.48,5012.94,5470.369166666667,583.0552478999241,5398.368511904762,62.69999999999982,30.1,78.0,28.262500000000003,1.0,0.0,0.0
2025-07-27 08:00:00,8,6,7,208,0.8660254037844387,-0.4999999999999998,-0.7818314824680299,0.6234898018587334,-0.4999999999999997,-0.8660254037844388,1,0,4987.32,5142.58,5421.41,4873.68,5334.6,4324.96,6220.369583333334,681.6546254677369,5813.608333333334,-155.26000000000022,26.7,92.7,27.979166666666668,0.0,1.0,0.0
2025-11-18 16:00:00,16,1,11,322,-0.8660254037844384,-0.5000000000000004,0.7818314824680298,0.6234898018587336,-0.5000000000000004,0.8660254037844384,0,0,3602.46,3606.38,3703.18,3498.73,3122.14,3453.29,3229.7395833333335,737.5880062891582,3166.8657738095235,-3.9200000000000728,25.8,71.2,26.170833333333334,0.0,1.0,0.0
2025-08-06 17:00:00,17,2,8,218,-0.9659258262890683,-0.25881904510252063,0.9749279121818236,-0.22252093395631434,-0.8660254037844384,-0.5000000000000004,0,0,6520.39,6632.98,6521.02,6109.98,6051.78,6092.94,5620.196666666667,654.4151879593705,5493.228511904762,-112.58999999999924,32.6,80.2,28.279166666666665,1.0,0.0,0.0
2026-01-03 19:00:00,19,5,1,3,-0.9659258262890684,0.2588190451025203,-0.9749279121818236,-0.2225209339563146,0.49999999999999994,0.8660254037844387,1,0,4304.75,4244.54,3889.09,4385.59,4069.78,3904.96,3775.7116666666666,1026.357684497746,3761.6741666666667,60.210000000000036,17.5,67.7,20.858333333333334,0.0,1.0,0.0
2025-10-19 08:00:00,8,6,10,292,0.8660254037844387,-0.4999999999999998,-0.7818314824680299,0.6234898018587334,-0.8660254037844386,0.5000000000000001,1,0,3374.75,3243.05,3094.57,3715.36,3751.76,3243.12,3875.5016666666666,556.180766139243,3864.126547619048,131.69999999999982,30.0,67.9,30.008333333333336,1.0,0.0,0.0
2025-08-27 05:00:00,5,2,8,239,0.9659258262890683,0.25881904510252074,0.9749279121818236,-0.22252093395631434,-0.8660254037844384,-0.5000000000000004,0,1,4225.68,4372.32,4607.69,4218.0,4337.58,4650.27,5149.019166666667,534.1345213391965,5554.948214285714,-146.63999999999942,28.2,79.8,28.004166666666666,1.0,0.0,0.0
2025-08-17 01:00:00,1,6,8,229,0.25881904510252074,0.9659258262890683,-0.7818314824680299,0.6234898018587334,-0.8660254037844384,-0.5000000000000004,1,0,5508.86,5460.03,5452.6,4753.65,5058.1,4584.56,4956.805416666667,560.1847913740678,5250.898392857143,48.82999999999993,24.7,78.5,27.087500000000002,1.0,0.0,0.0
2025-11-19 06:00:00,6,2,11,323,1.0,6.123233995736766e-17,0.9749279121818236,-0.22252093395631434,-0.5000000000000004,0.8660254037844384,0,0,2678.79,2024.31,1859.72,3499.91,3399.47,3503.47,3244.8958333333335,756.0129011144626,3169.245833333333,654.48,23.0,74.3,25.595833333333335,0.0,1.0,0.0
2026-01-05 00:00:00,0,0,1,5,0.0,1.0,0.0,1.0,0.49999999999999994,0.8660254037844387,0,0,3094.4,3586.63,3809.53,2561.74,2639.08,2380.47,3643.591666666667,1041.415825610465,3804.6089880952386,-492.23,16.4,53.9,21.066666666666666,1.0,0.0,0.0
2025-08-20 04:00:00,4,2,8,232,0.8660254037844386,0.5000000000000001,0.9749279121818236,-0.22252093395631434,-0.8660254037844384,-0.5000000000000004,0,0,4951.64,5215.12,5582.5,4793.82,4417.13,4824.61,5674.280833333334,543.3570319293918,5290.84875,-263.47999999999956,25.0,81.2,28.191666666666666,1.0,0.0,0.0
2025-10-19 20:00:00,20,6,10,292,-0.8660254037844386,0.5000000000000001,-0.7818314824680299,0.6234898018587334,-0.8660254037844386,0.5000000000000001,1,0,4009.4,4080.19,3930.11,4177.46,4332.63,3880.76,3676.5224999999996,399.1167487171799,3869.0158333333334,-70.78999999999996,27.2,51.6,29.795833333333334,0.0,0.0,0.0
2025-12-26 22:00:00,22,4,12,360,-0.5000000000000004,0.8660254037844384,-0.433883739117558,-0.9009688679024191,-2.4492935982947064e-16,1.0,0,0,3589.85,3937.33,4150.55,3320.51,3419.59,3036.0,3679.817916666667,1016.9445048472362,3627.2277380952382,-347.48,17.7,62.2,22.299999999999997,1.0,0.0,0.0
2025-07-24 13:00:00,13,3,7,205,-0.2588190451025208,-0.9659258262890683,0.43388373911755823,-0.900968867902419,-0.4999999999999997,-0.8660254037844388,0,0,6230.22,6070.11,5784.14,5602.27,5572.94,5845.51,5463.84375,606.6550929827163,5459.563095238095,160.11000000000058,36.1,71.0,28.041666666666668,0.0,0.0,0.0
2025-12-09 14:00:00,14,1,12,343,-0.4999999999999997,-0.8660254037844388,0.7818314824680298,0.6234898018587336,-2.4492935982947064e-16,1.0,0,0,3786.75,4183.71,4256.56,3623.92,3641.51,3653.05,3396.742083333333,819.1282907058285,3335.884761904762,-396.96000000000004,24.3,49.3,21.6125,1.0,0.0,0.0
2025-11-04 18:00:00,18,1,11,308,-1.0,-1.8369701987210297e-16,0.7818314824680298,0.6234898018587336,-0.5000000000000004,0.8660254037844384,0,0,4128.08,3933.74,3904.42,4098.09,3813.67,4064.33,3458.3254166666666,597.0339161874601,3501.6638690476193,194.34000000000015,27.2,47.8,25.604166666666668,0.0,0.0,0.0
2025-10-19 07:00:00,7,6,10,292,0.9659258262890683,-0.25881904510252063,-0.7818314824680299,0.6234898018587334,-0.8660254037844386,0.5000000000000001,1,0,3243.05,3094.57,2945.52,3632.31,3709.52,3137.72,3886.233333333333,548.5307622198558,3862.7156547619047,148.48000000000002,27.9,64.3,30.083333333333332,1.0,0.0,0.0
2025-11-20 06:00:00,6,3,11,324,1.0,6.123233995736766e-17,0.43388373911755823,-0.900968867902419,-0.5000000000000004,0.8660254037844384,0,0,2660.71,2033.35,1960.23,3514.38,3499.91,3403.52,3306.8662500000005,767.1088535750371,3179.265654761905,627.3600000000001,25.7,48.4,26.125,0.0,0.0,0.0
2025-11-16 07:00:00,7,6,11,320,0.9659258262890683,-0.25881904510252063,-0.7818314824680299,0.6234898018587334,-0.5000000000000004,0.8660254037844384,1,0,2594.3,2110.59,1859.28,3453.47,3699.08,3063.28,3020.0891666666666,727.5158235178816,3151.346904761905,483.71000000000004,28.3,48.0,25.716666666666665,0.0,0.0,0.0
2025-10-22 05:00:00,5,2,10,295,0.9659258262890683,0.25881904510252074,0.9749279121818236,-0.22252093395631434,-0.8660254037844386,0.5000000000000001,0,1,2814.94,2817.31,2928.28,3033.03,3000.29,3149.86,3421.7645833333336,318.6513779772983,3738.357738095238,-2.369999999999891,28.9,54.1,29.42083333333333,0.0,0.0,0.0
2025-09-18 20:00:00,20,3,9,261,-0.8660254037844386,0.5000000000000001,0.43388373911755823,-0.900968867902419,-1.0,-1.8369701987210297e-16,0,0,6234.14,6213.29,6302.65,6189.36,6276.84,5928.01,5890.004583333334,595.5780189390083,5768.7713690476185,20.850000000000364,27.7,68.1,29.05416666666667,0.0,0.0,0.0
2025-10-09 02:00:00,2,3,10,282,0.49999999999999994,0.8660254037844387,0.43388373911755823,-0.900968867902419,-0.8660254037844386,0.5000000000000001,0,0,2961.71,3172.36,3416.09,2905.45,3297.8,4980.56,3816.0304166666665,610.3476961428,4541.496130952381,-210.6500000000001,24.0,59.0,29.087500000000002,1.0,0.0,0.0
2025-12-06 10:00:00,10,5,12,340,0.49999999999999994,-0.8660254037844387,-0.9749279121818236,-0.2225209339563146,-2.4492935982947064e-16,1.0,1,0,4297.27,3962.23,3809.26,4413.3,4382.68,4188.1,3409.1704166666664,889.4193959495008,3293.8516666666665,335.0400000000004,27.3,40.8,21.991666666666664,0.0,0.0,0.0
2025-12-04 23:00:00,23,3,12,338,-0.25881904510252157,0.9659258262890681,0.43388373911755823,-0.900968867902419,-2.4492935982947064e-16,1.0,0,0,3177.11,3395.95,3646.0,2779.13,2708.08,2605.91,3434.4841666666666,746.0994995943762,3282.7449999999994,-218.8399999999997,14.3,57.2,21.837500000000002,1.0,0.0,0.0
2025-11-22 02:00:00,2,5,11,326,0.49999999999999994,0.8660254037844387,-0.9749279121818236,-0.2225209339563146,-0.5000000000000004,0.8660254037844384,1,0,2096.09,2355.89,2625.36,1990.95,2043.71,1977.12,3343.327916666667,794.3384623313945,3196.7356547619047,-259.7999999999997,16.6,74.6,25.287499999999998,0.0,0.0,1.0
2025-12-25 06:00:00,6,3,12,359,1.0,6.123233995736766e-17,0.43388373911755823,-0.900968867902419,-2.4492935982947064e-16,1.0,0,1,2442.59,2012.97,1914.64,3586.17,3706.45,3585.55,3661.9737499999997,1004.4336000120632,3639.8432142857137,429.6200000000001,23.0,45.3,21.5125,0.0,0.0,0.0
2025-09-16 09:00:00,9,1,9,259,0.7071067811865476,-0.7071067811865475,0.7818314824680298,0.6234898018587336,-1.0,-1.8369701987210297e-16,0,0,4911.62,4819.44,4853.52,5449.5,4900.87,5328.43,5915.697083333333,618.0270631578264,5669.832083333334,92.18000000000029,34.6,62.6,30.05,0.0,0.0,0.0
2025-10-30 09:00:00,9,3,10,303,0.7071067811865476,-0.7071067811865475,0.43388373911755823,-0.900968867902419,-0.8660254037844386,0.5000000000000001,0,0,3669.83,3619.65,3568.53,3897.78,3851.42,3787.27,3564.349166666667,584.7314426069814,3489.655,50.179999999999836,32.2,42.8,29.620833333333337,0.0,0.0,0.0
2025-08-19 07:00:00,7,1,8,231,0.9659258262890683,-0.25881904510252063,0.7818314824680298,0.6234898018587336,-0.8660254037844384,-0.5000000000000004,0,0,4787.23,4682.29,4793.82,4554.55,4227.34,4555.32,5686.883333333334,616.9029593103066,5282.88369047619,104.9399999999996,27.9,78.5,27.6375,1.0,0.0,0.0
2025-12-28 12:00:00,12,6,12,362,1.2246467991473532e-16,-1.0,-0.7818314824680299,0.6234898018587334,-2.4492935982947064e-16,1.0,1,0,4772.2,4782.82,4613.92,4397.76,4786.01,4909.37,3418.3675,929.8443980779814,3600.096785714286,-10.61999999999989,27.1,42.3,22.212500000000002,0.0,0.0,0.0
2025-10-22 23:00:00,23,2,10,295,-0.25881904510252157,0.9659258262890681,0.9749279121818236,-0.22252093395631434,-0.8660254037844386,0.5000000000000001,0,1,3495.96,3603.59,3684.92,3447.01,3513.77,3524.06,3462.7779166666674,355.8780937586144,3675.1332142857145,-107.63000000000011,24.4,56.9,29.420833333333334,1.0,0.0,0.0
2025-09-02 14:00:00,14,1,9,245,-0.4999999999999997,-0.8660254037844388,0.7818314824680298,0.6234898018587336,-1.0,-1.8369701987210297e-16,0,0,5179.89,5393.19,5343.01,5504.22,5081.88,5811.33,4547.864166666667,572.9540576689309,5158.642142857143,-213.29999999999927,33.2,84.6,29.045833333333334,0.0,1.0,0.0
2025-09-24 22:00:00,22,2,9,267,-0.5000000000000004,0.8660254037844384,0.9749279121818236,-0.22252093395631434,-1.0,-1.8369701987210297e-16,0,0,6114.55,5897.89,6008.67,6292.32,6568.57,6551.04,5676.493750000001,605.6946560467621,5792.972857142858,216.65999999999985,27.2,72.7,29.120833333333334,1.0,0.0,0.0
2025-10-14 19:00:00,19,1,10,287,-0.9659258262890684,0.2588190451025203,0.7818314824680298,0.6234898018587336,-0.8660254037844386,0.5000000000000001,0,0,4631.57,4546.11,4449.17,4511.4,4045.41,4378.94,3896.1766666666667,604.9473587926402,3747.071369047619,85.46000000000004,30.1,52.6,29.03333333333333,0.0,0.0,0.0
2025-11-29 19:00:00,19,5,11,333,-0.9659258262890684,0.2588190451025203,-0.9749279121818236,-0.2225209339563146,-0.5000000000000004,0.8660254037844384,1,0,3736.51,3721.36,3350.62,3853.63,3832.42,3590.94,3273.509583333334,686.5755705356817,3228.1386904761907,15.150000000000091,25.4,47.3,25.204166666666666,1.0,0.0,0.0
2026-01-11 03:00:00,3,6,1,11,0.7071067811865475,0.7071067811865476,-0.7818314824680299,0.6234898018587334,0.49999999999999994,0.8660254037844387,1,0,2102.69,2379.57,2845.0,2049.4,2047.46,1865.38,3960.0116666666668,1086.6725998829006,3990.1448809523813,-276.8800000000001,16.5,42.1,20.133333333333333,0.0,0.0,0.0
2025-06-29 04:00:00,4,6,6,180,0.8660254037844386,0.5000000000000001,-0.7818314824680299,0.6234898018587334,1.2246467991473532e-16,-1.0,1,0,5505.86,5766.32,6141.45,5984.4,5773.16,5470.82,6132.330416666667,536.8578531278513,6313.186666666666,-260.46000000000004,29.9,72.6,31.908333333333335,1.0,0.0,0.0
2025-12-23 00:00:00,0,1,12,357,0.0,1.0,0.7818314824680298,0.6234898018587336,-2.4492935982947064e-16,1.0,0,0,3005.87,3439.79,3657.67,2596.53,2452.63,2412.28,3716.9825,938.3827273061679,3587.740357142857,-433.9200000000001,12.1,66.4,21.42916666666667,0.0,1.0,0.0
2025-09-24 19:00:00,19,2,9,267,-0.9659258262890684,0.2588190451025203,0.9749279121818236,-0.22252093395631434,-1.0,-1.8369701987210297e-16,0,0,6030.96,6149.95,6341.66,5926.42,6032.93,6260.36,5665.155,600.0450610832935,5797.912380952381,-118.98999999999978,33.5,73.2,29.150000000000002,1.0,0.0,0.0
2025-07-05 14:00:00,14,5,7,186,-0.4999999999999997,-0.8660254037844388,-0.9749279121818236,-0.2225209339563146,-0.4999999999999997,-0.8660254037844388,1,0,6659.9,6458.83,6325.44,7024.1,7286.43,7102.27,6250.514166666668,690.8149999121543,5882.461547619047,201.0699999999997,33.1,89.3,28.008333333333336,0.0,1.0,0.0
2025-12-08 13:00:00,13,0,12,342,-0.2588190451025208,-0.9659258262890683,0.0,1.0,-2.4492935982947064e-16,1.0,0,0,4046.16,4293.05,4319.47,3940.71,3549.42,3692.44,3205.994166666667,858.1401484399564,3317.8049404761905,-246.89000000000033,27.2,40.4,21.820833333333336,0.0,0.0,0.0
2025-09-20 03:00:00,3,5,9,263,0.7071067811865475,0.7071067811865476,-0.9749279121818236,-0.2225209339563146,-1.0,-1.8369701987210297e-16,1,0,5726.21,6074.71,6526.49,5225.64,5316.54,5062.11,6044.455416666667,685.6137747841328,5843.284404761905,-348.5,26.6,67.9,29.84166666666667,0.0,0.0,0.0
2025-12-06 05:00:00,5,5,12,340,0.9659258262890683,0.25881904510252074,-0.9749279121818236,-0.2225209339563146,-2.4492935982947064e-16,1.0,1,0,1945.79,1812.87,1900.66,2616.82,2866.83,2545.72,3433.728333333333,895.0666690868317,3288.085238095238,132.92000000000007,21.7,46.7,22.099999999999998,0.0,0.0,0.0
2025-08-17 03:00:00,3,6,8,229,0.7071067811865475,0.7071067811865476,-0.7818314824680299,0.6234898018587334,-0.8660254037844384,-0.5000000000000004,1,0,5095.9,5508.72,5508.86,4292.99,4568.42,4153.08,5012.862916666667,560.3272299638674,5260.818154761904,-412.8200000000006,22.4,90.5,27.32083333333333,0.0,1.0,0.0
2025-12-03 10:00:00,10,2,12,337,0.49999999999999994,-0.8660254037844387,0.9749279121818236,-0.22252093395631434,-2.4492935982947064e-16,1.0,0,0,4192.72,3973.17,3882.32,4318.65,4198.75,4209.37,3354.599166666667,725.4021093334483,3254.5631547619046,219.55000000000018,27.8,38.7,21.916666666666668,0.0,0.0,0.0
2025-06-30 01:00:00,1,0,6,181,0.25881904510252074,0.9659258262890683,0.0,1.0,1.2246467991473532e-16,-1.0,0,0,5718.22,5845.77,5807.66,6141.45,7058.93,6336.05,5372.405,366.0595108306755,6243.204047619048,-127.55000000000018,23.3,83.8,31.333333333333332,0.0,1.0,0.0
2025-10-06 03:00:00,3,0,10,279,0.7071067811865475,0.7071067811865476,0.0,1.0,-0.8660254037844386,0.5000000000000001,0,0,4428.57,4537.95,5302.74,4456.7,4529.87,5657.92,4830.149166666667,502.42928731894864,5218.628869047619,-109.38000000000011,24.2,64.6,29.82916666666667,1.0,0.0,0.0
2025-10-15 08:00:00,8,2,10,288,0.8660254037844387,-0.4999999999999998,0.9749279121818236,-0.22252093395631434,-0.8660254037844386,0.5000000000000001,0,0,3673.84,3678.69,3149.86,3669.41,3688.75,3763.06,3900.4504166666666,604.5033570625271,3754.055892857143,-4.849999999999909,28.7,77.6,28.849999999999998,0.0,1.0,0.0
2025-12-23 18:00:00,18,1,12,357,-1.0,-1.8369701987210297e-16,0.7818314824680298,0.6234898018587336,-2.4492935982947064e-16,1.0,0,0,4205.8,3831.75,3928.24,4273.58,3958.95,4051.88,3686.3908333333334,995.7691066311787,3609.6127380952385,374.0500000000002,24.1,41.2,22.204166666666666,0.0,0.0,0.0
2026-01-02 16:00:00,16,4,1,2,-0.8660254037844384,-0.5000000000000004,-0.433883739117558,-0.9009688679024191,0.49999999999999994,0.8660254037844387,0,0,4384.87,4546.12,4979.8,4030.54,4363.63,3846.73,3811.3824999999997,1176.7340356266627,3715.4180952380952,-161.25,25.7,34.9,20.566666666666666,0.0,0.0,0.0
2025-09-14 23:00:00,23,6,9,257,-0.25881904510252157,0.9659258262890681,-0.7818314824680299,0.6234898018587334,-1.0,-1.8369701987210297e-16,1,0,6491.92,6266.17,5965.92,6348.81,6230.69,5240.15,5497.768333333333,562.2200218363308,5557.929642857142,225.75,25.0,70.9,29.916666666666668,1.0,0.0,0.0
2025-10-10 17:00:00,17,4,10,283,-0.9659258262890683,-0.25881904510252063,-0.433883739117558,-0.9009688679024191,-0.8660254037844386,0.5000000000000001,0,0,4344.82,4344.71,4315.38,4482.48,4480.69,5670.37,3785.660416666666,660.7315866027977,4339.7310119047615,0.10999999999967258,29.6,75.7,28.745833333333337,0.0,1.0,0.0
2025-10-04 20:00:00,20,5,10,277,-0.8660254037844386,0.5000000000000001,-0.9749279121818236,-0.2225209339563146,-0.8660254037844386,0.5000000000000001,1,0,5538.41,5527.47,5454.47,5483.0,4431.0,6146.06,5133.724583333334,507.03955659925265,5416.005238095238,10.9399999999996,28.3,50.0,29.570833333333336,0.0,0.0,0.0
2025-09-24 03:00:00,3,2,9,267,0.7071067811865475,0.7071067811865476,0.9749279121818236,-0.22252093395631434,-1.0,-1.8369701987210297e-16,0,0,5421.23,5788.05,6171.3,5216.92,5239.43,5418.73,5692.71625,551.8298173768922,5833.465773809524,-366.8200000000006,22.9,85.9,28.829166666666666,0.0,1.0,0.0
2025-12-25 04:00:00,4,3,12,359,0.8660254037844386,0.5000000000000001,0.43388373911755823,-0.900968867902419,-2.4492935982947064e-16,1.0,0,1,1914.64,2025.33,2173.82,2045.11,2062.96,2034.44,3670.9558333333334,993.102295628162,3641.407380952381,-110.68999999999983,15.3,56.7,21.15,1.0,0.0,0.0
2025-12-13 01:00:00,1,5,12,347,0.25881904510252074,0.9659258262890683,-0.9749279121818236,-0.2225209339563146,-2.4492935982947064e-16,1.0,1,0,2293.62,2714.9,3036.0,2122.62,2283.15,2040.87,3489.1962499999995,888.4330457208644,3360.975535714286,-421.2800000000002,18.0,46.6,21.6375,0.0,0.0,0.0
2025-11-02 10:00:00,10,6,11,306,0.49999999999999994,-0.8660254037844387,-0.7818314824680299,0.6234898018587334,-0.5000000000000004,0.8660254037844384,1,0,3588.92,3264.88,3151.13,4040.98,4428.77,3754.48,3412.41625,592.2192109039041,3511.794345238095,324.03999999999996,30.4,45.1,25.583333333333332,0.0,0.0,0.0
2025-08-13 16:00:00,16,2,8,225,-0.8660254037844384,-0.5000000000000004,0.9749279121818236,-0.22252093395631434,-0.8660254037844384,-0.5000000000000004,0,0,6653.01,6588.58,6131.01,6235.29,6185.16,6520.39,5718.983333333334,606.8369848482546,5528.129404761905,64.43000000000029,29.4,97.7,28.6125,0.0,0.0,1.0
2025-07-12 22:00:00,22,5,7,193,-0.5000000000000004,0.8660254037844384,-0.9749279121818236,-0.2225209339563146,-0.4999999999999997,-0.8660254037844388,1,0,5570.04,5384.76,5404.07,6154.57,5849.64,7134.8,5445.631666666667,590.8712247525676,5775.051785714286,185.27999999999975,21.4,98.0,28.837500000000002,0.0,1.0,0.0
2025-12-13 09:00:00,9,5,12,347,0.7071067811865476,-0.7071067811865475,-0.9749279121818236,-0.2225209339563146,-2.4492935982947064e-16,1.0,1,0,3865.03,3641.55,3008.63,4543.44,4188.24,4297.27,3386.1187499999996,908.9847024652349,3356.686428571429,223.48000000000002,24.1,49.9,21.712500000000002,1.0,0.0,0.0
2025-10-28 13:00:00,13,1,10,301,-0.2588190451025208,-0.9659258262890683,0.7818314824680298,0.6234898018587336,-0.8660254037844386,0.5000000000000001,0,0,4039.79,4038.92,4012.44,4045.42,3637.29,3672.73,3419.2075000000004,549.5122877231693,3475.8062499999996,0.8699999999998909,35.4,54.3,29.216666666666665,0.0,0.0,0.0
2025-11-22 18:00:00,18,5,11,326,-1.0,-1.8369701987210297e-16,-0.9749279121818236,-0.2225209339563146,-0.5000000000000004,0.8660254037844384,1,0,3619.63,3308.96,3404.45,3939.59,3933.7,3597.67,3188.9408333333336,704.0354013018734,3201.2409523809524,310.6700000000001,27.7,42.0,25.433333333333334,0.0,0.0,0.0
2025-12-15 02:00:00,2,0,12,349,0.49999999999999994,0.8660254037844387,0.0,1.0,-2.4492935982947064e-16,1.0,0,0,2062.45,2449.69,2644.02,1945.27,1876.28,1739.04,3250.347916666666,836.1166606816538,3368.8004166666665,-387.24000000000024,18.1,51.6,21.979166666666668,0.0,0.0,0.0
2025-10-11 07:00:00,7,5,10,284,0.9659258262890683,-0.25881904510252063,-0.9749279121818236,-0.2225209339563146,-0.8660254037844386,0.5000000000000001,1,0,3138.51,2873.72,2732.04,3423.44,3547.93,4297.03,3746.627916666667,650.3295481856461,4198.672976190476,264.7900000000004,31.6,62.1,28.820833333333336,1.0,0.0,0.0
2025-08-24 07:00:00,7,6,8,236,0.9659258262890683,-0.25881904510252063,-0.7818314824680299,0.6234898018587334,-0.8660254037844384,-0.5000000000000004,1,0,4274.06,4365.89,4475.91,4752.85,4995.69,4227.34,5395.490833333333,601.865645536904,5696.643869047619,-91.82999999999993,30.8,82.4,28.162499999999998,1.0,0.0,0.0
2025-09-04 04:00:00,4,3,9,247,0.8660254037844386,0.5000000000000001,0.43388373911755823,-0.900968867902419,-1.0,-1.8369701987210297e-16,0,0,3679.05,3863.85,4060.26,3618.64,3590.97,4345.52,4638.19625,604.688509304868,5023.073035714286,-184.79999999999973,26.9,63.8,30.1875,0.0,0.0,0.0
2025-12-29 05:00:00,5,0,12,363,0.9659258262890683,0.25881904510252074,0.0,1.0,-2.4492935982947064e-16,1.0,0,0,1970.45,1809.81,1910.75,2301.11,2604.7,2741.14,3401.42625,943.4509382917769,3581.862202380953,160.6400000000001,17.9,44.2,21.020833333333332,0.0,0.0,0.0
2025-08-11 17:00:00,17,0,8,223,-0.9659258262890683,-0.25881904510252063,0.0,1.0,-0.8660254037844384,-0.5000000000000004,0,0,6185.16,6305.14,6229.89,5196.92,4246.99,6051.78,5437.243333333333,604.3900897143693,5517.032857142857,-119.98000000000047,33.3,64.6,27.954166666666666,0.0,0.0,0.0
2025-11-28 09:00:00,9,4,11,332,0.7071067811865476,-0.7071067811865475,-0.433883739117558,-0.9009688679024191,-0.5000000000000004,0.8660254037844384,0,0,3781.21,3446.74,3215.3,4119.03,4192.98,4252.02,3266.4475,754.1916459607686,3213.5590476190478,334.47000000000025,28.5,48.1,25.879166666666666,0.0,0.0,0.0
2025-09-07 14:00:00,14,6,9,250,-0.4999999999999997,-0.8660254037844388,-0.7818314824680299,0.6234898018587334,-1.0,-1.8369701987210297e-16,1,0,5304.49,5355.0,5179.21,5574.88,5511.36,5081.88,5001.154166666666,541.2818171061446,4800.256071428572,-50.51000000000022,29.7,90.9,28.987499999999997,0.0,0.0,1.0
2025-08-22 07:00:00,7,4,8,234,0.9659258262890683,-0.25881904510252063,-0.433883739117558,-0.9009688679024191,-0.8660254037844384,-0.5000000000000004,0,0,4992.47,4967.15,5144.81,4887.15,4737.11,4145.93,6072.208750000001,674.0948627173013,5421.2333928571425,25.32000000000062,26.4,95.9,27.929166666666664,0.0,1.0,0.0
2025-10-04 23:00:00,23,5,10,277,-0.25881904510252157,0.9659258262890681,-0.9749279121818236,-0.2225209339563146,-0.8660254037844386,0.5000000000000001,1,0,5442.5,5384.53,5378.15,5570.8,4935.85,6689.11,5121.93375,498.9043484591403,5398.100297619048,57.970000000000255,24.8,49.3,29.59166666666667,0.0,0.0,0.0
2025-08-06 20:00:00,20,2,8,218,-0.8660254037844386,0.5000000000000001,0.9749279121818236,-0.22252093395631434,-0.8660254037844384,-0.5000000000000004,0,0,6119.39,6135.93,6336.27,5775.1,5885.2,5876.23,5649.282083333333,674.5424384946195,5496.807678571428,-16.539999999999964,30.0,84.4,28.075,1.0,0.0,0.0
2025-07-08 04:00:00,4,1,7,189,0.8660254037844386,0.5000000000000001,0.7818314824680298,0.6234898018587336,-0.4999999999999997,-0.8660254037844388,0,0,5335.47,5618.85,5963.65,5054.3,5637.49,4562.84,5765.699166666666,642.3484843638332,6077.838571428571,-283.3800000000001,21.8,98.0,28.266666666666666,0.0,1.0,0.0
2025-09-07 09:00:00,9,6,9,250,0.7071067811865476,-0.7071067811865475,-0.7818314824680299,0.6234898018587334,-1.0,-1.8369701987210297e-16,1,0,4166.53,4157.15,4110.12,4892.05,4814.12,4569.14,5042.03625,543.610260291361,4794.288690476191,9.38000000000011,30.6,92.7,28.995833333333334,0.0,0.0,1.0
2025-08-20 03:00:00,3,2,8,232,0.7071067811865475,0.7071067811865476,0.9749279121818236,-0.22252093395631434,-0.8660254037844384,-0.5000000000000004,0,0,5215.12,5582.5,5983.86,5030.77,4605.44,5035.5,5677.577916666666,539.0040491820243,5291.347916666667,-367.3800000000001,20.1,91.9,28.24166666666667,0.0,1.0,0.0
2025-09-22 11:00:00,11,0,9,265,0.258819045102521,-0.9659258262890682,0.0,1.0,-1.0,-1.8369701987210297e-16,0,1,5807.19,5523.42,4909.58,5450.55,5939.21,5932.66,5611.968333333333,494.83815322191725,5885.419702380952,283.7699999999995,30.6,85.7,28.604166666666668,0.0,1.0,0.0
2025-08-03 11:00:00,11,6,8,215,0.258819045102521,-0.9659258262890682,-0.7818314824680299,0.6234898018587334,-0.8660254037844384,-0.5000000000000004,1,0,4965.34,4610.69,4270.94,5569.36,5785.56,5794.37,5325.9054166666665,666.1388900742859,5714.799464285715,354.65000000000055,33.4,76.8,28.395833333333332,1.0,0.0,0.0
2025-11-26 20:00:00,20,2,11,330,-0.8660254037844386,0.5000000000000001,0.9749279121818236,-0.22252093395631434,-0.5000000000000004,0.8660254037844384,0,0,3781.12,3919.95,3892.77,3475.28,3443.86,3541.58,3265.4233333333327,812.3517417038829,3219.251071428572,-138.82999999999993,20.4,70.8,24.995833333333334,0.0,0.0,1.0
2025-12-01 03:00:00,3,0,12,335,0.7071067811865475,0.7071067811865476,0.0,1.0,-2.4492935982947064e-16,1.0,0,0,1897.67,2000.74,2117.3,1764.02,2062.01,1778.22,3066.600833333334,786.3572689688875,3231.6368452380952,-103.06999999999994,15.9,69.2,25.1375,0.0,1.0,0.0
2025-06-29 19:00:00,19,6,6,180,-0.9659258262890684,0.2588190451025203,-0.7818314824680299,0.6234898018587334,1.2246467991473532e-16,-1.0,1,0,5070.84,5152.8,5425.82,5809.03,6561.61,5832.43,5548.035416666666,551.4294878884212,6275.1429761904765,-81.96000000000004,34.5,63.1,32.06666666666667,0.0,0.0,0.0
2025-11-20 01:00:00,1,3,11,324,0.25881904510252074,0.9659258262890683,0.43388373911755823,-0.900968867902419,-0.5000000000000004,0.8660254037844384,0,0,2294.29,2582.36,2976.04,2060.74,2061.61,2078.64,3296.210833333333,786.7433747330114,3177.9365476190474,-288.07000000000016,22.8,45.9,25.825000000000003,0.0,0.0,0.0
2025-11-28 15:00:00,15,4,11,332,-0.7071067811865471,-0.7071067811865479,-0.433883739117558,-0.9009688679024191,-0.5000000000000004,0.8660254037844384,0,0,3759.49,3940.14,4305.88,3597.27,3550.23,3650.9,3299.2975,790.6237498399129,3214.0827380952373,-180.6500000000001,32.5,42.9,25.65833333333333,0.0,0.0,0.0
2025-07-22 14:00:00,14,1,7,203,-0.4999999999999997,-0.8660254037844388,0.7818314824680298,0.6234898018587336,-0.4999999999999997,-0.8660254037844388,0,0,5572.94,5745.95,5755.8,6460.34,5713.18,6210.67,5548.063333333333,433.2243241863101,5499.433095238095,-173.01000000000022,35.7,65.7,27.954166666666666,0.0,0.0,0.0
2025-11-18 14:00:00,14,1,11,322,-0.4999999999999997,-0.8660254037844388,0.7818314824680298,0.6234898018587336,-0.5000000000000004,0.8660254037844384,0,0,3703.18,3942.38,4022.8,3595.36,3388.64,3535.99,3224.662083333333,735.2518623957358,3165.5876785714286,-239.20000000000027,31.7,44.6,26.25,0.0,0.0,0.0
2025-09-23 10:00:00,10,1,9,266,0.49999999999999994,-0.8660254037844387,0.7818314824680298,0.6234898018587336,-1.0,-1.8369701987210297e-16,0,0,5381.19,4807.48,4714.33,5807.19,5170.35,5892.64,5838.999583333333,653.7826735536561,5874.010595238095,573.71,31.0,78.5,28.649999999999995,0.0,1.0,0.0
2025-10-15 19:00:00,19,2,10,288,-0.9659258262890684,0.2588190451025203,0.9749279121818236,-0.22252093395631434,-0.8660254037844386,0.5000000000000001,0,0,4628.6,4507.95,4443.22,4527.07,4511.4,4453.49,3920.6420833333327,621.0758638739889,3760.8263690476188,120.65000000000055,30.7,52.4,28.96666666666667,0.0,0.0,0.0
2025-07-14 00:00:00,0,0,7,195,0.0,1.0,0.0,1.0,-0.4999999999999997,-0.8660254037844388,0,0,5707.74,5631.81,5351.32,5720.8,5967.03,6855.59,5105.59875,473.4865723206532,5632.16,75.92999999999938,21.4,98.0,27.879166666666666,0.0,1.0,0.0
2025-12-16 20:00:00,20,1,12,350,-0.8660254037844386,0.5000000000000001,0.7818314824680298,0.6234898018587336,-2.4492935982947064e-16,1.0,0,0,3946.02,4051.88,3993.46,3685.0,3452.96,3647.8,3464.564166666667,866.2113150954128,3392.9766666666665,-105.86000000000013,16.7,68.5,21.808333333333334,0.0,1.0,0.0
2025-12-24 11:00:00,11,2,12,358,0.258819045102521,-0.9659258262890682,0.9749279121818236,-0.22252093395631434,-2.4492935982947064e-16,1.0,0,0,4993.13,4985.06,4640.72,4907.56,5072.32,4738.71,3663.1700000000005,1002.7639396839502,3626.437619047619,8.069999999999709,26.4,55.0,21.658333333333335,1.0,0.0,0.0
2025-11-02 12:00:00,12,6,11,306,1.2246467991473532e-16,-1.0,-0.7818314824680299,0.6234898018587334,-0.5000000000000004,0.8660254037844384,1,0,3804.26,3749.12,3588.92,4090.21,4456.14,3823.83,3389.2237499999997,570.827900454731,3511.7263095238095,55.14000000000033,26.9,70.0,25.275000000000002,0.0,1.0,0.0
2025-08-31 06:00:00,6,6,8,243,1.0,6.123233995736766e-17,-0.7818314824680299,0.6234898018587334,-0.8660254037844384,-0.5000000000000004,1,0,4480.49,4628.71,4800.43,4354.9,4734.83,4274.06,5411.913333333333,578.3237112527207,5299.074642857143,-148.22000000000025,23.0,88.8,28.070833333333336,0.0,1.0,0.0
2025-12-05 16:00:00,16,4,12,339,-0.8660254037844384,-0.5000000000000004,-0.433883739117558,-0.9009688679024191,-2.4492935982947064e-16,1.0,0,0,3775.66,3854.92,4175.05,3705.17,3602.91,3646.87,3414.1995833333335,911.0426914422316,3292.374821428571,-79.26000000000022,27.8,41.4,21.7625,0.0,0.0,0.0
2025-12-08 07:00:00,7,0,12,342,0.9659258262890683,-0.25881904510252063,0.0,1.0,-2.4492935982947064e-16,1.0,0,0,3667.77,2595.13,1872.05,3443.1,3809.26,3815.35,3208.7616666666668,880.7944977549646,3313.763511904762,1072.6399999999999,22.8,40.7,21.670833333333334,0.0,0.0,0.0
2025-11-20 08:00:00,8,3,11,324,0.8660254037844387,-0.4999999999999998,0.43388373911755823,-0.900968867902419,-0.5000000000000004,0.8660254037844384,0,0,3709.19,3505.3,2660.71,3878.3,3837.43,3642.47,3302.5779166666666,764.5984003780965,3180.7646428571425,203.88999999999987,28.9,42.8,25.779166666666665,0.0,0.0,0.0
2025-08-01 00:00:00,0,4,8,213,0.0,1.0,-0.433883739117558,-0.9009688679024191,-0.8660254037844384,-0.5000000000000004,0,0,5708.8,5719.32,5569.15,5833.24,6110.54,6672.68,5412.384166666667,467.7694887155469,6025.393214285715,-10.519999999999527,24.4,65.1,28.675,0.0,0.0,0.0
2025-07-17 05:00:00,5,3,7,198,0.9659258262890683,0.25881904510252074,0.43388373911755823,-0.900968867902419,-0.4999999999999997,-0.8660254037844388,0,0,4741.51,4995.89,5234.13,4456.49,4227.19,4535.87,5665.10125,623.4888576900169,5391.8126785714285,-254.3800000000001,26.6,75.3,27.774999999999995,0.0,0.0,0.0
2025-07-22 12:00:00,12,1,7,203,1.2246467991473532e-16,-1.0,0.7818314824680298,0.6234898018587336,-0.4999999999999997,-0.8660254037844388,0,0,5755.8,5756.67,5540.21,6056.33,5455.34,5749.07,5583.087083333333,457.49470704926995,5501.105119047619,-0.8699999999998909,34.2,81.1,27.98333333333333,1.0,0.0,0.0
2025-07-02 06:00:00,6,2,7,183,1.0,6.123233995736766e-17,0.9749279121818236,-0.22252093395631434,-0.4999999999999997,-0.8660254037844388,0,0,4763.0,4915.58,5163.59,4408.98,4374.92,5211.98,5634.193749999999,635.3267849376891,5977.956607142857,-152.57999999999993,28.5,71.2,27.72083333333333,0.0,0.0,0.0
2025-07-19 09:00:00,9,5,7,200,0.7071067811865476,-0.7071067811865475,-0.9749279121818236,-0.2225209339563146,-0.4999999999999997,-0.8660254037844388,1,0,4400.22,4337.28,4300.1,5382.44,5268.9,5108.69,5395.99875,626.77041616261,5390.590654761904,62.94000000000051,27.9,88.0,28.395833333333332,0.0,1.0,0.0
2025-07-19 17:00:00,17,5,7,200,-0.9659258262890683,-0.25881904510252063,-0.9749279121818236,-0.2225209339563146,-0.4999999999999997,-0.8660254037844388,1,0,5874.29,5941.48,5846.84,5872.67,6109.02,5552.39,5272.354166666667,555.8786150177764,5376.6175,-67.1899999999996,33.8,66.1,28.433333333333337,0.0,0.0,0.0
2025-08-03 00:00:00,0,6,8,215,0.0,1.0,-0.7818314824680299,0.6234898018587334,-0.8660254037844384,-0.5000000000000004,1,0,5996.65,5970.37,5754.51,5701.93,5490.07,7026.23,5397.585,582.1831260679725,5776.529285714286,26.279999999999745,22.3,98.0,28.8,0.0,0.0,1.0
2025-08-23 10:00:00,10,5,8,235,0.49999999999999994,-0.8660254037844387,-0.9749279121818236,-0.2225209339563146,-0.8660254037844384,-0.5000000000000004,1,0,5296.51,4800.87,4752.85,6258.7,6014.69,5071.67,5953.967083333333,679.5891227504302,5662.1070238095235,495.6400000000003,33.2,74.7,28.604166666666668,1.0,0.0,0.0
2025-09-02 19:00:00,19,1,9,245,-0.9659258262890684,0.2588190451025203,0.7818314824680298,0.6234898018587336,-1.0,-1.8369701987210297e-16,0,0,5060.16,5096.2,5177.17,4789.42,5085.62,5389.15,4582.892083333333,596.069874412761,5144.5508928571435,-36.039999999999964,29.8,75.1,28.77916666666667,1.0,0.0,0.0
2025-12-31 02:00:00,2,2,12,365,0.49999999999999994,0.8660254037844387,0.9749279121818236,-0.22252093395631434,-2.4492935982947064e-16,1.0,0,0,2216.11,2576.98,3114.74,2029.84,1910.75,1974.42,3785.1041666666665,1042.9907993713207,3604.9907738095244,-360.8699999999999,16.4,56.2,21.391666666666666,1.0,0.0,0.0
2026-01-06 12:00:00,12,1,1,6,1.2246467991473532e-16,-1.0,0.7818314824680298,0.6234898018587336,0.49999999999999994,0.8660254037844387,0,1,5736.69,5771.58,5551.26,5111.53,5026.56,4998.29,4025.89,1140.3605060109705,3852.6127380952385,-34.89000000000033,28.1,36.5,21.974999999999998,0.0,0.0,0.0
2025-07-05 11:00:00,11,5,7,186,0.258819045102521,-0.9659258262890682,-0.9749279121818236,-0.2225209339563146,-0.4999999999999997,-0.8660254037844388,1,0,6049.37,5599.13,5037.11,6761.24,6428.39,6601.4,6291.340833333333,711.9930956792577,5888.408452380952,450.2399999999998,34.0,80.3,27.633333333333336,1.0,0.0,0.0
2025-10-21 15:00:00,15,1,10,294,-0.7071067811865471,-0.7071067811865479,0.7818314824680298,0.6234898018587336,-0.8660254037844386,0.5000000000000001,0,0,3607.88,3672.73,3697.18,3363.36,3880.31,4448.71,3425.5699999999997,289.54643856730854,3770.9470833333335,-64.84999999999991,34.0,57.9,29.7375,1.0,0.0,0.0
2025-11-22 13:00:00,13,5,11,326,-0.2588190451025208,-0.9659258262890683,-0.9749279121818236,-0.2225209339563146,-0.5000000000000004,0.8660254037844384,1,0,3886.62,4006.09,4012.22,3867.41,3668.06,3513.23,3244.8325,736.9559879623309,3199.6869047619048,-119.47000000000025,30.8,46.5,25.17916666666667,0.0,0.0,0.0
2025-09-08 09:00:00,9,0,9,251,0.7071067811865476,-0.7071067811865475,0.0,1.0,-1.0,-1.8369701987210297e-16,0,0,4631.91,4409.07,4364.69,4559.98,4892.05,5024.99,4863.739583333333,405.70956142328356,4800.866130952381,222.84000000000015,30.0,86.9,29.09166666666667,0.0,0.0,1.0
2025-08-13 11:00:00,11,2,8,225,0.258819045102521,-0.9659258262890682,0.9749279121818236,-0.22252093395631434,-0.8660254037844384,-0.5000000000000004,0,0,5819.88,5453.55,4886.9,5714.44,5840.35,5874.92,5658.825416666667,554.767291589205,5526.795357142857,366.3299999999999,32.0,77.2,28.587500000000002,1.0,0.0,0.0
2025-07-05 02:00:00,2,5,7,186,0.49999999999999994,0.8660254037844387,-0.9749279121818236,-0.2225209339563146,-0.4999999999999997,-0.8660254037844388,1,0,6413.63,6823.36,7039.59,6257.92,6007.32,6639.45,6391.7975,620.3580696399405,5908.60375,-409.72999999999956,19.3,98.0,27.575,0.0,0.0,1.0
2025-10-26 18:00:00,18,6,10,299,-1.0,-1.8369701987210297e-16,-0.7818314824680299,0.6234898018587334,-0.8660254037844386,0.5000000000000001,1,0,3801.07,3587.49,3564.56,4143.38,4344.1,4080.19,3362.5449999999996,471.01826053410963,3479.075238095238,213.58000000000038,31.7,50.2,28.966666666666665,0.0,0.0,0.0
2025-10-03 03:00:00,3,4,10,276,0.7071067811865475,0.7071067811865476,-0.433883739117558,-0.9009688679024191,-0.8660254037844386,0.5000000000000001,0,0,4300.12,4534.01,4819.36,4714.35,4397.13,5149.2,4475.391666666666,243.46138850500816,5577.353630952381,-233.89000000000033,25.8,59.7,29.679166666666664,1.0,0.0,0.0
2025-09-09 12:00:00,12,1,9,252,1.2246467991473532e-16,-1.0,0.7818314824680298,0.6234898018587336,-1.0,-1.8369701987210297e-16,0,0,5833.41,5716.89,5328.43,5751.8,5355.0,5393.19,5491.926666666666,568.3755490462647,4939.600535714286,116.51999999999953,31.7,87.6,29.287499999999998,0.0,1.0,0.0
2025-12-10 22:00:00,22,2,12,344,-0.5000000000000004,0.8660254037844384,0.9749279121818236,-0.22252093395631434,-2.4492935982947064e-16,1.0,0,0,3389.31,3754.31,3915.52,3195.25,3124.2,3130.56,3486.10125,807.8227623697942,3356.7340476190475,-365.0,18.4,43.4,21.875,0.0,0.0,0.0
2025-07-19 10:00:00,10,5,7,200,0.49999999999999994,-0.8660254037844387,-0.9749279121818236,-0.2225209339563146,-0.4999999999999997,-0.8660254037844388,1,0,4912.0,4400.22,4337.28,5725.53,5601.97,5510.39,5376.397083333333,634.5212538838041,5389.419880952381,511.77999999999975,30.3,78.2,28.25,1.0,0.0,0.0
2025-08-25 09:00:00,9,0,8,237,0.7071067811865476,-0.7071067811865475,0.0,1.0,-0.8660254037844384,-0.5000000000000004,0,0,4672.24,4544.03,4495.36,4749.42,5296.51,5387.18,5142.227916666667,437.11124782342637,5698.180178571429,128.21000000000004,31.8,72.8,28.179166666666664,0.0,0.0,0.0
2025-11-19 13:00:00,13,2,11,323,-0.2588190451025208,-0.9659258262890683,0.9749279121818236,-0.22252093395631434,-0.5000000000000004,0.8660254037844384,0,0,4055.28,4183.65,4215.36,3703.18,3603.61,3522.57,3271.3037499999996,783.8619463013213,3175.426130952381,-128.36999999999944,30.3,55.5,25.450000000000003,1.0,0.0,0.0
2025-12-06 21:00:00,21,5,12,340,-0.7071067811865477,0.7071067811865474,-0.9749279121818236,-0.2225209339563146,-2.4492935982947064e-16,1.0,1,0,3582.78,3792.96,3858.84,3299.33,3395.95,3008.81,3267.19125,802.0199976869219,3298.176964285715,-210.17999999999984,19.4,46.2,21.904166666666665,0.0,0.0,0.0
2025-11-11 21:00:00,21,1,11,315,-0.7071067811865477,0.7071067811865474,0.7818314824680298,0.6234898018587336,-0.5000000000000004,0.8660254037844384,0,0,3444.31,3671.31,3765.08,3030.87,2908.02,3382.53,3176.0870833333333,688.4399760042603,3216.739345238095,-227.0,22.5,57.1,25.616666666666664,1.0,0.0,0.0
2025-08-05 13:00:00,13,1,8,217,-0.2588190451025208,-0.9659258262890683,0.7818314824680298,0.6234898018587336,-0.8660254037844384,-0.5000000000000004,0,0,5898.54,5799.79,5697.89,5929.75,5476.87,5842.95,5641.533333333333,585.4858490820903,5506.075892857143,98.75,35.5,77.7,28.47083333333333,1.0,0.0,0.0
2025-09-03 21:00:00,21,2,9,246,-0.7071067811865477,0.7071067811865474,0.9749279121818236,-0.22252093395631434,-1.0,-1.8369701987210297e-16,0,0,4783.78,4953.9,4976.96,4517.46,4352.94,5456.94,4638.1987500000005,599.8555729819614,5063.605535714286,-170.1199999999999,27.8,61.6,29.529166666666665,0.0,0.0,0.0
2025-09-24 09:00:00,9,2,9,267,0.7071067811865476,-0.7071067811865475,0.9749279121818236,-0.22252093395631434,-1.0,-1.8369701987210297e-16,0,0,4687.8,4579.89,4638.42,5381.19,5523.42,5681.34,5666.1483333333335,594.0443173679216,5821.867380952381,107.90999999999985,31.7,55.6,29.200000000000003,0.0,0.0,0.0
2025-09-19 16:00:00,16,4,9,262,-0.8660254037844384,-0.5000000000000004,-0.433883739117558,-0.9009688679024191,-1.0,-1.8369701987210297e-16,0,0,6823.73,6810.45,6524.05,6355.36,6605.21,6275.3,5963.498333333333,644.4793739248051,5814.995238095238,13.279999999999745,30.7,80.4,29.662499999999998,0.0,1.0,0.0
2025-07-18 13:00:00,13,4,7,199,-0.2588190451025208,-0.9659258262890683,-0.433883739117558,-0.9009688679024191,-0.4999999999999997,-0.8660254037844388,0,0,5950.48,5930.63,5725.53,5845.51,6020.13,5707.99,5501.552500000001,625.0323362713334,5412.464166666667,19.849999999999454,30.3,91.0,28.375000000000004,0.0,1.0,0.0
2025-12-21 16:00:00,16,6,12,355,-0.8660254037844384,-0.5000000000000004,-0.7818314824680299,0.6234898018587334,-2.4492935982947064e-16,1.0,1,0,3813.94,4095.03,4527.65,3789.05,3968.56,3496.57,3554.765,1037.3166914605463,3540.114880952381,-281.09000000000015,20.8,69.3,21.283333333333335,0.0,0.0,1.0
2025-11-14 23:00:00,23,4,11,318,-0.25881904510252157,0.9659258262890681,-0.433883739117558,-0.9009688679024191,-0.5000000000000004,0.8660254037844384,0,0,2920.34,3122.21,3431.51,2606.35,2557.9,2686.26,3283.12375,753.9464533276761,3155.0373214285714,-201.8699999999999,21.3,47.6,25.649999999999995,0.0,0.0,0.0
2025-09-11 06:00:00,6,3,9,254,1.0,6.123233995736766e-17,0.43388373911755823,-0.900968867902419,-1.0,-1.8369701987210297e-16,0,0,4517.79,4671.89,4889.22,4805.68,4583.71,4021.68,5724.969583333334,630.4211764160146,5231.752738095239,-154.10000000000036,30.4,64.6,28.974999999999998,0.0,0.0,0.0
2025-10-17 02:00:00,2,4,10,290,0.49999999999999994,0.8660254037844387,-0.433883739117558,-0.9009688679024191,-0.8660254037844386,0.5000000000000001,0,0,3114.1,3333.88,3564.57,2957.09,2951.82,2791.82,3896.73625,613.5003446072369,3779.8285119047623,-219.7800000000002,22.7,76.7,29.358333333333334,0.0,1.0,0.0
2025-11-21 22:00:00,22,4,11,325,-0.5000000000000004,0.8660254037844384,-0.433883739117558,-0.9009688679024191,-0.5000000000000004,0.8660254037844384,0,0,3181.74,3546.8,3827.52,2913.32,2976.04,2920.34,3335.7620833333335,802.2192738082518,3196.163214285714,-365.0600000000004,23.7,45.3,25.266666666666666,0.0,0.0,0.0
2025-10-26 14:00:00,14,6,10,299,-0.4999999999999997,-0.8660254037844388,-0.7818314824680299,0.6234898018587334,-0.8660254037844386,0.5000000000000001,1,0,3637.29,3823.83,3810.33,3904.84,4110.63,3921.71,3409.66,509.9571807089077,3484.7895833333337,-186.53999999999996,34.5,49.2,28.775000000000002,0.0,0.0,0.0
2025-09-01 19:00:00,19,0,9,244,-0.9659258262890684,0.2588190451025203,0.0,1.0,-1.0,-1.8369701987210297e-16,0,0,4879.84,4909.86,4889.64,5085.62,5718.72,5397.35,4903.885833333333,435.91670228350773,5228.784761904762,-30.019999999999527,28.1,94.2,28.604166666666668,0.0,1.0,0.0
2025-11-09 01:00:00,1,6,11,313,0.25881904510252074,0.9659258262890683,-0.7818314824680299,0.6234898018587334,-0.5000000000000004,0.8660254037844384,1,0,2294.12,2517.04,2748.73,2262.33,2330.66,2632.2,3077.96125,600.7695012979059,3332.4949999999994,-222.92000000000007,22.0,47.9,25.2,0.0,0.0,0.0
2025-07-23 16:00:00,16,2,7,204,-0.8660254037844384,-0.5000000000000004,0.9749279121818236,-0.22252093395631434,-0.4999999999999997,-0.8660254037844388,0,0,5953.11,5910.51,5602.27,5891.88,6187.98,6327.23,5406.0008333333335,523.7818905589978,5472.1940476190475,42.599999999999454,28.9,88.1,26.849999999999998,0.0,1.0,0.0
2026-01-05 02:00:00,2,0,1,5,0.49999999999999994,0.8660254037844387,0.0,1.0,0.49999999999999994,0.8660254037844387,0,0,2168.62,2563.17,3094.4,1980.8,2061.43,1910.75,3643.195416666667,1042.022199533964,3806.319583333333,-394.5500000000002,15.3,54.3,21.0625,0.0,0.0,0.0
2025-09-09 07:00:00,7,1,9,252,0.9659258262890683,-0.25881904510252063,0.7818314824680298,0.6234898018587336,-1.0,-1.8369701987210297e-16,0,0,4583.71,4478.52,4558.17,4409.07,4157.15,4124.3,5461.078333333334,587.1158373273535,4925.574464285714,105.1899999999996,27.7,85.6,29.13333333333333,0.0,0.0,1.0
2025-08-06 08:00:00,8,2,8,218,0.8660254037844387,-0.4999999999999998,0.9749279121818236,-0.22252093395631434,-0.8660254037844384,-0.5000000000000004,0,0,4627.32,4617.6,4536.89,4840.04,4809.25,4943.08,5581.645833333333,595.763262502075,5494.884166666667,9.719999999999345,27.1,90.2,28.504166666666666,0.0,1.0,0.0
2025-06-26 09:00:00,9,3,6,177,0.7071067811865476,-0.7071067811865475,0.43388373911755823,-0.900968867902419,1.2246467991473532e-16,-1.0,0,0,5180.69,5037.76,5042.9,5920.44,5825.18,5557.77,6289.077916666666,665.2007214758538,6128.402261904762,142.92999999999938,35.8,69.0,30.925,1.0,0.0,0.0
2025-11-13 05:00:00,5,3,11,317,0.9659258262890683,0.25881904510252074,0.43388373911755823,-0.900968867902419,-0.5000000000000004,0.8660254037844384,0,0,2030.34,1915.12,1967.21,2648.17,2644.44,2833.61,3238.94875,733.6606636723583,3164.8785119047625,115.22000000000003,23.0,52.1,25.037499999999998,0.0,0.0,0.0
2025-12-03 07:00:00,7,2,12,337,0.9659258262890683,-0.25881904510252063,0.9749279121818236,-0.22252093395631434,-2.4492935982947064e-16,1.0,0,0,3710.79,2857.13,2228.61,3849.55,3815.35,3804.97,3355.28125,726.8891823339203,3253.651845238095,853.6599999999999,18.6,73.6,21.941666666666666,0.0,1.0,0.0
2026-01-09 06:00:00,6,4,1,9,1.0,6.123233995736766e-17,-0.433883739117558,-0.9009688679024191,0.49999999999999994,0.8660254037844387,0,0,2844.82,2195.66,2047.46,3470.09,3654.02,3320.99,3898.3641666666667,1099.4423222941175,3909.6315476190475,649.1600000000003,21.6,47.0,20.870833333333334,0.0,0.0,0.0
2025-12-13 21:00:00,21,5,12,347,-0.7071067811865477,0.7071067811865474,-0.9749279121818236,-0.2225209339563146,-2.4492935982947064e-16,1.0,1,0,3434.07,3666.21,3756.38,3443.17,3377.54,3264.24,3241.4175,795.5834192714308,3356.9221428571423,-232.13999999999987,18.9,46.8,21.674999999999997,0.0,0.0,0.0
2025-09-30 19:00:00,19,1,9,273,-0.9659258262890684,0.2588190451025203,0.7818314824680298,0.6234898018587336,-1.0,-1.8369701987210297e-16,0,0,5597.27,5594.34,5588.59,6485.33,6055.95,5926.42,5950.3875,607.7403872382097,5854.823988095239,2.930000000000291,27.9,81.6,28.770833333333332,0.0,1.0,0.0
2025-09-13 23:00:00,23,5,9,256,-0.25881904510252157,0.9659258262890681,-0.9749279121818236,-0.2225209339563146,-1.0,-1.8369701987210297e-16,1,0,6312.55,6097.43,5845.82,6230.69,6246.81,5431.24,5536.995416666666,577.5141663384358,5468.434821428572,215.1199999999999,26.1,74.5,29.491666666666664,1.0,0.0,0.0
2025-07-06 16:00:00,16,6,7,187,-0.8660254037844384,-0.5000000000000004,-0.7818314824680299,0.6234898018587334,-0.4999999999999997,-0.8660254037844388,1,1,6207.66,6229.93,6230.79,6910.92,6922.31,5425.82,6119.12625,710.803846077369,5950.596904761905,-22.270000000000437,31.6,85.2,28.71666666666667,0.0,1.0,0.0
2025-10-01 01:00:00,1,2,10,274,0.25881904510252074,0.9659258262890683,0.9749279121818236,-0.22252093395631434,-0.8660254037844386,0.5000000000000001,0,0,5181.72,5297.16,5298.86,6491.4,6390.63,5788.05,5583.394166666666,400.4635076021733,5826.305654761904,-115.4399999999996,25.4,56.9,28.875,0.0,0.0,0.0
2025-12-02 01:00:00,1,1,12,336,0.25881904510252074,0.9659258262890683,0.7818314824680298,0.6234898018587336,-2.4492935982947064e-16,1.0,0,0,2301.76,2557.17,2982.49,2000.74,1979.71,2039.73,3259.982083333333,781.995040454559,3238.1274404761907,-255.40999999999985,15.2,60.3,21.90416666666667,1.0,0.0,0.0
2025-08-11 10:00:00,10,0,8,223,0.49999999999999994,-0.8660254037844387,0.0,1.0,-0.8660254037844384,-0.5000000000000004,0,0,5274.45,4664.12,4502.73,4702.92,4300.25,5667.31,5185.485000000001,480.6311348271539,5517.707202380952,610.3299999999999,26.5,98.0,27.59166666666667,0.0,0.0,1.0
2026-01-05 22:00:00,22,0,1,5,-0.5000000000000004,0.8660254037844384,0.0,1.0,0.49999999999999994,0.8660254037844387,0,0,4068.88,4338.1,4580.53,3586.63,3544.94,3584.11,3908.8504166666667,1167.9996153308002,3832.93613095238,-269.22000000000025,17.3,49.3,21.683333333333334,0.0,0.0,0.0
2025-11-10 01:00:00,1,0,11,314,0.25881904510252074,0.9659258262890683,0.0,1.0,-0.5000000000000004,0.8660254037844384,0,0,2224.19,2475.82,2727.1,2078.36,2262.33,2556.65,2946.200833333334,616.8892374890103,3287.438571428572,-251.6300000000001,20.8,50.6,25.11666666666667,0.0,0.0,0.0
2025-12-19 02:00:00,2,4,12,353,0.49999999999999994,0.8660254037844387,-0.433883739117558,-0.9009688679024191,-2.4492935982947064e-16,1.0,0,0,2103.48,2428.42,2812.38,1945.96,1901.95,1992.09,3569.700833333334,952.4170627907571,3423.1689285714288,-324.94000000000005,20.1,46.8,21.7375,0.0,0.0,0.0
2025-07-08 09:00:00,9,1,7,189,0.7071067811865476,-0.7071067811865475,0.7818314824680298,0.6234898018587336,-0.4999999999999997,-0.8660254037844388,0,0,5076.55,4930.54,4908.46,5316.52,5064.32,5161.89,5815.442916666667,558.033483345418,6092.532619047619,146.01000000000022,29.3,78.8,27.858333333333334,1.0,0.0,0.0
2025-08-04 19:00:00,19,0,8,216,-0.9659258262890684,0.2588190451025203,0.0,1.0,-0.8660254037844384,-0.5000000000000004,0,0,5888.32,6051.78,6239.82,5632.51,5655.63,6716.52,5698.291249999999,583.1673321598039,5574.164107142857,-163.46000000000004,28.7,67.8,28.704166666666666,0.0,0.0,0.0
2025-12-27 05:00:00,5,5,12,361,0.9659258262890683,0.25881904510252074,-0.9749279121818236,-0.2225209339563146,-2.4492935982947064e-16,1.0,1,0,2053.68,1895.48,2007.64,2689.89,2442.59,2656.54,3684.2325,1010.0851549304695,3629.8868452380952,158.19999999999982,19.3,42.2,22.341666666666665,0.0,0.0,0.0
2025-12-07 17:00:00,17,6,12,341,-0.9659258262890683,-0.25881904510252063,-0.7818314824680299,0.6234898018587334,-2.4492935982947064e-16,1.0,1,0,3236.49,3370.41,3641.51,3789.3,4070.83,3396.51,3239.265,888.4135776618737,3312.9964880952384,-133.92000000000007,24.9,46.4,21.849999999999998,0.0,0.0,0.0
2025-10-02 17:00:00,17,3,10,275,-0.9659258262890683,-0.25881904510252063,0.43388373911755823,-0.900968867902419,-0.8660254037844386,0.5000000000000001,0,1,4423.02,4638.33,4666.09,5806.69,5594.34,6207.99,4873.439166666667,595.0557606602576,5668.317321428572,-215.3099999999995,31.8,65.2,30.1375,1.0,0.0,0.0
2025-10-22 16:00:00,16,2,10,295,-0.8660254037844384,-0.5000000000000004,0.9749279121818236,-0.22252093395631434,-0.8660254037844386,0.5000000000000001,0,1,3700.89,3698.52,3758.3,3521.99,3343.18,4443.22,3455.20125,347.8826784410145,3699.040892857143,2.369999999999891,31.8,66.9,29.641666666666666,0.0,1.0,0.0
2025-10-29 15:00:00,15,2,10,302,-0.7071067811865471,-0.7071067811865479,0.9749279121818236,-0.22252093395631434,-0.8660254037844386,0.5000000000000001,0,0,4018.3,3980.34,4089.5,3842.25,3920.67,3700.89,3473.875833333333,593.9840401305112,3481.4210119047616,37.960000000000036,35.1,51.5,29.1875,0.0,0.0,0.0
2025-07-07 17:00:00,17,0,7,188,-0.9659258262890683,-0.25881904510252063,0.0,1.0,-0.4999999999999997,-0.8660254037844388,0,0,6391.92,6471.79,6370.31,5929.36,6649.83,5673.64,5865.717916666666,763.1980763236924,6038.779404761905,-79.86999999999989,28.3,98.0,28.504166666666663,0.0,1.0,0.0
2026-01-12 14:00:00,14,0,1,12,-0.4999999999999997,-0.8660254037844388,0.0,1.0,0.49999999999999994,0.8660254037844387,0,0,4896.01,5388.55,5616.81,4443.99,4330.08,4369.2,4037.3266666666664,1137.8724120716051,4042.550357142857,-492.53999999999996,25.1,31.9,21.3875,0.0,0.0,0.0
2025-12-14 04:00:00,4,6,12,348,0.8660254037844386,0.5000000000000001,-0.7818314824680299,0.6234898018587334,-2.4492935982947064e-16,1.0,1,0,1798.49,1945.27,1954.87,1928.83,2081.06,1834.85,3219.0266666666666,802.323991077188,3356.9228571428575,-146.77999999999997,20.5,43.2,21.9875,0.0,0.0,0.0
2025-11-08 20:00:00,20,5,11,312,-0.8660254037844386,0.5000000000000001,-0.9749279121818236,-0.2225209339563146,-0.5000000000000004,0.8660254037844384,1,0,3557.92,3677.55,3629.26,3496.97,3529.06,3712.25,3114.6220833333336,587.0590036117478,3346.9525595238097,-119.63000000000011,24.0,48.8,24.837500000000002,1.0,0.0,0.0
2025-07-07 23:00:00,23,0,7,188,-0.25881904510252157,0.9659258262890681,0.0,1.0,-0.4999999999999997,-0.8660254037844388,0,0,6590.08,6273.96,5923.51,7137.11,7139.85,5878.63,5815.905,707.2015674842593,6058.419880952381,316.1199999999999,24.5,79.1,28.53333333333333,1.0,0.0,0.0
2025-08-05 17:00:00,17,1,8,217,-0.9659258262890683,-0.25881904510252063,0.7818314824680298,0.6234898018587336,-0.8660254037844384,-0.5000000000000004,0,0,6254.95,6338.94,6298.67,6051.78,5469.94,5984.88,5644.339166666668,587.8885481251363,5510.281607142858,-83.98999999999978,33.8,66.8,28.11666666666667,0.0,0.0,0.0
2025-12-01 14:00:00,14,0,12,335,-0.4999999999999997,-0.8660254037844388,0.0,1.0,-2.4492935982947064e-16,1.0,0,0,3692.44,4020.72,4163.67,3532.41,3487.09,3564.9,3152.851666666666,766.4422889796018,3235.9575,-328.27999999999975,27.9,46.3,23.474999999999998,0.0,0.0,0.0
2025-09-26 14:00:00,14,4,9,269,-0.4999999999999997,-0.8660254037844388,-0.433883739117558,-0.9009688679024191,-1.0,-1.8369701987210297e-16,0,0,6052.48,6060.23,5917.04,6315.29,6226.74,6810.45,5766.67125,591.3792504433253,5750.866130952381,-7.75,31.7,88.9,30.00833333333333,0.0,1.0,0.0
2025-10-31 03:00:00,3,4,10,304,0.7071067811865475,0.7071067811865476,-0.433883739117558,-0.9009688679024191,-0.8660254037844386,0.5000000000000001,0,0,2588.12,2714.24,2905.01,2496.61,2420.66,2681.66,3596.397916666667,600.6639663701525,3499.1493452380955,-126.11999999999989,28.3,52.7,30.012500000000003,0.0,0.0,0.0
2025-12-08 12:00:00,12,0,12,342,1.2246467991473532e-16,-1.0,0.0,1.0,-2.4492935982947064e-16,1.0,0,0,4293.05,4319.47,4273.23,4301.74,4062.78,4020.72,3216.6433333333334,870.5161492429712,3317.653511904762,-26.420000000000073,27.9,46.7,21.833333333333332,0.0,0.0,0.0
2025-09-23 07:00:00,7,1,9,266,0.9659258262890683,-0.25881904510252063,0.7818314824680298,0.6234898018587336,-1.0,-1.8369701987210297e-16,0,0,4734.28,4800.78,4950.43,4784.5,4600.35,4819.44,5852.103749999999,638.0570523271986,5876.021607142857,-66.5,25.1,88.5,28.775000000000002,0.0,0.0,1.0
2025-11-21 11:00:00,11,4,11,325,0.258819045102521,-0.9659258262890682,-0.433883739117558,-0.9009688679024191,-0.5000000000000004,0.8660254037844384,0,0,4314.22,4252.02,3934.72,4057.31,4183.65,4171.69,3304.9733333333334,777.7750333604802,3191.16,62.19999999999982,30.7,48.1,25.200000000000003,0.0,0.0,0.0
2025-12-03 01:00:00,1,2,12,337,0.25881904510252074,0.9659258262890683,0.9749279121818236,-0.22252093395631434,-2.4492935982947064e-16,1.0,0,0,2486.74,2708.08,3002.78,1978.89,2000.74,1994.52,3301.7220833333336,803.0755290754873,3245.5032738095233,-221.34000000000015,13.2,76.7,21.899999999999995,0.0,1.0,0.0
2025-12-29 09:00:00,9,0,12,363,0.7071067811865476,-0.7071067811865475,0.0,1.0,-2.4492935982947064e-16,1.0,0,0,4531.79,4277.89,3668.79,4613.92,4545.15,4850.1,3494.2279166666663,953.7618028125323,3584.2722023809524,253.89999999999964,24.2,45.6,21.116666666666667,0.0,0.0,0.0
2025-09-05 19:00:00,19,4,9,248,-0.9659258262890684,0.2588190451025203,-0.433883739117558,-0.9009688679024191,-1.0,-1.8369701987210297e-16,0,1,5297.23,5101.95,5308.19,5366.44,4953.9,5734.63,4873.885416666667,544.8456767305877,4873.128452380953,195.27999999999975,31.9,76.6,29.333333333333332,1.0,0.0,0.0
2026-01-07 07:00:00,7,2,1,7,0.9659258262890683,-0.25881904510252063,0.9749279121818236,-0.22252093395631434,0.49999999999999994,0.8660254037844387,0,0,3654.02,2673.52,2107.45,4603.86,4452.67,4371.89,4129.4887499999995,1219.3465750728446,3890.2647023809527,980.5,21.3,49.5,20.995833333333334,1.0,0.0,0.0
2025-12-18 15:00:00,15,3,12,352,-0.7071067811865471,-0.7071067811865479,0.43388373911755823,-0.900968867902419,-2.4492935982947064e-16,1.0,0,0,3984.19,4100.61,4544.88,3847.47,3666.04,3636.08,3538.6349999999998,945.8084846724032,3410.505357142857,-116.41999999999962,27.6,40.5,21.6875,0.0,0.0,0.0
2025-10-01 17:00:00,17,2,10,274,-0.9659258262890683,-0.25881904510252063,0.9749279121818236,-0.22252093395631434,-0.8660254037844386,0.5000000000000001,0,0,5905.37,5918.35,5865.44,5594.34,6703.41,6149.95,5152.2579166666665,576.5458467005674,5787.441666666667,-12.980000000000473,33.2,48.6,28.925,0.0,0.0,0.0
2025-10-13 03:00:00,3,0,10,286,0.7071067811865475,0.7071067811865476,0.0,1.0,-0.8660254037844386,0.5000000000000001,0,0,2856.43,2994.69,3189.37,2701.47,2723.4,4276.99,3507.9091666666664,481.72141954816885,3833.8884523809525,-138.26000000000022,27.1,57.9,29.700000000000003,0.0,0.0,0.0
2025-11-01 03:00:00,3,5,11,305,0.7071067811865475,0.7071067811865476,-0.9749279121818236,-0.2225209339563146,-0.5000000000000004,0.8660254037844384,1,0,2713.66,2847.82,3038.92,2527.52,2496.61,2690.3,3744.1595833333336,661.4354676103425,3513.3308928571428,-134.1600000000003,20.5,52.8,28.525000000000002,1.0,0.0,0.0
2025-07-02 20:00:00,20,2,7,183,-0.8660254037844386,0.5000000000000001,0.9749279121818236,-0.22252093395631434,-0.4999999999999997,-0.8660254037844388,0,0,6224.82,6354.17,6712.48,5858.56,5398.26,6438.44,5954.568333333334,729.0515488881739,5960.428214285715,-129.35000000000036,26.9,90.1,28.274999999999995,0.0,1.0,0.0
2025-12-13 18:00:00,18,5,12,347,-1.0,-1.8369701987210297e-16,-0.9749279121818236,-0.2225209339563146,-2.4492935982947064e-16,1.0,1,0,3724.55,3413.05,3421.76,4078.59,3670.83,3858.84,3283.247083333333,823.8612295108792,3359.1716666666666,311.5,23.5,43.0,21.729166666666668,0.0,0.0,0.0
2025-08-07 02:00:00,2,3,8,219,0.49999999999999994,0.8660254037844387,0.43388373911755823,-0.900968867902419,-0.8660254037844384,-0.5000000000000004,0,0,5948.95,6371.91,6645.01,5107.35,5285.42,5164.09,5774.871666666667,751.4280827323747,5513.473571428571,-422.96000000000004,21.9,98.0,28.408333333333335,0.0,1.0,0.0
2025-10-11 18:00:00,18,5,10,284,-1.0,-1.8369701987210297e-16,-0.9749279121818236,-0.2225209339563146,-0.8660254037844386,0.5000000000000001,1,0,4155.38,4048.96,4043.05,4416.43,4547.57,5527.47,3630.2154166666664,554.6747772695281,4115.986785714286,106.42000000000007,34.5,49.6,29.287500000000005,0.0,0.0,0.0
2025-11-13 18:00:00,18,3,11,317,-1.0,-1.8369701987210297e-16,0.43388373911755823,-0.900968867902419,-0.5000000000000004,0.8660254037844384,0,0,3825.45,3537.22,3512.41,3921.47,3765.08,4042.78,3209.967916666667,715.0906423663199,3161.829642857143,288.23,23.2,49.7,25.033333333333335,0.0,0.0,0.0
2025-09-21 00:00:00,0,6,9,264,0.0,1.0,-0.7818314824680299,0.6234898018587334,-1.0,-1.8369701987210297e-16,1,0,6434.91,6406.76,6163.42,6526.49,6331.53,6177.32,5847.325833333332,542.3631385922537,5879.546785714286,28.149999999999636,24.3,73.0,29.670833333333334,1.0,0.0,0.0
2026-01-02 20:00:00,20,4,1,2,-0.8660254037844386,0.5000000000000001,-0.433883739117558,-0.9009688679024191,0.49999999999999994,0.8660254037844387,0,0,4385.59,4527.5,4502.09,3883.53,4171.43,3937.33,3862.2587499999995,1196.3144572805288,3722.519940476191,-141.90999999999985,20.2,41.0,20.691666666666666,0.0,0.0,0.0
2025-08-06 22:00:00,22,2,8,218,-0.5000000000000004,0.8660254037844384,0.9749279121818236,-0.22252093395631434,-0.8660254037844384,-0.5000000000000004,0,0,6425.87,6137.09,6119.39,6093.36,6262.6,6132.21,5685.271666666667,697.3169497043227,5500.619821428571,288.77999999999975,22.4,86.0,28.295833333333334,0.0,1.0,0.0
2025-11-23 11:00:00,11,6,11,327,0.258819045102521,-0.9659258262890682,-0.7818314824680299,0.6234898018587334,-0.5000000000000004,0.8660254037844384,1,0,4063.46,3954.66,3516.99,4006.09,4256.25,3900.69,3067.6762500000004,737.5574741514665,3208.834107142857,108.80000000000018,31.7,49.7,25.708333333333332,0.0,0.0,0.0
2025-09-08 00:00:00,0,0,9,251,0.0,1.0,0.0,1.0,-1.0,-1.8369701987210297e-16,0,0,5240.15,5278.11,5258.84,5228.28,4962.94,5194.08,4863.3425,435.3765409415089,4802.081071428572,-37.960000000000036,27.3,87.8,29.320833333333336,0.0,1.0,0.0
2025-12-07 15:00:00,15,6,12,341,-0.7071067811865471,-0.7071067811865479,-0.7818314824680299,0.6234898018587334,-2.4492935982947064e-16,1.0,1,0,3641.51,3940.71,4301.74,3162.78,3775.66,3334.56,3242.391666666667,890.0454210181744,3312.3403571428576,-299.1999999999998,26.8,58.0,21.86666666666667,1.0,0.0,0.0
2025-10-06 22:00:00,22,0,10,279,-0.5000000000000004,0.8660254037844384,0.0,1.0,-0.8660254037844386,0.5000000000000001,0,0,3998.12,4321.02,4622.09,5634.28,5442.5,6993.91,4684.31875,442.9718276086228,5040.295297619047,-322.90000000000055,25.3,66.6,29.808333333333337,1.0,0.0,0.0
2025-09-28 20:00:00,20,6,9,271,-0.8660254037844386,0.5000000000000001,-0.7818314824680299,0.6234898018587334,-1.0,-1.8369701987210297e-16,1,0,6055.95,5930.47,6003.21,6146.06,6003.24,5803.0,5837.595,596.1189446819425,5774.055178571429,125.47999999999956,30.0,72.0,29.26666666666667,0.0,0.0,0.0
2025-10-26 04:00:00,4,6,10,299,0.8660254037844386,0.5000000000000001,-0.7818314824680299,0.6234898018587334,-0.8660254037844386,0.5000000000000001,1,0,2587.48,2678.15,2821.83,2715.07,2734.95,2945.52,3500.6275000000005,507.0328013337153,3503.218928571429,-90.67000000000007,21.6,82.2,28.787499999999998,0.0,1.0,0.0
2025-08-05 07:00:00,7,1,8,217,0.9659258262890683,-0.25881904510252063,0.7818314824680298,0.6234898018587336,-0.8660254037844384,-0.5000000000000004,0,0,4650.63,4603.8,4789.1,4709.54,4271.24,5152.36,5637.706666666666,585.5821154808509,5513.708333333333,46.82999999999993,31.2,71.2,28.575,0.0,0.0,0.0
2025-11-21 23:00:00,23,4,11,325,-0.25881904510252157,0.9659258262890681,-0.433883739117558,-0.9009688679024191,-0.5000000000000004,0.8660254037844384,0,0,2967.82,3181.74,3546.8,2578.94,2582.36,2593.7,3338.0329166666666,801.0477610929624,3196.4458333333337,-213.91999999999962,21.6,49.2,25.3125,0.0,0.0,0.0
2025-11-09 04:00:00,4,6,11,313,0.8660254037844386,0.5000000000000001,-0.7818314824680299,0.6234898018587334,-0.5000000000000004,0.8660254037844384,1,0,1915.48,1958.2,2078.36,2129.62,2225.34,2579.18,3057.4025,635.3216257261186,3322.9031547619047,-42.72000000000003,23.9,48.1,25.4875,0.0,0.0,0.0
2025-08-24 09:00:00,9,6,8,236,0.7071067811865476,-0.7071067811865475,-0.7818314824680299,0.6234898018587334,-0.8660254037844384,-0.5000000000000004,1,0,4359.58,4289.0,4274.06,5296.51,5868.28,4689.92,5357.776666666667,653.6954254661575,5697.563095238095,70.57999999999993,30.5,84.7,28.07916666666667,1.0,0.0,0.0
2025-09-01 12:00:00,12,0,9,244,1.2246467991473532e-16,-1.0,0.0,1.0,-1.0,-1.8369701987210297e-16,0,0,5300.94,5262.8,5024.99,5044.45,5818.86,5651.4,4870.019583333334,394.4149488356827,5247.899345238095,38.13999999999942,34.2,66.3,28.429166666666664,0.0,0.0,0.0
2025-07-05 03:00:00,3,5,7,186,0.7071067811865475,0.7071067811865476,-0.9749279121818236,-0.2225209339563146,-0.4999999999999997,-0.8660254037844388,1,0,6080.76,6413.63,6823.36,5939.83,5661.66,6265.13,6384.4158333333335,623.0684413652841,5905.278214285714,-332.8699999999999,23.1,81.2,27.583333333333332,1.0,0.0,0.0
2025-11-20 22:00:00,22,3,11,324,-0.5000000000000004,0.8660254037844384,0.43388373911755823,-0.900968867902419,-0.5000000000000004,0.8660254037844384,0,0,3142.66,3539.1,3819.39,2976.04,2908.82,2893.3,3277.9445833333334,739.2096029337283,3188.4825000000005,-396.44000000000005,22.1,51.3,25.51666666666667,0.0,0.0,0.0
2025-08-26 18:00:00,18,1,8,238,-1.0,-1.8369701987210297e-16,0.7818314824680298,0.6234898018587336,-0.8660254037844384,-0.5000000000000004,0,0,5515.81,5664.95,5860.38,5433.48,5198.56,5837.88,5173.799166666667,532.811078011212,5595.49375,-149.13999999999942,31.7,63.0,28.27916666666667,0.0,0.0,0.0
2025-08-28 22:00:00,22,3,8,240,-0.5000000000000004,0.8660254037844384,0.43388373911755823,-0.900968867902419,-0.8660254037844384,-0.5000000000000004,0,0,6070.14,5964.8,6059.18,5630.77,5424.22,6822.58,5500.505833333334,724.733573810397,5415.805,105.34000000000015,28.5,75.5,27.75833333333333,0.0,0.0,0.0
2025-08-24 04:00:00,4,6,8,236,0.8660254037844386,0.5000000000000001,-0.7818314824680299,0.6234898018587334,-0.8660254037844384,-0.5000000000000004,1,0,4646.66,4927.39,5192.34,5080.35,5144.81,4533.9,5463.235416666666,502.2859726938963,5697.1678571428565,-280.7300000000005,21.0,95.9,28.495833333333337,0.0,0.0,1.0
2025-07-07 09:00:00,9,0,7,188,0.7071067811865476,-0.7071067811865475,0.0,1.0,-0.4999999999999997,-0.8660254037844388,0,0,4603.91,4564.87,4685.0,5064.32,5599.13,5178.16,5833.4608333333335,762.3656686172658,6022.670416666667,39.039999999999964,33.1,69.6,28.545833333333334,0.0,0.0,0.0
2025-11-15 19:00:00,19,5,11,319,-0.9659258262890684,0.2588190451025203,-0.9749279121818236,-0.2225209339563146,-0.5000000000000004,0.8660254037844384,1,0,3597.67,3551.97,3331.45,3723.68,3764.18,3557.92,3127.539166666667,658.2537830464678,3156.557142857143,45.70000000000027,26.6,41.1,25.045833333333334,0.0,0.0,0.0
2025-08-28 12:00:00,12,3,8,240,1.2246467991473532e-16,-1.0,0.43388373911755823,-0.900968867902419,-0.8660254037844384,-0.5000000000000004,0,0,5896.71,5802.36,5410.98,5598.99,5674.75,6372.02,5247.623333333333,505.8071055053798,5438.935952380953,94.35000000000036,31.4,89.8,27.354166666666668,0.0,1.0,0.0
2025-07-26 05:00:00,5,5,7,207,0.9659258262890683,0.25881904510252074,-0.9749279121818236,-0.2225209339563146,-0.4999999999999997,-0.8660254037844388,1,0,5377.28,5653.71,5962.14,5098.56,4312.88,4363.11,6446.59875,815.7443094462993,5677.775119047619,-276.4300000000003,26.4,73.7,28.2,0.0,0.0,0.0
2025-09-19 10:00:00,10,4,9,262,0.49999999999999994,-0.8660254037844387,-0.433883739117558,-0.9009688679024191,-1.0,-1.8369701987210297e-16,0,0,5675.8,5074.67,4927.59,6029.08,6066.55,5563.11,5894.389999999999,581.5758185870815,5797.787023809524,601.1300000000001,30.3,86.7,29.233333333333334,0.0,0.0,1.0
2025-07-23 21:00:00,21,2,7,204,-0.7071067811865477,0.7071067811865474,0.9749279121818236,-0.22252093395631434,-0.4999999999999997,-0.8660254037844388,0,0,5755.69,5749.9,5684.53,5807.73,5414.4,6035.22,5403.095833333333,521.6812561901824,5464.994583333333,5.789999999999964,22.8,98.0,27.079166666666666,0.0,0.0,1.0
2026-01-10 15:00:00,15,5,1,10,-0.7071067811865471,-0.7071067811865479,-0.9749279121818236,-0.2225209339563146,0.49999999999999994,0.8660254037844387,1,0,4330.08,4691.77,5212.48,4758.34,4276.8,4148.12,4091.51,1114.4094443558859,3972.899107142857,-361.6900000000005,23.9,38.1,20.020833333333332,0.0,0.0,0.0
2025-08-24 14:00:00,14,6,8,236,-0.4999999999999997,-0.8660254037844388,-0.7818314824680299,0.6234898018587334,-0.8660254037844384,-0.5000000000000004,1,0,5385.6,5413.49,5291.33,6331.09,6615.67,5730.38,5224.19125,603.9993657088146,5695.603273809524,-27.889999999999418,34.6,79.1,27.837500000000002,1.0,0.0,0.0
2025-11-16 19:00:00,19,6,11,320,-0.9659258262890684,0.2588190451025203,-0.7818314824680299,0.6234898018587334,-0.5000000000000004,0.8660254037844384,1,0,3425.92,3340.07,3122.14,3502.8,3723.68,3349.02,2971.8050000000003,701.0000051727787,3157.03130952381,85.84999999999991,25.1,58.1,26.179166666666664,1.0,0.0,0.0
2025-08-04 18:00:00,18,0,8,216,-1.0,-1.8369701987210297e-16,0.0,1.0,-0.8660254037844384,-0.5000000000000004,0,0,6051.78,6239.82,6327.5,5389.19,5733.14,6570.26,5677.494166666667,584.9930273305623,5578.223273809524,-188.03999999999996,29.0,95.0,28.63333333333333,0.0,1.0,0.0
2025-12-30 23:00:00,23,1,12,364,-0.25881904510252157,0.9659258262890681,0.7818314824680298,0.6234898018587336,-2.4492935982947064e-16,1.0,0,0,3612.35,3764.26,4066.72,3064.52,2792.0,2941.28,3781.97125,1045.628697014455,3603.0164285714286,-151.9100000000003,18.9,50.1,21.133333333333333,0.0,0.0,0.0
2025-07-04 12:00:00,12,4,7,185,1.2246467991473532e-16,-1.0,-0.433883739117558,-0.9009688679024191,-0.4999999999999997,-0.8660254037844388,0,0,6761.24,6603.4,6136.34,6588.67,6379.49,7050.54,6502.194583333334,716.8911901669233,5945.629821428571,157.84000000000015,30.1,95.6,28.25833333333333,0.0,1.0,0.0
2025-10-12 19:00:00,19,6,10,285,-0.9659258262890684,0.2588190451025203,-0.7818314824680299,0.6234898018587334,-0.8660254037844386,0.5000000000000001,1,0,4119.54,3932.11,3849.69,4230.13,4337.76,5246.27,3512.5175,503.97830974079034,3916.381011904762,187.42999999999984,30.7,55.6,29.75833333333333,1.0,0.0,0.0
2026-01-12 08:00:00,8,0,1,12,0.8660254037844387,-0.4999999999999998,0.0,1.0,0.49999999999999994,0.8660254037844387,0,0,4736.48,3853.52,2782.79,4652.12,4808.54,4873.9,3985.758333333333,1077.1584691160517,4034.009642857143,882.9599999999996,22.0,43.6,21.325,0.0,0.0,0.0
2025-10-08 16:00:00,16,2,10,281,-0.8660254037844384,-0.5000000000000004,0.9749279121818236,-0.22252093395631434,-0.8660254037844386,0.5000000000000001,0,0,4369.98,4263.18,4165.07,4699.19,4662.1,5905.37,3834.0287499999995,607.9225531217522,4643.650535714286,106.79999999999927,31.5,57.4,29.058333333333334,1.0,0.0,0.0
2025-09-12 13:00:00,13,4,9,255,-0.2588190451025208,-0.9659258262890683,-0.433883739117558,-0.9009688679024191,-1.0,-1.8369701987210297e-16,0,0,5970.74,5848.79,5563.11,5901.56,6155.92,5327.43,5603.21875,637.0319373149662,5340.359523809524,121.94999999999982,37.0,65.2,30.079166666666666,0.0,0.0,0.0
2025-09-10 19:00:00,19,2,9,253,-0.9659258262890684,0.2588190451025203,0.9749279121818236,-0.22252093395631434,-1.0,-1.8369701987210297e-16,0,0,6004.35,6236.29,6381.77,6027.31,5746.56,4953.9,5770.7612500000005,612.8663150725154,5142.448809523809,-231.9399999999996,31.3,57.1,28.59166666666667,0.0,0.0,0.0
2026-01-06 08:00:00,8,1,1,6,0.8660254037844387,-0.4999999999999998,0.7818314824680298,0.6234898018587336,0.49999999999999994,0.8660254037844387,0,1,4603.86,3620.81,2637.85,4873.9,4251.98,4743.04,3988.8716666666664,1089.2603972048526,3841.6777976190474,983.0499999999997,23.9,45.2,21.770833333333332,0.0,0.0,0.0
2025-07-06 15:00:00,15,6,7,187,-0.7071067811865471,-0.7071067811865479,-0.7818314824680299,0.6234898018587334,-0.4999999999999997,-0.8660254037844388,1,1,6229.93,6230.79,5967.89,7053.34,7034.87,5605.33,6154.362916666668,735.9018907996073,5947.011607142857,-0.8599999999996726,35.0,63.8,28.72083333333333,0.0,0.0,0.0
2025-11-25 12:00:00,12,1,11,329,1.2246467991473532e-16,-1.0,0.7818314824680298,0.6234898018587336,-0.5000000000000004,0.8660254037844384,0,0,4313.79,4310.59,4193.99,3982.85,4036.14,3942.38,3217.1649999999995,806.1115904141669,3219.254523809524,3.199999999999818,29.8,54.3,25.28333333333333,1.0,0.0,0.0
2025-09-08 07:00:00,7,0,9,251,0.9659258262890683,-0.25881904510252063,0.0,1.0,-1.0,-1.8369701987210297e-16,0,0,4364.69,4136.13,4067.5,4157.15,4261.41,4312.88,4833.852083333332,441.7981076482531,4799.315416666666,228.5599999999995,26.8,78.3,29.175,1.0,0.0,0.0
2026-01-06 07:00:00,7,1,1,6,0.9659258262890683,-0.25881904510252063,0.7818314824680298,0.6234898018587336,0.49999999999999994,0.8660254037844387,0,1,3620.81,2637.85,2095.48,4452.67,3733.06,4386.01,3982.572083333333,1085.9813175388101,3840.381071428571,982.96,24.1,38.6,21.508333333333336,0.0,0.0,0.0
2025-12-15 23:00:00,23,0,12,349,-0.25881904510252157,0.9659258262890681,0.0,1.0,-2.4492935982947064e-16,1.0,0,0,3115.62,3363.39,3685.0,2644.02,2638.84,2724.27,3452.0741666666668,859.2448549082393,3384.8930357142854,-247.76999999999998,16.4,59.4,21.866666666666664,1.0,0.0,0.0
2025-08-04 12:00:00,12,0,8,216,1.2246467991473532e-16,-1.0,0.0,1.0,-0.8660254037844384,-0.5000000000000004,0,0,5790.83,5667.31,5366.99,5308.72,5656.67,6717.62,5536.037083333334,521.5595683222863,5611.336547619047,123.51999999999953,37.2,59.1,28.52916666666667,0.0,0.0,0.0
2025-09-25 15:00:00,15,3,9,268,-0.7071067811865471,-0.7071067811865479,0.43388373911755823,-0.900968867902419,-1.0,-1.8369701987210297e-16,0,0,6315.29,5924.63,5903.03,6377.85,6349.58,6324.73,5704.86,605.2875396831412,5773.0666666666675,390.65999999999985,32.1,85.7,28.279166666666665,0.0,1.0,0.0
2025-08-15 10:00:00,10,4,8,227,0.49999999999999994,-0.8660254037844387,-0.433883739117558,-0.9009688679024191,-0.8660254037844384,-0.5000000000000004,0,0,4058.78,4060.32,4145.93,5387.62,5819.88,5990.55,5085.8533333333335,590.937124174445,5388.886845238095,-1.5399999999999636,32.2,82.1,27.970833333333335,1.0,0.0,0.0
2025-07-07 13:00:00,13,0,7,188,-0.2588190451025208,-0.9659258262890683,0.0,1.0,-0.4999999999999997,-0.8660254037844388,0,0,5823.63,5715.29,5703.51,6230.79,6659.9,5695.59,5846.679999999999,749.1831525009907,6026.547619047619,108.34000000000015,31.6,92.4,28.708333333333332,0.0,0.0,1.0
2025-07-24 22:00:00,22,3,7,205,-0.5000000000000004,0.8660254037844384,0.43388373911755823,-0.900968867902419,-0.4999999999999997,-0.8660254037844388,0,0,6788.58,6472.89,6384.35,6013.66,5941.37,5630.12,5768.589583333333,871.0690868096997,5490.2689880952385,315.6899999999996,28.2,74.8,28.29166666666666,1.0,0.0,0.0
2025-08-30 21:00:00,21,5,8,242,-0.7071067811865477,0.7071067811865474,-0.9749279121818236,-0.2225209339563146,-0.8660254037844384,-0.5000000000000004,1,0,5658.57,5718.72,5684.29,5471.87,6070.14,5468.83,5290.845,600.0632206113397,5285.946964285714,-60.150000000000546,29.0,70.1,28.120833333333337,0.0,0.0,0.0
2025-10-10 09:00:00,9,4,10,283,0.7071067811865476,-0.7071067811865475,-0.433883739117558,-0.9009688679024191,-0.8660254037844386,0.5000000000000001,0,0,3604.59,3423.44,3233.49,4120.39,4220.54,5094.31,3777.89875,654.1159030944191,4398.640476190476,181.1500000000001,31.1,53.9,28.5,0.0,0.0,0.0
2026-01-09 03:00:00,3,4,1,9,0.7071067811865475,0.7071067811865476,-0.433883739117558,-0.9009688679024191,0.49999999999999994,0.8660254037844387,0,0,2199.79,2428.48,2890.28,2089.59,1986.9,1844.11,3891.445416666667,1105.1651941087437,3905.0102380952385,-228.69000000000005,16.5,42.7,20.791666666666668,0.0,0.0,0.0
2026-01-02 07:00:00,7,4,1,2,0.9659258262890683,-0.25881904510252063,-0.433883739117558,-0.9009688679024191,0.49999999999999994,0.8660254037844387,0,0,3320.99,2485.09,1982.36,4359.92,4371.89,4328.8,3824.8383333333336,1193.6821689161832,3695.2027380952386,835.8999999999996,23.0,43.0,20.7,0.0,0.0,0.0
2025-10-19 15:00:00,15,6,10,292,-0.7071067811865471,-0.7071067811865479,-0.7818314824680299,0.6234898018587334,-0.8660254037844386,0.5000000000000001,1,0,3921.71,4003.95,4107.09,4363.53,4570.63,3857.53,3770.67,493.9156401390444,3869.7348214285716,-82.23999999999978,33.3,57.4,29.879166666666666,1.0,0.0,0.0
2025-12-17 15:00:00,15,2,12,351,-0.7071067811865471,-0.7071067811865479,0.9749279121818236,-0.22252093395631434,-2.4492935982947064e-16,1.0,0,0,3921.07,4103.83,4515.06,3666.04,3692.96,3698.8,3492.7737500000003,953.0459308691495,3394.6791071428574,-182.75999999999976,26.1,41.3,21.333333333333332,0.0,0.0,0.0
2025-11-16 11:00:00,11,6,11,320,0.258819045102521,-0.9659258262890682,-0.7818314824680299,0.6234898018587334,-0.5000000000000004,0.8660254037844384,1,0,3878.98,3760.6,3395.52,3885.99,4171.69,3747.9,2994.475,711.138817971673,3154.8582738095242,118.38000000000011,30.4,42.7,26.133333333333336,0.0,0.0,0.0
2025-09-14 15:00:00,15,6,9,257,-0.7071067811865471,-0.7071067811865479,-0.7818314824680299,0.6234898018587334,-1.0,-1.8369701987210297e-16,1,0,5796.79,5602.25,5524.79,6083.44,6361.24,5166.99,5526.04375,563.3533199921841,5520.488333333333,194.53999999999996,30.3,90.2,30.345833333333335,0.0,0.0,1.0
2025-11-18 11:00:00,11,1,11,322,0.258819045102521,-0.9659258262890682,0.7818314824680298,0.6234898018587336,-0.5000000000000004,0.8660254037844384,0,0,4075.24,4045.72,3837.43,3979.21,3900.69,3901.25,3218.5383333333334,730.5232780903983,3163.095416666667,29.519999999999982,32.0,51.8,26.0625,1.0,0.0,0.0
2026-01-04 11:00:00,11,6,1,4,0.258819045102521,-0.9659258262890682,-0.7818314824680299,0.6234898018587334,0.49999999999999994,0.8660254037844387,1,0,5034.0,4859.5,4251.98,5143.87,5545.99,4772.2,3661.4466666666667,1047.12599481783,3777.384642857143,174.5,26.6,37.9,20.616666666666667,0.0,0.0,0.0
2025-12-01 21:00:00,21,0,12,335,-0.7071067811865477,0.7071067811865474,0.0,1.0,-2.4492935982947064e-16,1.0,0,0,3507.77,3825.03,3805.82,3014.51,3008.81,3050.02,3235.4075,799.6664404952885,3236.534523809524,-317.2600000000002,18.5,44.7,22.295833333333334,0.0,0.0,0.0
2025-07-24 01:00:00,1,3,7,205,0.25881904510252074,0.9659258262890683,0.43388373911755823,-0.900968867902419,-0.4999999999999997,-0.8660254037844388,0,0,5784.65,6026.74,6013.66,5303.55,5580.9,5571.07,5419.199166666666,536.534660357105,5460.390297619048,-242.09000000000015,21.0,98.0,27.441666666666666,0.0,1.0,0.0
2025-07-19 03:00:00,3,5,7,200,0.7071067811865475,0.7071067811865476,-0.9749279121818236,-0.2225209339563146,-0.4999999999999997,-0.8660254037844388,1,0,5001.49,5336.65,5684.04,4715.74,4995.89,4948.98,5429.91375,571.7716289767599,5396.698273809524,-335.15999999999985,26.1,70.6,28.61666666666667,0.0,0.0,0.0
2025-12-10 18:00:00,18,2,12,344,-1.0,-1.8369701987210297e-16,0.9749279121818236,-0.22252093395631434,-2.4492935982947064e-16,1.0,0,0,4021.28,3668.63,3698.8,3963.56,3953.13,3905.84,3475.534166666667,803.4500935391189,3354.3133333333335,352.6500000000001,22.1,50.7,22.254166666666663,1.0,0.0,0.0
2025-11-22 04:00:00,4,5,11,326,0.8660254037844386,0.5000000000000001,-0.9749279121818236,-0.2225209339563146,-0.5000000000000004,0.8660254037844384,1,0,1900.72,1986.62,2096.09,2053.01,2033.35,2041.54,3340.6749999999997,799.2290180407089,3196.7220238095233,-85.89999999999986,22.2,57.3,25.287499999999998,1.0,0.0,0.0
2025-10-15 17:00:00,17,2,10,288,-0.9659258262890683,-0.25881904510252063,0.9749279121818236,-0.22252093395631434,-0.8660254037844386,0.5000000000000001,0,0,4443.22,4462.03,4422.27,4546.11,4484.1,4480.69,3922.3558333333335,622.8382925727782,3760.164523809524,-18.80999999999949,31.6,58.2,29.208333333333332,1.0,0.0,0.0
2025-09-21 10:00:00,10,6,9,264,0.49999999999999994,-0.8660254037844387,-0.7818314824680299,0.6234898018587334,-1.0,-1.8369701987210297e-16,1,0,4807.21,4498.81,4600.35,5809.35,6067.92,5188.69,5739.437916666667,657.8257785606818,5882.57119047619,308.39999999999964,34.7,69.6,28.941666666666666,1.0,0.0,0.0
2025-11-15 16:00:00,16,5,11,319,-0.8660254037844384,-0.5000000000000004,-0.9749279121818236,-0.2225209339563146,-0.5000000000000004,0.8660254037844384,1,0,3370.13,3377.4,3513.23,3541.11,3537.22,3363.72,3156.3145833333333,679.5630232857496,3157.684761904762,-7.269999999999982,24.3,66.9,24.954166666666666,0.0,1.0,0.0
2025-07-07 04:00:00,4,0,7,188,0.8660254037844386,0.5000000000000001,0.0,1.0,-0.4999999999999997,-0.8660254037844388,0,0,5342.9,5622.72,6177.67,5637.49,5466.6,4647.23,5925.473333333334,646.1730520107932,6015.575833333333,-279.8200000000006,26.9,68.5,28.308333333333334,0.0,0.0,0.0
2025-12-08 18:00:00,18,0,12,342,-1.0,-1.8369701987210297e-16,0.0,1.0,-2.4492935982947064e-16,1.0,0,0,3888.26,3606.14,3670.78,3566.96,3858.84,3805.82,3247.714583333334,873.8174996803973,3322.1341071428574,282.12000000000035,21.7,54.2,21.787499999999998,1.0,0.0,0.0
2025-11-10 08:00:00,8,0,11,314,0.8660254037844387,-0.4999999999999998,0.0,1.0,-0.5000000000000004,0.8660254037844384,0,0,3548.85,3415.9,2595.77,3225.18,3369.92,3516.29,3010.199583333333,623.8949007330881,3273.9871428571428,132.94999999999982,28.3,47.9,25.441666666666666,0.0,0.0,0.0
2025-12-22 06:00:00,6,0,12,356,1.0,6.123233995736766e-17,0.0,1.0,-2.4492935982947064e-16,1.0,0,0,2741.14,2240.03,2144.65,2882.87,3470.86,3653.66,3576.412083333333,918.3811553843431,3555.991726190476,501.1099999999997,21.0,46.0,21.416666666666668,0.0,0.0,0.0
2025-09-14 20:00:00,20,6,9,257,-0.8660254037844386,0.5000000000000001,-0.7818314824680299,0.6234898018587334,-1.0,-1.8369701987210297e-16,1,0,5784.27,5576.0,5554.6,5845.82,5875.63,5088.3,5478.259583333333,535.9925991903214,5539.484642857143,208.27000000000044,28.6,59.2,29.95,0.0,0.0,0.0
2025-08-04 16:00:00,16,0,8,216,-0.8660254037844384,-0.5000000000000004,0.0,1.0,-0.8660254037844384,-0.5000000000000004,0,0,6327.5,6289.97,5929.75,5667.43,6034.65,7099.5,5629.40125,567.3108522579911,5587.488273809523,37.529999999999745,35.0,62.5,28.791666666666668,0.0,0.0,0.0
2025-07-22 13:00:00,13,1,7,203,-0.2588190451025208,-0.9659258262890683,0.7818314824680298,0.6234898018587336,-0.4999999999999997,-0.8660254037844388,0,0,5745.95,5755.8,5756.67,6103.13,5546.85,5850.72,5570.154583333333,447.82002608755016,5501.086547619047,-9.850000000000364,31.9,90.4,27.950000000000003,0.0,0.0,1.0
2025-08-30 08:00:00,8,5,8,242,0.8660254037844387,-0.4999999999999998,-0.9749279121818236,-0.2225209339563146,-0.8660254037844384,-0.5000000000000004,1,0,4386.02,4354.9,4270.73,4954.56,4781.03,4800.87,5351.512916666667,601.7970383738107,5295.02625,31.1200000000008,29.2,74.7,28.166666666666668,1.0,0.0,0.0
2025-08-08 16:00:00,16,4,8,220,-0.8660254037844384,-0.5000000000000004,-0.433883739117558,-0.9009688679024191,-0.8660254037844384,-0.5000000000000004,0,0,7048.66,6938.92,6443.5,6873.2,6520.39,5986.44,6113.244583333333,728.4649508979712,5651.863928571429,109.73999999999978,28.5,94.8,27.337500000000002,0.0,0.0,1.0
2025-09-28 00:00:00,0,6,9,271,0.0,1.0,-0.7818314824680299,0.6234898018587334,-1.0,-1.8369701987210297e-16,1,0,6689.11,6668.35,6398.8,6348.21,6237.42,6282.71,5844.097083333334,626.3184722090436,5736.322797619047,20.75999999999931,22.4,88.1,29.304166666666664,0.0,1.0,0.0
2025-08-14 01:00:00,1,3,8,226,0.25881904510252074,0.9659258262890683,0.43388373911755823,-0.900968867902419,-0.8660254037844384,-0.5000000000000004,0,0,6526.79,6759.63,6778.53,5637.02,5677.08,5948.95,5865.067083333334,723.1238838508091,5533.601071428571,-232.84000000000015,26.9,72.6,28.712499999999995,0.0,0.0,0.0
2025-07-05 12:00:00,12,5,7,186,1.2246467991473532e-16,-1.0,-0.9749279121818236,-0.2225209339563146,-0.4999999999999997,-0.8660254037844388,1,0,6325.44,6049.37,5599.13,6877.48,6588.67,6851.77,6273.1825,705.0109464290526,5886.765833333334,276.0699999999997,35.0,66.8,27.837500000000002,0.0,0.0,0.0
2025-12-21 12:00:00,12,6,12,355,1.2246467991473532e-16,-1.0,-0.7818314824680299,0.6234898018587334,-2.4492935982947064e-16,1.0,1,0,5041.3,5018.95,4792.86,4741.54,5018.75,4269.23,3543.34375,1022.7194082990009,3529.657440476191,22.350000000000364,25.6,49.2,21.625,1.0,0.0,0.0
2025-07-16 14:00:00,14,2,7,197,-0.4999999999999997,-0.8660254037844388,0.9749279121818236,-0.22252093395631434,-0.4999999999999997,-0.8660254037844388,0,0,6020.13,6175.44,6066.63,6210.67,6107.67,7107.5,5560.257083333334,593.358072319567,5392.010952380952,-155.3099999999995,30.0,98.0,27.995833333333337,0.0,1.0,0.0
2025-11-09 06:00:00,6,6,11,313,1.0,6.123233995736766e-17,-0.7818314824680299,0.6234898018587334,-0.5000000000000004,0.8660254037844384,1,0,2217.21,1972.48,1915.48,2925.63,3479.48,2913.57,3041.7466666666674,656.5228632243458,3316.68630952381,244.73000000000002,17.9,62.2,25.258333333333336,0.0,0.0,1.0
2025-09-14 03:00:00,3,6,9,257,0.7071067811865475,0.7071067811865476,-0.7818314824680299,0.6234898018587334,-1.0,-1.8369701987210297e-16,1,0,5447.27,5788.94,6177.32,5062.11,4844.74,4413.2,5555.410833333332,589.4454886985917,5489.355476190476,-341.66999999999916,24.2,74.8,29.541666666666668,1.0,0.0,0.0
2025-09-03 18:00:00,18,2,9,246,-1.0,-1.8369701987210297e-16,0.9749279121818236,-0.22252093395631434,-1.0,-1.8369701987210297e-16,0,0,5051.66,5024.95,5103.6,5060.16,4879.84,5527.83,4640.256666666667,601.804979574444,5074.262380952381,26.710000000000036,31.9,60.1,29.55,0.0,0.0,0.0
2025-12-04 05:00:00,5,3,12,338,0.9659258262890683,0.25881904510252074,0.43388373911755823,-0.900968867902419,-2.4492935982947064e-16,1.0,0,0,2230.88,2070.21,2132.69,2857.13,2662.89,2621.63,3394.6804166666666,719.1778714765982,3267.919047619047,160.67000000000007,18.7,41.8,21.849999999999998,0.0,0.0,0.0
2025-07-07 03:00:00,3,0,7,188,0.7071067811865475,0.7071067811865476,0.0,1.0,-0.4999999999999997,-0.8660254037844388,0,0,5622.72,6177.67,6855.59,5901.79,5731.54,4866.47,5948.760416666665,634.2254912368443,6012.739940476191,-554.9499999999998,23.7,87.1,28.083333333333332,1.0,0.0,0.0
2026-01-03 11:00:00,11,5,1,3,0.258819045102521,-0.9659258262890682,-0.9749279121818236,-0.2225209339563146,0.49999999999999994,0.8660254037844387,1,0,5151.57,5019.01,4560.02,5545.99,5567.43,4515.63,3881.9370833333337,1115.3783029614867,3741.1318452380956,132.5599999999995,24.3,38.0,21.349999999999998,0.0,0.0,0.0
2025-07-12 11:00:00,11,5,7,193,0.258819045102521,-0.9659258262890682,-0.9749279121818236,-0.2225209339563146,-0.4999999999999997,-0.8660254037844388,1,0,5510.39,5108.69,4525.02,5830.15,5532.57,6325.44,5515.10125,606.66357301953,5835.135892857143,401.7000000000007,35.4,75.0,29.6875,1.0,0.0,0.0
2025-08-01 08:00:00,8,4,8,213,0.8660254037844387,-0.4999999999999998,-0.433883739117558,-0.9009688679024191,-0.8660254037844384,-0.5000000000000004,0,0,4525.46,4440.81,4315.43,4852.42,4943.08,5334.6,5332.56625,540.3566845738138,5983.987916666667,84.64999999999964,31.5,69.4,28.316666666666666,0.0,0.0,0.0
2025-11-24 11:00:00,11,0,11,328,0.258819045102521,-0.9659258262890682,0.0,1.0,-0.5000000000000004,0.8660254037844384,0,0,4232.92,4163.15,3825.4,4080.13,4006.09,3979.21,3129.418333333333,781.5558376595812,3219.1544047619045,69.77000000000044,32.5,32.5,24.97083333333333,0.0,0.0,0.0
2025-10-17 11:00:00,11,4,10,290,0.258819045102521,-0.9659258262890682,-0.433883739117558,-0.9009688679024191,-0.8660254037844386,0.5000000000000001,0,0,4522.63,4263.6,3751.76,4458.09,4509.21,4497.45,3916.34125,613.5919370205872,3789.941547619048,259.02999999999975,36.2,49.0,29.745833333333334,0.0,0.0,0.0
2026-01-11 11:00:00,11,6,1,11,0.258819045102521,-0.9659258262890682,-0.7818314824680299,0.6234898018587334,0.49999999999999994,0.8660254037844387,1,0,5501.87,5190.07,4652.12,5497.69,5931.41,5063.18,3895.5533333333333,1107.3211416774402,4001.626607142857,311.8000000000002,24.8,44.4,20.4125,0.0,0.0,0.0
2025-08-27 14:00:00,14,2,8,239,-0.4999999999999997,-0.8660254037844388,0.9749279121818236,-0.22252093395631434,-0.8660254037844384,-0.5000000000000004,0,1,5469.18,5598.99,5659.64,5811.33,5704.13,6578.25,5163.080833333333,529.7171655082349,5534.624107142857,-129.8099999999995,35.1,61.5,28.349999999999998,0.0,0.0,0.0
2025-12-11 21:00:00,21,3,12,345,-0.7071067811865477,0.7071067811865474,0.43388373911755823,-0.900968867902419,-2.4492935982947064e-16,1.0,0,0,3699.91,3917.38,3670.83,3389.31,3376.21,3395.95,3386.4795833333337,692.4763974912637,3350.192857142857,-217.47000000000025,19.3,57.8,21.474999999999998,1.0,0.0,0.0
2025-12-02 08:00:00,8,1,12,336,0.8660254037844387,-0.4999999999999998,0.7818314824680298,0.6234898018587336,-2.4492935982947064e-16,1.0,0,0,3849.55,3585.96,2662.89,3882.17,3589.65,3893.08,3258.6062500000003,793.99870025531,3243.5680357142855,263.59000000000015,24.3,54.2,21.7,1.0,0.0,0.0
2025-07-19 13:00:00,13,5,7,200,-0.2588190451025208,-0.9659258262890683,-0.9749279121818236,-0.2225209339563146,-0.4999999999999997,-0.8660254037844388,1,0,5522.79,5429.92,5238.63,6013.6,5845.51,6024.2,5317.4262499999995,606.5358127841228,5383.202321428571,92.86999999999989,32.6,78.6,28.325,1.0,0.0,0.0
2025-08-17 10:00:00,10,6,8,229,0.49999999999999994,-0.8660254037844387,-0.7818314824680299,0.6234898018587334,-0.8660254037844384,-0.5000000000000004,1,0,4689.92,4266.81,4227.34,5071.67,4196.13,4702.92,5084.309583333334,451.2145938462637,5278.7105357142855,423.1099999999997,33.1,72.3,27.641666666666666,0.0,0.0,0.0
2025-08-13 00:00:00,0,2,8,225,0.0,1.0,0.9749279121818236,-0.22252093395631434,-0.8660254037844384,-0.5000000000000004,0,0,6320.41,6296.76,6109.83,6108.66,5880.83,5851.34,5591.4325,638.0560949733352,5516.321488095238,23.649999999999636,23.4,95.7,28.416666666666668,0.0,1.0,0.0
2025-10-08 05:00:00,5,2,10,281,0.9659258262890683,0.25881904510252074,0.9749279121818236,-0.22252093395631434,-0.8660254037844386,0.5000000000000001,0,0,2795.11,2777.44,2905.45,3157.61,4160.98,4215.19,3939.193333333333,713.3176864950935,4717.46380952381,17.670000000000073,29.0,50.6,29.258333333333336,0.0,0.0,0.0
2025-09-17 00:00:00,0,2,9,260,0.0,1.0,0.9749279121818236,-0.22252093395631434,-1.0,-1.8369701987210297e-16,0,0,6846.0,6889.82,6607.4,6457.17,6261.33,6120.99,6009.308333333334,682.2549839394072,5697.15863095238,-43.81999999999971,26.2,66.8,29.849999999999998,0.0,0.0,0.0
2025-11-30 17:00:00,17,6,11,334,-0.9659258262890683,-0.25881904510252063,-0.7818314824680299,0.6234898018587334,-0.5000000000000004,0.8660254037844384,1,0,3162.11,3334.56,3532.41,3721.36,3895.66,3441.07,3111.5025,808.9662476554341,3231.080535714286,-172.44999999999982,26.2,70.2,25.545833333333334,0.0,1.0,0.0
2025-12-10 12:00:00,12,2,12,344,1.2246467991473532e-16,-1.0,0.9749279121818236,-0.22252093395631434,-2.4492935982947064e-16,1.0,0,0,4421.22,4500.6,4458.08,4183.71,4046.16,4057.44,3460.4429166666664,794.4005881575647,3350.514226190476,-79.38000000000011,25.3,59.4,21.8875,1.0,0.0,0.0
2026-01-05 11:00:00,11,0,1,5,0.258819045102521,-0.9659258262890682,0.0,1.0,0.49999999999999994,0.8660254037844387,0,0,5514.95,5316.71,4873.9,5063.18,5143.87,5023.77,3774.139583333333,1103.207560546828,3813.4152380952373,198.23999999999978,23.4,39.5,21.075,0.0,0.0,0.0
