timestamp,split,model,y_true,y_pred
2025-03-18 10:00:00,val,"MLP v3b [256,128,64] lr1e-4 patient",3828.22,3919.3635
2025-03-18 11:00:00,val,"MLP v3b [256,128,64] lr1e-4 patient",3810.65,3841.3284
2025-03-18 12:00:00,val,"MLP v3b [256,128,64] lr1e-4 patient",3729.74,3747.1062
2025-03-18 13:00:00,val,"MLP v3b [256,128,64] lr1e-4 patient",3485.6,3514.8223
2025-03-18 14:00:00,val,"MLP v3b [256,128,64] lr1e-4 patient",3540.15,3494.8992
2025-03-18 15:00:00,val,"MLP v3b [256,128,64] lr1e-4 patient",3483.1,3539.0227
2025-03-18 16:00:00,val,"MLP v3b [256,128,64] lr1e-4 patient",3582.69,3580.2043
2025-03-18 17:00:00,val,"MLP v3b [256,128,64] lr1e-4 patient",3647.91,3679.2698
2025-03-18 18:00:00,val,"MLP v3b [256,128,64] lr1e-4 patient",3723.27,3738.39
2025-03-18 19:00:00,val,"MLP v3b [256,128,64] lr1e-4 patient",3743.0,3715.417
2025-03-18 20:00:00,val,"MLP v3b [256,128,64] lr1e-4 patient",3498.88,3543.625
2025-03-18 21:00:00,val,"MLP v3b [256,128,64] lr1e-4 patient",3160.15,3254.3848
2025-03-18 22:00:00,val,"MLP v3b [256,128,64] lr1e-4 patient",3037.25,3051.164
2025-03-18 23:00:00,val,"MLP v3b [256,128,64] lr1e-4 patient",2821.34,2830.2805
2025-03-19 00:00:00,val,"MLP v3b [256,128,64] lr1e-4 patient",2587.44,2569.4885
2025-03-19 01:00:00,val,"MLP v3b [256,128,64] lr1e-4 patient",2417.1,2449.4421
2025-03-19 02:00:00,val,"MLP v3b [256,128,64] lr1e-4 patient",2313.77,2357.534
2025-03-19 03:00:00,val,"MLP v3b [256,128,64] lr1e-4 patient",2261.29,2293.1711
2025-03-19 04:00:00,val,"MLP v3b [256,128,64] lr1e-4 patient",2392.35,2428.5051
2025-03-19 05:00:00,val,"MLP v3b [256,128,64] lr1e-4 patient",2721.48,2794.381
2025-03-19 06:00:00,val,"MLP v3b [256,128,64] lr1e-4 patient",3246.62,3347.545
2025-03-19 07:00:00,val,"MLP v3b [256,128,64] lr1e-4 patient",3552.96,3530.3953
2025-03-19 08:00:00,val,"MLP v3b [256,128,64] lr1e-4 patient",3585.76,3625.835
2025-03-19 09:00:00,val,"MLP v3b [256,128,64] lr1e-4 patient",3854.81,3892.5833
2025-03-19 10:00:00,val,"MLP v3b [256,128,64] lr1e-4 patient",3919.28,3976.7773
2025-03-19 11:00:00,val,"MLP v3b [256,128,64] lr1e-4 patient",3922.38,3925.504
2025-03-19 12:00:00,val,"MLP v3b [256,128,64] lr1e-4 patient",3785.82,3863.4688
2025-03-19 13:00:00,val,"MLP v3b [256,128,64] lr1e-4 patient",3537.31,3587.9805
2025-03-19 14:00:00,val,"MLP v3b [256,128,64] lr1e-4 patient",3589.01,3557.2278
2025-03-19 15:00:00,val,"MLP v3b [256,128,64] lr1e-4 patient",3602.79,3597.9348
2025-03-19 16:00:00,val,"MLP v3b [256,128,64] lr1e-4 patient",3668.99,3640.7332
2025-03-19 17:00:00,val,"MLP v3b [256,128,64] lr1e-4 patient",3744.65,3734.6091
2025-03-19 18:00:00,val,"MLP v3b [256,128,64] lr1e-4 patient",3826.79,3810.304
2025-03-19 19:00:00,val,"MLP v3b [256,128,64] lr1e-4 patient",3840.81,3810.9258
2025-03-19 20:00:00,val,"MLP v3b [256,128,64] lr1e-4 patient",3603.49,3652.1152
2025-03-19 21:00:00,val,"MLP v3b [256,128,64] lr1e-4 patient",3316.19,3343.1375
2025-03-19 22:00:00,val,"MLP v3b [256,128,64] lr1e-4 patient",3121.2,3191.6614
2025-03-19 23:00:00,val,"MLP v3b [256,128,64] lr1e-4 patient",2929.06,2920.961
2025-03-20 00:00:00,val,"MLP v3b [256,128,64] lr1e-4 patient",2692.73,2638.5422
2025-03-20 01:00:00,val,"MLP v3b [256,128,64] lr1e-4 patient",2517.71,2500.1016
2025-03-20 02:00:00,val,"MLP v3b [256,128,64] lr1e-4 patient",2400.01,2411.111
2025-03-20 03:00:00,val,"MLP v3b [256,128,64] lr1e-4 patient",2355.04,2350.263
2025-03-20 04:00:00,val,"MLP v3b [256,128,64] lr1e-4 patient",2469.43,2493.1238
2025-03-20 05:00:00,val,"MLP v3b [256,128,64] lr1e-4 patient",2775.16,2827.1414
2025-03-20 06:00:00,val,"MLP v3b [256,128,64] lr1e-4 patient",3290.1,3378.9583
2025-03-20 07:00:00,val,"MLP v3b [256,128,64] lr1e-4 patient",3526.13,3540.3093
2025-03-20 08:00:00,val,"MLP v3b [256,128,64] lr1e-4 patient",3606.19,3606.6628
2025-03-20 09:00:00,val,"MLP v3b [256,128,64] lr1e-4 patient",3850.42,3884.7693
2025-03-20 10:00:00,val,"MLP v3b [256,128,64] lr1e-4 patient",3918.2,3957.122
2025-03-20 11:00:00,val,"MLP v3b [256,128,64] lr1e-4 patient",3932.84,3937.8254
2025-03-20 12:00:00,val,"MLP v3b [256,128,64] lr1e-4 patient",3880.47,3869.3977
2025-03-20 13:00:00,val,"MLP v3b [256,128,64] lr1e-4 patient",3606.6,3669.701
2025-03-20 14:00:00,val,"MLP v3b [256,128,64] lr1e-4 patient",3665.39,3664.462
2025-03-20 15:00:00,val,"MLP v3b [256,128,64] lr1e-4 patient",3693.64,3703.4924
2025-03-20 16:00:00,val,"MLP v3b [256,128,64] lr1e-4 patient",3738.79,3730.6611
2025-03-20 17:00:00,val,"MLP v3b [256,128,64] lr1e-4 patient",3786.55,3792.387
2025-03-20 18:00:00,val,"MLP v3b [256,128,64] lr1e-4 patient",3872.84,3802.5215
2025-03-20 19:00:00,val,"MLP v3b [256,128,64] lr1e-4 patient",3930.62,3832.5046
2025-03-20 20:00:00,val,"MLP v3b [256,128,64] lr1e-4 patient",3668.14,3694.9778
2025-03-20 21:00:00,val,"MLP v3b [256,128,64] lr1e-4 patient",3334.66,3417.1946
2025-03-20 22:00:00,val,"MLP v3b [256,128,64] lr1e-4 patient",3163.3,3218.782
2025-03-21 00:00:00,val,"MLP v3b [256,128,64] lr1e-4 patient",2750.52,2760.6863
2025-03-21 01:00:00,val,"MLP v3b [256,128,64] lr1e-4 patient",2545.04,2596.3684
2025-03-21 02:00:00,val,"MLP v3b [256,128,64] lr1e-4 patient",2457.47,2475.905
2025-03-21 03:00:00,val,"MLP v3b [256,128,64] lr1e-4 patient",2431.63,2388.307
2025-03-21 04:00:00,val,"MLP v3b [256,128,64] lr1e-4 patient",2561.5,2503.575
2025-03-21 05:00:00,val,"MLP v3b [256,128,64] lr1e-4 patient",2851.72,2883.542
2025-03-21 06:00:00,val,"MLP v3b [256,128,64] lr1e-4 patient",3326.5,3361.4167
2025-03-21 07:00:00,val,"MLP v3b [256,128,64] lr1e-4 patient",3553.3,3506.4531
2025-03-21 08:00:00,val,"MLP v3b [256,128,64] lr1e-4 patient",3613.75,3574.5168
2025-03-21 09:00:00,val,"MLP v3b [256,128,64] lr1e-4 patient",3928.54,3881.0618
2025-03-21 10:00:00,val,"MLP v3b [256,128,64] lr1e-4 patient",4056.88,3997.8513
2025-03-21 11:00:00,val,"MLP v3b [256,128,64] lr1e-4 patient",4003.53,4019.3835
2025-03-21 12:00:00,val,"MLP v3b [256,128,64] lr1e-4 patient",3997.53,3951.2766
2025-03-21 13:00:00,val,"MLP v3b [256,128,64] lr1e-4 patient",3675.62,3720.0012
2025-03-21 14:00:00,val,"MLP v3b [256,128,64] lr1e-4 patient",3600.3,3639.2012
2025-03-21 15:00:00,val,"MLP v3b [256,128,64] lr1e-4 patient",3605.28,3621.2754
2025-03-21 16:00:00,val,"MLP v3b [256,128,64] lr1e-4 patient",3618.73,3604.7468
2025-03-21 17:00:00,val,"MLP v3b [256,128,64] lr1e-4 patient",3850.93,3720.7112
2025-03-21 18:00:00,val,"MLP v3b [256,128,64] lr1e-4 patient",3875.33,3788.219
2025-03-21 19:00:00,val,"MLP v3b [256,128,64] lr1e-4 patient",3918.79,3810.6545
2025-03-21 20:00:00,val,"MLP v3b [256,128,64] lr1e-4 patient",3662.74,3680.996
2025-03-21 21:00:00,val,"MLP v3b [256,128,64] lr1e-4 patient",3343.92,3379.0793
2025-03-21 22:00:00,val,"MLP v3b [256,128,64] lr1e-4 patient",3175.4,3188.3645
2025-03-22 00:00:00,val,"MLP v3b [256,128,64] lr1e-4 patient",2749.26,2734.754
2025-03-22 01:00:00,val,"MLP v3b [256,128,64] lr1e-4 patient",2595.24,2564.5437
2025-03-22 02:00:00,val,"MLP v3b [256,128,64] lr1e-4 patient",2455.67,2476.7493
2025-03-22 03:00:00,val,"MLP v3b [256,128,64] lr1e-4 patient",2402.69,2395.971
2025-03-22 04:00:00,val,"MLP v3b [256,128,64] lr1e-4 patient",2468.41,2509.2888
2025-03-22 05:00:00,val,"MLP v3b [256,128,64] lr1e-4 patient",2730.22,2758.5715
2025-03-22 06:00:00,val,"MLP v3b [256,128,64] lr1e-4 patient",3219.95,3127.2197
2025-03-22 07:00:00,val,"MLP v3b [256,128,64] lr1e-4 patient",3408.97,3383.046
2025-03-22 08:00:00,val,"MLP v3b [256,128,64] lr1e-4 patient",3424.71,3455.9485
2025-03-22 09:00:00,val,"MLP v3b [256,128,64] lr1e-4 patient",3662.43,3696.0588
2025-03-22 10:00:00,val,"MLP v3b [256,128,64] lr1e-4 patient",3761.39,3768.8308
2025-03-22 11:00:00,val,"MLP v3b [256,128,64] lr1e-4 patient",3738.29,3749.1296
2025-03-22 12:00:00,val,"MLP v3b [256,128,64] lr1e-4 patient",3699.02,3682.835
2025-03-22 13:00:00,val,"MLP v3b [256,128,64] lr1e-4 patient",3544.68,3476.797
2025-03-22 14:00:00,val,"MLP v3b [256,128,64] lr1e-4 patient",3536.53,3468.1467
2025-03-22 15:00:00,val,"MLP v3b [256,128,64] lr1e-4 patient",3526.19,3496.8386
2025-03-22 16:00:00,val,"MLP v3b [256,128,64] lr1e-4 patient",3502.5,3524.8894
2025-03-22 17:00:00,val,"MLP v3b [256,128,64] lr1e-4 patient",3590.79,3609.5615
2025-03-22 18:00:00,val,"MLP v3b [256,128,64] lr1e-4 patient",3715.09,3641.031
2025-03-22 19:00:00,val,"MLP v3b [256,128,64] lr1e-4 patient",3694.59,3680.4326
2025-03-22 20:00:00,val,"MLP v3b [256,128,64] lr1e-4 patient",3553.18,3551.6238
2025-03-22 21:00:00,val,"MLP v3b [256,128,64] lr1e-4 patient",3245.94,3298.5403
2025-03-22 22:00:00,val,"MLP v3b [256,128,64] lr1e-4 patient",3119.14,3119.3809
2025-03-23 00:00:00,val,"MLP v3b [256,128,64] lr1e-4 patient",2713.26,2707.3787
2025-03-23 01:00:00,val,"MLP v3b [256,128,64] lr1e-4 patient",2529.99,2540.2603
2025-03-23 02:00:00,val,"MLP v3b [256,128,64] lr1e-4 patient",2401.2,2420.8484
2025-03-23 03:00:00,val,"MLP v3b [256,128,64] lr1e-4 patient",2340.95,2335.6082
2025-03-23 04:00:00,val,"MLP v3b [256,128,64] lr1e-4 patient",2390.91,2446.021
2025-03-23 05:00:00,val,"MLP v3b [256,128,64] lr1e-4 patient",2559.76,2640.4583
2025-03-23 06:00:00,val,"MLP v3b [256,128,64] lr1e-4 patient",2933.62,2975.9004
2025-03-23 07:00:00,val,"MLP v3b [256,128,64] lr1e-4 patient",3160.33,3216.2783
2025-03-23 08:00:00,val,"MLP v3b [256,128,64] lr1e-4 patient",3207.13,3279.095
2025-03-23 09:00:00,val,"MLP v3b [256,128,64] lr1e-4 patient",3488.21,3524.672
2025-03-23 10:00:00,val,"MLP v3b [256,128,64] lr1e-4 patient",3621.35,3592.2344
2025-03-23 11:00:00,val,"MLP v3b [256,128,64] lr1e-4 patient",3660.56,3636.3582
2025-03-23 12:00:00,val,"MLP v3b [256,128,64] lr1e-4 patient",3622.88,3616.7473
2025-03-23 13:00:00,val,"MLP v3b [256,128,64] lr1e-4 patient",3421.78,3414.4785
2025-03-23 14:00:00,val,"MLP v3b [256,128,64] lr1e-4 patient",3370.65,3351.194
2025-03-23 15:00:00,val,"MLP v3b [256,128,64] lr1e-4 patient",3363.96,3298.28
2025-03-23 16:00:00,val,"MLP v3b [256,128,64] lr1e-4 patient",3333.73,3299.8972
2025-03-23 17:00:00,val,"MLP v3b [256,128,64] lr1e-4 patient",3411.03,3431.2112
2025-03-23 18:00:00,val,"MLP v3b [256,128,64] lr1e-4 patient",3593.59,3481.8984
2025-03-23 19:00:00,val,"MLP v3b [256,128,64] lr1e-4 patient",3621.41,3569.5857
2025-03-23 20:00:00,val,"MLP v3b [256,128,64] lr1e-4 patient",3439.03,3456.2646
2025-03-23 21:00:00,val,"MLP v3b [256,128,64] lr1e-4 patient",3283.51,3263.0508
2025-03-23 22:00:00,val,"MLP v3b [256,128,64] lr1e-4 patient",3109.02,3139.555
2025-03-23 23:00:00,val,"MLP v3b [256,128,64] lr1e-4 patient",2959.09,2948.6887
2025-03-24 00:00:00,val,"MLP v3b [256,128,64] lr1e-4 patient",2726.59,2652.782
2025-03-24 01:00:00,val,"MLP v3b [256,128,64] lr1e-4 patient",2556.95,2532.4514
2025-03-24 02:00:00,val,"MLP v3b [256,128,64] lr1e-4 patient",2443.07,2459.2886
2025-03-24 03:00:00,val,"MLP v3b [256,128,64] lr1e-4 patient",2381.6,2375.64
2025-03-24 04:00:00,val,"MLP v3b [256,128,64] lr1e-4 patient",2488.79,2489.6208
2025-03-24 05:00:00,val,"MLP v3b [256,128,64] lr1e-4 patient",2782.5,2833.6804
2025-03-24 06:00:00,val,"MLP v3b [256,128,64] lr1e-4 patient",3280.4,3314.1418
2025-03-24 07:00:00,val,"MLP v3b [256,128,64] lr1e-4 patient",3496.93,3501.304
2025-03-24 08:00:00,val,"MLP v3b [256,128,64] lr1e-4 patient",3578.01,3565.5017
2025-03-24 09:00:00,val,"MLP v3b [256,128,64] lr1e-4 patient",3903.31,3837.366
2025-03-24 10:00:00,val,"MLP v3b [256,128,64] lr1e-4 patient",4002.05,3961.8572
2025-03-24 11:00:00,val,"MLP v3b [256,128,64] lr1e-4 patient",4033.58,3962.1458
2025-03-24 12:00:00,val,"MLP v3b [256,128,64] lr1e-4 patient",3999.69,3909.7832
2025-03-24 13:00:00,val,"MLP v3b [256,128,64] lr1e-4 patient",3735.4,3721.1238
2025-03-24 14:00:00,val,"MLP v3b [256,128,64] lr1e-4 patient",3681.25,3699.2688
2025-03-24 15:00:00,val,"MLP v3b [256,128,64] lr1e-4 patient",3810.0,3667.2246
2025-03-24 16:00:00,val,"MLP v3b [256,128,64] lr1e-4 patient",3845.37,3730.6995
2025-03-24 17:00:00,val,"MLP v3b [256,128,64] lr1e-4 patient",3904.46,3842.5605
2025-03-24 18:00:00,val,"MLP v3b [256,128,64] lr1e-4 patient",3960.64,3899.3184
2025-03-24 19:00:00,val,"MLP v3b [256,128,64] lr1e-4 patient",3980.7,3886.5518
2025-03-24 20:00:00,val,"MLP v3b [256,128,64] lr1e-4 patient",3776.89,3743.71
2025-03-24 21:00:00,val,"MLP v3b [256,128,64] lr1e-4 patient",3449.93,3502.5027
2025-03-24 22:00:00,val,"MLP v3b [256,128,64] lr1e-4 patient",3310.53,3287.0957
2025-03-25 00:00:00,val,"MLP v3b [256,128,64] lr1e-4 patient",2927.99,2829.448
2025-03-25 01:00:00,val,"MLP v3b [256,128,64] lr1e-4 patient",2728.53,2669.6042
2025-03-25 02:00:00,val,"MLP v3b [256,128,64] lr1e-4 patient",2601.48,2557.3096
2025-03-25 03:00:00,val,"MLP v3b [256,128,64] lr1e-4 patient",2541.01,2492.3228
2025-03-25 04:00:00,val,"MLP v3b [256,128,64] lr1e-4 patient",2636.6,2589.198
2025-03-25 05:00:00,val,"MLP v3b [256,128,64] lr1e-4 patient",2891.01,2958.382
2025-03-25 06:00:00,val,"MLP v3b [256,128,64] lr1e-4 patient",3352.4,3449.9277
2025-03-25 07:00:00,val,"MLP v3b [256,128,64] lr1e-4 patient",3566.3,3576.4778
2025-03-25 08:00:00,val,"MLP v3b [256,128,64] lr1e-4 patient",3598.29,3619.0007
2025-03-25 09:00:00,val,"MLP v3b [256,128,64] lr1e-4 patient",3889.46,3904.0022
2025-03-25 10:00:00,val,"MLP v3b [256,128,64] lr1e-4 patient",4018.74,4001.2087
2025-03-25 11:00:00,val,"MLP v3b [256,128,64] lr1e-4 patient",4035.89,3996.3123
2025-03-25 12:00:00,val,"MLP v3b [256,128,64] lr1e-4 patient",3872.11,3982.6565
2025-03-25 13:00:00,val,"MLP v3b [256,128,64] lr1e-4 patient",3714.49,3707.907
2025-03-25 14:00:00,val,"MLP v3b [256,128,64] lr1e-4 patient",3746.56,3730.4158
2025-03-25 15:00:00,val,"MLP v3b [256,128,64] lr1e-4 patient",3837.62,3779.679
2025-03-25 16:00:00,val,"MLP v3b [256,128,64] lr1e-4 patient",3919.39,3812.698
2025-03-25 17:00:00,val,"MLP v3b [256,128,64] lr1e-4 patient",3979.07,3919.95
2025-03-25 18:00:00,val,"MLP v3b [256,128,64] lr1e-4 patient",4031.46,3965.4268
2025-03-25 19:00:00,val,"MLP v3b [256,128,64] lr1e-4 patient",4055.82,3980.0137
2025-03-25 20:00:00,val,"MLP v3b [256,128,64] lr1e-4 patient",3862.0,3804.8274
2025-03-25 21:00:00,val,"MLP v3b [256,128,64] lr1e-4 patient",3538.28,3574.5203
2025-03-25 22:00:00,val,"MLP v3b [256,128,64] lr1e-4 patient",3441.43,3392.2588
2025-03-25 23:00:00,val,"MLP v3b [256,128,64] lr1e-4 patient",3230.22,3212.889
2025-03-26 00:00:00,val,"MLP v3b [256,128,64] lr1e-4 patient",3024.08,2872.1309
2025-03-26 01:00:00,val,"MLP v3b [256,128,64] lr1e-4 patient",2826.96,2765.1523
2025-03-26 02:00:00,val,"MLP v3b [256,128,64] lr1e-4 patient",2682.28,2648.4626
2025-03-26 03:00:00,val,"MLP v3b [256,128,64] lr1e-4 patient",2636.36,2559.2336
2025-03-26 04:00:00,val,"MLP v3b [256,128,64] lr1e-4 patient",2693.78,2650.6377
2025-03-26 05:00:00,val,"MLP v3b [256,128,64] lr1e-4 patient",2906.56,2980.832
2025-03-26 06:00:00,val,"MLP v3b [256,128,64] lr1e-4 patient",3341.37,3451.1218
2025-03-26 07:00:00,val,"MLP v3b [256,128,64] lr1e-4 patient",3558.11,3560.9473
2025-03-26 08:00:00,val,"MLP v3b [256,128,64] lr1e-4 patient",3651.94,3615.7258
2025-03-26 09:00:00,val,"MLP v3b [256,128,64] lr1e-4 patient",4039.58,3973.388
2025-03-26 10:00:00,val,"MLP v3b [256,128,64] lr1e-4 patient",4217.13,4129.066
2025-03-26 11:00:00,val,"MLP v3b [256,128,64] lr1e-4 patient",4252.07,4165.611
2025-03-26 12:00:00,val,"MLP v3b [256,128,64] lr1e-4 patient",4215.66,4150.428
2025-03-26 13:00:00,val,"MLP v3b [256,128,64] lr1e-4 patient",4071.34,3963.2317
2025-03-26 14:00:00,val,"MLP v3b [256,128,64] lr1e-4 patient",4144.79,4040.2139
2025-03-26 15:00:00,val,"MLP v3b [256,128,64] lr1e-4 patient",4216.75,4113.351
2025-03-26 16:00:00,val,"MLP v3b [256,128,64] lr1e-4 patient",4180.86,4098.097
2025-03-26 17:00:00,val,"MLP v3b [256,128,64] lr1e-4 patient",4208.99,4172.4146
2025-03-26 18:00:00,val,"MLP v3b [256,128,64] lr1e-4 patient",4220.73,4129.942
2025-03-26 19:00:00,val,"MLP v3b [256,128,64] lr1e-4 patient",4232.49,4166.8105
2025-03-26 20:00:00,val,"MLP v3b [256,128,64] lr1e-4 patient",4032.28,3986.1614
2025-03-26 21:00:00,val,"MLP v3b [256,128,64] lr1e-4 patient",3728.7,3744.8152
2025-03-26 22:00:00,val,"MLP v3b [256,128,64] lr1e-4 patient",3595.96,3608.5608
2025-03-26 23:00:00,val,"MLP v3b [256,128,64] lr1e-4 patient",3495.4,3337.861
2025-03-27 00:00:00,val,"MLP v3b [256,128,64] lr1e-4 patient",3275.44,3070.539
2025-03-27 01:00:00,val,"MLP v3b [256,128,64] lr1e-4 patient",3053.24,2946.2131
2025-03-27 02:00:00,val,"MLP v3b [256,128,64] lr1e-4 patient",2898.57,2823.9006
2025-03-27 03:00:00,val,"MLP v3b [256,128,64] lr1e-4 patient",2825.05,2717.1458
2025-03-27 04:00:00,val,"MLP v3b [256,128,64] lr1e-4 patient",2865.63,2790.8018
2025-03-27 05:00:00,val,"MLP v3b [256,128,64] lr1e-4 patient",3064.89,3089.1318
2025-03-27 06:00:00,val,"MLP v3b [256,128,64] lr1e-4 patient",3421.2,3493.907
2025-03-27 07:00:00,val,"MLP v3b [256,128,64] lr1e-4 patient",3648.34,3602.9734
2025-03-27 08:00:00,val,"MLP v3b [256,128,64] lr1e-4 patient",3668.95,3660.2976
2025-03-27 09:00:00,val,"MLP v3b [256,128,64] lr1e-4 patient",4037.72,4013.3113
2025-03-27 10:00:00,val,"MLP v3b [256,128,64] lr1e-4 patient",4244.22,4178.108
2025-03-27 11:00:00,val,"MLP v3b [256,128,64] lr1e-4 patient",4306.54,4216.4756
2025-03-27 12:00:00,val,"MLP v3b [256,128,64] lr1e-4 patient",4190.42,4237.2163
2025-03-27 13:00:00,val,"MLP v3b [256,128,64] lr1e-4 patient",4110.57,4026.8586
2025-03-27 14:00:00,val,"MLP v3b [256,128,64] lr1e-4 patient",4280.51,4161.056
2025-03-27 15:00:00,val,"MLP v3b [256,128,64] lr1e-4 patient",4316.16,4295.6934
2025-03-27 16:00:00,val,"MLP v3b [256,128,64] lr1e-4 patient",4291.38,4224.8594
2025-03-27 17:00:00,val,"MLP v3b [256,128,64] lr1e-4 patient",4272.32,4265.172
2025-03-27 18:00:00,val,"MLP v3b [256,128,64] lr1e-4 patient",4296.31,4194.1616
2025-03-27 19:00:00,val,"MLP v3b [256,128,64] lr1e-4 patient",4360.47,4218.7866
2025-03-27 20:00:00,val,"MLP v3b [256,128,64] lr1e-4 patient",4162.44,4126.978
2025-03-27 21:00:00,val,"MLP v3b [256,128,64] lr1e-4 patient",3867.29,3884.4053
2025-03-27 22:00:00,val,"MLP v3b [256,128,64] lr1e-4 patient",3763.14,3804.5994
2025-03-27 23:00:00,val,"MLP v3b [256,128,64] lr1e-4 patient",3647.53,3610.2039
2025-03-28 00:00:00,val,"MLP v3b [256,128,64] lr1e-4 patient",3427.95,3265.8938
2025-03-28 01:00:00,val,"MLP v3b [256,128,64] lr1e-4 patient",3241.66,3139.4922
2025-03-28 02:00:00,val,"MLP v3b [256,128,64] lr1e-4 patient",3067.91,3000.0056
2025-03-28 03:00:00,val,"MLP v3b [256,128,64] lr1e-4 patient",2979.96,2841.6257
2025-03-28 04:00:00,val,"MLP v3b [256,128,64] lr1e-4 patient",2962.17,2928.6985
2025-03-28 05:00:00,val,"MLP v3b [256,128,64] lr1e-4 patient",3142.08,3163.3362
2025-03-28 06:00:00,val,"MLP v3b [256,128,64] lr1e-4 patient",3482.29,3595.081
2025-03-28 07:00:00,val,"MLP v3b [256,128,64] lr1e-4 patient",3652.11,3674.3877
2025-03-28 08:00:00,val,"MLP v3b [256,128,64] lr1e-4 patient",3717.0,3710.1267
2025-03-28 09:00:00,val,"MLP v3b [256,128,64] lr1e-4 patient",4072.73,4113.2827
2025-03-28 10:00:00,val,"MLP v3b [256,128,64] lr1e-4 patient",4236.64,4275.814
2025-03-28 11:00:00,val,"MLP v3b [256,128,64] lr1e-4 patient",4274.04,4309.3315
2025-03-28 12:00:00,val,"MLP v3b [256,128,64] lr1e-4 patient",4253.91,4275.5273
2025-03-28 13:00:00,val,"MLP v3b [256,128,64] lr1e-4 patient",4035.16,4081.2522
2025-03-28 14:00:00,val,"MLP v3b [256,128,64] lr1e-4 patient",4040.96,4091.3147
2025-03-28 15:00:00,val,"MLP v3b [256,128,64] lr1e-4 patient",4065.98,4085.9646
2025-03-28 16:00:00,val,"MLP v3b [256,128,64] lr1e-4 patient",4063.04,4069.597
2025-03-28 17:00:00,val,"MLP v3b [256,128,64] lr1e-4 patient",4081.98,4124.638
2025-03-28 18:00:00,val,"MLP v3b [256,128,64] lr1e-4 patient",4096.86,4099.213
2025-03-28 19:00:00,val,"MLP v3b [256,128,64] lr1e-4 patient",4071.51,4120.266
2025-03-28 20:00:00,val,"MLP v3b [256,128,64] lr1e-4 patient",3814.11,3947.5078
2025-03-28 21:00:00,val,"MLP v3b [256,128,64] lr1e-4 patient",3472.82,3634.8645
2025-03-28 22:00:00,val,"MLP v3b [256,128,64] lr1e-4 patient",3316.16,3458.9854
2025-03-28 23:00:00,val,"MLP v3b [256,128,64] lr1e-4 patient",3170.63,3232.7024
2025-03-29 00:00:00,val,"MLP v3b [256,128,64] lr1e-4 patient",2945.97,2943.1829
2025-03-29 01:00:00,val,"MLP v3b [256,128,64] lr1e-4 patient",2753.73,2794.5566
2025-03-29 02:00:00,val,"MLP v3b [256,128,64] lr1e-4 patient",2625.09,2678.3994
2025-03-29 03:00:00,val,"MLP v3b [256,128,64] lr1e-4 patient",2527.51,2596.5837
2025-03-29 04:00:00,val,"MLP v3b [256,128,64] lr1e-4 patient",2594.2,2669.6409
2025-03-29 05:00:00,val,"MLP v3b [256,128,64] lr1e-4 patient",2805.0,2882.6458
2025-03-29 06:00:00,val,"MLP v3b [256,128,64] lr1e-4 patient",3246.79,3246.0774
2025-03-29 07:00:00,val,"MLP v3b [256,128,64] lr1e-4 patient",3364.0,3465.6252
2025-03-29 08:00:00,val,"MLP v3b [256,128,64] lr1e-4 patient",3354.39,3483.1648
2025-03-29 09:00:00,val,"MLP v3b [256,128,64] lr1e-4 patient",3504.45,3656.0059
2025-03-29 10:00:00,val,"MLP v3b [256,128,64] lr1e-4 patient",3577.68,3682.8416
2025-03-29 11:00:00,val,"MLP v3b [256,128,64] lr1e-4 patient",3627.36,3645.6238
2025-03-29 12:00:00,val,"MLP v3b [256,128,64] lr1e-4 patient",3606.12,3608.0203
2025-03-29 13:00:00,val,"MLP v3b [256,128,64] lr1e-4 patient",3433.89,3443.3284
2025-03-29 14:00:00,val,"MLP v3b [256,128,64] lr1e-4 patient",3463.35,3424.5107
2025-03-29 15:00:00,val,"MLP v3b [256,128,64] lr1e-4 patient",3469.98,3489.5195
2025-03-29 16:00:00,val,"MLP v3b [256,128,64] lr1e-4 patient",3431.34,3506.427
2025-03-29 17:00:00,val,"MLP v3b [256,128,64] lr1e-4 patient",3524.16,3611.8865
2025-03-29 18:00:00,val,"MLP v3b [256,128,64] lr1e-4 patient",3569.23,3647.2363
2025-03-29 19:00:00,val,"MLP v3b [256,128,64] lr1e-4 patient",3634.03,3644.4475
2025-03-29 20:00:00,val,"MLP v3b [256,128,64] lr1e-4 patient",3388.59,3497.8838
2025-03-29 21:00:00,val,"MLP v3b [256,128,64] lr1e-4 patient",3135.94,3225.3047
2025-03-29 22:00:00,val,"MLP v3b [256,128,64] lr1e-4 patient",3009.52,3056.8606
2025-03-30 00:00:00,val,"MLP v3b [256,128,64] lr1e-4 patient",2607.09,2724.3564
2025-03-30 01:00:00,val,"MLP v3b [256,128,64] lr1e-4 patient",2507.32,2533.485
2025-03-30 02:00:00,val,"MLP v3b [256,128,64] lr1e-4 patient",2398.68,2432.5618
2025-03-30 03:00:00,val,"MLP v3b [256,128,64] lr1e-4 patient",2319.3,2355.7078
2025-03-30 04:00:00,val,"MLP v3b [256,128,64] lr1e-4 patient",2381.71,2422.7146
2025-03-30 05:00:00,val,"MLP v3b [256,128,64] lr1e-4 patient",2581.83,2603.5442
2025-03-30 06:00:00,val,"MLP v3b [256,128,64] lr1e-4 patient",3072.3,2887.0564
2025-03-30 07:00:00,val,"MLP v3b [256,128,64] lr1e-4 patient",3352.07,3164.2148
2025-03-30 08:00:00,val,"MLP v3b [256,128,64] lr1e-4 patient",3409.29,3297.6191
2025-03-30 09:00:00,val,"MLP v3b [256,128,64] lr1e-4 patient",3511.35,3575.8567
2025-03-30 10:00:00,val,"MLP v3b [256,128,64] lr1e-4 patient",3522.54,3580.3982
2025-03-30 11:00:00,val,"MLP v3b [256,128,64] lr1e-4 patient",3531.36,3506.743
2025-03-30 12:00:00,val,"MLP v3b [256,128,64] lr1e-4 patient",3403.64,3469.2478
2025-03-30 13:00:00,val,"MLP v3b [256,128,64] lr1e-4 patient",3216.71,3232.9727
2025-03-30 14:00:00,val,"MLP v3b [256,128,64] lr1e-4 patient",3160.2,3156.2834
2025-03-30 15:00:00,val,"MLP v3b [256,128,64] lr1e-4 patient",3157.28,3109.3591
2025-03-30 16:00:00,val,"MLP v3b [256,128,64] lr1e-4 patient",3183.07,3103.3594
2025-03-30 17:00:00,val,"MLP v3b [256,128,64] lr1e-4 patient",3280.88,3228.5342
2025-03-30 18:00:00,val,"MLP v3b [256,128,64] lr1e-4 patient",3445.27,3323.0857
2025-03-30 19:00:00,val,"MLP v3b [256,128,64] lr1e-4 patient",3469.88,3383.2625
2025-03-30 20:00:00,val,"MLP v3b [256,128,64] lr1e-4 patient",3306.14,3331.72
2025-03-30 21:00:00,val,"MLP v3b [256,128,64] lr1e-4 patient",3128.89,3148.2947
2025-03-30 22:00:00,val,"MLP v3b [256,128,64] lr1e-4 patient",3076.3,3042.2761
2025-03-31 00:00:00,val,"MLP v3b [256,128,64] lr1e-4 patient",2667.96,2673.8406
2025-03-31 01:00:00,val,"MLP v3b [256,128,64] lr1e-4 patient",2504.88,2518.1997
2025-03-31 02:00:00,val,"MLP v3b [256,128,64] lr1e-4 patient",2414.21,2396.4355
2025-03-31 03:00:00,val,"MLP v3b [256,128,64] lr1e-4 patient",2346.2,2319.2478
2025-03-31 04:00:00,val,"MLP v3b [256,128,64] lr1e-4 patient",2437.02,2414.3577
2025-03-31 05:00:00,val,"MLP v3b [256,128,64] lr1e-4 patient",2743.56,2689.7278
2025-03-31 06:00:00,val,"MLP v3b [256,128,64] lr1e-4 patient",3282.38,3101.0369
2025-03-31 07:00:00,val,"MLP v3b [256,128,64] lr1e-4 patient",3446.88,3361.0828
2025-03-31 08:00:00,val,"MLP v3b [256,128,64] lr1e-4 patient",3389.61,3445.5305
2025-03-31 09:00:00,val,"MLP v3b [256,128,64] lr1e-4 patient",3585.85,3665.0803
2025-03-31 10:00:00,val,"MLP v3b [256,128,64] lr1e-4 patient",3648.86,3676.8435
2025-03-31 11:00:00,val,"MLP v3b [256,128,64] lr1e-4 patient",3638.65,3641.1619
2025-03-31 12:00:00,val,"MLP v3b [256,128,64] lr1e-4 patient",3589.27,3544.82
2025-03-31 13:00:00,val,"MLP v3b [256,128,64] lr1e-4 patient",3351.36,3354.6562
2025-03-31 14:00:00,val,"MLP v3b [256,128,64] lr1e-4 patient",3391.48,3297.5403
2025-03-31 15:00:00,val,"MLP v3b [256,128,64] lr1e-4 patient",3394.02,3317.9587
2025-03-31 16:00:00,val,"MLP v3b [256,128,64] lr1e-4 patient",3414.64,3333.039
2025-03-31 17:00:00,val,"MLP v3b [256,128,64] lr1e-4 patient",3543.99,3425.8645
2025-03-31 18:00:00,val,"MLP v3b [256,128,64] lr1e-4 patient",3658.52,3514.466
2025-03-31 19:00:00,val,"MLP v3b [256,128,64] lr1e-4 patient",3654.43,3582.1921
2025-03-31 20:00:00,val,"MLP v3b [256,128,64] lr1e-4 patient",3470.11,3431.1067
2025-03-31 21:00:00,val,"MLP v3b [256,128,64] lr1e-4 patient",3238.66,3207.2068
2025-03-31 22:00:00,val,"MLP v3b [256,128,64] lr1e-4 patient",3148.62,3122.4182
2025-03-31 23:00:00,val,"MLP v3b [256,128,64] lr1e-4 patient",2969.15,2947.446
2025-04-01 00:00:00,val,"MLP v3b [256,128,64] lr1e-4 patient",2783.98,2663.1755
2025-04-01 01:00:00,val,"MLP v3b [256,128,64] lr1e-4 patient",2625.0,2541.742
2025-04-01 02:00:00,val,"MLP v3b [256,128,64] lr1e-4 patient",2492.66,2500.0676
2025-04-01 03:00:00,val,"MLP v3b [256,128,64] lr1e-4 patient",2444.5,2454.2131
2025-04-01 04:00:00,val,"MLP v3b [256,128,64] lr1e-4 patient",2516.92,2540.7449
2025-04-01 05:00:00,val,"MLP v3b [256,128,64] lr1e-4 patient",2869.77,2857.083
2025-04-01 06:00:00,val,"MLP v3b [256,128,64] lr1e-4 patient",3364.53,3330.2188
2025-04-01 07:00:00,val,"MLP v3b [256,128,64] lr1e-4 patient",3470.42,3501.2913
2025-04-01 08:00:00,val,"MLP v3b [256,128,64] lr1e-4 patient",3488.38,3503.9717
2025-04-01 09:00:00,val,"MLP v3b [256,128,64] lr1e-4 patient",3764.88,3796.42
2025-04-01 10:00:00,val,"MLP v3b [256,128,64] lr1e-4 patient",3825.88,3855.7595
2025-04-01 11:00:00,val,"MLP v3b [256,128,64] lr1e-4 patient",3817.26,3855.3975
2025-04-01 12:00:00,val,"MLP v3b [256,128,64] lr1e-4 patient",3754.49,3764.4294
2025-04-01 13:00:00,val,"MLP v3b [256,128,64] lr1e-4 patient",3559.09,3549.9622
2025-04-01 14:00:00,val,"MLP v3b [256,128,64] lr1e-4 patient",3637.57,3566.715
2025-04-01 15:00:00,val,"MLP v3b [256,128,64] lr1e-4 patient",3679.39,3615.5088
2025-04-01 16:00:00,val,"MLP v3b [256,128,64] lr1e-4 patient",3735.44,3668.8176
2025-04-01 17:00:00,val,"MLP v3b [256,128,64] lr1e-4 patient",3774.5,3733.4153
2025-04-01 18:00:00,val,"MLP v3b [256,128,64] lr1e-4 patient",3859.35,3774.5295
2025-04-01 19:00:00,val,"MLP v3b [256,128,64] lr1e-4 patient",3838.57,3814.8547
2025-04-01 20:00:00,val,"MLP v3b [256,128,64] lr1e-4 patient",3599.07,3645.1465
2025-04-01 21:00:00,val,"MLP v3b [256,128,64] lr1e-4 patient",3359.48,3348.8904
2025-04-01 22:00:00,val,"MLP v3b [256,128,64] lr1e-4 patient",3283.46,3231.3193
2025-04-02 00:00:00,val,"MLP v3b [256,128,64] lr1e-4 patient",2912.69,2910.1648
2025-04-02 01:00:00,val,"MLP v3b [256,128,64] lr1e-4 patient",2732.88,2750.1748
2025-04-02 02:00:00,val,"MLP v3b [256,128,64] lr1e-4 patient",2608.4,2635.1338
2025-04-02 03:00:00,val,"MLP v3b [256,128,64] lr1e-4 patient",2530.36,2549.6143
2025-04-02 04:00:00,val,"MLP v3b [256,128,64] lr1e-4 patient",2608.05,2606.6807
2025-04-02 05:00:00,val,"MLP v3b [256,128,64] lr1e-4 patient",3010.68,2905.087
2025-04-02 06:00:00,val,"MLP v3b [256,128,64] lr1e-4 patient",3539.71,3388.6072
2025-04-02 07:00:00,val,"MLP v3b [256,128,64] lr1e-4 patient",3555.25,3551.0403
2025-04-02 08:00:00,val,"MLP v3b [256,128,64] lr1e-4 patient",3534.39,3584.1172
2025-04-02 09:00:00,val,"MLP v3b [256,128,64] lr1e-4 patient",3844.54,3963.8342
2025-04-02 10:00:00,val,"MLP v3b [256,128,64] lr1e-4 patient",3943.68,4041.4023
2025-04-02 11:00:00,val,"MLP v3b [256,128,64] lr1e-4 patient",3968.7,4013.074
2025-04-02 12:00:00,val,"MLP v3b [256,128,64] lr1e-4 patient",3973.53,3977.9338
2025-04-02 13:00:00,val,"MLP v3b [256,128,64] lr1e-4 patient",3767.14,3811.7188
2025-04-02 14:00:00,val,"MLP v3b [256,128,64] lr1e-4 patient",3853.96,3847.1067
2025-04-02 15:00:00,val,"MLP v3b [256,128,64] lr1e-4 patient",3929.05,3917.3474
2025-04-02 16:00:00,val,"MLP v3b [256,128,64] lr1e-4 patient",3905.24,3931.5986
2025-04-02 17:00:00,val,"MLP v3b [256,128,64] lr1e-4 patient",3956.65,3928.885
2025-04-02 18:00:00,val,"MLP v3b [256,128,64] lr1e-4 patient",4051.99,3949.384
2025-04-02 19:00:00,val,"MLP v3b [256,128,64] lr1e-4 patient",3970.4,4039.6094
2025-04-02 20:00:00,val,"MLP v3b [256,128,64] lr1e-4 patient",3756.25,3844.1106
2025-04-02 21:00:00,val,"MLP v3b [256,128,64] lr1e-4 patient",3503.76,3510.3955
2025-04-02 22:00:00,val,"MLP v3b [256,128,64] lr1e-4 patient",3382.3,3409.4553
2025-04-02 23:00:00,val,"MLP v3b [256,128,64] lr1e-4 patient",3238.23,3251.8079
2025-04-03 00:00:00,val,"MLP v3b [256,128,64] lr1e-4 patient",3042.22,2950.2976
2025-04-03 01:00:00,val,"MLP v3b [256,128,64] lr1e-4 patient",2859.05,2835.865
2025-04-03 02:00:00,val,"MLP v3b [256,128,64] lr1e-4 patient",2737.53,2742.1077
2025-04-03 03:00:00,val,"MLP v3b [256,128,64] lr1e-4 patient",2636.59,2664.0984
2025-04-03 04:00:00,val,"MLP v3b [256,128,64] lr1e-4 patient",2679.27,2716.5156
2025-04-03 05:00:00,val,"MLP v3b [256,128,64] lr1e-4 patient",3053.07,2959.8145
2025-04-03 06:00:00,val,"MLP v3b [256,128,64] lr1e-4 patient",3517.62,3438.045
2025-04-03 07:00:00,val,"MLP v3b [256,128,64] lr1e-4 patient",3549.49,3573.5505
2025-04-03 08:00:00,val,"MLP v3b [256,128,64] lr1e-4 patient",3549.19,3606.9534
2025-04-03 09:00:00,val,"MLP v3b [256,128,64] lr1e-4 patient",3937.03,3942.3958
2025-04-03 10:00:00,val,"MLP v3b [256,128,64] lr1e-4 patient",4037.22,4105.0405
2025-04-03 11:00:00,val,"MLP v3b [256,128,64] lr1e-4 patient",4079.89,4104.557
2025-04-03 12:00:00,val,"MLP v3b [256,128,64] lr1e-4 patient",4116.16,4092.5393
2025-04-03 13:00:00,val,"MLP v3b [256,128,64] lr1e-4 patient",3914.84,3936.2107
2025-04-03 14:00:00,val,"MLP v3b [256,128,64] lr1e-4 patient",4088.14,4073.3865
2025-04-03 15:00:00,val,"MLP v3b [256,128,64] lr1e-4 patient",4093.21,4133.7617
2025-04-03 16:00:00,val,"MLP v3b [256,128,64] lr1e-4 patient",4079.8,4094.3477
2025-04-03 17:00:00,val,"MLP v3b [256,128,64] lr1e-4 patient",4137.9,4073.8757
2025-04-03 18:00:00,val,"MLP v3b [256,128,64] lr1e-4 patient",4112.66,4084.8037
2025-04-03 19:00:00,val,"MLP v3b [256,128,64] lr1e-4 patient",4083.26,4132.3223
2025-04-03 20:00:00,val,"MLP v3b [256,128,64] lr1e-4 patient",3899.32,3942.597
2025-04-03 21:00:00,val,"MLP v3b [256,128,64] lr1e-4 patient",3628.36,3686.964
2025-04-03 22:00:00,val,"MLP v3b [256,128,64] lr1e-4 patient",3540.75,3582.8777
2025-04-03 23:00:00,val,"MLP v3b [256,128,64] lr1e-4 patient",3420.64,3423.6602
2025-04-04 00:00:00,val,"MLP v3b [256,128,64] lr1e-4 patient",3209.36,3155.8193
2025-04-04 01:00:00,val,"MLP v3b [256,128,64] lr1e-4 patient",3005.42,3005.1084
2025-04-04 02:00:00,val,"MLP v3b [256,128,64] lr1e-4 patient",2885.25,2848.875
2025-04-04 03:00:00,val,"MLP v3b [256,128,64] lr1e-4 patient",2788.02,2758.3936
2025-04-04 04:00:00,val,"MLP v3b [256,128,64] lr1e-4 patient",2813.41,2800.1072
2025-04-04 05:00:00,val,"MLP v3b [256,128,64] lr1e-4 patient",3160.37,3066.5251
2025-04-04 06:00:00,val,"MLP v3b [256,128,64] lr1e-4 patient",3641.33,3526.6094
2025-04-04 07:00:00,val,"MLP v3b [256,128,64] lr1e-4 patient",3665.43,3702.626
2025-04-04 08:00:00,val,"MLP v3b [256,128,64] lr1e-4 patient",3665.41,3744.7305
2025-04-04 09:00:00,val,"MLP v3b [256,128,64] lr1e-4 patient",4059.09,4157.1685
2025-04-04 10:00:00,val,"MLP v3b [256,128,64] lr1e-4 patient",4236.68,4296.4604
2025-04-04 11:00:00,val,"MLP v3b [256,128,64] lr1e-4 patient",4278.56,4305.0957
2025-04-04 12:00:00,val,"MLP v3b [256,128,64] lr1e-4 patient",4202.4,4312.2983
2025-04-04 13:00:00,val,"MLP v3b [256,128,64] lr1e-4 patient",4044.22,4080.9229
2025-04-04 14:00:00,val,"MLP v3b [256,128,64] lr1e-4 patient",4225.35,4187.719
2025-04-04 15:00:00,val,"MLP v3b [256,128,64] lr1e-4 patient",4277.55,4259.1333
2025-04-04 16:00:00,val,"MLP v3b [256,128,64] lr1e-4 patient",4210.86,4246.268
2025-04-04 17:00:00,val,"MLP v3b [256,128,64] lr1e-4 patient",4237.3,4242.0845
2025-04-04 18:00:00,val,"MLP v3b [256,128,64] lr1e-4 patient",4215.85,4179.17
2025-04-04 19:00:00,val,"MLP v3b [256,128,64] lr1e-4 patient",4184.82,4211.1997
2025-04-04 20:00:00,val,"MLP v3b [256,128,64] lr1e-4 patient",4024.75,4059.337
2025-04-04 21:00:00,val,"MLP v3b [256,128,64] lr1e-4 patient",3759.22,3807.1025
2025-04-04 22:00:00,val,"MLP v3b [256,128,64] lr1e-4 patient",3693.73,3736.5137
2025-04-04 23:00:00,val,"MLP v3b [256,128,64] lr1e-4 patient",3574.8,3614.345
2025-04-05 00:00:00,val,"MLP v3b [256,128,64] lr1e-4 patient",3376.46,3265.3005
2025-04-05 01:00:00,val,"MLP v3b [256,128,64] lr1e-4 patient",3167.89,3163.8464
2025-04-05 02:00:00,val,"MLP v3b [256,128,64] lr1e-4 patient",3035.75,3028.1816
2025-04-05 03:00:00,val,"MLP v3b [256,128,64] lr1e-4 patient",2896.05,2917.2712
2025-04-05 04:00:00,val,"MLP v3b [256,128,64] lr1e-4 patient",2944.88,2907.7542
2025-04-05 05:00:00,val,"MLP v3b [256,128,64] lr1e-4 patient",3225.5,3095.906
2025-04-05 06:00:00,val,"MLP v3b [256,128,64] lr1e-4 patient",3591.32,3433.533
2025-04-05 07:00:00,val,"MLP v3b [256,128,64] lr1e-4 patient",3652.63,3567.9785
2025-04-05 08:00:00,val,"MLP v3b [256,128,64] lr1e-4 patient",3542.91,3602.7383
2025-04-05 09:00:00,val,"MLP v3b [256,128,64] lr1e-4 patient",3660.12,3913.175
2025-04-05 10:00:00,val,"MLP v3b [256,128,64] lr1e-4 patient",3806.18,3934.3672
2025-04-05 11:00:00,val,"MLP v3b [256,128,64] lr1e-4 patient",3889.38,3922.7126
2025-04-05 12:00:00,val,"MLP v3b [256,128,64] lr1e-4 patient",3904.41,3934.214
2025-04-05 13:00:00,val,"MLP v3b [256,128,64] lr1e-4 patient",3800.13,3791.971
2025-04-05 14:00:00,val,"MLP v3b [256,128,64] lr1e-4 patient",3864.89,3947.5374
2025-04-05 15:00:00,val,"MLP v3b [256,128,64] lr1e-4 patient",3924.55,3966.7761
2025-04-05 16:00:00,val,"MLP v3b [256,128,64] lr1e-4 patient",3939.14,3954.0686
2025-04-05 17:00:00,val,"MLP v3b [256,128,64] lr1e-4 patient",3991.51,3968.5557
2025-04-05 18:00:00,val,"MLP v3b [256,128,64] lr1e-4 patient",3996.42,3975.4824
2025-04-05 19:00:00,val,"MLP v3b [256,128,64] lr1e-4 patient",4001.92,4028.8855
2025-04-05 20:00:00,val,"MLP v3b [256,128,64] lr1e-4 patient",3887.92,3922.8928
2025-04-05 21:00:00,val,"MLP v3b [256,128,64] lr1e-4 patient",3678.42,3745.488
2025-04-05 22:00:00,val,"MLP v3b [256,128,64] lr1e-4 patient",3598.11,3698.762
2025-04-05 23:00:00,val,"MLP v3b [256,128,64] lr1e-4 patient",3520.56,3586.7092
2025-04-06 00:00:00,val,"MLP v3b [256,128,64] lr1e-4 patient",3361.35,3332.33
2025-04-06 01:00:00,val,"MLP v3b [256,128,64] lr1e-4 patient",3148.57,3232.4885
2025-04-06 02:00:00,val,"MLP v3b [256,128,64] lr1e-4 patient",3007.08,3033.4329
2025-04-06 03:00:00,val,"MLP v3b [256,128,64] lr1e-4 patient",2897.27,2955.0105
2025-04-06 04:00:00,val,"MLP v3b [256,128,64] lr1e-4 patient",2894.51,2919.1953
2025-04-06 05:00:00,val,"MLP v3b [256,128,64] lr1e-4 patient",3071.51,3005.0686
2025-04-06 06:00:00,val,"MLP v3b [256,128,64] lr1e-4 patient",3348.06,3213.5742
2025-04-06 07:00:00,val,"MLP v3b [256,128,64] lr1e-4 patient",3399.13,3399.1318
2025-04-06 08:00:00,val,"MLP v3b [256,128,64] lr1e-4 patient",3355.09,3416.5447
2025-04-06 09:00:00,val,"MLP v3b [256,128,64] lr1e-4 patient",3455.73,3648.8977
2025-04-06 10:00:00,val,"MLP v3b [256,128,64] lr1e-4 patient",3623.72,3649.8523
2025-04-06 11:00:00,val,"MLP v3b [256,128,64] lr1e-4 patient",3727.17,3671.4336
2025-04-06 12:00:00,val,"MLP v3b [256,128,64] lr1e-4 patient",3760.06,3722.1719
2025-04-06 13:00:00,val,"MLP v3b [256,128,64] lr1e-4 patient",3663.92,3636.8796
2025-04-06 14:00:00,val,"MLP v3b [256,128,64] lr1e-4 patient",3705.13,3706.7961
2025-04-06 15:00:00,val,"MLP v3b [256,128,64] lr1e-4 patient",3758.3,3680.7393
2025-04-06 16:00:00,val,"MLP v3b [256,128,64] lr1e-4 patient",3754.94,3701.832
2025-04-06 17:00:00,val,"MLP v3b [256,128,64] lr1e-4 patient",3773.56,3711.973
2025-04-06 18:00:00,val,"MLP v3b [256,128,64] lr1e-4 patient",3867.26,3734.5505
2025-04-06 19:00:00,val,"MLP v3b [256,128,64] lr1e-4 patient",3942.18,3837.12
2025-04-06 20:00:00,val,"MLP v3b [256,128,64] lr1e-4 patient",3864.5,3851.7283
2025-04-06 21:00:00,val,"MLP v3b [256,128,64] lr1e-4 patient",3850.88,3749.4758
2025-04-06 22:00:00,val,"MLP v3b [256,128,64] lr1e-4 patient",3837.26,3797.0583
2025-04-06 23:00:00,val,"MLP v3b [256,128,64] lr1e-4 patient",3783.92,3762.833
2025-04-07 00:00:00,val,"MLP v3b [256,128,64] lr1e-4 patient",3605.08,3536.2234
2025-04-07 01:00:00,val,"MLP v3b [256,128,64] lr1e-4 patient",3357.46,3366.8916
2025-04-07 02:00:00,val,"MLP v3b [256,128,64] lr1e-4 patient",3217.03,3191.7383
2025-04-07 03:00:00,val,"MLP v3b [256,128,64] lr1e-4 patient",3085.24,3050.5388
2025-04-07 04:00:00,val,"MLP v3b [256,128,64] lr1e-4 patient",3002.71,3013.547
2025-04-07 05:00:00,val,"MLP v3b [256,128,64] lr1e-4 patient",3255.22,3203.2034
2025-04-07 06:00:00,val,"MLP v3b [256,128,64] lr1e-4 patient",3617.98,3500.7148
2025-04-07 07:00:00,val,"MLP v3b [256,128,64] lr1e-4 patient",3617.82,3629.0518
2025-04-07 08:00:00,val,"MLP v3b [256,128,64] lr1e-4 patient",3666.22,3687.8828
2025-04-07 09:00:00,val,"MLP v3b [256,128,64] lr1e-4 patient",4154.47,4070.612
2025-04-07 10:00:00,val,"MLP v3b [256,128,64] lr1e-4 patient",4395.94,4334.743
2025-04-07 11:00:00,val,"MLP v3b [256,128,64] lr1e-4 patient",4446.74,4438.7915
2025-04-07 12:00:00,val,"MLP v3b [256,128,64] lr1e-4 patient",4499.23,4436.0747
2025-04-07 13:00:00,val,"MLP v3b [256,128,64] lr1e-4 patient",4388.5,4343.2715
2025-04-07 14:00:00,val,"MLP v3b [256,128,64] lr1e-4 patient",4617.32,4562.634
2025-04-07 15:00:00,val,"MLP v3b [256,128,64] lr1e-4 patient",4706.22,4683.843
2025-04-07 16:00:00,val,"MLP v3b [256,128,64] lr1e-4 patient",4693.09,4714.0796
2025-04-07 17:00:00,val,"MLP v3b [256,128,64] lr1e-4 patient",4659.85,4652.7974
2025-04-07 18:00:00,val,"MLP v3b [256,128,64] lr1e-4 patient",4522.21,4412.2437
2025-04-07 19:00:00,val,"MLP v3b [256,128,64] lr1e-4 patient",4500.45,4416.03
2025-04-07 20:00:00,val,"MLP v3b [256,128,64] lr1e-4 patient",4384.65,4376.399
2025-04-07 21:00:00,val,"MLP v3b [256,128,64] lr1e-4 patient",4263.44,4283.221
2025-04-07 22:00:00,val,"MLP v3b [256,128,64] lr1e-4 patient",4267.99,4315.9497
2025-04-07 23:00:00,val,"MLP v3b [256,128,64] lr1e-4 patient",4263.3,4240.412
2025-04-08 00:00:00,val,"MLP v3b [256,128,64] lr1e-4 patient",4074.75,3958.6895
2025-04-08 01:00:00,val,"MLP v3b [256,128,64] lr1e-4 patient",3778.44,3751.9512
2025-04-08 02:00:00,val,"MLP v3b [256,128,64] lr1e-4 patient",3592.08,3503.295
2025-04-08 03:00:00,val,"MLP v3b [256,128,64] lr1e-4 patient",3424.93,3328.909
2025-04-08 04:00:00,val,"MLP v3b [256,128,64] lr1e-4 patient",3329.81,3269.0764
2025-04-08 05:00:00,val,"MLP v3b [256,128,64] lr1e-4 patient",3487.09,3416.097
2025-04-08 06:00:00,val,"MLP v3b [256,128,64] lr1e-4 patient",3789.06,3736.3096
2025-04-08 07:00:00,val,"MLP v3b [256,128,64] lr1e-4 patient",3792.22,3767.5525
2025-04-08 08:00:00,val,"MLP v3b [256,128,64] lr1e-4 patient",3814.09,3792.7385
2025-04-08 09:00:00,val,"MLP v3b [256,128,64] lr1e-4 patient",4288.99,4259.4365
2025-04-08 10:00:00,val,"MLP v3b [256,128,64] lr1e-4 patient",4536.06,4509.798
2025-04-08 11:00:00,val,"MLP v3b [256,128,64] lr1e-4 patient",4658.16,4596.905
2025-04-08 12:00:00,val,"MLP v3b [256,128,64] lr1e-4 patient",4751.05,4655.0757
2025-04-08 13:00:00,val,"MLP v3b [256,128,64] lr1e-4 patient",4655.6,4610.27
2025-04-08 14:00:00,val,"MLP v3b [256,128,64] lr1e-4 patient",4941.21,4893.5894
2025-04-08 15:00:00,val,"MLP v3b [256,128,64] lr1e-4 patient",5011.96,5021.936
2025-04-08 16:00:00,val,"MLP v3b [256,128,64] lr1e-4 patient",4973.2,4923.5054
2025-04-08 17:00:00,val,"MLP v3b [256,128,64] lr1e-4 patient",4911.94,4851.422
2025-04-08 18:00:00,val,"MLP v3b [256,128,64] lr1e-4 patient",4833.59,4626.7827
2025-04-08 19:00:00,val,"MLP v3b [256,128,64] lr1e-4 patient",4844.64,4622.1587
2025-04-08 20:00:00,val,"MLP v3b [256,128,64] lr1e-4 patient",4654.58,4709.578
2025-04-08 21:00:00,val,"MLP v3b [256,128,64] lr1e-4 patient",4684.11,4703.9077
2025-04-08 22:00:00,val,"MLP v3b [256,128,64] lr1e-4 patient",4755.14,4871.079
2025-04-08 23:00:00,val,"MLP v3b [256,128,64] lr1e-4 patient",4755.29,4781.9224
2025-04-09 00:00:00,val,"MLP v3b [256,128,64] lr1e-4 patient",4495.3,4627.2964
2025-04-09 01:00:00,val,"MLP v3b [256,128,64] lr1e-4 patient",4207.9,4162.958
2025-04-09 02:00:00,val,"MLP v3b [256,128,64] lr1e-4 patient",3997.0,3890.0645
2025-04-09 03:00:00,val,"MLP v3b [256,128,64] lr1e-4 patient",3793.65,3721.4402
2025-04-09 04:00:00,val,"MLP v3b [256,128,64] lr1e-4 patient",3632.47,3580.3103
2025-04-09 05:00:00,val,"MLP v3b [256,128,64] lr1e-4 patient",3694.88,3617.3127
2025-04-09 06:00:00,val,"MLP v3b [256,128,64] lr1e-4 patient",3981.03,3803.2595
2025-04-09 07:00:00,val,"MLP v3b [256,128,64] lr1e-4 patient",3953.7,3885.7776
2025-04-09 08:00:00,val,"MLP v3b [256,128,64] lr1e-4 patient",4055.25,4023.4812
2025-04-09 09:00:00,val,"MLP v3b [256,128,64] lr1e-4 patient",4592.92,4546.8306
2025-04-09 10:00:00,val,"MLP v3b [256,128,64] lr1e-4 patient",4886.65,4879.8154
2025-04-09 11:00:00,val,"MLP v3b [256,128,64] lr1e-4 patient",5037.61,5004.463
2025-04-09 12:00:00,val,"MLP v3b [256,128,64] lr1e-4 patient",5059.06,5066.627
2025-04-09 13:00:00,val,"MLP v3b [256,128,64] lr1e-4 patient",5068.25,5013.939
2025-04-09 14:00:00,val,"MLP v3b [256,128,64] lr1e-4 patient",5356.05,5360.6953
2025-04-09 15:00:00,val,"MLP v3b [256,128,64] lr1e-4 patient",5442.08,5465.9194
2025-04-09 16:00:00,val,"MLP v3b [256,128,64] lr1e-4 patient",5396.24,5330.7656
2025-04-09 17:00:00,val,"MLP v3b [256,128,64] lr1e-4 patient",5280.08,5173.141
2025-04-09 18:00:00,val,"MLP v3b [256,128,64] lr1e-4 patient",5120.3,4994.5737
2025-04-09 19:00:00,val,"MLP v3b [256,128,64] lr1e-4 patient",5111.57,4914.95
2025-04-09 20:00:00,val,"MLP v3b [256,128,64] lr1e-4 patient",5041.57,5024.763
2025-04-09 21:00:00,val,"MLP v3b [256,128,64] lr1e-4 patient",4992.25,5165.9136
2025-04-09 22:00:00,val,"MLP v3b [256,128,64] lr1e-4 patient",5106.05,5266.439
2025-04-09 23:00:00,val,"MLP v3b [256,128,64] lr1e-4 patient",5146.48,5151.9087
2025-04-10 00:00:00,val,"MLP v3b [256,128,64] lr1e-4 patient",4918.52,5067.305
2025-04-10 01:00:00,val,"MLP v3b [256,128,64] lr1e-4 patient",4626.53,4652.5703
2025-04-10 02:00:00,val,"MLP v3b [256,128,64] lr1e-4 patient",4342.24,4298.2827
2025-04-10 03:00:00,val,"MLP v3b [256,128,64] lr1e-4 patient",4122.18,4032.4832
2025-04-10 04:00:00,val,"MLP v3b [256,128,64] lr1e-4 patient",3935.18,3906.5823
2025-04-10 05:00:00,val,"MLP v3b [256,128,64] lr1e-4 patient",3847.37,3799.8958
2025-04-10 06:00:00,val,"MLP v3b [256,128,64] lr1e-4 patient",3885.2,3864.7966
2025-04-10 07:00:00,val,"MLP v3b [256,128,64] lr1e-4 patient",3875.62,3820.72
2025-04-10 08:00:00,val,"MLP v3b [256,128,64] lr1e-4 patient",3876.28,3917.3105
2025-04-10 09:00:00,val,"MLP v3b [256,128,64] lr1e-4 patient",4391.4,4354.7134
2025-04-10 10:00:00,val,"MLP v3b [256,128,64] lr1e-4 patient",4718.8,4658.887
2025-04-10 11:00:00,val,"MLP v3b [256,128,64] lr1e-4 patient",4912.71,4917.3345
2025-04-10 12:00:00,val,"MLP v3b [256,128,64] lr1e-4 patient",4993.49,5017.326
2025-04-10 13:00:00,val,"MLP v3b [256,128,64] lr1e-4 patient",4954.27,5026.426
2025-04-10 14:00:00,val,"MLP v3b [256,128,64] lr1e-4 patient",5158.18,5236.962
2025-04-10 15:00:00,val,"MLP v3b [256,128,64] lr1e-4 patient",5248.54,5256.3296
2025-04-10 16:00:00,val,"MLP v3b [256,128,64] lr1e-4 patient",5235.45,5208.1196
2025-04-10 17:00:00,val,"MLP v3b [256,128,64] lr1e-4 patient",5045.03,5067.6465
2025-04-10 18:00:00,val,"MLP v3b [256,128,64] lr1e-4 patient",4725.64,4796.641
2025-04-10 19:00:00,val,"MLP v3b [256,128,64] lr1e-4 patient",4659.46,4677.3184
2025-04-10 20:00:00,val,"MLP v3b [256,128,64] lr1e-4 patient",4595.12,4630.9585
2025-04-10 21:00:00,val,"MLP v3b [256,128,64] lr1e-4 patient",4574.16,4680.3843
2025-04-10 22:00:00,val,"MLP v3b [256,128,64] lr1e-4 patient",4698.22,4824.893
2025-04-10 23:00:00,val,"MLP v3b [256,128,64] lr1e-4 patient",4739.11,4820.126
2025-04-11 00:00:00,val,"MLP v3b [256,128,64] lr1e-4 patient",4632.26,4707.0684
2025-04-11 01:00:00,val,"MLP v3b [256,128,64] lr1e-4 patient",4290.24,4408.9395
2025-04-11 02:00:00,val,"MLP v3b [256,128,64] lr1e-4 patient",4070.59,4096.8066
2025-04-11 03:00:00,val,"MLP v3b [256,128,64] lr1e-4 patient",3853.48,3880.1501
2025-04-11 04:00:00,val,"MLP v3b [256,128,64] lr1e-4 patient",3693.12,3710.9453
2025-04-11 05:00:00,val,"MLP v3b [256,128,64] lr1e-4 patient",3665.16,3682.8665
2025-04-11 06:00:00,val,"MLP v3b [256,128,64] lr1e-4 patient",3873.65,3847.0195
2025-04-11 07:00:00,val,"MLP v3b [256,128,64] lr1e-4 patient",3843.19,3924.2297
2025-04-11 08:00:00,val,"MLP v3b [256,128,64] lr1e-4 patient",3883.69,3985.451
2025-04-11 09:00:00,val,"MLP v3b [256,128,64] lr1e-4 patient",4321.44,4470.1177
2025-04-11 10:00:00,val,"MLP v3b [256,128,64] lr1e-4 patient",4641.92,4660.731
2025-04-11 11:00:00,val,"MLP v3b [256,128,64] lr1e-4 patient",4743.93,4770.3584
2025-04-11 12:00:00,val,"MLP v3b [256,128,64] lr1e-4 patient",4785.28,4826.765
2025-04-11 13:00:00,val,"MLP v3b [256,128,64] lr1e-4 patient",4687.03,4735.9243
2025-04-11 14:00:00,val,"MLP v3b [256,128,64] lr1e-4 patient",4990.13,4974.2983
2025-04-11 15:00:00,val,"MLP v3b [256,128,64] lr1e-4 patient",5063.93,5106.886
2025-04-11 16:00:00,val,"MLP v3b [256,128,64] lr1e-4 patient",5044.56,5011.911
2025-04-11 17:00:00,val,"MLP v3b [256,128,64] lr1e-4 patient",4874.88,4949.6235
2025-04-11 18:00:00,val,"MLP v3b [256,128,64] lr1e-4 patient",4759.03,4699.8594
2025-04-11 19:00:00,val,"MLP v3b [256,128,64] lr1e-4 patient",3875.5,4601.6216
2025-04-11 20:00:00,val,"MLP v3b [256,128,64] lr1e-4 patient",3681.0,4106.3984
2025-04-11 21:00:00,val,"MLP v3b [256,128,64] lr1e-4 patient",3676.36,3652.792
2025-04-11 22:00:00,val,"MLP v3b [256,128,64] lr1e-4 patient",3662.12,3759.6965
2025-04-11 23:00:00,val,"MLP v3b [256,128,64] lr1e-4 patient",3680.05,3704.097
2025-04-12 00:00:00,val,"MLP v3b [256,128,64] lr1e-4 patient",3614.17,3683.5413
2025-04-12 01:00:00,val,"MLP v3b [256,128,64] lr1e-4 patient",3437.57,3476.093
2025-04-12 02:00:00,val,"MLP v3b [256,128,64] lr1e-4 patient",3248.8,3351.4812
2025-04-12 03:00:00,val,"MLP v3b [256,128,64] lr1e-4 patient",3124.39,3195.716
2025-04-12 04:00:00,val,"MLP v3b [256,128,64] lr1e-4 patient",3046.13,3160.6895
2025-04-12 05:00:00,val,"MLP v3b [256,128,64] lr1e-4 patient",3104.28,3226.2542
2025-04-12 06:00:00,val,"MLP v3b [256,128,64] lr1e-4 patient",3287.02,3425.6912
2025-04-12 07:00:00,val,"MLP v3b [256,128,64] lr1e-4 patient",3350.75,3480.9543
2025-04-12 08:00:00,val,"MLP v3b [256,128,64] lr1e-4 patient",3333.25,3456.9548
2025-04-12 09:00:00,val,"MLP v3b [256,128,64] lr1e-4 patient",3663.38,3634.5276
2025-04-12 10:00:00,val,"MLP v3b [256,128,64] lr1e-4 patient",3920.83,3784.0664
2025-04-12 11:00:00,val,"MLP v3b [256,128,64] lr1e-4 patient",4005.85,3892.432
2025-04-12 12:00:00,val,"MLP v3b [256,128,64] lr1e-4 patient",4039.48,3974.1926
2025-04-12 13:00:00,val,"MLP v3b [256,128,64] lr1e-4 patient",3946.85,3860.3037
2025-04-12 14:00:00,val,"MLP v3b [256,128,64] lr1e-4 patient",4123.82,3996.4006
2025-04-12 15:00:00,val,"MLP v3b [256,128,64] lr1e-4 patient",4169.5,4119.842
2025-04-12 16:00:00,val,"MLP v3b [256,128,64] lr1e-4 patient",4196.69,4149.3364
2025-04-12 17:00:00,val,"MLP v3b [256,128,64] lr1e-4 patient",4218.79,4155.2056
2025-04-12 18:00:00,val,"MLP v3b [256,128,64] lr1e-4 patient",4227.06,4128.908
2025-04-12 19:00:00,val,"MLP v3b [256,128,64] lr1e-4 patient",4255.15,4187.1724
2025-04-12 20:00:00,val,"MLP v3b [256,128,64] lr1e-4 patient",4102.51,4084.8215
2025-04-12 21:00:00,val,"MLP v3b [256,128,64] lr1e-4 patient",3920.39,3946.3152
2025-04-12 22:00:00,val,"MLP v3b [256,128,64] lr1e-4 patient",3848.44,3917.718
2025-04-12 23:00:00,val,"MLP v3b [256,128,64] lr1e-4 patient",3784.3,3789.0637
2025-04-13 00:00:00,val,"MLP v3b [256,128,64] lr1e-4 patient",3723.25,3548.0378
2025-04-13 01:00:00,val,"MLP v3b [256,128,64] lr1e-4 patient",3557.35,3471.1072
2025-04-13 02:00:00,val,"MLP v3b [256,128,64] lr1e-4 patient",3396.36,3325.3044
2025-04-13 03:00:00,val,"MLP v3b [256,128,64] lr1e-4 patient",3246.33,3210.2878
2025-04-13 04:00:00,val,"MLP v3b [256,128,64] lr1e-4 patient",3138.17,3097.666
2025-04-13 05:00:00,val,"MLP v3b [256,128,64] lr1e-4 patient",3112.21,3116.6897
2025-04-13 06:00:00,val,"MLP v3b [256,128,64] lr1e-4 patient",3232.75,3178.5183
2025-04-13 07:00:00,val,"MLP v3b [256,128,64] lr1e-4 patient",3256.76,3260.9492
2025-04-13 08:00:00,val,"MLP v3b [256,128,64] lr1e-4 patient",3251.81,3244.2742
2025-04-13 09:00:00,val,"MLP v3b [256,128,64] lr1e-4 patient",3547.12,3460.257
2025-04-13 10:00:00,val,"MLP v3b [256,128,64] lr1e-4 patient",3804.99,3643.87
2025-04-13 11:00:00,val,"MLP v3b [256,128,64] lr1e-4 patient",3919.4,3757.3174
2025-04-13 12:00:00,val,"MLP v3b [256,128,64] lr1e-4 patient",3967.55,3871.0918
2025-04-13 13:00:00,val,"MLP v3b [256,128,64] lr1e-4 patient",3905.12,3783.3855
2025-04-13 14:00:00,val,"MLP v3b [256,128,64] lr1e-4 patient",3995.42,3936.7385
2025-04-13 15:00:00,val,"MLP v3b [256,128,64] lr1e-4 patient",4083.94,3908.8389
2025-04-13 16:00:00,val,"MLP v3b [256,128,64] lr1e-4 patient",4016.37,3971.2725
2025-04-13 17:00:00,val,"MLP v3b [256,128,64] lr1e-4 patient",4005.32,3919.4258
2025-04-13 18:00:00,val,"MLP v3b [256,128,64] lr1e-4 patient",4070.96,3945.0862
2025-04-13 19:00:00,val,"MLP v3b [256,128,64] lr1e-4 patient",4067.38,4016.5105
2025-04-13 20:00:00,val,"MLP v3b [256,128,64] lr1e-4 patient",4027.51,3963.0637
2025-04-13 21:00:00,val,"MLP v3b [256,128,64] lr1e-4 patient",4076.45,3908.6628
2025-04-13 22:00:00,val,"MLP v3b [256,128,64] lr1e-4 patient",4128.44,4048.0723
2025-04-13 23:00:00,val,"MLP v3b [256,128,64] lr1e-4 patient",4158.4,4009.6663
2025-04-14 00:00:00,val,"MLP v3b [256,128,64] lr1e-4 patient",4105.55,3904.2156
2025-04-14 01:00:00,val,"MLP v3b [256,128,64] lr1e-4 patient",3890.83,3751.8196
2025-04-14 02:00:00,val,"MLP v3b [256,128,64] lr1e-4 patient",3689.82,3587.8477
2025-04-14 03:00:00,val,"MLP v3b [256,128,64] lr1e-4 patient",3520.51,3419.6501
2025-04-14 04:00:00,val,"MLP v3b [256,128,64] lr1e-4 patient",3395.66,3335.2815
2025-04-14 05:00:00,val,"MLP v3b [256,128,64] lr1e-4 patient",3317.96,3407.9043
2025-04-14 06:00:00,val,"MLP v3b [256,128,64] lr1e-4 patient",3412.14,3530.4817
2025-04-14 07:00:00,val,"MLP v3b [256,128,64] lr1e-4 patient",3482.5,3460.5554
2025-04-14 08:00:00,val,"MLP v3b [256,128,64] lr1e-4 patient",3552.53,3510.089
2025-04-14 09:00:00,val,"MLP v3b [256,128,64] lr1e-4 patient",4009.19,3984.2083
2025-04-14 10:00:00,val,"MLP v3b [256,128,64] lr1e-4 patient",4293.54,4243.744
2025-04-14 11:00:00,val,"MLP v3b [256,128,64] lr1e-4 patient",4444.44,4371.508
2025-04-14 12:00:00,val,"MLP v3b [256,128,64] lr1e-4 patient",4517.28,4486.395
2025-04-14 13:00:00,val,"MLP v3b [256,128,64] lr1e-4 patient",4408.64,4399.3857
2025-04-14 14:00:00,val,"MLP v3b [256,128,64] lr1e-4 patient",4556.56,4644.4277
2025-04-14 15:00:00,val,"MLP v3b [256,128,64] lr1e-4 patient",4639.84,4682.102
2025-04-14 16:00:00,val,"MLP v3b [256,128,64] lr1e-4 patient",4627.62,4615.099
2025-04-14 17:00:00,val,"MLP v3b [256,128,64] lr1e-4 patient",4579.59,4568.367
2025-04-14 18:00:00,val,"MLP v3b [256,128,64] lr1e-4 patient",4556.17,4416.475
2025-04-14 19:00:00,val,"MLP v3b [256,128,64] lr1e-4 patient",4533.31,4448.576
2025-04-14 20:00:00,val,"MLP v3b [256,128,64] lr1e-4 patient",4481.0,4412.262
2025-04-14 21:00:00,val,"MLP v3b [256,128,64] lr1e-4 patient",4443.26,4438.15
2025-04-14 22:00:00,val,"MLP v3b [256,128,64] lr1e-4 patient",4545.65,4595.0903
2025-04-14 23:00:00,val,"MLP v3b [256,128,64] lr1e-4 patient",4581.29,4536.805
2025-04-15 00:00:00,val,"MLP v3b [256,128,64] lr1e-4 patient",4468.68,4406.705
2025-04-15 01:00:00,val,"MLP v3b [256,128,64] lr1e-4 patient",4214.47,4162.4517
2025-04-15 02:00:00,val,"MLP v3b [256,128,64] lr1e-4 patient",3941.73,3913.2683
2025-04-15 03:00:00,val,"MLP v3b [256,128,64] lr1e-4 patient",3763.45,3684.4817
2025-04-15 04:00:00,val,"MLP v3b [256,128,64] lr1e-4 patient",3591.49,3566.2812
2025-04-15 05:00:00,val,"MLP v3b [256,128,64] lr1e-4 patient",3601.75,3577.6145
2025-04-15 06:00:00,val,"MLP v3b [256,128,64] lr1e-4 patient",3816.86,3688.2805
2025-04-15 07:00:00,val,"MLP v3b [256,128,64] lr1e-4 patient",3795.95,3727.6711
2025-04-15 08:00:00,val,"MLP v3b [256,128,64] lr1e-4 patient",3872.35,3799.6643
2025-04-15 09:00:00,val,"MLP v3b [256,128,64] lr1e-4 patient",4408.46,4384.696
2025-04-15 10:00:00,val,"MLP v3b [256,128,64] lr1e-4 patient",4664.24,4649.5005
2025-04-15 11:00:00,val,"MLP v3b [256,128,64] lr1e-4 patient",4715.26,4740.6284
2025-04-15 12:00:00,val,"MLP v3b [256,128,64] lr1e-4 patient",4794.7,4744.402
2025-04-15 13:00:00,val,"MLP v3b [256,128,64] lr1e-4 patient",4716.94,4702.2617
2025-04-15 14:00:00,val,"MLP v3b [256,128,64] lr1e-4 patient",5054.19,4984.6104
2025-04-15 15:00:00,val,"MLP v3b [256,128,64] lr1e-4 patient",5115.1,5125.012
2025-04-15 16:00:00,val,"MLP v3b [256,128,64] lr1e-4 patient",5062.57,5061.6265
2025-04-15 17:00:00,val,"MLP v3b [256,128,64] lr1e-4 patient",4996.72,4948.918
2025-04-15 18:00:00,val,"MLP v3b [256,128,64] lr1e-4 patient",4794.17,4734.6426
2025-04-15 19:00:00,val,"MLP v3b [256,128,64] lr1e-4 patient",4789.18,4639.127
2025-04-15 20:00:00,val,"MLP v3b [256,128,64] lr1e-4 patient",4681.32,4659.658
2025-04-15 21:00:00,val,"MLP v3b [256,128,64] lr1e-4 patient",4689.14,4748.2954
2025-04-15 22:00:00,val,"MLP v3b [256,128,64] lr1e-4 patient",4838.29,4926.179
2025-04-15 23:00:00,val,"MLP v3b [256,128,64] lr1e-4 patient",4870.02,4881.9834
2025-04-16 00:00:00,val,"MLP v3b [256,128,64] lr1e-4 patient",4721.14,4786.386
2025-04-16 01:00:00,val,"MLP v3b [256,128,64] lr1e-4 patient",4433.69,4395.1733
2025-04-16 02:00:00,val,"MLP v3b [256,128,64] lr1e-4 patient",4153.57,4157.2275
2025-04-16 03:00:00,val,"MLP v3b [256,128,64] lr1e-4 patient",3926.07,3900.7239
2025-04-16 04:00:00,val,"MLP v3b [256,128,64] lr1e-4 patient",3760.97,3722.5422
2025-04-16 05:00:00,val,"MLP v3b [256,128,64] lr1e-4 patient",3708.26,3702.095
2025-04-16 06:00:00,val,"MLP v3b [256,128,64] lr1e-4 patient",3891.33,3808.705
2025-04-16 07:00:00,val,"MLP v3b [256,128,64] lr1e-4 patient",3870.83,3869.1309
2025-04-16 08:00:00,val,"MLP v3b [256,128,64] lr1e-4 patient",3982.88,3950.916
2025-04-16 09:00:00,val,"MLP v3b [256,128,64] lr1e-4 patient",4506.37,4506.5034
2025-04-16 10:00:00,val,"MLP v3b [256,128,64] lr1e-4 patient",4823.95,4814.6206
2025-04-16 11:00:00,val,"MLP v3b [256,128,64] lr1e-4 patient",4942.66,4941.404
2025-04-16 12:00:00,val,"MLP v3b [256,128,64] lr1e-4 patient",5034.28,4973.012
2025-04-16 13:00:00,val,"MLP v3b [256,128,64] lr1e-4 patient",4961.09,4998.026
2025-04-16 14:00:00,val,"MLP v3b [256,128,64] lr1e-4 patient",5319.53,5271.656
2025-04-16 15:00:00,val,"MLP v3b [256,128,64] lr1e-4 patient",5416.09,5409.9194
2025-04-16 16:00:00,val,"MLP v3b [256,128,64] lr1e-4 patient",5356.92,5339.1226
2025-04-16 17:00:00,val,"MLP v3b [256,128,64] lr1e-4 patient",5228.96,5167.4175
2025-04-16 18:00:00,val,"MLP v3b [256,128,64] lr1e-4 patient",5045.69,4974.403
2025-04-16 19:00:00,val,"MLP v3b [256,128,64] lr1e-4 patient",5019.5,4891.3345
2025-04-16 20:00:00,val,"MLP v3b [256,128,64] lr1e-4 patient",4907.16,4907.773
2025-04-16 21:00:00,val,"MLP v3b [256,128,64] lr1e-4 patient",4943.95,5033.4937
2025-04-16 22:00:00,val,"MLP v3b [256,128,64] lr1e-4 patient",5102.1,5209.799
2025-04-16 23:00:00,val,"MLP v3b [256,128,64] lr1e-4 patient",5140.65,5156.2905
2025-04-17 00:00:00,val,"MLP v3b [256,128,64] lr1e-4 patient",5059.81,5080.037
2025-04-17 01:00:00,val,"MLP v3b [256,128,64] lr1e-4 patient",4743.24,4786.1494
2025-04-17 02:00:00,val,"MLP v3b [256,128,64] lr1e-4 patient",4418.86,4442.8833
2025-04-17 03:00:00,val,"MLP v3b [256,128,64] lr1e-4 patient",4195.46,4148.7876
2025-04-17 04:00:00,val,"MLP v3b [256,128,64] lr1e-4 patient",3975.66,3978.702
2025-04-17 05:00:00,val,"MLP v3b [256,128,64] lr1e-4 patient",3871.33,3860.585
2025-04-17 06:00:00,val,"MLP v3b [256,128,64] lr1e-4 patient",3984.58,3901.1648
2025-04-17 07:00:00,val,"MLP v3b [256,128,64] lr1e-4 patient",3976.48,3938.7004
2025-04-17 08:00:00,val,"MLP v3b [256,128,64] lr1e-4 patient",3970.19,4073.5625
2025-04-17 09:00:00,val,"MLP v3b [256,128,64] lr1e-4 patient",4550.01,4521.72
2025-04-17 10:00:00,val,"MLP v3b [256,128,64] lr1e-4 patient",4890.59,4868.104
2025-04-17 11:00:00,val,"MLP v3b [256,128,64] lr1e-4 patient",5022.41,5027.8403
2025-04-17 12:00:00,val,"MLP v3b [256,128,64] lr1e-4 patient",5110.81,5126.7466
2025-04-17 13:00:00,val,"MLP v3b [256,128,64] lr1e-4 patient",5133.88,5130.3325
2025-04-17 14:00:00,val,"MLP v3b [256,128,64] lr1e-4 patient",5542.92,5494.1133
2025-04-17 15:00:00,val,"MLP v3b [256,128,64] lr1e-4 patient",5678.9,5657.104
2025-04-17 16:00:00,val,"MLP v3b [256,128,64] lr1e-4 patient",5585.76,5623.557
2025-04-17 17:00:00,val,"MLP v3b [256,128,64] lr1e-4 patient",5453.54,5435.2896
2025-04-17 18:00:00,val,"MLP v3b [256,128,64] lr1e-4 patient",5231.79,5165.378
2025-04-17 19:00:00,val,"MLP v3b [256,128,64] lr1e-4 patient",5162.91,5031.6694
2025-04-17 20:00:00,val,"MLP v3b [256,128,64] lr1e-4 patient",5065.12,5121.498
2025-04-17 21:00:00,val,"MLP v3b [256,128,64] lr1e-4 patient",5188.17,5271.31
2025-04-17 22:00:00,val,"MLP v3b [256,128,64] lr1e-4 patient",5424.64,5500.434
2025-04-17 23:00:00,val,"MLP v3b [256,128,64] lr1e-4 patient",5421.44,5506.6333
2025-04-18 00:00:00,val,"MLP v3b [256,128,64] lr1e-4 patient",5298.16,5418.154
2025-04-18 01:00:00,val,"MLP v3b [256,128,64] lr1e-4 patient",4975.61,5044.762
2025-04-18 02:00:00,val,"MLP v3b [256,128,64] lr1e-4 patient",4654.28,4681.385
2025-04-18 03:00:00,val,"MLP v3b [256,128,64] lr1e-4 patient",4337.94,4341.2974
2025-04-18 04:00:00,val,"MLP v3b [256,128,64] lr1e-4 patient",4140.46,4124.581
2025-04-18 05:00:00,val,"MLP v3b [256,128,64] lr1e-4 patient",3990.71,4022.129
2025-04-18 06:00:00,val,"MLP v3b [256,128,64] lr1e-4 patient",3965.77,4037.2021
2025-04-18 07:00:00,val,"MLP v3b [256,128,64] lr1e-4 patient",3913.84,4055.802
2025-04-18 08:00:00,val,"MLP v3b [256,128,64] lr1e-4 patient",3914.03,4053.3743
2025-04-18 09:00:00,val,"MLP v3b [256,128,64] lr1e-4 patient",4447.2,4469.94
2025-04-18 10:00:00,val,"MLP v3b [256,128,64] lr1e-4 patient",4832.47,4798.572
2025-04-18 11:00:00,val,"MLP v3b [256,128,64] lr1e-4 patient",5007.76,5026.068
2025-04-18 12:00:00,val,"MLP v3b [256,128,64] lr1e-4 patient",5163.87,5132.2676
2025-04-18 13:00:00,val,"MLP v3b [256,128,64] lr1e-4 patient",5200.68,5156.0913
2025-04-18 14:00:00,val,"MLP v3b [256,128,64] lr1e-4 patient",5479.22,5497.8843
2025-04-18 15:00:00,val,"MLP v3b [256,128,64] lr1e-4 patient",5557.97,5553.0835
2025-04-18 16:00:00,val,"MLP v3b [256,128,64] lr1e-4 patient",5508.7,5520.848
2025-04-18 17:00:00,val,"MLP v3b [256,128,64] lr1e-4 patient",5387.46,5293.083
2025-04-18 18:00:00,val,"MLP v3b [256,128,64] lr1e-4 patient",5192.04,5060.274
2025-04-18 19:00:00,val,"MLP v3b [256,128,64] lr1e-4 patient",5197.87,5021.1245
2025-04-18 20:00:00,val,"MLP v3b [256,128,64] lr1e-4 patient",4938.23,5140.76
2025-04-18 21:00:00,val,"MLP v3b [256,128,64] lr1e-4 patient",4813.61,5146.2256
2025-04-18 22:00:00,val,"MLP v3b [256,128,64] lr1e-4 patient",4858.88,5120.5215
2025-04-18 23:00:00,val,"MLP v3b [256,128,64] lr1e-4 patient",4914.75,5002.0337
2025-04-19 00:00:00,val,"MLP v3b [256,128,64] lr1e-4 patient",4857.37,4918.9536
2025-04-19 01:00:00,val,"MLP v3b [256,128,64] lr1e-4 patient",4634.61,4635.564
2025-04-19 02:00:00,val,"MLP v3b [256,128,64] lr1e-4 patient",4374.15,4384.3433
2025-04-19 03:00:00,val,"MLP v3b [256,128,64] lr1e-4 patient",4158.6,4134.817
2025-04-19 04:00:00,val,"MLP v3b [256,128,64] lr1e-4 patient",3989.05,3966.2969
2025-04-19 05:00:00,val,"MLP v3b [256,128,64] lr1e-4 patient",3908.94,3855.2744
2025-04-19 06:00:00,val,"MLP v3b [256,128,64] lr1e-4 patient",3956.31,3820.5342
2025-04-19 07:00:00,val,"MLP v3b [256,128,64] lr1e-4 patient",3926.49,3842.456
2025-04-19 08:00:00,val,"MLP v3b [256,128,64] lr1e-4 patient",3919.79,3844.7039
2025-04-19 09:00:00,val,"MLP v3b [256,128,64] lr1e-4 patient",4435.96,4367.596
2025-04-19 10:00:00,val,"MLP v3b [256,128,64] lr1e-4 patient",4727.27,4770.7383
2025-04-19 11:00:00,val,"MLP v3b [256,128,64] lr1e-4 patient",4890.86,4887.9067
2025-04-19 12:00:00,val,"MLP v3b [256,128,64] lr1e-4 patient",4999.06,4971.9126
2025-04-19 13:00:00,val,"MLP v3b [256,128,64] lr1e-4 patient",5072.15,4998.03
2025-04-19 14:00:00,val,"MLP v3b [256,128,64] lr1e-4 patient",5342.35,5342.1694
2025-04-19 15:00:00,val,"MLP v3b [256,128,64] lr1e-4 patient",5463.58,5404.2593
2025-04-19 16:00:00,val,"MLP v3b [256,128,64] lr1e-4 patient",5384.0,5372.9663
2025-04-19 17:00:00,val,"MLP v3b [256,128,64] lr1e-4 patient",5185.67,5147.928
2025-04-19 18:00:00,val,"MLP v3b [256,128,64] lr1e-4 patient",4952.88,4922.646
2025-04-19 19:00:00,val,"MLP v3b [256,128,64] lr1e-4 patient",4943.35,4854.8267
2025-04-19 20:00:00,val,"MLP v3b [256,128,64] lr1e-4 patient",4837.59,4892.953
2025-04-19 21:00:00,val,"MLP v3b [256,128,64] lr1e-4 patient",4911.29,5049.138
2025-04-19 22:00:00,val,"MLP v3b [256,128,64] lr1e-4 patient",5116.67,5228.0117
2025-04-19 23:00:00,val,"MLP v3b [256,128,64] lr1e-4 patient",5159.71,5195.881
2025-04-20 00:00:00,val,"MLP v3b [256,128,64] lr1e-4 patient",5079.25,5128.699
2025-04-20 01:00:00,val,"MLP v3b [256,128,64] lr1e-4 patient",4819.12,4856.1387
2025-04-20 02:00:00,val,"MLP v3b [256,128,64] lr1e-4 patient",4493.51,4541.4297
2025-04-20 03:00:00,val,"MLP v3b [256,128,64] lr1e-4 patient",4244.28,4227.2104
2025-04-20 04:00:00,val,"MLP v3b [256,128,64] lr1e-4 patient",4049.73,4031.1882
2025-04-20 05:00:00,val,"MLP v3b [256,128,64] lr1e-4 patient",3930.92,3890.3828
2025-04-20 06:00:00,val,"MLP v3b [256,128,64] lr1e-4 patient",3818.29,3790.3428
2025-04-20 07:00:00,val,"MLP v3b [256,128,64] lr1e-4 patient",3766.59,3729.084
2025-04-20 08:00:00,val,"MLP v3b [256,128,64] lr1e-4 patient",3712.74,3714.0564
2025-04-20 09:00:00,val,"MLP v3b [256,128,64] lr1e-4 patient",4064.84,4021.3752
2025-04-20 10:00:00,val,"MLP v3b [256,128,64] lr1e-4 patient",4363.3,4291.0205
2025-04-20 11:00:00,val,"MLP v3b [256,128,64] lr1e-4 patient",4577.65,4525.604
2025-04-20 12:00:00,val,"MLP v3b [256,128,64] lr1e-4 patient",4772.15,4710.884
2025-04-20 13:00:00,val,"MLP v3b [256,128,64] lr1e-4 patient",4871.57,4836.654
2025-04-20 14:00:00,val,"MLP v3b [256,128,64] lr1e-4 patient",5019.8,5097.9644
2025-04-20 15:00:00,val,"MLP v3b [256,128,64] lr1e-4 patient",5092.98,5068.805
2025-04-20 16:00:00,val,"MLP v3b [256,128,64] lr1e-4 patient",5019.14,4973.694
2025-04-20 17:00:00,val,"MLP v3b [256,128,64] lr1e-4 patient",4850.48,4823.672
2025-04-20 18:00:00,val,"MLP v3b [256,128,64] lr1e-4 patient",4716.46,4651.0796
2025-04-20 19:00:00,val,"MLP v3b [256,128,64] lr1e-4 patient",4892.93,4699.905
2025-04-20 20:00:00,val,"MLP v3b [256,128,64] lr1e-4 patient",4998.91,4953.155
2025-04-20 21:00:00,val,"MLP v3b [256,128,64] lr1e-4 patient",5274.92,5303.1255
2025-04-20 22:00:00,val,"MLP v3b [256,128,64] lr1e-4 patient",5543.58,5574.935
2025-04-20 23:00:00,val,"MLP v3b [256,128,64] lr1e-4 patient",5606.72,5635.1226
2025-04-21 00:00:00,val,"MLP v3b [256,128,64] lr1e-4 patient",5477.48,5538.5103
2025-04-21 01:00:00,val,"MLP v3b [256,128,64] lr1e-4 patient",5194.39,5157.2505
2025-04-21 02:00:00,val,"MLP v3b [256,128,64] lr1e-4 patient",4891.24,4871.341
2025-04-21 03:00:00,val,"MLP v3b [256,128,64] lr1e-4 patient",4584.06,4558.313
2025-04-21 04:00:00,val,"MLP v3b [256,128,64] lr1e-4 patient",4368.41,4281.84
2025-04-21 05:00:00,val,"MLP v3b [256,128,64] lr1e-4 patient",4208.6,4131.8164
2025-04-21 06:00:00,val,"MLP v3b [256,128,64] lr1e-4 patient",4199.91,4098.483
2025-04-21 07:00:00,val,"MLP v3b [256,128,64] lr1e-4 patient",4159.28,4167.198
2025-04-21 08:00:00,val,"MLP v3b [256,128,64] lr1e-4 patient",4194.88,4256.794
2025-04-21 09:00:00,val,"MLP v3b [256,128,64] lr1e-4 patient",4763.28,4725.929
2025-04-21 10:00:00,val,"MLP v3b [256,128,64] lr1e-4 patient",5042.79,5114.024
2025-04-21 11:00:00,val,"MLP v3b [256,128,64] lr1e-4 patient",5171.15,5241.685
2025-04-21 12:00:00,val,"MLP v3b [256,128,64] lr1e-4 patient",5180.73,5308.433
2025-04-21 13:00:00,val,"MLP v3b [256,128,64] lr1e-4 patient",5233.62,5271.565
2025-04-21 14:00:00,val,"MLP v3b [256,128,64] lr1e-4 patient",5626.16,5606.6313
2025-04-21 15:00:00,val,"MLP v3b [256,128,64] lr1e-4 patient",5723.87,5773.66
2025-04-21 16:00:00,val,"MLP v3b [256,128,64] lr1e-4 patient",5686.46,5719.473
2025-04-21 17:00:00,val,"MLP v3b [256,128,64] lr1e-4 patient",5478.61,5517.6616
2025-04-21 18:00:00,val,"MLP v3b [256,128,64] lr1e-4 patient",5131.29,5203.736
2025-04-21 19:00:00,val,"MLP v3b [256,128,64] lr1e-4 patient",4989.42,5033.992
2025-04-21 20:00:00,val,"MLP v3b [256,128,64] lr1e-4 patient",4912.3,5049.0757
2025-04-21 21:00:00,val,"MLP v3b [256,128,64] lr1e-4 patient",5029.18,5214.8203
2025-04-21 22:00:00,val,"MLP v3b [256,128,64] lr1e-4 patient",5291.53,5419.166
2025-04-21 23:00:00,val,"MLP v3b [256,128,64] lr1e-4 patient",5359.9,5417.434
2025-04-22 00:00:00,val,"MLP v3b [256,128,64] lr1e-4 patient",5293.35,5333.3013
2025-04-22 01:00:00,val,"MLP v3b [256,128,64] lr1e-4 patient",4968.69,5038.082
2025-04-22 02:00:00,val,"MLP v3b [256,128,64] lr1e-4 patient",4612.49,4689.434
2025-04-22 03:00:00,val,"MLP v3b [256,128,64] lr1e-4 patient",4319.26,4392.6597
2025-04-22 04:00:00,val,"MLP v3b [256,128,64] lr1e-4 patient",4079.03,4126.864
2025-04-22 05:00:00,val,"MLP v3b [256,128,64] lr1e-4 patient",3928.29,3997.2344
2025-04-22 06:00:00,val,"MLP v3b [256,128,64] lr1e-4 patient",3958.24,4006.008
2025-04-22 07:00:00,val,"MLP v3b [256,128,64] lr1e-4 patient",3861.25,3977.6106
2025-04-22 08:00:00,val,"MLP v3b [256,128,64] lr1e-4 patient",3921.87,3944.9504
2025-04-22 09:00:00,val,"MLP v3b [256,128,64] lr1e-4 patient",4458.09,4434.027
2025-04-22 10:00:00,val,"MLP v3b [256,128,64] lr1e-4 patient",4818.56,4805.665
2025-04-22 11:00:00,val,"MLP v3b [256,128,64] lr1e-4 patient",4978.89,4993.9336
2025-04-22 12:00:00,val,"MLP v3b [256,128,64] lr1e-4 patient",5018.22,5096.931
2025-04-22 13:00:00,val,"MLP v3b [256,128,64] lr1e-4 patient",4959.05,5036.381
2025-04-22 14:00:00,val,"MLP v3b [256,128,64] lr1e-4 patient",5408.67,5318.232
2025-04-22 15:00:00,val,"MLP v3b [256,128,64] lr1e-4 patient",5510.53,5516.451
2025-04-22 16:00:00,val,"MLP v3b [256,128,64] lr1e-4 patient",5563.79,5500.765
2025-04-22 17:00:00,val,"MLP v3b [256,128,64] lr1e-4 patient",5418.16,5379.809
2025-04-22 18:00:00,val,"MLP v3b [256,128,64] lr1e-4 patient",5103.01,5131.7905
2025-04-22 19:00:00,val,"MLP v3b [256,128,64] lr1e-4 patient",4996.54,4967.301
2025-04-22 20:00:00,val,"MLP v3b [256,128,64] lr1e-4 patient",4798.57,4959.8813
2025-04-22 21:00:00,val,"MLP v3b [256,128,64] lr1e-4 patient",4967.04,5037.2437
2025-04-22 22:00:00,val,"MLP v3b [256,128,64] lr1e-4 patient",5172.2,5261.2075
2025-04-22 23:00:00,val,"MLP v3b [256,128,64] lr1e-4 patient",5276.82,5258.8403
2025-04-23 00:00:00,val,"MLP v3b [256,128,64] lr1e-4 patient",5217.35,5231.408
2025-04-23 01:00:00,val,"MLP v3b [256,128,64] lr1e-4 patient",4866.42,4917.568
2025-04-23 02:00:00,val,"MLP v3b [256,128,64] lr1e-4 patient",4526.91,4562.8633
2025-04-23 03:00:00,val,"MLP v3b [256,128,64] lr1e-4 patient",4228.86,4252.473
2025-04-23 04:00:00,val,"MLP v3b [256,128,64] lr1e-4 patient",3979.31,4003.8342
2025-04-23 05:00:00,val,"MLP v3b [256,128,64] lr1e-4 patient",3844.43,3867.914
2025-04-23 06:00:00,val,"MLP v3b [256,128,64] lr1e-4 patient",3859.3,3903.8347
2025-04-23 07:00:00,val,"MLP v3b [256,128,64] lr1e-4 patient",3794.21,3871.337
2025-04-23 08:00:00,val,"MLP v3b [256,128,64] lr1e-4 patient",3884.54,3888.2888
2025-04-23 09:00:00,val,"MLP v3b [256,128,64] lr1e-4 patient",4411.48,4392.257
2025-04-23 10:00:00,val,"MLP v3b [256,128,64] lr1e-4 patient",4717.41,4726.9453
2025-04-23 11:00:00,val,"MLP v3b [256,128,64] lr1e-4 patient",4883.06,4887.4707
2025-04-23 12:00:00,val,"MLP v3b [256,128,64] lr1e-4 patient",5040.19,4948.111
2025-04-23 13:00:00,val,"MLP v3b [256,128,64] lr1e-4 patient",4914.17,5016.0015
2025-04-23 14:00:00,val,"MLP v3b [256,128,64] lr1e-4 patient",5490.72,5248.719
2025-04-23 15:00:00,val,"MLP v3b [256,128,64] lr1e-4 patient",5635.1,5532.1074
2025-04-23 16:00:00,val,"MLP v3b [256,128,64] lr1e-4 patient",5568.85,5577.5806
2025-04-23 17:00:00,val,"MLP v3b [256,128,64] lr1e-4 patient",5449.76,5345.683
2025-04-23 18:00:00,val,"MLP v3b [256,128,64] lr1e-4 patient",5058.54,5127.3833
2025-04-23 19:00:00,val,"MLP v3b [256,128,64] lr1e-4 patient",4960.43,4947.934
2025-04-23 20:00:00,val,"MLP v3b [256,128,64] lr1e-4 patient",4852.22,4891.3784
2025-04-23 21:00:00,val,"MLP v3b [256,128,64] lr1e-4 patient",4952.52,4995.961
2025-04-23 22:00:00,val,"MLP v3b [256,128,64] lr1e-4 patient",5184.6,5228.112
2025-04-24 00:00:00,val,"MLP v3b [256,128,64] lr1e-4 patient",5208.84,5199.1763
2025-04-24 01:00:00,val,"MLP v3b [256,128,64] lr1e-4 patient",4856.22,4897.1567
2025-04-24 02:00:00,val,"MLP v3b [256,128,64] lr1e-4 patient",4526.02,4537.476
2025-04-24 03:00:00,val,"MLP v3b [256,128,64] lr1e-4 patient",4242.65,4224.016
2025-04-24 04:00:00,val,"MLP v3b [256,128,64] lr1e-4 patient",3999.98,3957.463
2025-04-24 05:00:00,val,"MLP v3b [256,128,64] lr1e-4 patient",3873.77,3851.2344
2025-04-24 06:00:00,val,"MLP v3b [256,128,64] lr1e-4 patient",3955.9,3851.1455
2025-04-24 07:00:00,val,"MLP v3b [256,128,64] lr1e-4 patient",3887.65,3864.0957
2025-04-24 08:00:00,val,"MLP v3b [256,128,64] lr1e-4 patient",3938.3,3905.2097
2025-04-24 09:00:00,val,"MLP v3b [256,128,64] lr1e-4 patient",4423.73,4410.133
2025-04-24 10:00:00,val,"MLP v3b [256,128,64] lr1e-4 patient",4782.24,4748.512
2025-04-24 11:00:00,val,"MLP v3b [256,128,64] lr1e-4 patient",4988.24,4940.528
2025-04-24 12:00:00,val,"MLP v3b [256,128,64] lr1e-4 patient",5059.65,5087.508
2025-04-24 13:00:00,val,"MLP v3b [256,128,64] lr1e-4 patient",5125.82,5089.775
2025-04-24 14:00:00,val,"MLP v3b [256,128,64] lr1e-4 patient",5546.2,5469.836
2025-04-24 15:00:00,val,"MLP v3b [256,128,64] lr1e-4 patient",5731.24,5648.969
2025-04-24 16:00:00,val,"MLP v3b [256,128,64] lr1e-4 patient",5676.54,5681.5024
2025-04-24 17:00:00,val,"MLP v3b [256,128,64] lr1e-4 patient",5472.83,5506.84
2025-04-24 18:00:00,val,"MLP v3b [256,128,64] lr1e-4 patient",5209.03,5216.2695
2025-04-24 19:00:00,val,"MLP v3b [256,128,64] lr1e-4 patient",5091.82,5021.1616
2025-04-24 20:00:00,val,"MLP v3b [256,128,64] lr1e-4 patient",5019.54,5061.9336
2025-04-24 21:00:00,val,"MLP v3b [256,128,64] lr1e-4 patient",5220.96,5214.781
2025-04-24 22:00:00,val,"MLP v3b [256,128,64] lr1e-4 patient",5552.91,5513.9863
2025-04-24 23:00:00,val,"MLP v3b [256,128,64] lr1e-4 patient",5578.91,5606.5493
2025-04-25 00:00:00,val,"MLP v3b [256,128,64] lr1e-4 patient",5460.14,5555.6255
2025-04-25 01:00:00,val,"MLP v3b [256,128,64] lr1e-4 patient",5129.88,5159.4043
2025-04-25 02:00:00,val,"MLP v3b [256,128,64] lr1e-4 patient",4776.68,4824.2065
2025-04-25 03:00:00,val,"MLP v3b [256,128,64] lr1e-4 patient",4487.67,4490.0747
2025-04-25 04:00:00,val,"MLP v3b [256,128,64] lr1e-4 patient",4222.52,4197.3867
2025-04-25 05:00:00,val,"MLP v3b [256,128,64] lr1e-4 patient",4052.68,4036.3625
2025-04-25 06:00:00,val,"MLP v3b [256,128,64] lr1e-4 patient",4021.81,4016.6638
2025-04-25 07:00:00,val,"MLP v3b [256,128,64] lr1e-4 patient",3959.81,4004.8865
2025-04-25 08:00:00,val,"MLP v3b [256,128,64] lr1e-4 patient",4064.96,4049.3245
2025-04-25 09:00:00,val,"MLP v3b [256,128,64] lr1e-4 patient",4585.0,4614.2515
2025-04-25 10:00:00,val,"MLP v3b [256,128,64] lr1e-4 patient",4874.26,4960.012
2025-04-25 11:00:00,val,"MLP v3b [256,128,64] lr1e-4 patient",5009.72,5078.468
2025-04-25 12:00:00,val,"MLP v3b [256,128,64] lr1e-4 patient",5090.72,5137.076
2025-04-25 13:00:00,val,"MLP v3b [256,128,64] lr1e-4 patient",5164.53,5120.5063
2025-04-25 14:00:00,val,"MLP v3b [256,128,64] lr1e-4 patient",5581.11,5534.7573
2025-04-25 15:00:00,val,"MLP v3b [256,128,64] lr1e-4 patient",5731.87,5722.641
2025-04-25 16:00:00,val,"MLP v3b [256,128,64] lr1e-4 patient",5666.51,5715.488
2025-04-25 17:00:00,val,"MLP v3b [256,128,64] lr1e-4 patient",5500.09,5482.5254
2025-04-25 18:00:00,val,"MLP v3b [256,128,64] lr1e-4 patient",5267.3,5224.6987
2025-04-25 19:00:00,val,"MLP v3b [256,128,64] lr1e-4 patient",5110.41,5082.398
2025-04-25 20:00:00,val,"MLP v3b [256,128,64] lr1e-4 patient",5008.53,5074.494
2025-04-25 21:00:00,val,"MLP v3b [256,128,64] lr1e-4 patient",5229.17,5233.0415
2025-04-25 22:00:00,val,"MLP v3b [256,128,64] lr1e-4 patient",5548.14,5502.4023
2025-04-25 23:00:00,val,"MLP v3b [256,128,64] lr1e-4 patient",5609.79,5614.455
2025-04-26 00:00:00,val,"MLP v3b [256,128,64] lr1e-4 patient",5536.67,5580.6387
2025-04-26 01:00:00,val,"MLP v3b [256,128,64] lr1e-4 patient",5253.28,5247.6113
2025-04-26 02:00:00,val,"MLP v3b [256,128,64] lr1e-4 patient",4921.33,4938.944
2025-04-26 03:00:00,val,"MLP v3b [256,128,64] lr1e-4 patient",4583.38,4616.94
2025-04-26 04:00:00,val,"MLP v3b [256,128,64] lr1e-4 patient",4327.26,4283.9644
2025-04-26 05:00:00,val,"MLP v3b [256,128,64] lr1e-4 patient",4148.28,4152.098
2025-04-26 06:00:00,val,"MLP v3b [256,128,64] lr1e-4 patient",4019.34,4024.6775
2025-04-26 07:00:00,val,"MLP v3b [256,128,64] lr1e-4 patient",3924.48,3962.013
2025-04-26 08:00:00,val,"MLP v3b [256,128,64] lr1e-4 patient",3939.34,3910.739
2025-04-26 09:00:00,val,"MLP v3b [256,128,64] lr1e-4 patient",4331.38,4413.3506
2025-04-26 10:00:00,val,"MLP v3b [256,128,64] lr1e-4 patient",4661.75,4690.6265
2025-04-26 11:00:00,val,"MLP v3b [256,128,64] lr1e-4 patient",4864.71,4844.2065
2025-04-26 12:00:00,val,"MLP v3b [256,128,64] lr1e-4 patient",4968.14,4982.972
2025-04-26 13:00:00,val,"MLP v3b [256,128,64] lr1e-4 patient",5059.92,5050.281
2025-04-26 14:00:00,val,"MLP v3b [256,128,64] lr1e-4 patient",5334.63,5348.437
2025-04-26 15:00:00,val,"MLP v3b [256,128,64] lr1e-4 patient",5393.6,5436.3535
2025-04-26 16:00:00,val,"MLP v3b [256,128,64] lr1e-4 patient",5299.81,5339.361
2025-04-26 17:00:00,val,"MLP v3b [256,128,64] lr1e-4 patient",4980.87,5115.104
2025-04-26 18:00:00,val,"MLP v3b [256,128,64] lr1e-4 patient",4786.71,4822.898
2025-04-26 19:00:00,val,"MLP v3b [256,128,64] lr1e-4 patient",4855.39,4736.6987
2025-04-26 20:00:00,val,"MLP v3b [256,128,64] lr1e-4 patient",4807.61,4856.2466
2025-04-26 21:00:00,val,"MLP v3b [256,128,64] lr1e-4 patient",5067.17,5072.813
2025-04-26 22:00:00,val,"MLP v3b [256,128,64] lr1e-4 patient",5382.26,5402.5513
2025-04-26 23:00:00,val,"MLP v3b [256,128,64] lr1e-4 patient",5487.67,5486.582
2025-04-27 00:00:00,val,"MLP v3b [256,128,64] lr1e-4 patient",5464.31,5529.1094
2025-04-27 01:00:00,val,"MLP v3b [256,128,64] lr1e-4 patient",5183.37,5225.7573
2025-04-27 02:00:00,val,"MLP v3b [256,128,64] lr1e-4 patient",4774.23,4911.2134
2025-04-27 03:00:00,val,"MLP v3b [256,128,64] lr1e-4 patient",4608.25,4516.236
2025-04-27 04:00:00,val,"MLP v3b [256,128,64] lr1e-4 patient",4460.66,4349.723
2025-04-27 05:00:00,val,"MLP v3b [256,128,64] lr1e-4 patient",4338.98,4286.6387
2025-04-27 06:00:00,val,"MLP v3b [256,128,64] lr1e-4 patient",4235.09,4098.463
2025-04-27 07:00:00,val,"MLP v3b [256,128,64] lr1e-4 patient",4193.8,4090.3113
2025-04-27 08:00:00,val,"MLP v3b [256,128,64] lr1e-4 patient",4110.76,4108.367
2025-04-27 09:00:00,val,"MLP v3b [256,128,64] lr1e-4 patient",4033.91,4495.1055
2025-04-27 10:00:00,val,"MLP v3b [256,128,64] lr1e-4 patient",4301.63,4436.063
2025-04-27 11:00:00,val,"MLP v3b [256,128,64] lr1e-4 patient",4509.73,4521.208
2025-04-27 12:00:00,val,"MLP v3b [256,128,64] lr1e-4 patient",4645.31,4713.571
2025-04-27 13:00:00,val,"MLP v3b [256,128,64] lr1e-4 patient",4782.14,4758.5522
2025-04-27 14:00:00,val,"MLP v3b [256,128,64] lr1e-4 patient",5028.31,5102.6064
2025-04-27 15:00:00,val,"MLP v3b [256,128,64] lr1e-4 patient",5106.07,5144.8784
2025-04-27 16:00:00,val,"MLP v3b [256,128,64] lr1e-4 patient",5117.02,5089.7383
2025-04-27 17:00:00,val,"MLP v3b [256,128,64] lr1e-4 patient",4918.03,4945.6772
2025-04-27 18:00:00,val,"MLP v3b [256,128,64] lr1e-4 patient",4731.61,4778.867
2025-04-27 19:00:00,val,"MLP v3b [256,128,64] lr1e-4 patient",4819.24,4763.7456
2025-04-27 20:00:00,val,"MLP v3b [256,128,64] lr1e-4 patient",4925.56,4953.9106
2025-04-27 21:00:00,val,"MLP v3b [256,128,64] lr1e-4 patient",5245.64,5326.6177
2025-04-27 22:00:00,val,"MLP v3b [256,128,64] lr1e-4 patient",5584.05,5646.8247
2025-04-27 23:00:00,val,"MLP v3b [256,128,64] lr1e-4 patient",5682.48,5692.8813
2025-04-28 00:00:00,val,"MLP v3b [256,128,64] lr1e-4 patient",5627.24,5650.1484
2025-04-28 01:00:00,val,"MLP v3b [256,128,64] lr1e-4 patient",5335.3,5298.2104
2025-04-28 02:00:00,val,"MLP v3b [256,128,64] lr1e-4 patient",5005.04,5022.56
2025-04-28 03:00:00,val,"MLP v3b [256,128,64] lr1e-4 patient",4707.47,4706.6807
2025-04-28 04:00:00,val,"MLP v3b [256,128,64] lr1e-4 patient",4485.79,4406.6836
2025-04-28 05:00:00,val,"MLP v3b [256,128,64] lr1e-4 patient",4293.12,4271.793
2025-04-28 06:00:00,val,"MLP v3b [256,128,64] lr1e-4 patient",4177.55,4214.899
2025-04-28 07:00:00,val,"MLP v3b [256,128,64] lr1e-4 patient",4145.56,4219.8716
2025-04-28 08:00:00,val,"MLP v3b [256,128,64] lr1e-4 patient",4222.83,4301.7856
2025-04-28 09:00:00,val,"MLP v3b [256,128,64] lr1e-4 patient",4747.19,4797.4473
2025-04-28 10:00:00,val,"MLP v3b [256,128,64] lr1e-4 patient",5044.86,5118.887
2025-04-28 11:00:00,val,"MLP v3b [256,128,64] lr1e-4 patient",5214.81,5252.4673
2025-04-28 12:00:00,val,"MLP v3b [256,128,64] lr1e-4 patient",5285.95,5340.153
2025-04-28 13:00:00,val,"MLP v3b [256,128,64] lr1e-4 patient",5380.52,5382.9478
2025-04-28 14:00:00,val,"MLP v3b [256,128,64] lr1e-4 patient",5891.87,5773.6665
2025-04-28 15:00:00,val,"MLP v3b [256,128,64] lr1e-4 patient",5997.6,6014.9727
2025-04-28 16:00:00,val,"MLP v3b [256,128,64] lr1e-4 patient",5888.46,5970.2456
2025-04-28 17:00:00,val,"MLP v3b [256,128,64] lr1e-4 patient",5703.96,5713.057
2025-04-28 18:00:00,val,"MLP v3b [256,128,64] lr1e-4 patient",5401.17,5377.9844
2025-04-28 19:00:00,val,"MLP v3b [256,128,64] lr1e-4 patient",5257.43,5231.715
2025-04-28 20:00:00,val,"MLP v3b [256,128,64] lr1e-4 patient",5238.84,5340.9746
2025-04-28 21:00:00,val,"MLP v3b [256,128,64] lr1e-4 patient",5512.79,5584.9688
2025-04-28 22:00:00,val,"MLP v3b [256,128,64] lr1e-4 patient",5826.99,5906.0425
2025-04-28 23:00:00,val,"MLP v3b [256,128,64] lr1e-4 patient",5914.14,5952.6694
2025-04-29 00:00:00,val,"MLP v3b [256,128,64] lr1e-4 patient",5756.12,5908.8247
2025-04-29 01:00:00,val,"MLP v3b [256,128,64] lr1e-4 patient",5400.33,5510.819
2025-04-29 02:00:00,val,"MLP v3b [256,128,64] lr1e-4 patient",5006.98,5129.0327
2025-04-29 03:00:00,val,"MLP v3b [256,128,64] lr1e-4 patient",4658.72,4805.4478
2025-04-29 04:00:00,val,"MLP v3b [256,128,64] lr1e-4 patient",4366.77,4450.2812
2025-04-29 05:00:00,val,"MLP v3b [256,128,64] lr1e-4 patient",4176.83,4225.549
2025-04-29 06:00:00,val,"MLP v3b [256,128,64] lr1e-4 patient",4084.38,4150.149
2025-04-29 07:00:00,val,"MLP v3b [256,128,64] lr1e-4 patient",4020.47,4129.831
2025-04-29 08:00:00,val,"MLP v3b [256,128,64] lr1e-4 patient",4057.55,4136.3833
2025-04-29 09:00:00,val,"MLP v3b [256,128,64] lr1e-4 patient",4583.85,4586.811
2025-04-29 10:00:00,val,"MLP v3b [256,128,64] lr1e-4 patient",4883.72,4949.311
2025-04-29 11:00:00,val,"MLP v3b [256,128,64] lr1e-4 patient",5028.2,5125.863
2025-04-29 12:00:00,val,"MLP v3b [256,128,64] lr1e-4 patient",5146.48,5183.556
2025-04-29 13:00:00,val,"MLP v3b [256,128,64] lr1e-4 patient",5154.0,5215.795
2025-04-29 14:00:00,val,"MLP v3b [256,128,64] lr1e-4 patient",5618.73,5520.168
2025-04-29 15:00:00,val,"MLP v3b [256,128,64] lr1e-4 patient",5724.88,5733.3335
2025-04-29 16:00:00,val,"MLP v3b [256,128,64] lr1e-4 patient",5654.43,5712.0845
2025-04-29 17:00:00,val,"MLP v3b [256,128,64] lr1e-4 patient",5535.84,5474.672
2025-04-29 18:00:00,val,"MLP v3b [256,128,64] lr1e-4 patient",5280.75,5210.6484
2025-04-29 19:00:00,val,"MLP v3b [256,128,64] lr1e-4 patient",5193.15,5115.293
2025-04-29 20:00:00,val,"MLP v3b [256,128,64] lr1e-4 patient",5135.42,5239.7227
2025-04-29 21:00:00,val,"MLP v3b [256,128,64] lr1e-4 patient",5349.66,5432.332
2025-04-29 22:00:00,val,"MLP v3b [256,128,64] lr1e-4 patient",5667.29,5715.3765
2025-04-29 23:00:00,val,"MLP v3b [256,128,64] lr1e-4 patient",5704.11,5753.6274
2025-04-30 00:00:00,val,"MLP v3b [256,128,64] lr1e-4 patient",5622.29,5682.2007
2025-04-30 01:00:00,val,"MLP v3b [256,128,64] lr1e-4 patient",5287.38,5319.388
2025-04-30 02:00:00,val,"MLP v3b [256,128,64] lr1e-4 patient",4942.5,4978.695
2025-04-30 03:00:00,val,"MLP v3b [256,128,64] lr1e-4 patient",4640.48,4632.254
2025-04-30 04:00:00,val,"MLP v3b [256,128,64] lr1e-4 patient",4406.53,4354.8237
2025-04-30 05:00:00,val,"MLP v3b [256,128,64] lr1e-4 patient",4243.03,4187.0815
2025-04-30 06:00:00,val,"MLP v3b [256,128,64] lr1e-4 patient",4210.32,4097.602
2025-04-30 07:00:00,val,"MLP v3b [256,128,64] lr1e-4 patient",4058.95,4138.862
2025-04-30 08:00:00,val,"MLP v3b [256,128,64] lr1e-4 patient",4217.44,4156.3125
2025-04-30 09:00:00,val,"MLP v3b [256,128,64] lr1e-4 patient",4722.35,4789.3823
2025-04-30 10:00:00,val,"MLP v3b [256,128,64] lr1e-4 patient",5109.86,5098.686
2025-04-30 11:00:00,val,"MLP v3b [256,128,64] lr1e-4 patient",5320.99,5287.3413
2025-04-30 12:00:00,val,"MLP v3b [256,128,64] lr1e-4 patient",5388.09,5450.352
2025-04-30 13:00:00,val,"MLP v3b [256,128,64] lr1e-4 patient",5513.11,5437.259
2025-04-30 14:00:00,val,"MLP v3b [256,128,64] lr1e-4 patient",5876.16,5888.2383
2025-04-30 15:00:00,val,"MLP v3b [256,128,64] lr1e-4 patient",5974.52,5994.926
2025-04-30 16:00:00,val,"MLP v3b [256,128,64] lr1e-4 patient",5893.68,5893.6665
2025-04-30 17:00:00,val,"MLP v3b [256,128,64] lr1e-4 patient",5687.71,5668.225
2025-04-30 18:00:00,val,"MLP v3b [256,128,64] lr1e-4 patient",5460.14,5345.5244
2025-04-30 19:00:00,val,"MLP v3b [256,128,64] lr1e-4 patient",5368.46,5269.3813
2025-04-30 20:00:00,val,"MLP v3b [256,128,64] lr1e-4 patient",5267.43,5365.3687
2025-04-30 21:00:00,val,"MLP v3b [256,128,64] lr1e-4 patient",5442.94,5538.7715
2025-04-30 22:00:00,val,"MLP v3b [256,128,64] lr1e-4 patient",5766.63,5753.2876
2025-04-30 23:00:00,val,"MLP v3b [256,128,64] lr1e-4 patient",5812.93,5832.8843
2025-05-01 00:00:00,val,"MLP v3b [256,128,64] lr1e-4 patient",5731.34,5774.1997
2025-05-01 01:00:00,val,"MLP v3b [256,128,64] lr1e-4 patient",5408.11,5433.8047
2025-05-01 02:00:00,val,"MLP v3b [256,128,64] lr1e-4 patient",5060.65,5089.2344
2025-05-01 03:00:00,val,"MLP v3b [256,128,64] lr1e-4 patient",4761.46,4781.6963
2025-05-01 04:00:00,val,"MLP v3b [256,128,64] lr1e-4 patient",4504.04,4485.5513
2025-05-01 05:00:00,val,"MLP v3b [256,128,64] lr1e-4 patient",4314.6,4295.75
2025-05-01 06:00:00,val,"MLP v3b [256,128,64] lr1e-4 patient",4273.54,4178.112
2025-05-01 07:00:00,val,"MLP v3b [256,128,64] lr1e-4 patient",4213.86,4177.9185
2025-05-01 08:00:00,val,"MLP v3b [256,128,64] lr1e-4 patient",4273.57,4323.2935
2025-05-01 09:00:00,val,"MLP v3b [256,128,64] lr1e-4 patient",4783.87,4826.5596
2025-05-01 10:00:00,val,"MLP v3b [256,128,64] lr1e-4 patient",5138.22,5140.8145
2025-05-01 11:00:00,val,"MLP v3b [256,128,64] lr1e-4 patient",5251.29,5332.791
2025-05-01 12:00:00,val,"MLP v3b [256,128,64] lr1e-4 patient",5355.37,5434.474
2025-05-01 13:00:00,val,"MLP v3b [256,128,64] lr1e-4 patient",5501.34,5474.6606
2025-05-01 14:00:00,val,"MLP v3b [256,128,64] lr1e-4 patient",5930.65,5906.2046
2025-05-01 15:00:00,val,"MLP v3b [256,128,64] lr1e-4 patient",6074.78,6014.5234
2025-05-01 16:00:00,val,"MLP v3b [256,128,64] lr1e-4 patient",5920.23,5997.732
2025-05-01 17:00:00,val,"MLP v3b [256,128,64] lr1e-4 patient",5699.26,5720.3306
2025-05-01 18:00:00,val,"MLP v3b [256,128,64] lr1e-4 patient",5442.25,5390.85
2025-05-01 19:00:00,val,"MLP v3b [256,128,64] lr1e-4 patient",5293.62,5278.792
2025-05-01 20:00:00,val,"MLP v3b [256,128,64] lr1e-4 patient",5274.39,5311.605
2025-05-01 21:00:00,val,"MLP v3b [256,128,64] lr1e-4 patient",5572.89,5558.836
2025-05-01 22:00:00,val,"MLP v3b [256,128,64] lr1e-4 patient",5904.77,5905.0444
2025-05-01 23:00:00,val,"MLP v3b [256,128,64] lr1e-4 patient",5947.68,5978.0684
2025-05-02 00:00:00,val,"MLP v3b [256,128,64] lr1e-4 patient",5831.96,5892.039
2025-05-02 01:00:00,val,"MLP v3b [256,128,64] lr1e-4 patient",5481.33,5513.26
2025-05-02 02:00:00,val,"MLP v3b [256,128,64] lr1e-4 patient",4893.57,5188.8657
2025-05-02 03:00:00,val,"MLP v3b [256,128,64] lr1e-4 patient",4695.27,4697.6836
2025-05-02 04:00:00,val,"MLP v3b [256,128,64] lr1e-4 patient",4470.03,4448.859
2025-05-02 05:00:00,val,"MLP v3b [256,128,64] lr1e-4 patient",4027.76,4314.274
2025-05-02 06:00:00,val,"MLP v3b [256,128,64] lr1e-4 patient",3079.67,4038.9631
2025-05-02 07:00:00,val,"MLP v3b [256,128,64] lr1e-4 patient",3189.43,3543.0232
2025-05-02 08:00:00,val,"MLP v3b [256,128,64] lr1e-4 patient",3318.69,3472.694
2025-05-02 09:00:00,val,"MLP v3b [256,128,64] lr1e-4 patient",3696.17,3776.2686
2025-05-02 10:00:00,val,"MLP v3b [256,128,64] lr1e-4 patient",4347.38,3920.411
2025-05-02 11:00:00,val,"MLP v3b [256,128,64] lr1e-4 patient",4604.21,4421.625
2025-05-02 12:00:00,val,"MLP v3b [256,128,64] lr1e-4 patient",4455.26,4714.2134
2025-05-02 13:00:00,val,"MLP v3b [256,128,64] lr1e-4 patient",4309.46,4474.352
2025-05-02 14:00:00,val,"MLP v3b [256,128,64] lr1e-4 patient",4590.69,4393.7476
2025-05-02 15:00:00,val,"MLP v3b [256,128,64] lr1e-4 patient",4617.72,4644.4644
2025-05-02 16:00:00,val,"MLP v3b [256,128,64] lr1e-4 patient",4619.24,4623.5386
2025-05-02 17:00:00,val,"MLP v3b [256,128,64] lr1e-4 patient",4599.59,4625.8613
2025-05-02 18:00:00,val,"MLP v3b [256,128,64] lr1e-4 patient",4510.74,4531.7983
2025-05-02 19:00:00,val,"MLP v3b [256,128,64] lr1e-4 patient",4521.42,4523.6245
2025-05-02 20:00:00,val,"MLP v3b [256,128,64] lr1e-4 patient",4398.92,4511.959
2025-05-02 21:00:00,val,"MLP v3b [256,128,64] lr1e-4 patient",4238.05,4528.52
2025-05-02 22:00:00,val,"MLP v3b [256,128,64] lr1e-4 patient",4288.65,4524.869
2025-05-02 23:00:00,val,"MLP v3b [256,128,64] lr1e-4 patient",4313.02,4445.5786
2025-05-03 00:00:00,val,"MLP v3b [256,128,64] lr1e-4 patient",4210.19,4397.7056
2025-05-03 01:00:00,val,"MLP v3b [256,128,64] lr1e-4 patient",3958.68,4160.112
2025-05-03 02:00:00,val,"MLP v3b [256,128,64] lr1e-4 patient",3748.8,3910.307
2025-05-03 03:00:00,val,"MLP v3b [256,128,64] lr1e-4 patient",3583.45,3663.639
2025-05-03 04:00:00,val,"MLP v3b [256,128,64] lr1e-4 patient",3439.85,3562.551
2025-05-03 05:00:00,val,"MLP v3b [256,128,64] lr1e-4 patient",3448.33,3485.6174
2025-05-03 06:00:00,val,"MLP v3b [256,128,64] lr1e-4 patient",3591.14,3424.163
2025-05-03 07:00:00,val,"MLP v3b [256,128,64] lr1e-4 patient",3642.3,3458.4333
2025-05-03 08:00:00,val,"MLP v3b [256,128,64] lr1e-4 patient",3654.37,3579.5667
2025-05-03 09:00:00,val,"MLP v3b [256,128,64] lr1e-4 patient",4147.71,3986.247
2025-05-03 10:00:00,val,"MLP v3b [256,128,64] lr1e-4 patient",4312.59,4401.888
2025-05-03 11:00:00,val,"MLP v3b [256,128,64] lr1e-4 patient",4438.55,4478.269
2025-05-03 12:00:00,val,"MLP v3b [256,128,64] lr1e-4 patient",4459.04,4529.248
2025-05-03 13:00:00,val,"MLP v3b [256,128,64] lr1e-4 patient",4414.74,4501.5947
2025-05-03 14:00:00,val,"MLP v3b [256,128,64] lr1e-4 patient",4569.33,4597.3022
2025-05-03 15:00:00,val,"MLP v3b [256,128,64] lr1e-4 patient",4642.5,4640.146
2025-05-03 16:00:00,val,"MLP v3b [256,128,64] lr1e-4 patient",4614.59,4617.356
2025-05-03 17:00:00,val,"MLP v3b [256,128,64] lr1e-4 patient",4549.12,4515.0234
2025-05-03 18:00:00,val,"MLP v3b [256,128,64] lr1e-4 patient",4591.0,4392.8877
2025-05-03 19:00:00,val,"MLP v3b [256,128,64] lr1e-4 patient",4597.57,4523.7725
2025-05-03 20:00:00,val,"MLP v3b [256,128,64] lr1e-4 patient",4527.64,4554.6997
2025-05-03 21:00:00,val,"MLP v3b [256,128,64] lr1e-4 patient",4522.17,4639.5786
2025-05-03 22:00:00,val,"MLP v3b [256,128,64] lr1e-4 patient",4651.55,4780.156
2025-05-03 23:00:00,val,"MLP v3b [256,128,64] lr1e-4 patient",4707.27,4735.039
2025-05-04 00:00:00,val,"MLP v3b [256,128,64] lr1e-4 patient",4628.85,4653.912
2025-05-04 01:00:00,val,"MLP v3b [256,128,64] lr1e-4 patient",4382.96,4397.721
2025-05-04 02:00:00,val,"MLP v3b [256,128,64] lr1e-4 patient",4144.2,4131.2314
2025-05-04 03:00:00,val,"MLP v3b [256,128,64] lr1e-4 patient",3910.11,3873.1406
2025-05-04 04:00:00,val,"MLP v3b [256,128,64] lr1e-4 patient",3741.54,3707.3044
2025-05-04 05:00:00,val,"MLP v3b [256,128,64] lr1e-4 patient",3638.64,3622.2158
2025-05-04 06:00:00,val,"MLP v3b [256,128,64] lr1e-4 patient",3589.36,3539.156
2025-05-04 07:00:00,val,"MLP v3b [256,128,64] lr1e-4 patient",3597.89,3537.118
2025-05-04 08:00:00,val,"MLP v3b [256,128,64] lr1e-4 patient",3620.73,3541.239
2025-05-04 09:00:00,val,"MLP v3b [256,128,64] lr1e-4 patient",3953.37,3892.6394
2025-05-04 10:00:00,val,"MLP v3b [256,128,64] lr1e-4 patient",4145.58,4176.826
2025-05-04 11:00:00,val,"MLP v3b [256,128,64] lr1e-4 patient",4325.14,4289.896
2025-05-04 12:00:00,val,"MLP v3b [256,128,64] lr1e-4 patient",4347.29,4442.4243
2025-05-04 13:00:00,val,"MLP v3b [256,128,64] lr1e-4 patient",4366.36,4400.7344
2025-05-04 14:00:00,val,"MLP v3b [256,128,64] lr1e-4 patient",4498.58,4590.7964
2025-05-04 15:00:00,val,"MLP v3b [256,128,64] lr1e-4 patient",4521.84,4588.121
2025-05-04 16:00:00,val,"MLP v3b [256,128,64] lr1e-4 patient",4482.55,4522.5073
2025-05-04 17:00:00,val,"MLP v3b [256,128,64] lr1e-4 patient",4358.74,4380.6777
2025-05-04 18:00:00,val,"MLP v3b [256,128,64] lr1e-4 patient",4304.72,4322.015
2025-05-04 19:00:00,val,"MLP v3b [256,128,64] lr1e-4 patient",4458.54,4384.633
2025-05-04 20:00:00,val,"MLP v3b [256,128,64] lr1e-4 patient",4475.58,4481.086
2025-05-04 21:00:00,val,"MLP v3b [256,128,64] lr1e-4 patient",4541.61,4709.1245
2025-05-04 22:00:00,val,"MLP v3b [256,128,64] lr1e-4 patient",4754.93,4838.661
2025-05-04 23:00:00,val,"MLP v3b [256,128,64] lr1e-4 patient",4777.63,4860.207
2025-05-05 00:00:00,val,"MLP v3b [256,128,64] lr1e-4 patient",4615.43,4694.1494
2025-05-05 01:00:00,val,"MLP v3b [256,128,64] lr1e-4 patient",4275.41,4408.8145
2025-05-05 02:00:00,val,"MLP v3b [256,128,64] lr1e-4 patient",3991.81,4094.586
2025-05-05 03:00:00,val,"MLP v3b [256,128,64] lr1e-4 patient",3761.35,3840.8994
2025-05-05 04:00:00,val,"MLP v3b [256,128,64] lr1e-4 patient",3572.25,3644.071
2025-05-05 05:00:00,val,"MLP v3b [256,128,64] lr1e-4 patient",3553.81,3596.5518
2025-05-05 06:00:00,val,"MLP v3b [256,128,64] lr1e-4 patient",3713.74,3661.8074
2025-05-05 07:00:00,val,"MLP v3b [256,128,64] lr1e-4 patient",3707.39,3685.0032
2025-05-05 08:00:00,val,"MLP v3b [256,128,64] lr1e-4 patient",3818.66,3788.636
2025-05-05 09:00:00,val,"MLP v3b [256,128,64] lr1e-4 patient",4372.01,4401.732
2025-05-05 10:00:00,val,"MLP v3b [256,128,64] lr1e-4 patient",4613.38,4670.9165
2025-05-05 11:00:00,val,"MLP v3b [256,128,64] lr1e-4 patient",4727.79,4765.4585
2025-05-05 12:00:00,val,"MLP v3b [256,128,64] lr1e-4 patient",4750.36,4802.346
2025-05-05 13:00:00,val,"MLP v3b [256,128,64] lr1e-4 patient",4568.56,4729.043
2025-05-05 14:00:00,val,"MLP v3b [256,128,64] lr1e-4 patient",4816.97,4864.681
2025-05-05 15:00:00,val,"MLP v3b [256,128,64] lr1e-4 patient",4857.39,4909.606
2025-05-05 16:00:00,val,"MLP v3b [256,128,64] lr1e-4 patient",4732.13,4857.9653
2025-05-05 17:00:00,val,"MLP v3b [256,128,64] lr1e-4 patient",4647.58,4681.1567
2025-05-05 18:00:00,val,"MLP v3b [256,128,64] lr1e-4 patient",4605.78,4517.9336
2025-05-05 19:00:00,val,"MLP v3b [256,128,64] lr1e-4 patient",4590.36,4563.31
2025-05-05 20:00:00,val,"MLP v3b [256,128,64] lr1e-4 patient",4492.46,4529.633
2025-05-05 21:00:00,val,"MLP v3b [256,128,64] lr1e-4 patient",4436.2,4586.3745
2025-05-05 22:00:00,val,"MLP v3b [256,128,64] lr1e-4 patient",4565.28,4679.535
2025-05-05 23:00:00,val,"MLP v3b [256,128,64] lr1e-4 patient",4578.65,4650.825
2025-05-06 00:00:00,val,"MLP v3b [256,128,64] lr1e-4 patient",4443.02,4540.057
2025-05-06 01:00:00,val,"MLP v3b [256,128,64] lr1e-4 patient",4178.24,4262.522
2025-05-06 02:00:00,val,"MLP v3b [256,128,64] lr1e-4 patient",3914.52,3986.1545
2025-05-06 03:00:00,val,"MLP v3b [256,128,64] lr1e-4 patient",3688.23,3733.705
2025-05-06 04:00:00,val,"MLP v3b [256,128,64] lr1e-4 patient",3516.24,3575.373
2025-05-06 05:00:00,val,"MLP v3b [256,128,64] lr1e-4 patient",3510.78,3547.1223
2025-05-06 06:00:00,val,"MLP v3b [256,128,64] lr1e-4 patient",3715.95,3628.9246
2025-05-06 07:00:00,val,"MLP v3b [256,128,64] lr1e-4 patient",3723.73,3677.0286
2025-05-06 08:00:00,val,"MLP v3b [256,128,64] lr1e-4 patient",3790.84,3742.987
2025-05-06 09:00:00,val,"MLP v3b [256,128,64] lr1e-4 patient",4362.52,4333.2603
2025-05-06 10:00:00,val,"MLP v3b [256,128,64] lr1e-4 patient",4622.12,4619.2183
2025-05-06 11:00:00,val,"MLP v3b [256,128,64] lr1e-4 patient",4753.32,4739.735
2025-05-06 12:00:00,val,"MLP v3b [256,128,64] lr1e-4 patient",4784.74,4799.1274
2025-05-06 13:00:00,val,"MLP v3b [256,128,64] lr1e-4 patient",4707.49,4727.5137
2025-05-06 14:00:00,val,"MLP v3b [256,128,64] lr1e-4 patient",5008.48,4963.66
2025-05-06 15:00:00,val,"MLP v3b [256,128,64] lr1e-4 patient",5091.85,5073.9473
2025-05-06 16:00:00,val,"MLP v3b [256,128,64] lr1e-4 patient",5004.76,5032.527
2025-05-06 17:00:00,val,"MLP v3b [256,128,64] lr1e-4 patient",4932.54,4874.9316
2025-05-06 18:00:00,val,"MLP v3b [256,128,64] lr1e-4 patient",4800.21,4726.773
2025-05-06 19:00:00,val,"MLP v3b [256,128,64] lr1e-4 patient",4778.67,4655.0425
2025-05-06 20:00:00,val,"MLP v3b [256,128,64] lr1e-4 patient",4677.3,4682.6626
2025-05-06 21:00:00,val,"MLP v3b [256,128,64] lr1e-4 patient",4732.33,4789.0815
2025-05-06 22:00:00,val,"MLP v3b [256,128,64] lr1e-4 patient",4887.05,4973.4414
2025-05-06 23:00:00,val,"MLP v3b [256,128,64] lr1e-4 patient",4920.45,4971.5938
2025-05-07 00:00:00,val,"MLP v3b [256,128,64] lr1e-4 patient",4798.6,4823.979
2025-05-07 01:00:00,val,"MLP v3b [256,128,64] lr1e-4 patient",4528.27,4510.9785
2025-05-07 02:00:00,val,"MLP v3b [256,128,64] lr1e-4 patient",4230.0,4287.4077
2025-05-07 03:00:00,val,"MLP v3b [256,128,64] lr1e-4 patient",3976.69,4003.4805
2025-05-07 04:00:00,val,"MLP v3b [256,128,64] lr1e-4 patient",3798.25,3777.6213
2025-05-07 05:00:00,val,"MLP v3b [256,128,64] lr1e-4 patient",3732.21,3714.091
2025-05-07 06:00:00,val,"MLP v3b [256,128,64] lr1e-4 patient",3874.66,3800.03
2025-05-07 07:00:00,val,"MLP v3b [256,128,64] lr1e-4 patient",3883.45,3775.013
2025-05-07 08:00:00,val,"MLP v3b [256,128,64] lr1e-4 patient",3993.48,3962.2178
2025-05-07 09:00:00,val,"MLP v3b [256,128,64] lr1e-4 patient",4518.69,4535.9106
2025-05-07 10:00:00,val,"MLP v3b [256,128,64] lr1e-4 patient",4879.69,4820.847
2025-05-07 11:00:00,val,"MLP v3b [256,128,64] lr1e-4 patient",5001.47,4990.0815
2025-05-07 12:00:00,val,"MLP v3b [256,128,64] lr1e-4 patient",5086.16,5037.3364
2025-05-07 13:00:00,val,"MLP v3b [256,128,64] lr1e-4 patient",4996.49,5062.058
2025-05-07 14:00:00,val,"MLP v3b [256,128,64] lr1e-4 patient",5350.39,5305.034
2025-05-07 15:00:00,val,"MLP v3b [256,128,64] lr1e-4 patient",5394.34,5406.0625
2025-05-07 16:00:00,val,"MLP v3b [256,128,64] lr1e-4 patient",5234.92,5269.862
2025-05-07 17:00:00,val,"MLP v3b [256,128,64] lr1e-4 patient",5104.16,5059.8315
2025-05-07 18:00:00,val,"MLP v3b [256,128,64] lr1e-4 patient",4897.76,4908.9937
2025-05-07 19:00:00,val,"MLP v3b [256,128,64] lr1e-4 patient",4847.42,4801.328
2025-05-07 20:00:00,val,"MLP v3b [256,128,64] lr1e-4 patient",4655.0,4752.2495
2025-05-07 21:00:00,val,"MLP v3b [256,128,64] lr1e-4 patient",4796.82,4784.4565
2025-05-07 22:00:00,val,"MLP v3b [256,128,64] lr1e-4 patient",4981.08,5045.8184
2025-05-07 23:00:00,val,"MLP v3b [256,128,64] lr1e-4 patient",4979.14,5067.261
2025-05-08 00:00:00,val,"MLP v3b [256,128,64] lr1e-4 patient",4863.55,4937.246
2025-05-08 01:00:00,val,"MLP v3b [256,128,64] lr1e-4 patient",4621.35,4623.114
2025-05-08 02:00:00,val,"MLP v3b [256,128,64] lr1e-4 patient",4269.62,4366.2827
2025-05-08 03:00:00,val,"MLP v3b [256,128,64] lr1e-4 patient",4022.8,4094.743
2025-05-08 04:00:00,val,"MLP v3b [256,128,64] lr1e-4 patient",3900.62,3851.028
2025-05-08 05:00:00,val,"MLP v3b [256,128,64] lr1e-4 patient",3785.15,3801.4836
2025-05-08 06:00:00,val,"MLP v3b [256,128,64] lr1e-4 patient",3928.39,3808.0144
2025-05-08 07:00:00,val,"MLP v3b [256,128,64] lr1e-4 patient",3916.08,3853.9211
2025-05-08 08:00:00,val,"MLP v3b [256,128,64] lr1e-4 patient",3999.27,4026.9207
2025-05-08 09:00:00,val,"MLP v3b [256,128,64] lr1e-4 patient",4569.64,4586.3745
2025-05-08 10:00:00,val,"MLP v3b [256,128,64] lr1e-4 patient",4958.29,4868.65
2025-05-08 11:00:00,val,"MLP v3b [256,128,64] lr1e-4 patient",5107.87,5064.1567
2025-05-08 12:00:00,val,"MLP v3b [256,128,64] lr1e-4 patient",5120.69,5202.402
2025-05-08 13:00:00,val,"MLP v3b [256,128,64] lr1e-4 patient",5088.53,5129.615
2025-05-08 14:00:00,val,"MLP v3b [256,128,64] lr1e-4 patient",5444.74,5425.349
2025-05-08 15:00:00,val,"MLP v3b [256,128,64] lr1e-4 patient",5467.94,5503.4336
2025-05-08 16:00:00,val,"MLP v3b [256,128,64] lr1e-4 patient",5399.69,5415.638
2025-05-08 17:00:00,val,"MLP v3b [256,128,64] lr1e-4 patient",5300.55,5220.5586
2025-05-08 18:00:00,val,"MLP v3b [256,128,64] lr1e-4 patient",5119.84,5050.4673
2025-05-08 19:00:00,val,"MLP v3b [256,128,64] lr1e-4 patient",5091.09,4948.065
2025-05-08 20:00:00,val,"MLP v3b [256,128,64] lr1e-4 patient",5046.37,5020.8525
2025-05-08 21:00:00,val,"MLP v3b [256,128,64] lr1e-4 patient",5104.12,5218.4224
2025-05-08 22:00:00,val,"MLP v3b [256,128,64] lr1e-4 patient",5290.25,5414.9165
2025-05-08 23:00:00,val,"MLP v3b [256,128,64] lr1e-4 patient",5328.91,5392.639
2025-05-09 00:00:00,val,"MLP v3b [256,128,64] lr1e-4 patient",5229.79,5314.9185
2025-05-09 01:00:00,val,"MLP v3b [256,128,64] lr1e-4 patient",4893.6,4939.285
2025-05-09 02:00:00,val,"MLP v3b [256,128,64] lr1e-4 patient",4560.79,4639.0386
2025-05-09 03:00:00,val,"MLP v3b [256,128,64] lr1e-4 patient",4293.72,4360.4634
2025-05-09 04:00:00,val,"MLP v3b [256,128,64] lr1e-4 patient",4064.55,4141.53
2025-05-09 05:00:00,val,"MLP v3b [256,128,64] lr1e-4 patient",3971.85,3971.181
2025-05-09 06:00:00,val,"MLP v3b [256,128,64] lr1e-4 patient",4076.74,3908.9128
2025-05-09 07:00:00,val,"MLP v3b [256,128,64] lr1e-4 patient",4089.15,3964.3987
2025-05-09 08:00:00,val,"MLP v3b [256,128,64] lr1e-4 patient",4250.94,4195.004
2025-05-09 09:00:00,val,"MLP v3b [256,128,64] lr1e-4 patient",4827.85,4800.917
2025-05-09 10:00:00,val,"MLP v3b [256,128,64] lr1e-4 patient",5097.87,5160.629
2025-05-09 11:00:00,val,"MLP v3b [256,128,64] lr1e-4 patient",5229.74,5278.862
2025-05-09 12:00:00,val,"MLP v3b [256,128,64] lr1e-4 patient",5368.1,5330.846
2025-05-09 13:00:00,val,"MLP v3b [256,128,64] lr1e-4 patient",5349.27,5389.873
2025-05-09 14:00:00,val,"MLP v3b [256,128,64] lr1e-4 patient",5686.6,5724.0664
2025-05-09 15:00:00,val,"MLP v3b [256,128,64] lr1e-4 patient",5743.99,5762.613
2025-05-09 16:00:00,val,"MLP v3b [256,128,64] lr1e-4 patient",5647.61,5657.4624
2025-05-09 17:00:00,val,"MLP v3b [256,128,64] lr1e-4 patient",5461.25,5429.2036
2025-05-09 18:00:00,val,"MLP v3b [256,128,64] lr1e-4 patient",5274.5,5171.7705
2025-05-09 19:00:00,val,"MLP v3b [256,128,64] lr1e-4 patient",5241.76,5064.4087
2025-05-09 20:00:00,val,"MLP v3b [256,128,64] lr1e-4 patient",5192.52,5196.4526
2025-05-09 21:00:00,val,"MLP v3b [256,128,64] lr1e-4 patient",5391.45,5425.6685
2025-05-09 22:00:00,val,"MLP v3b [256,128,64] lr1e-4 patient",5612.0,5643.547
2025-05-09 23:00:00,val,"MLP v3b [256,128,64] lr1e-4 patient",5655.68,5691.5645
2025-05-10 00:00:00,val,"MLP v3b [256,128,64] lr1e-4 patient",5537.54,5576.758
2025-05-10 01:00:00,val,"MLP v3b [256,128,64] lr1e-4 patient",5194.81,5263.7905
2025-05-10 02:00:00,val,"MLP v3b [256,128,64] lr1e-4 patient",4861.11,4912.2534
2025-05-10 03:00:00,val,"MLP v3b [256,128,64] lr1e-4 patient",4554.04,4591.4272
2025-05-10 04:00:00,val,"MLP v3b [256,128,64] lr1e-4 patient",4341.63,4299.5127
2025-05-10 05:00:00,val,"MLP v3b [256,128,64] lr1e-4 patient",4179.43,4188.4785
2025-05-10 06:00:00,val,"MLP v3b [256,128,64] lr1e-4 patient",4068.65,4025.749
2025-05-10 07:00:00,val,"MLP v3b [256,128,64] lr1e-4 patient",4049.68,4000.4119
2025-05-10 08:00:00,val,"MLP v3b [256,128,64] lr1e-4 patient",4146.58,4052.0383
2025-05-10 09:00:00,val,"MLP v3b [256,128,64] lr1e-4 patient",4609.01,4609.5493
2025-05-10 10:00:00,val,"MLP v3b [256,128,64] lr1e-4 patient",4959.04,4949.5864
2025-05-10 11:00:00,val,"MLP v3b [256,128,64] lr1e-4 patient",5099.69,5130.3604
2025-05-10 12:00:00,val,"MLP v3b [256,128,64] lr1e-4 patient",5145.11,5222.1187
2025-05-10 13:00:00,val,"MLP v3b [256,128,64] lr1e-4 patient",5123.44,5225.886
2025-05-10 14:00:00,val,"MLP v3b [256,128,64] lr1e-4 patient",5328.87,5431.2593
2025-05-10 15:00:00,val,"MLP v3b [256,128,64] lr1e-4 patient",5151.45,5420.971
2025-05-10 16:00:00,val,"MLP v3b [256,128,64] lr1e-4 patient",4855.74,5144.6333
2025-05-10 17:00:00,val,"MLP v3b [256,128,64] lr1e-4 patient",4860.67,4806.035
2025-05-10 18:00:00,val,"MLP v3b [256,128,64] lr1e-4 patient",4837.47,4678.995
2025-05-10 19:00:00,val,"MLP v3b [256,128,64] lr1e-4 patient",4891.36,4785.1235
2025-05-10 20:00:00,val,"MLP v3b [256,128,64] lr1e-4 patient",4853.5,4893.2524
2025-05-10 21:00:00,val,"MLP v3b [256,128,64] lr1e-4 patient",4972.83,5102.9263
2025-05-10 22:00:00,val,"MLP v3b [256,128,64] lr1e-4 patient",5204.93,5317.316
2025-05-10 23:00:00,val,"MLP v3b [256,128,64] lr1e-4 patient",5292.61,5311.319
2025-05-11 00:00:00,val,"MLP v3b [256,128,64] lr1e-4 patient",5176.55,5283.1733
2025-05-11 01:00:00,val,"MLP v3b [256,128,64] lr1e-4 patient",4884.94,4966.4067
2025-05-11 02:00:00,val,"MLP v3b [256,128,64] lr1e-4 patient",4587.57,4635.09
2025-05-11 03:00:00,val,"MLP v3b [256,128,64] lr1e-4 patient",4354.07,4397.983
2025-05-11 04:00:00,val,"MLP v3b [256,128,64] lr1e-4 patient",4130.82,4222.9224
2025-05-11 05:00:00,val,"MLP v3b [256,128,64] lr1e-4 patient",3937.12,4042.8528
2025-05-11 06:00:00,val,"MLP v3b [256,128,64] lr1e-4 patient",3842.6,3809.1946
2025-05-11 07:00:00,val,"MLP v3b [256,128,64] lr1e-4 patient",3777.23,3771.0334
2025-05-11 08:00:00,val,"MLP v3b [256,128,64] lr1e-4 patient",3802.23,3770.8887
2025-05-11 09:00:00,val,"MLP v3b [256,128,64] lr1e-4 patient",4074.76,4163.2144
2025-05-11 10:00:00,val,"MLP v3b [256,128,64] lr1e-4 patient",4385.02,4382.6147
2025-05-11 11:00:00,val,"MLP v3b [256,128,64] lr1e-4 patient",4528.16,4594.4175
2025-05-11 12:00:00,val,"MLP v3b [256,128,64] lr1e-4 patient",4638.04,4708.2495
2025-05-11 13:00:00,val,"MLP v3b [256,128,64] lr1e-4 patient",4711.32,4760.2744
2025-05-11 14:00:00,val,"MLP v3b [256,128,64] lr1e-4 patient",4984.06,4999.638
2025-05-11 15:00:00,val,"MLP v3b [256,128,64] lr1e-4 patient",5085.46,5042.777
2025-05-11 16:00:00,val,"MLP v3b [256,128,64] lr1e-4 patient",5029.18,5025.183
2025-05-11 17:00:00,val,"MLP v3b [256,128,64] lr1e-4 patient",4901.7,4826.0728
2025-05-11 18:00:00,val,"MLP v3b [256,128,64] lr1e-4 patient",4748.9,4682.6987
2025-05-11 19:00:00,val,"MLP v3b [256,128,64] lr1e-4 patient",4836.65,4767.0156
2025-05-11 20:00:00,val,"MLP v3b [256,128,64] lr1e-4 patient",4741.49,4944.172
2025-05-11 21:00:00,val,"MLP v3b [256,128,64] lr1e-4 patient",4670.65,5127.481
2025-05-11 22:00:00,val,"MLP v3b [256,128,64] lr1e-4 patient",5015.17,5083.8516
2025-05-11 23:00:00,val,"MLP v3b [256,128,64] lr1e-4 patient",5205.57,5120.994
2025-05-12 00:00:00,val,"MLP v3b [256,128,64] lr1e-4 patient",5204.41,5191.6504
2025-05-12 01:00:00,val,"MLP v3b [256,128,64] lr1e-4 patient",4992.96,4932.5483
2025-05-12 02:00:00,val,"MLP v3b [256,128,64] lr1e-4 patient",4661.11,4701.91
2025-05-12 03:00:00,val,"MLP v3b [256,128,64] lr1e-4 patient",4352.37,4401.725
2025-05-12 04:00:00,val,"MLP v3b [256,128,64] lr1e-4 patient",4161.38,4207.334
2025-05-12 05:00:00,val,"MLP v3b [256,128,64] lr1e-4 patient",4028.32,4003.1123
2025-05-12 06:00:00,val,"MLP v3b [256,128,64] lr1e-4 patient",3896.37,3937.6296
2025-05-12 07:00:00,val,"MLP v3b [256,128,64] lr1e-4 patient",3853.59,3885.4678
2025-05-12 08:00:00,val,"MLP v3b [256,128,64] lr1e-4 patient",3925.44,3887.8245
2025-05-12 09:00:00,val,"MLP v3b [256,128,64] lr1e-4 patient",4401.98,4451.549
2025-05-12 10:00:00,val,"MLP v3b [256,128,64] lr1e-4 patient",4721.67,4717.9165
2025-05-12 11:00:00,val,"MLP v3b [256,128,64] lr1e-4 patient",4958.99,4891.9556
2025-05-12 12:00:00,val,"MLP v3b [256,128,64] lr1e-4 patient",5061.82,5055.9927
2025-05-12 13:00:00,val,"MLP v3b [256,128,64] lr1e-4 patient",5134.68,5089.4585
2025-05-12 14:00:00,val,"MLP v3b [256,128,64] lr1e-4 patient",5436.61,5413.2954
2025-05-12 15:00:00,val,"MLP v3b [256,128,64] lr1e-4 patient",5597.63,5496.504
2025-05-12 16:00:00,val,"MLP v3b [256,128,64] lr1e-4 patient",5542.68,5517.02
2025-05-12 17:00:00,val,"MLP v3b [256,128,64] lr1e-4 patient",5491.92,5311.9404
2025-05-12 18:00:00,val,"MLP v3b [256,128,64] lr1e-4 patient",5304.54,5103.4956
2025-05-12 19:00:00,val,"MLP v3b [256,128,64] lr1e-4 patient",5138.92,5151.11
2025-05-12 20:00:00,val,"MLP v3b [256,128,64] lr1e-4 patient",5243.26,5191.599
2025-05-12 21:00:00,val,"MLP v3b [256,128,64] lr1e-4 patient",5541.14,5456.7295
2025-05-12 22:00:00,val,"MLP v3b [256,128,64] lr1e-4 patient",5779.49,5834.9355
2025-05-12 23:00:00,val,"MLP v3b [256,128,64] lr1e-4 patient",5808.79,5856.5728
2025-05-13 00:00:00,val,"MLP v3b [256,128,64] lr1e-4 patient",5654.88,5725.979
2025-05-13 01:00:00,val,"MLP v3b [256,128,64] lr1e-4 patient",5327.67,5339.471
2025-05-13 02:00:00,val,"MLP v3b [256,128,64] lr1e-4 patient",4957.06,5000.4097
2025-05-13 03:00:00,val,"MLP v3b [256,128,64] lr1e-4 patient",4690.29,4664.605
2025-05-13 04:00:00,val,"MLP v3b [256,128,64] lr1e-4 patient",4396.43,4422.9824
2025-05-13 05:00:00,val,"MLP v3b [256,128,64] lr1e-4 patient",4246.32,4229.7437
2025-05-13 06:00:00,val,"MLP v3b [256,128,64] lr1e-4 patient",4181.87,4116.843
2025-05-13 07:00:00,val,"MLP v3b [256,128,64] lr1e-4 patient",4157.04,4112.4297
2025-05-13 08:00:00,val,"MLP v3b [256,128,64] lr1e-4 patient",4287.01,4296.9673
2025-05-13 09:00:00,val,"MLP v3b [256,128,64] lr1e-4 patient",4863.8,4840.6626
2025-05-13 10:00:00,val,"MLP v3b [256,128,64] lr1e-4 patient",5225.39,5199.2827
2025-05-13 11:00:00,val,"MLP v3b [256,128,64] lr1e-4 patient",5423.96,5404.522
2025-05-13 12:00:00,val,"MLP v3b [256,128,64] lr1e-4 patient",5665.72,5568.73
2025-05-13 13:00:00,val,"MLP v3b [256,128,64] lr1e-4 patient",5851.74,5711.615
2025-05-13 14:00:00,val,"MLP v3b [256,128,64] lr1e-4 patient",6258.19,6199.25
2025-05-13 15:00:00,val,"MLP v3b [256,128,64] lr1e-4 patient",6362.76,6311.09
2025-05-13 16:00:00,val,"MLP v3b [256,128,64] lr1e-4 patient",5903.3,6238.944
2025-05-13 17:00:00,val,"MLP v3b [256,128,64] lr1e-4 patient",5290.93,5718.8804
2025-05-13 18:00:00,val,"MLP v3b [256,128,64] lr1e-4 patient",5149.58,5140.06
2025-05-13 19:00:00,val,"MLP v3b [256,128,64] lr1e-4 patient",5080.27,5007.528
2025-05-13 20:00:00,val,"MLP v3b [256,128,64] lr1e-4 patient",5060.51,5154.9824
2025-05-13 21:00:00,val,"MLP v3b [256,128,64] lr1e-4 patient",5135.93,5393.024
2025-05-13 22:00:00,val,"MLP v3b [256,128,64] lr1e-4 patient",5411.29,5547.7124
2025-05-13 23:00:00,val,"MLP v3b [256,128,64] lr1e-4 patient",5494.67,5551.793
2025-05-14 00:00:00,val,"MLP v3b [256,128,64] lr1e-4 patient",5419.08,5465.3413
2025-05-14 01:00:00,val,"MLP v3b [256,128,64] lr1e-4 patient",5116.99,5142.1816
2025-05-14 02:00:00,val,"MLP v3b [256,128,64] lr1e-4 patient",4889.1,4841.373
2025-05-14 03:00:00,val,"MLP v3b [256,128,64] lr1e-4 patient",4680.81,4618.8125
2025-05-14 04:00:00,val,"MLP v3b [256,128,64] lr1e-4 patient",4524.79,4422.684
2025-05-14 05:00:00,val,"MLP v3b [256,128,64] lr1e-4 patient",4411.99,4305.781
2025-05-14 06:00:00,val,"MLP v3b [256,128,64] lr1e-4 patient",4010.59,4216.0474
2025-05-14 07:00:00,val,"MLP v3b [256,128,64] lr1e-4 patient",4003.62,4048.3333
2025-05-14 08:00:00,val,"MLP v3b [256,128,64] lr1e-4 patient",4287.98,4074.2354
2025-05-14 09:00:00,val,"MLP v3b [256,128,64] lr1e-4 patient",4953.7,4828.774
2025-05-14 10:00:00,val,"MLP v3b [256,128,64] lr1e-4 patient",5313.16,5305.804
2025-05-14 11:00:00,val,"MLP v3b [256,128,64] lr1e-4 patient",5388.69,5514.9614
2025-05-14 12:00:00,val,"MLP v3b [256,128,64] lr1e-4 patient",5549.8,5528.336
2025-05-14 13:00:00,val,"MLP v3b [256,128,64] lr1e-4 patient",5634.2,5632.8867
2025-05-14 14:00:00,val,"MLP v3b [256,128,64] lr1e-4 patient",6073.46,6019.775
2025-05-14 15:00:00,val,"MLP v3b [256,128,64] lr1e-4 patient",6142.51,6122.263
2025-05-14 16:00:00,val,"MLP v3b [256,128,64] lr1e-4 patient",6004.29,6033.893
2025-05-14 17:00:00,val,"MLP v3b [256,128,64] lr1e-4 patient",5829.4,5723.33
2025-05-14 18:00:00,val,"MLP v3b [256,128,64] lr1e-4 patient",5542.54,5426.2095
2025-05-14 19:00:00,val,"MLP v3b [256,128,64] lr1e-4 patient",5385.32,5321.152
2025-05-14 20:00:00,val,"MLP v3b [256,128,64] lr1e-4 patient",5363.17,5374.4336
2025-05-14 21:00:00,val,"MLP v3b [256,128,64] lr1e-4 patient",5697.84,5621.264
2025-05-14 22:00:00,val,"MLP v3b [256,128,64] lr1e-4 patient",5934.66,5975.3613
2025-05-14 23:00:00,val,"MLP v3b [256,128,64] lr1e-4 patient",5987.53,6003.451
2025-05-15 00:00:00,val,"MLP v3b [256,128,64] lr1e-4 patient",5895.83,5892.7812
2025-05-15 01:00:00,val,"MLP v3b [256,128,64] lr1e-4 patient",5560.5,5566.8687
2025-05-15 02:00:00,val,"MLP v3b [256,128,64] lr1e-4 patient",5152.08,5240.152
2025-05-15 03:00:00,val,"MLP v3b [256,128,64] lr1e-4 patient",4853.11,4865.9023
2025-05-15 04:00:00,val,"MLP v3b [256,128,64] lr1e-4 patient",4569.45,4572.5435
2025-05-15 05:00:00,val,"MLP v3b [256,128,64] lr1e-4 patient",4390.94,4381.1387
2025-05-15 06:00:00,val,"MLP v3b [256,128,64] lr1e-4 patient",4257.56,4205.978
2025-05-15 07:00:00,val,"MLP v3b [256,128,64] lr1e-4 patient",4200.79,4185.931
2025-05-15 08:00:00,val,"MLP v3b [256,128,64] lr1e-4 patient",4301.3,4317.3354
2025-05-15 09:00:00,val,"MLP v3b [256,128,64] lr1e-4 patient",4932.54,4867.954
2025-05-15 10:00:00,val,"MLP v3b [256,128,64] lr1e-4 patient",5301.7,5282.4204
2025-05-15 11:00:00,val,"MLP v3b [256,128,64] lr1e-4 patient",5507.4,5527.182
2025-05-15 12:00:00,val,"MLP v3b [256,128,64] lr1e-4 patient",5642.55,5684.0444
2025-05-15 13:00:00,val,"MLP v3b [256,128,64] lr1e-4 patient",5761.54,5756.0864
2025-05-15 14:00:00,val,"MLP v3b [256,128,64] lr1e-4 patient",6228.48,6163.789
2025-05-15 15:00:00,val,"MLP v3b [256,128,64] lr1e-4 patient",6372.2,6294.5454
2025-05-15 16:00:00,val,"MLP v3b [256,128,64] lr1e-4 patient",6317.65,6286.7773
2025-05-15 17:00:00,val,"MLP v3b [256,128,64] lr1e-4 patient",6102.24,6030.3926
2025-05-15 18:00:00,val,"MLP v3b [256,128,64] lr1e-4 patient",5695.01,5682.1587
2025-05-15 19:00:00,val,"MLP v3b [256,128,64] lr1e-4 patient",5512.94,5478.871
2025-05-15 20:00:00,val,"MLP v3b [256,128,64] lr1e-4 patient",5534.37,5559.34
2025-05-15 21:00:00,val,"MLP v3b [256,128,64] lr1e-4 patient",5929.0,5866.6523
2025-05-15 22:00:00,val,"MLP v3b [256,128,64] lr1e-4 patient",6362.34,6246.92
2025-05-15 23:00:00,val,"MLP v3b [256,128,64] lr1e-4 patient",6432.51,6405.389
2025-05-16 00:00:00,val,"MLP v3b [256,128,64] lr1e-4 patient",6312.14,6320.6836
2025-05-16 01:00:00,val,"MLP v3b [256,128,64] lr1e-4 patient",5978.6,5955.022
2025-05-16 02:00:00,val,"MLP v3b [256,128,64] lr1e-4 patient",5614.75,5630.979
2025-05-16 03:00:00,val,"MLP v3b [256,128,64] lr1e-4 patient",5286.75,5265.9126
2025-05-16 04:00:00,val,"MLP v3b [256,128,64] lr1e-4 patient",4978.41,4981.4927
2025-05-16 05:00:00,val,"MLP v3b [256,128,64] lr1e-4 patient",4747.0,4713.013
2025-05-16 06:00:00,val,"MLP v3b [256,128,64] lr1e-4 patient",4563.24,4449.8184
2025-05-16 07:00:00,val,"MLP v3b [256,128,64] lr1e-4 patient",4469.93,4473.6943
2025-05-16 08:00:00,val,"MLP v3b [256,128,64] lr1e-4 patient",4638.06,4578.2886
2025-05-16 09:00:00,val,"MLP v3b [256,128,64] lr1e-4 patient",5281.4,5200.176
2025-05-16 10:00:00,val,"MLP v3b [256,128,64] lr1e-4 patient",5634.76,5678.158
2025-05-16 11:00:00,val,"MLP v3b [256,128,64] lr1e-4 patient",5856.01,5872.4805
2025-05-16 12:00:00,val,"MLP v3b [256,128,64] lr1e-4 patient",6030.47,6027.305
2025-05-16 13:00:00,val,"MLP v3b [256,128,64] lr1e-4 patient",6215.91,6162.7617
2025-05-16 14:00:00,val,"MLP v3b [256,128,64] lr1e-4 patient",6743.55,6609.196
2025-05-16 15:00:00,val,"MLP v3b [256,128,64] lr1e-4 patient",6840.22,6777.4043
2025-05-16 16:00:00,val,"MLP v3b [256,128,64] lr1e-4 patient",6702.07,6703.912
2025-05-16 17:00:00,val,"MLP v3b [256,128,64] lr1e-4 patient",5873.2,6374.771
2025-05-16 18:00:00,val,"MLP v3b [256,128,64] lr1e-4 patient",5416.77,5626.4595
2025-05-16 19:00:00,val,"MLP v3b [256,128,64] lr1e-4 patient",5397.51,5281.235
2025-05-16 20:00:00,val,"MLP v3b [256,128,64] lr1e-4 patient",5465.61,5449.3403
2025-05-16 21:00:00,val,"MLP v3b [256,128,64] lr1e-4 patient",5769.44,5849.795
2025-05-16 22:00:00,val,"MLP v3b [256,128,64] lr1e-4 patient",6091.18,6154.595
2025-05-16 23:00:00,val,"MLP v3b [256,128,64] lr1e-4 patient",6195.33,6250.5513
2025-05-17 00:00:00,val,"MLP v3b [256,128,64] lr1e-4 patient",6100.82,6153.0396
2025-05-17 01:00:00,val,"MLP v3b [256,128,64] lr1e-4 patient",5747.28,5834.4746
2025-05-17 02:00:00,val,"MLP v3b [256,128,64] lr1e-4 patient",5412.04,5490.6245
2025-05-17 03:00:00,val,"MLP v3b [256,128,64] lr1e-4 patient",5128.24,5139.1587
2025-05-17 04:00:00,val,"MLP v3b [256,128,64] lr1e-4 patient",4855.96,4869.598
2025-05-17 05:00:00,val,"MLP v3b [256,128,64] lr1e-4 patient",4641.16,4671.992
2025-05-17 06:00:00,val,"MLP v3b [256,128,64] lr1e-4 patient",4454.59,4393.063
2025-05-17 07:00:00,val,"MLP v3b [256,128,64] lr1e-4 patient",4371.64,4352.3164
2025-05-17 08:00:00,val,"MLP v3b [256,128,64] lr1e-4 patient",4363.31,4386.3384
2025-05-17 09:00:00,val,"MLP v3b [256,128,64] lr1e-4 patient",4818.96,4844.73
2025-05-17 10:00:00,val,"MLP v3b [256,128,64] lr1e-4 patient",5185.76,5206.715
2025-05-17 11:00:00,val,"MLP v3b [256,128,64] lr1e-4 patient",5492.18,5450.4146
2025-05-17 12:00:00,val,"MLP v3b [256,128,64] lr1e-4 patient",5718.13,5673.097
2025-05-17 13:00:00,val,"MLP v3b [256,128,64] lr1e-4 patient",5898.15,5880.639
2025-05-17 14:00:00,val,"MLP v3b [256,128,64] lr1e-4 patient",6201.99,6262.4355
2025-05-17 15:00:00,val,"MLP v3b [256,128,64] lr1e-4 patient",6148.29,6240.467
2025-05-17 16:00:00,val,"MLP v3b [256,128,64] lr1e-4 patient",5874.26,6024.0684
2025-05-17 17:00:00,val,"MLP v3b [256,128,64] lr1e-4 patient",5753.25,5629.4224
2025-05-17 18:00:00,val,"MLP v3b [256,128,64] lr1e-4 patient",5450.14,5360.2866
2025-05-17 19:00:00,val,"MLP v3b [256,128,64] lr1e-4 patient",5212.25,5280.5723
2025-05-17 20:00:00,val,"MLP v3b [256,128,64] lr1e-4 patient",5252.64,5335.4907
2025-05-17 21:00:00,val,"MLP v3b [256,128,64] lr1e-4 patient",5478.43,5616.668
2025-05-17 22:00:00,val,"MLP v3b [256,128,64] lr1e-4 patient",5908.95,5875.5835
2025-05-17 23:00:00,val,"MLP v3b [256,128,64] lr1e-4 patient",6002.05,6016.614
2025-05-18 00:00:00,val,"MLP v3b [256,128,64] lr1e-4 patient",5964.61,6020.7734
2025-05-18 01:00:00,val,"MLP v3b [256,128,64] lr1e-4 patient",5690.3,5712.8774
2025-05-18 02:00:00,val,"MLP v3b [256,128,64] lr1e-4 patient",5353.43,5413.583
2025-05-18 03:00:00,val,"MLP v3b [256,128,64] lr1e-4 patient",5032.26,5063.0684
2025-05-18 04:00:00,val,"MLP v3b [256,128,64] lr1e-4 patient",4769.47,4815.3926
2025-05-18 05:00:00,val,"MLP v3b [256,128,64] lr1e-4 patient",4562.9,4596.96
2025-05-18 06:00:00,val,"MLP v3b [256,128,64] lr1e-4 patient",4304.19,4324.8315
2025-05-18 07:00:00,val,"MLP v3b [256,128,64] lr1e-4 patient",4220.21,4196.38
2025-05-18 08:00:00,val,"MLP v3b [256,128,64] lr1e-4 patient",4149.92,4171.852
2025-05-18 09:00:00,val,"MLP v3b [256,128,64] lr1e-4 patient",4431.38,4486.6294
2025-05-18 10:00:00,val,"MLP v3b [256,128,64] lr1e-4 patient",4783.04,4781.3433
2025-05-18 11:00:00,val,"MLP v3b [256,128,64] lr1e-4 patient",5038.5,5043.153
2025-05-18 12:00:00,val,"MLP v3b [256,128,64] lr1e-4 patient",5288.63,5250.692
2025-05-18 13:00:00,val,"MLP v3b [256,128,64] lr1e-4 patient",5507.79,5463.3555
2025-05-18 14:00:00,val,"MLP v3b [256,128,64] lr1e-4 patient",5919.14,5877.635
2025-05-18 15:00:00,val,"MLP v3b [256,128,64] lr1e-4 patient",6026.69,5999.033
2025-05-18 16:00:00,val,"MLP v3b [256,128,64] lr1e-4 patient",5994.95,5903.472
2025-05-18 17:00:00,val,"MLP v3b [256,128,64] lr1e-4 patient",5795.76,5699.6353
2025-05-18 18:00:00,val,"MLP v3b [256,128,64] lr1e-4 patient",5469.14,5388.5474
2025-05-18 19:00:00,val,"MLP v3b [256,128,64] lr1e-4 patient",5564.53,5352.557
2025-05-18 20:00:00,val,"MLP v3b [256,128,64] lr1e-4 patient",5812.52,5704.0547
2025-05-18 21:00:00,val,"MLP v3b [256,128,64] lr1e-4 patient",6349.53,6224.054
2025-05-18 22:00:00,val,"MLP v3b [256,128,64] lr1e-4 patient",6771.52,6662.149
2025-05-18 23:00:00,val,"MLP v3b [256,128,64] lr1e-4 patient",6822.61,6783.471
2025-05-19 00:00:00,val,"MLP v3b [256,128,64] lr1e-4 patient",6768.61,6645.0703
2025-05-19 01:00:00,val,"MLP v3b [256,128,64] lr1e-4 patient",6446.85,6364.6934
2025-05-19 02:00:00,val,"MLP v3b [256,128,64] lr1e-4 patient",6078.9,6075.939
2025-05-19 03:00:00,val,"MLP v3b [256,128,64] lr1e-4 patient",5718.76,5734.9473
2025-05-19 04:00:00,val,"MLP v3b [256,128,64] lr1e-4 patient",5386.56,5401.0815
2025-05-19 05:00:00,val,"MLP v3b [256,128,64] lr1e-4 patient",5145.21,5091.543
2025-05-19 06:00:00,val,"MLP v3b [256,128,64] lr1e-4 patient",4833.17,4748.3535
2025-05-19 07:00:00,val,"MLP v3b [256,128,64] lr1e-4 patient",4727.09,4694.766
2025-05-19 08:00:00,val,"MLP v3b [256,128,64] lr1e-4 patient",4862.85,4755.4355
2025-05-19 09:00:00,val,"MLP v3b [256,128,64] lr1e-4 patient",5489.57,5418.9517
2025-05-19 10:00:00,val,"MLP v3b [256,128,64] lr1e-4 patient",5962.62,5866.6733
2025-05-19 11:00:00,val,"MLP v3b [256,128,64] lr1e-4 patient",6228.85,6184.729
2025-05-19 12:00:00,val,"MLP v3b [256,128,64] lr1e-4 patient",6499.95,6398.926
2025-05-19 13:00:00,val,"MLP v3b [256,128,64] lr1e-4 patient",6667.44,6617.172
2025-05-19 14:00:00,val,"MLP v3b [256,128,64] lr1e-4 patient",7120.85,7018.801
2025-05-19 15:00:00,val,"MLP v3b [256,128,64] lr1e-4 patient",7235.17,7144.4604
2025-05-19 16:00:00,val,"MLP v3b [256,128,64] lr1e-4 patient",7139.32,7087.188
2025-05-19 17:00:00,val,"MLP v3b [256,128,64] lr1e-4 patient",6841.51,6755.7124
2025-05-19 18:00:00,val,"MLP v3b [256,128,64] lr1e-4 patient",6472.25,6276.8364
2025-05-19 19:00:00,val,"MLP v3b [256,128,64] lr1e-4 patient",6300.86,6155.0796
2025-05-19 20:00:00,val,"MLP v3b [256,128,64] lr1e-4 patient",6502.78,6441.2905
2025-05-19 21:00:00,val,"MLP v3b [256,128,64] lr1e-4 patient",6948.9,6902.85
2025-05-19 22:00:00,val,"MLP v3b [256,128,64] lr1e-4 patient",7188.57,7265.6304
2025-05-19 23:00:00,val,"MLP v3b [256,128,64] lr1e-4 patient",7244.15,7249.7144
2025-05-20 00:00:00,val,"MLP v3b [256,128,64] lr1e-4 patient",7083.38,7063.6304
2025-05-20 01:00:00,val,"MLP v3b [256,128,64] lr1e-4 patient",6746.44,6735.693
2025-05-20 02:00:00,val,"MLP v3b [256,128,64] lr1e-4 patient",6351.02,6399.108
2025-05-20 03:00:00,val,"MLP v3b [256,128,64] lr1e-4 patient",6004.22,6055.9985
2025-05-20 04:00:00,val,"MLP v3b [256,128,64] lr1e-4 patient",5706.29,5722.588
2025-05-20 05:00:00,val,"MLP v3b [256,128,64] lr1e-4 patient",5406.69,5430.6074
2025-05-20 06:00:00,val,"MLP v3b [256,128,64] lr1e-4 patient",5040.84,5028.0522
2025-05-20 07:00:00,val,"MLP v3b [256,128,64] lr1e-4 patient",4902.53,4893.649
2025-05-20 08:00:00,val,"MLP v3b [256,128,64] lr1e-4 patient",5045.9,4946.8857
2025-05-20 09:00:00,val,"MLP v3b [256,128,64] lr1e-4 patient",5571.61,5630.9604
2025-05-20 10:00:00,val,"MLP v3b [256,128,64] lr1e-4 patient",6002.63,6038.7227
2025-05-20 11:00:00,val,"MLP v3b [256,128,64] lr1e-4 patient",6294.88,6296.644
2025-05-20 12:00:00,val,"MLP v3b [256,128,64] lr1e-4 patient",6720.63,6542.486
2025-05-20 13:00:00,val,"MLP v3b [256,128,64] lr1e-4 patient",6904.75,6883.711
2025-05-20 14:00:00,val,"MLP v3b [256,128,64] lr1e-4 patient",7328.89,7298.3145
2025-05-20 15:00:00,val,"MLP v3b [256,128,64] lr1e-4 patient",7379.32,7376.543
2025-05-20 16:00:00,val,"MLP v3b [256,128,64] lr1e-4 patient",7221.15,7262.5015
2025-05-20 17:00:00,val,"MLP v3b [256,128,64] lr1e-4 patient",6966.02,6877.7676
2025-05-20 18:00:00,val,"MLP v3b [256,128,64] lr1e-4 patient",6573.49,6415.0234
2025-05-20 19:00:00,val,"MLP v3b [256,128,64] lr1e-4 patient",6494.35,6269.4
2025-05-20 20:00:00,val,"MLP v3b [256,128,64] lr1e-4 patient",6750.1,6604.4707
2025-05-20 21:00:00,val,"MLP v3b [256,128,64] lr1e-4 patient",7196.56,7122.9585
2025-05-20 22:00:00,val,"MLP v3b [256,128,64] lr1e-4 patient",7515.1,7485.937
2025-05-20 23:00:00,val,"MLP v3b [256,128,64] lr1e-4 patient",7520.98,7518.3203
2025-05-21 00:00:00,val,"MLP v3b [256,128,64] lr1e-4 patient",7372.11,7277.1367
2025-05-21 01:00:00,val,"MLP v3b [256,128,64] lr1e-4 patient",6931.46,6947.644
2025-05-21 02:00:00,val,"MLP v3b [256,128,64] lr1e-4 patient",6553.74,6567.6016
2025-05-21 03:00:00,val,"MLP v3b [256,128,64] lr1e-4 patient",6224.56,6209.605
2025-05-21 04:00:00,val,"MLP v3b [256,128,64] lr1e-4 patient",5896.95,5906.81
2025-05-21 05:00:00,val,"MLP v3b [256,128,64] lr1e-4 patient",5629.05,5600.865
2025-05-21 06:00:00,val,"MLP v3b [256,128,64] lr1e-4 patient",5259.59,5184.9375
2025-05-21 07:00:00,val,"MLP v3b [256,128,64] lr1e-4 patient",5115.53,5021.841
2025-05-21 08:00:00,val,"MLP v3b [256,128,64] lr1e-4 patient",5305.56,5096.0986
2025-05-21 09:00:00,val,"MLP v3b [256,128,64] lr1e-4 patient",5965.59,5861.703
2025-05-21 10:00:00,val,"MLP v3b [256,128,64] lr1e-4 patient",6458.78,6356.3257
2025-05-21 11:00:00,val,"MLP v3b [256,128,64] lr1e-4 patient",6668.8,6680.3867
2025-05-21 12:00:00,val,"MLP v3b [256,128,64] lr1e-4 patient",6989.91,6854.6426
2025-05-21 13:00:00,val,"MLP v3b [256,128,64] lr1e-4 patient",7221.21,7099.951
2025-05-21 14:00:00,val,"MLP v3b [256,128,64] lr1e-4 patient",7575.15,7550.0327
2025-05-21 15:00:00,val,"MLP v3b [256,128,64] lr1e-4 patient",7720.54,7585.9575
2025-05-21 16:00:00,val,"MLP v3b [256,128,64] lr1e-4 patient",7617.63,7518.0747
2025-05-21 17:00:00,val,"MLP v3b [256,128,64] lr1e-4 patient",7248.54,7201.8257
2025-05-21 18:00:00,val,"MLP v3b [256,128,64] lr1e-4 patient",6845.76,6636.439
2025-05-21 19:00:00,val,"MLP v3b [256,128,64] lr1e-4 patient",6574.55,6486.5547
2025-05-21 20:00:00,val,"MLP v3b [256,128,64] lr1e-4 patient",5480.51,6706.3237
2025-05-21 21:00:00,val,"MLP v3b [256,128,64] lr1e-4 patient",4704.81,6109.742
2025-05-21 22:00:00,val,"MLP v3b [256,128,64] lr1e-4 patient",5534.91,5316.287
2025-05-21 23:00:00,val,"MLP v3b [256,128,64] lr1e-4 patient",5773.62,5673.7534
2025-05-22 00:00:00,val,"MLP v3b [256,128,64] lr1e-4 patient",5886.32,5972.186
2025-05-22 01:00:00,val,"MLP v3b [256,128,64] lr1e-4 patient",5526.76,5732.1694
2025-05-22 02:00:00,val,"MLP v3b [256,128,64] lr1e-4 patient",5248.69,5442.8726
2025-05-22 03:00:00,val,"MLP v3b [256,128,64] lr1e-4 patient",4935.69,5106.27
2025-05-22 04:00:00,val,"MLP v3b [256,128,64] lr1e-4 patient",4724.58,4839.576
2025-05-22 05:00:00,val,"MLP v3b [256,128,64] lr1e-4 patient",4494.79,4590.642
2025-05-22 06:00:00,val,"MLP v3b [256,128,64] lr1e-4 patient",4422.37,4274.054
2025-05-22 07:00:00,val,"MLP v3b [256,128,64] lr1e-4 patient",4394.64,4369.2266
2025-05-22 08:00:00,val,"MLP v3b [256,128,64] lr1e-4 patient",4444.22,4394.013
2025-05-22 09:00:00,val,"MLP v3b [256,128,64] lr1e-4 patient",4979.25,4967.0796
2025-05-22 10:00:00,val,"MLP v3b [256,128,64] lr1e-4 patient",5277.2,5316.1187
2025-05-22 11:00:00,val,"MLP v3b [256,128,64] lr1e-4 patient",5508.51,5508.2383
2025-05-22 12:00:00,val,"MLP v3b [256,128,64] lr1e-4 patient",5661.69,5691.8267
2025-05-22 13:00:00,val,"MLP v3b [256,128,64] lr1e-4 patient",5616.09,5780.435
2025-05-22 14:00:00,val,"MLP v3b [256,128,64] lr1e-4 patient",6024.75,5978.638
2025-05-22 15:00:00,val,"MLP v3b [256,128,64] lr1e-4 patient",6153.7,6109.023
2025-05-22 16:00:00,val,"MLP v3b [256,128,64] lr1e-4 patient",6102.05,6101.6055
2025-05-22 17:00:00,val,"MLP v3b [256,128,64] lr1e-4 patient",5969.0,5896.9336
2025-05-22 18:00:00,val,"MLP v3b [256,128,64] lr1e-4 patient",5679.7,5628.0156
2025-05-22 19:00:00,val,"MLP v3b [256,128,64] lr1e-4 patient",5534.82,5558.44
2025-05-22 20:00:00,val,"MLP v3b [256,128,64] lr1e-4 patient",5505.2,5561.4507
2025-05-22 21:00:00,val,"MLP v3b [256,128,64] lr1e-4 patient",5816.36,5765.658
2025-05-22 22:00:00,val,"MLP v3b [256,128,64] lr1e-4 patient",6174.83,6113.9995
2025-05-22 23:00:00,val,"MLP v3b [256,128,64] lr1e-4 patient",6271.48,6221.5776
2025-05-23 00:00:00,val,"MLP v3b [256,128,64] lr1e-4 patient",6159.9,6197.945
2025-05-23 01:00:00,val,"MLP v3b [256,128,64] lr1e-4 patient",5780.89,5816.0796
2025-05-23 02:00:00,val,"MLP v3b [256,128,64] lr1e-4 patient",5393.85,5484.3223
2025-05-23 03:00:00,val,"MLP v3b [256,128,64] lr1e-4 patient",5057.19,5072.6343
2025-05-23 04:00:00,val,"MLP v3b [256,128,64] lr1e-4 patient",4833.74,4780.5854
2025-05-23 05:00:00,val,"MLP v3b [256,128,64] lr1e-4 patient",4644.81,4577.1914
2025-05-23 06:00:00,val,"MLP v3b [256,128,64] lr1e-4 patient",4511.7,4384.9966
2025-05-23 07:00:00,val,"MLP v3b [256,128,64] lr1e-4 patient",4514.34,4431.731
2025-05-23 08:00:00,val,"MLP v3b [256,128,64] lr1e-4 patient",4623.43,4597.8325
2025-05-23 09:00:00,val,"MLP v3b [256,128,64] lr1e-4 patient",5267.22,5195.3745
2025-05-23 10:00:00,val,"MLP v3b [256,128,64] lr1e-4 patient",5614.25,5616.893
2025-05-23 11:00:00,val,"MLP v3b [256,128,64] lr1e-4 patient",5894.76,5830.9746
2025-05-23 12:00:00,val,"MLP v3b [256,128,64] lr1e-4 patient",5997.97,6019.9478
2025-05-23 13:00:00,val,"MLP v3b [256,128,64] lr1e-4 patient",6166.01,6085.7515
2025-05-23 14:00:00,val,"MLP v3b [256,128,64] lr1e-4 patient",6510.72,6537.0483
2025-05-23 15:00:00,val,"MLP v3b [256,128,64] lr1e-4 patient",6626.74,6556.776
2025-05-23 16:00:00,val,"MLP v3b [256,128,64] lr1e-4 patient",6520.09,6497.599
2025-05-23 17:00:00,val,"MLP v3b [256,128,64] lr1e-4 patient",6321.46,6227.636
2025-05-23 18:00:00,val,"MLP v3b [256,128,64] lr1e-4 patient",6022.37,5864.771
2025-05-23 19:00:00,val,"MLP v3b [256,128,64] lr1e-4 patient",5761.3,5752.432
2025-05-23 20:00:00,val,"MLP v3b [256,128,64] lr1e-4 patient",5808.13,5800.639
2025-05-23 21:00:00,val,"MLP v3b [256,128,64] lr1e-4 patient",6150.7,6123.515
2025-05-23 22:00:00,val,"MLP v3b [256,128,64] lr1e-4 patient",6468.86,6454.3022
2025-05-23 23:00:00,val,"MLP v3b [256,128,64] lr1e-4 patient",6576.46,6530.2456
2025-05-24 00:00:00,val,"MLP v3b [256,128,64] lr1e-4 patient",6514.69,6436.692
2025-05-24 01:00:00,val,"MLP v3b [256,128,64] lr1e-4 patient",6102.19,6135.2285
2025-05-24 02:00:00,val,"MLP v3b [256,128,64] lr1e-4 patient",5758.96,5784.7593
2025-05-24 03:00:00,val,"MLP v3b [256,128,64] lr1e-4 patient",5441.47,5407.297
2025-05-24 04:00:00,val,"MLP v3b [256,128,64] lr1e-4 patient",5163.57,5097.842
2025-05-24 05:00:00,val,"MLP v3b [256,128,64] lr1e-4 patient",4905.15,4896.3657
2025-05-24 06:00:00,val,"MLP v3b [256,128,64] lr1e-4 patient",4646.37,4550.353
2025-05-24 07:00:00,val,"MLP v3b [256,128,64] lr1e-4 patient",4534.8,4492.7114
2025-05-24 08:00:00,val,"MLP v3b [256,128,64] lr1e-4 patient",4608.76,4499.0596
2025-05-24 09:00:00,val,"MLP v3b [256,128,64] lr1e-4 patient",5045.27,5045.6597
2025-05-24 10:00:00,val,"MLP v3b [256,128,64] lr1e-4 patient",5392.47,5419.5225
2025-05-24 11:00:00,val,"MLP v3b [256,128,64] lr1e-4 patient",5694.82,5657.949
2025-05-24 12:00:00,val,"MLP v3b [256,128,64] lr1e-4 patient",5994.59,5872.7563
2025-05-24 13:00:00,val,"MLP v3b [256,128,64] lr1e-4 patient",6136.33,6146.982
2025-05-24 14:00:00,val,"MLP v3b [256,128,64] lr1e-4 patient",6594.48,6497.5234
2025-05-24 15:00:00,val,"MLP v3b [256,128,64] lr1e-4 patient",6647.66,6592.2095
2025-05-24 16:00:00,val,"MLP v3b [256,128,64] lr1e-4 patient",6502.19,6531.7944
2025-05-24 17:00:00,val,"MLP v3b [256,128,64] lr1e-4 patient",6207.06,6164.9946
2025-05-24 18:00:00,val,"MLP v3b [256,128,64] lr1e-4 patient",5888.39,5740.023
2025-05-24 19:00:00,val,"MLP v3b [256,128,64] lr1e-4 patient",5783.21,5618.414
2025-05-24 20:00:00,val,"MLP v3b [256,128,64] lr1e-4 patient",5865.19,5880.9575
2025-05-24 21:00:00,val,"MLP v3b [256,128,64] lr1e-4 patient",6167.13,6264.3735
2025-05-24 22:00:00,val,"MLP v3b [256,128,64] lr1e-4 patient",6723.01,6533.429
2025-05-24 23:00:00,val,"MLP v3b [256,128,64] lr1e-4 patient",6819.27,6734.2305
2025-05-25 00:00:00,val,"MLP v3b [256,128,64] lr1e-4 patient",6791.39,6721.3574
2025-05-25 01:00:00,val,"MLP v3b [256,128,64] lr1e-4 patient",6014.69,6458.654
2025-05-25 02:00:00,val,"MLP v3b [256,128,64] lr1e-4 patient",4402.77,5807.225
2025-05-25 03:00:00,val,"MLP v3b [256,128,64] lr1e-4 patient",3916.31,4577.1646
2025-05-25 04:00:00,val,"MLP v3b [256,128,64] lr1e-4 patient",3838.42,3858.7502
2025-05-25 05:00:00,val,"MLP v3b [256,128,64] lr1e-4 patient",3905.87,3739.0781
2025-05-25 06:00:00,val,"MLP v3b [256,128,64] lr1e-4 patient",3920.43,3777.615
2025-05-25 07:00:00,val,"MLP v3b [256,128,64] lr1e-4 patient",3871.36,3901.9036
2025-05-25 08:00:00,val,"MLP v3b [256,128,64] lr1e-4 patient",3750.18,3767.0156
2025-05-25 09:00:00,val,"MLP v3b [256,128,64] lr1e-4 patient",3842.06,3951.498
2025-05-25 10:00:00,val,"MLP v3b [256,128,64] lr1e-4 patient",4208.27,3937.2058
2025-05-25 11:00:00,val,"MLP v3b [256,128,64] lr1e-4 patient",4371.28,4167.666
2025-05-25 12:00:00,val,"MLP v3b [256,128,64] lr1e-4 patient",4520.92,4357.0684
2025-05-25 13:00:00,val,"MLP v3b [256,128,64] lr1e-4 patient",4495.78,4527.8145
2025-05-25 14:00:00,val,"MLP v3b [256,128,64] lr1e-4 patient",4638.76,4593.4253
2025-05-25 15:00:00,val,"MLP v3b [256,128,64] lr1e-4 patient",4675.2,4649.9453
2025-05-25 16:00:00,val,"MLP v3b [256,128,64] lr1e-4 patient",4702.09,4648.5337
2025-05-25 17:00:00,val,"MLP v3b [256,128,64] lr1e-4 patient",4652.68,4584.969
2025-05-25 18:00:00,val,"MLP v3b [256,128,64] lr1e-4 patient",4603.97,4553.612
2025-05-25 19:00:00,val,"MLP v3b [256,128,64] lr1e-4 patient",4775.79,4660.742
2025-05-25 20:00:00,val,"MLP v3b [256,128,64] lr1e-4 patient",4933.06,4987.4844
2025-05-25 21:00:00,val,"MLP v3b [256,128,64] lr1e-4 patient",5206.91,5381.031
2025-05-25 22:00:00,val,"MLP v3b [256,128,64] lr1e-4 patient",5446.36,5659.287
2025-05-25 23:00:00,val,"MLP v3b [256,128,64] lr1e-4 patient",5516.81,5626.3945
2025-05-26 00:00:00,val,"MLP v3b [256,128,64] lr1e-4 patient",5427.9,5590.761
2025-05-26 01:00:00,val,"MLP v3b [256,128,64] lr1e-4 patient",5081.21,5169.2524
2025-05-26 02:00:00,val,"MLP v3b [256,128,64] lr1e-4 patient",4770.12,4777.643
2025-05-26 03:00:00,val,"MLP v3b [256,128,64] lr1e-4 patient",4533.57,4512.5728
2025-05-26 04:00:00,val,"MLP v3b [256,128,64] lr1e-4 patient",4263.98,4222.248
2025-05-26 05:00:00,val,"MLP v3b [256,128,64] lr1e-4 patient",4139.13,4066.0344
2025-05-26 06:00:00,val,"MLP v3b [256,128,64] lr1e-4 patient",4113.39,4048.832
2025-05-26 07:00:00,val,"MLP v3b [256,128,64] lr1e-4 patient",4167.19,4040.155
2025-05-26 08:00:00,val,"MLP v3b [256,128,64] lr1e-4 patient",4291.27,4241.45
2025-05-26 09:00:00,val,"MLP v3b [256,128,64] lr1e-4 patient",4886.52,4857.7153
2025-05-26 10:00:00,val,"MLP v3b [256,128,64] lr1e-4 patient",5175.27,5191.531
2025-05-26 11:00:00,val,"MLP v3b [256,128,64] lr1e-4 patient",5280.47,5326.287
2025-05-26 12:00:00,val,"MLP v3b [256,128,64] lr1e-4 patient",5346.61,5397.3184
2025-05-26 13:00:00,val,"MLP v3b [256,128,64] lr1e-4 patient",5393.94,5377.6514
2025-05-26 14:00:00,val,"MLP v3b [256,128,64] lr1e-4 patient",5701.1,5739.664
2025-05-26 15:00:00,val,"MLP v3b [256,128,64] lr1e-4 patient",5827.93,5752.607
2025-05-26 16:00:00,val,"MLP v3b [256,128,64] lr1e-4 patient",5789.66,5739.733
2025-05-26 17:00:00,val,"MLP v3b [256,128,64] lr1e-4 patient",5700.63,5591.16
2025-05-26 18:00:00,val,"MLP v3b [256,128,64] lr1e-4 patient",5514.37,5391.8296
2025-05-26 19:00:00,val,"MLP v3b [256,128,64] lr1e-4 patient",5441.22,5350.0054
2025-05-26 20:00:00,val,"MLP v3b [256,128,64] lr1e-4 patient",5513.97,5499.777
2025-05-26 21:00:00,val,"MLP v3b [256,128,64] lr1e-4 patient",5784.6,5863.228
2025-05-26 22:00:00,val,"MLP v3b [256,128,64] lr1e-4 patient",6054.88,6129.318
2025-05-26 23:00:00,val,"MLP v3b [256,128,64] lr1e-4 patient",6075.76,6132.744
2025-05-27 00:00:00,val,"MLP v3b [256,128,64] lr1e-4 patient",5896.67,6006.061
2025-05-27 01:00:00,val,"MLP v3b [256,128,64] lr1e-4 patient",5506.08,5600.5923
2025-05-27 02:00:00,val,"MLP v3b [256,128,64] lr1e-4 patient",5103.05,5220.408
2025-05-27 03:00:00,val,"MLP v3b [256,128,64] lr1e-4 patient",4809.14,4892.9243
2025-05-27 04:00:00,val,"MLP v3b [256,128,64] lr1e-4 patient",4552.31,4527.1772
2025-05-27 05:00:00,val,"MLP v3b [256,128,64] lr1e-4 patient",4379.79,4421.2495
2025-05-27 06:00:00,val,"MLP v3b [256,128,64] lr1e-4 patient",4277.37,4251.3833
2025-05-27 07:00:00,val,"MLP v3b [256,128,64] lr1e-4 patient",4311.69,4203.72
2025-05-27 08:00:00,val,"MLP v3b [256,128,64] lr1e-4 patient",4534.77,4418.126
2025-05-27 09:00:00,val,"MLP v3b [256,128,64] lr1e-4 patient",5146.95,5080.3687
2025-05-27 10:00:00,val,"MLP v3b [256,128,64] lr1e-4 patient",5502.2,5515.099
2025-05-27 11:00:00,val,"MLP v3b [256,128,64] lr1e-4 patient",5681.0,5694.0874
2025-05-27 12:00:00,val,"MLP v3b [256,128,64] lr1e-4 patient",5831.38,5831.1304
2025-05-27 13:00:00,val,"MLP v3b [256,128,64] lr1e-4 patient",5879.83,5942.646
2025-05-27 14:00:00,val,"MLP v3b [256,128,64] lr1e-4 patient",6230.44,6251.2437
2025-05-27 15:00:00,val,"MLP v3b [256,128,64] lr1e-4 patient",6232.38,6311.269
2025-05-27 16:00:00,val,"MLP v3b [256,128,64] lr1e-4 patient",6238.05,6169.111
2025-05-27 17:00:00,val,"MLP v3b [256,128,64] lr1e-4 patient",6065.21,5964.138
2025-05-27 18:00:00,val,"MLP v3b [256,128,64] lr1e-4 patient",5873.55,5680.9624
2025-05-27 19:00:00,val,"MLP v3b [256,128,64] lr1e-4 patient",5777.02,5633.8296
2025-05-27 20:00:00,val,"MLP v3b [256,128,64] lr1e-4 patient",5913.2,5842.129
2025-05-27 21:00:00,val,"MLP v3b [256,128,64] lr1e-4 patient",6341.99,6245.789
2025-05-27 22:00:00,val,"MLP v3b [256,128,64] lr1e-4 patient",6648.47,6641.2695
2025-05-27 23:00:00,val,"MLP v3b [256,128,64] lr1e-4 patient",6678.1,6679.8286
2025-05-28 00:00:00,val,"MLP v3b [256,128,64] lr1e-4 patient",6543.4,6525.6626
2025-05-28 01:00:00,val,"MLP v3b [256,128,64] lr1e-4 patient",6080.97,6175.019
2025-05-28 02:00:00,val,"MLP v3b [256,128,64] lr1e-4 patient",5705.5,5766.3394
2025-05-28 03:00:00,val,"MLP v3b [256,128,64] lr1e-4 patient",5399.75,5381.0767
2025-05-28 04:00:00,val,"MLP v3b [256,128,64] lr1e-4 patient",5109.61,5085.79
2025-05-28 05:00:00,val,"MLP v3b [256,128,64] lr1e-4 patient",4923.74,4882.732
2025-05-28 06:00:00,val,"MLP v3b [256,128,64] lr1e-4 patient",4683.11,4612.1694
2025-05-28 07:00:00,val,"MLP v3b [256,128,64] lr1e-4 patient",4761.58,4562.0024
2025-05-28 08:00:00,val,"MLP v3b [256,128,64] lr1e-4 patient",4968.48,4808.2104
2025-05-28 09:00:00,val,"MLP v3b [256,128,64] lr1e-4 patient",5606.15,5569.9604
2025-05-28 10:00:00,val,"MLP v3b [256,128,64] lr1e-4 patient",6015.23,5964.8677
2025-05-28 11:00:00,val,"MLP v3b [256,128,64] lr1e-4 patient",6203.49,6206.7207
2025-05-28 12:00:00,val,"MLP v3b [256,128,64] lr1e-4 patient",6373.66,6352.5845
2025-05-28 13:00:00,val,"MLP v3b [256,128,64] lr1e-4 patient",6545.36,6504.932
2025-05-28 14:00:00,val,"MLP v3b [256,128,64] lr1e-4 patient",6886.25,6898.5767
2025-05-28 15:00:00,val,"MLP v3b [256,128,64] lr1e-4 patient",6942.9,6930.892
2025-05-28 16:00:00,val,"MLP v3b [256,128,64] lr1e-4 patient",6817.21,6826.01
2025-05-28 17:00:00,val,"MLP v3b [256,128,64] lr1e-4 patient",6576.43,6491.82
2025-05-28 18:00:00,val,"MLP v3b [256,128,64] lr1e-4 patient",6273.18,6096.817
2025-05-28 19:00:00,val,"MLP v3b [256,128,64] lr1e-4 patient",6206.79,5989.9634
2025-05-28 20:00:00,val,"MLP v3b [256,128,64] lr1e-4 patient",6305.83,6288.7856
2025-05-28 21:00:00,val,"MLP v3b [256,128,64] lr1e-4 patient",6676.31,6624.9395
2025-05-28 22:00:00,val,"MLP v3b [256,128,64] lr1e-4 patient",6990.69,6949.56
2025-05-28 23:00:00,val,"MLP v3b [256,128,64] lr1e-4 patient",7001.16,6984.953
2025-05-29 00:00:00,val,"MLP v3b [256,128,64] lr1e-4 patient",6731.92,6840.761
2025-05-29 01:00:00,val,"MLP v3b [256,128,64] lr1e-4 patient",6316.07,6379.601
2025-05-29 02:00:00,val,"MLP v3b [256,128,64] lr1e-4 patient",5965.99,5993.935
2025-05-29 03:00:00,val,"MLP v3b [256,128,64] lr1e-4 patient",5645.22,5664.8345
2025-05-29 04:00:00,val,"MLP v3b [256,128,64] lr1e-4 patient",5379.49,5386.2466
2025-05-29 05:00:00,val,"MLP v3b [256,128,64] lr1e-4 patient",5143.05,5118.6934
2025-05-29 06:00:00,val,"MLP v3b [256,128,64] lr1e-4 patient",4906.31,4814.514
2025-05-29 07:00:00,val,"MLP v3b [256,128,64] lr1e-4 patient",4898.09,4769.285
2025-05-29 08:00:00,val,"MLP v3b [256,128,64] lr1e-4 patient",5117.07,4901.1616
2025-05-29 09:00:00,val,"MLP v3b [256,128,64] lr1e-4 patient",5804.89,5659.1797
2025-05-29 10:00:00,val,"MLP v3b [256,128,64] lr1e-4 patient",6226.85,6189.78
2025-05-29 11:00:00,val,"MLP v3b [256,128,64] lr1e-4 patient",6445.24,6443.35
2025-05-29 12:00:00,val,"MLP v3b [256,128,64] lr1e-4 patient",6652.59,6612.08
2025-05-29 13:00:00,val,"MLP v3b [256,128,64] lr1e-4 patient",6778.5,6764.3906
2025-05-29 14:00:00,val,"MLP v3b [256,128,64] lr1e-4 patient",7152.17,7151.828
2025-05-29 15:00:00,val,"MLP v3b [256,128,64] lr1e-4 patient",7338.35,7199.9316
2025-05-29 16:00:00,val,"MLP v3b [256,128,64] lr1e-4 patient",7074.75,7164.1157
2025-05-29 17:00:00,val,"MLP v3b [256,128,64] lr1e-4 patient",6600.27,6774.388
2025-05-29 18:00:00,val,"MLP v3b [256,128,64] lr1e-4 patient",5744.81,6160.897
2025-05-29 19:00:00,val,"MLP v3b [256,128,64] lr1e-4 patient",5624.41,5696.2114
2025-05-29 20:00:00,val,"MLP v3b [256,128,64] lr1e-4 patient",5609.6,5761.2837
2025-05-29 21:00:00,val,"MLP v3b [256,128,64] lr1e-4 patient",5888.06,6074.721
2025-05-29 22:00:00,val,"MLP v3b [256,128,64] lr1e-4 patient",6312.69,6363.215
2025-05-29 23:00:00,val,"MLP v3b [256,128,64] lr1e-4 patient",6374.47,6471.2583
2025-05-30 00:00:00,val,"MLP v3b [256,128,64] lr1e-4 patient",6288.98,6395.306
2025-05-30 01:00:00,val,"MLP v3b [256,128,64] lr1e-4 patient",5924.57,6037.359
2025-05-30 02:00:00,val,"MLP v3b [256,128,64] lr1e-4 patient",5584.87,5708.482
2025-05-30 03:00:00,val,"MLP v3b [256,128,64] lr1e-4 patient",5282.79,5342.589
2025-05-30 04:00:00,val,"MLP v3b [256,128,64] lr1e-4 patient",5027.78,5032.5483
2025-05-30 05:00:00,val,"MLP v3b [256,128,64] lr1e-4 patient",4839.08,4812.815
2025-05-30 06:00:00,val,"MLP v3b [256,128,64] lr1e-4 patient",4600.5,4543.845
2025-05-30 07:00:00,val,"MLP v3b [256,128,64] lr1e-4 patient",4667.24,4525.195
2025-05-30 08:00:00,val,"MLP v3b [256,128,64] lr1e-4 patient",4782.98,4759.4395
2025-05-30 09:00:00,val,"MLP v3b [256,128,64] lr1e-4 patient",5407.77,5407.859
2025-05-30 10:00:00,val,"MLP v3b [256,128,64] lr1e-4 patient",5606.57,5817.5864
2025-05-30 11:00:00,val,"MLP v3b [256,128,64] lr1e-4 patient",5674.95,5917.2095
2025-05-30 12:00:00,val,"MLP v3b [256,128,64] lr1e-4 patient",5677.62,5904.0547
2025-05-30 13:00:00,val,"MLP v3b [256,128,64] lr1e-4 patient",5441.85,5888.0957
2025-05-30 14:00:00,val,"MLP v3b [256,128,64] lr1e-4 patient",5706.78,5928.5234
2025-05-30 15:00:00,val,"MLP v3b [256,128,64] lr1e-4 patient",5870.13,5850.7485
2025-05-30 16:00:00,val,"MLP v3b [256,128,64] lr1e-4 patient",5877.38,5798.188
2025-05-30 17:00:00,val,"MLP v3b [256,128,64] lr1e-4 patient",5739.78,5714.8296
2025-05-30 18:00:00,val,"MLP v3b [256,128,64] lr1e-4 patient",5539.7,5495.858
2025-05-30 19:00:00,val,"MLP v3b [256,128,64] lr1e-4 patient",5371.94,5400.5483
2025-05-30 20:00:00,val,"MLP v3b [256,128,64] lr1e-4 patient",5361.72,5410.0356
2025-05-30 21:00:00,val,"MLP v3b [256,128,64] lr1e-4 patient",5668.81,5669.238
2025-05-30 22:00:00,val,"MLP v3b [256,128,64] lr1e-4 patient",5991.81,5971.81
2025-05-30 23:00:00,val,"MLP v3b [256,128,64] lr1e-4 patient",6056.1,6067.599
2025-05-31 00:00:00,val,"MLP v3b [256,128,64] lr1e-4 patient",5998.64,5998.822
2025-05-31 01:00:00,val,"MLP v3b [256,128,64] lr1e-4 patient",5678.21,5685.1445
2025-05-31 02:00:00,val,"MLP v3b [256,128,64] lr1e-4 patient",5337.81,5373.176
2025-05-31 03:00:00,val,"MLP v3b [256,128,64] lr1e-4 patient",5041.08,5031.505
2025-05-31 04:00:00,val,"MLP v3b [256,128,64] lr1e-4 patient",4811.09,4776.886
2025-05-31 05:00:00,val,"MLP v3b [256,128,64] lr1e-4 patient",4576.56,4624.374
2025-05-31 06:00:00,val,"MLP v3b [256,128,64] lr1e-4 patient",4500.03,4388.188
2025-05-31 07:00:00,val,"MLP v3b [256,128,64] lr1e-4 patient",4485.48,4431.6284
2025-05-31 08:00:00,val,"MLP v3b [256,128,64] lr1e-4 patient",4533.53,4533.752
2025-05-31 09:00:00,val,"MLP v3b [256,128,64] lr1e-4 patient",5046.9,4979.7593
2025-05-31 10:00:00,val,"MLP v3b [256,128,64] lr1e-4 patient",5298.57,5383.869
2025-05-31 11:00:00,val,"MLP v3b [256,128,64] lr1e-4 patient",5547.52,5498.5356
2025-05-31 12:00:00,val,"MLP v3b [256,128,64] lr1e-4 patient",5744.59,5688.9917
2025-05-31 13:00:00,val,"MLP v3b [256,128,64] lr1e-4 patient",5869.22,5842.901
2025-05-31 14:00:00,val,"MLP v3b [256,128,64] lr1e-4 patient",6246.07,6206.7603
2025-05-31 15:00:00,val,"MLP v3b [256,128,64] lr1e-4 patient",6331.16,6222.3696
2025-05-31 16:00:00,val,"MLP v3b [256,128,64] lr1e-4 patient",6127.53,6180.807
2025-05-31 17:00:00,val,"MLP v3b [256,128,64] lr1e-4 patient",5246.4,5822.1
2025-05-31 18:00:00,val,"MLP v3b [256,128,64] lr1e-4 patient",5129.93,5157.0806
2025-05-31 19:00:00,val,"MLP v3b [256,128,64] lr1e-4 patient",5102.6,5019.8804
2025-05-31 20:00:00,val,"MLP v3b [256,128,64] lr1e-4 patient",5159.91,5219.471
2025-05-31 21:00:00,val,"MLP v3b [256,128,64] lr1e-4 patient",5483.91,5517.3745
2025-05-31 22:00:00,val,"MLP v3b [256,128,64] lr1e-4 patient",5778.28,5874.018
2025-05-31 23:00:00,val,"MLP v3b [256,128,64] lr1e-4 patient",5795.1,5894.4375
2025-06-01 00:00:00,val,"MLP v3b [256,128,64] lr1e-4 patient",5692.12,5828.867
2025-06-01 01:00:00,val,"MLP v3b [256,128,64] lr1e-4 patient",5432.55,5456.3354
2025-06-01 02:00:00,val,"MLP v3b [256,128,64] lr1e-4 patient",5168.89,5134.132
2025-06-01 03:00:00,val,"MLP v3b [256,128,64] lr1e-4 patient",4897.26,4901.03
2025-06-01 04:00:00,val,"MLP v3b [256,128,64] lr1e-4 patient",4611.04,4682.5884
2025-06-01 05:00:00,val,"MLP v3b [256,128,64] lr1e-4 patient",4440.5,4459.234
2025-06-01 06:00:00,val,"MLP v3b [256,128,64] lr1e-4 patient",4234.62,4203.1196
2025-06-01 07:00:00,val,"MLP v3b [256,128,64] lr1e-4 patient",4065.05,4138.6943
2025-06-01 08:00:00,val,"MLP v3b [256,128,64] lr1e-4 patient",4015.39,3999.4915
2025-06-01 09:00:00,val,"MLP v3b [256,128,64] lr1e-4 patient",4246.74,4301.614
2025-06-01 10:00:00,val,"MLP v3b [256,128,64] lr1e-4 patient",4466.28,4523.51
2025-06-01 11:00:00,val,"MLP v3b [256,128,64] lr1e-4 patient",4707.84,4701.8613
2025-06-01 12:00:00,val,"MLP v3b [256,128,64] lr1e-4 patient",4968.75,4870.604
2025-06-01 13:00:00,val,"MLP v3b [256,128,64] lr1e-4 patient",5234.15,5101.461
2025-06-01 14:00:00,val,"MLP v3b [256,128,64] lr1e-4 patient",5590.49,5484.638
2025-06-01 15:00:00,val,"MLP v3b [256,128,64] lr1e-4 patient",5695.1,5648.1597
2025-06-01 16:00:00,val,"MLP v3b [256,128,64] lr1e-4 patient",5610.6,5618.3105
2025-06-01 17:00:00,val,"MLP v3b [256,128,64] lr1e-4 patient",4383.12,5334.419
2025-06-01 18:00:00,val,"MLP v3b [256,128,64] lr1e-4 patient",4468.8,4545.319
2025-06-01 19:00:00,val,"MLP v3b [256,128,64] lr1e-4 patient",4575.93,4517.4277
2025-06-01 20:00:00,val,"MLP v3b [256,128,64] lr1e-4 patient",4617.92,4740.7993
2025-06-01 21:00:00,val,"MLP v3b [256,128,64] lr1e-4 patient",4907.84,4999.094
2025-06-01 22:00:00,val,"MLP v3b [256,128,64] lr1e-4 patient",5253.01,5265.7485
2025-06-01 23:00:00,val,"MLP v3b [256,128,64] lr1e-4 patient",5354.29,5337.3706
2025-06-02 00:00:00,val,"MLP v3b [256,128,64] lr1e-4 patient",5292.86,5350.972
2025-06-02 01:00:00,val,"MLP v3b [256,128,64] lr1e-4 patient",5038.94,5057.0874
2025-06-02 02:00:00,val,"MLP v3b [256,128,64] lr1e-4 patient",4750.09,4751.785
2025-06-02 03:00:00,val,"MLP v3b [256,128,64] lr1e-4 patient",4510.99,4550.4224
2025-06-02 04:00:00,val,"MLP v3b [256,128,64] lr1e-4 patient",4279.47,4302.69
2025-06-02 05:00:00,val,"MLP v3b [256,128,64] lr1e-4 patient",4178.84,4121.1177
2025-06-02 06:00:00,val,"MLP v3b [256,128,64] lr1e-4 patient",4058.49,4120.583
2025-06-02 07:00:00,val,"MLP v3b [256,128,64] lr1e-4 patient",4139.24,4088.325
2025-06-02 08:00:00,val,"MLP v3b [256,128,64] lr1e-4 patient",4274.98,4254.148
2025-06-02 09:00:00,val,"MLP v3b [256,128,64] lr1e-4 patient",4905.38,4859.1284
2025-06-02 10:00:00,val,"MLP v3b [256,128,64] lr1e-4 patient",5261.09,5256.0728
2025-06-02 11:00:00,val,"MLP v3b [256,128,64] lr1e-4 patient",5397.58,5442.068
2025-06-02 12:00:00,val,"MLP v3b [256,128,64] lr1e-4 patient",5499.51,5528.932
2025-06-02 13:00:00,val,"MLP v3b [256,128,64] lr1e-4 patient",5609.43,5577.236
2025-06-02 14:00:00,val,"MLP v3b [256,128,64] lr1e-4 patient",5865.95,5963.2593
2025-06-02 15:00:00,val,"MLP v3b [256,128,64] lr1e-4 patient",5791.11,5937.58
2025-06-02 16:00:00,val,"MLP v3b [256,128,64] lr1e-4 patient",5736.14,5747.4277
2025-06-02 17:00:00,val,"MLP v3b [256,128,64] lr1e-4 patient",5511.46,5535.9023
2025-06-02 18:00:00,val,"MLP v3b [256,128,64] lr1e-4 patient",5289.87,5276.7583
2025-06-02 19:00:00,val,"MLP v3b [256,128,64] lr1e-4 patient",5085.31,5203.8223
2025-06-02 20:00:00,val,"MLP v3b [256,128,64] lr1e-4 patient",4964.99,5193.559
2025-06-02 21:00:00,val,"MLP v3b [256,128,64] lr1e-4 patient",5172.97,5247.158
2025-06-02 22:00:00,val,"MLP v3b [256,128,64] lr1e-4 patient",5490.69,5493.147
2025-06-02 23:00:00,val,"MLP v3b [256,128,64] lr1e-4 patient",5583.45,5543.238
2025-06-03 00:00:00,val,"MLP v3b [256,128,64] lr1e-4 patient",5535.26,5513.855
2025-06-03 01:00:00,val,"MLP v3b [256,128,64] lr1e-4 patient",5261.38,5239.6997
2025-06-03 02:00:00,val,"MLP v3b [256,128,64] lr1e-4 patient",4944.58,4957.807
2025-06-03 03:00:00,val,"MLP v3b [256,128,64] lr1e-4 patient",4666.01,4707.666
2025-06-03 04:00:00,val,"MLP v3b [256,128,64] lr1e-4 patient",4434.79,4446.0527
2025-06-03 05:00:00,val,"MLP v3b [256,128,64] lr1e-4 patient",4231.71,4278.721
2025-06-03 06:00:00,val,"MLP v3b [256,128,64] lr1e-4 patient",4053.92,4202.9067
2025-06-03 07:00:00,val,"MLP v3b [256,128,64] lr1e-4 patient",4004.46,4106.802
2025-06-03 08:00:00,val,"MLP v3b [256,128,64] lr1e-4 patient",4021.18,4183.848
2025-06-03 09:00:00,val,"MLP v3b [256,128,64] lr1e-4 patient",4565.04,4539.5913
2025-06-03 10:00:00,val,"MLP v3b [256,128,64] lr1e-4 patient",5029.58,4936.8145
2025-06-03 11:00:00,val,"MLP v3b [256,128,64] lr1e-4 patient",5115.57,5181.3657
2025-06-03 12:00:00,val,"MLP v3b [256,128,64] lr1e-4 patient",5199.62,5287.655
2025-06-03 13:00:00,val,"MLP v3b [256,128,64] lr1e-4 patient",5090.01,5267.1675
2025-06-03 14:00:00,val,"MLP v3b [256,128,64] lr1e-4 patient",5210.02,5450.2524
2025-06-03 15:00:00,val,"MLP v3b [256,128,64] lr1e-4 patient",5279.08,5321.9204
2025-06-03 16:00:00,val,"MLP v3b [256,128,64] lr1e-4 patient",5312.51,5271.4717
2025-06-03 17:00:00,val,"MLP v3b [256,128,64] lr1e-4 patient",5268.78,5170.4434
2025-06-03 18:00:00,val,"MLP v3b [256,128,64] lr1e-4 patient",5113.25,5108.858
2025-06-03 19:00:00,val,"MLP v3b [256,128,64] lr1e-4 patient",4943.88,5047.064
2025-06-03 20:00:00,val,"MLP v3b [256,128,64] lr1e-4 patient",5000.91,4985.01
2025-06-03 21:00:00,val,"MLP v3b [256,128,64] lr1e-4 patient",5220.47,5182.2637
2025-06-03 22:00:00,val,"MLP v3b [256,128,64] lr1e-4 patient",5376.0,5477.914
2025-06-03 23:00:00,val,"MLP v3b [256,128,64] lr1e-4 patient",5368.74,5436.8237
2025-06-04 00:00:00,val,"MLP v3b [256,128,64] lr1e-4 patient",5294.28,5282.2817
2025-06-04 01:00:00,val,"MLP v3b [256,128,64] lr1e-4 patient",5007.28,4981.5913
2025-06-04 02:00:00,val,"MLP v3b [256,128,64] lr1e-4 patient",4704.7,4700.4053
2025-06-04 03:00:00,val,"MLP v3b [256,128,64] lr1e-4 patient",4443.7,4510.8315
2025-06-04 04:00:00,val,"MLP v3b [256,128,64] lr1e-4 patient",4245.01,4275.8794
2025-06-04 05:00:00,val,"MLP v3b [256,128,64] lr1e-4 patient",4087.54,4118.3433
2025-06-04 06:00:00,val,"MLP v3b [256,128,64] lr1e-4 patient",3983.97,4080.9329
2025-06-04 07:00:00,val,"MLP v3b [256,128,64] lr1e-4 patient",4009.51,4034.136
2025-06-04 08:00:00,val,"MLP v3b [256,128,64] lr1e-4 patient",3996.81,4196.979
2025-06-04 09:00:00,val,"MLP v3b [256,128,64] lr1e-4 patient",4603.11,4569.023
2025-06-04 10:00:00,val,"MLP v3b [256,128,64] lr1e-4 patient",4931.41,4933.388
2025-06-04 11:00:00,val,"MLP v3b [256,128,64] lr1e-4 patient",5066.09,5087.6997
2025-06-04 12:00:00,val,"MLP v3b [256,128,64] lr1e-4 patient",5147.93,5148.2573
2025-06-04 13:00:00,val,"MLP v3b [256,128,64] lr1e-4 patient",5168.35,5132.138
2025-06-04 14:00:00,val,"MLP v3b [256,128,64] lr1e-4 patient",5407.62,5442.9526
2025-06-04 15:00:00,val,"MLP v3b [256,128,64] lr1e-4 patient",5499.05,5428.8125
2025-06-04 16:00:00,val,"MLP v3b [256,128,64] lr1e-4 patient",5499.05,5371.903
2025-06-04 17:00:00,val,"MLP v3b [256,128,64] lr1e-4 patient",5499.05,5328.2764
2025-06-04 18:00:00,val,"MLP v3b [256,128,64] lr1e-4 patient",5499.05,5234.7153
2025-06-04 19:00:00,val,"MLP v3b [256,128,64] lr1e-4 patient",5499.05,5331.4673
2025-06-04 20:00:00,val,"MLP v3b [256,128,64] lr1e-4 patient",5499.05,5484.7563
2025-06-04 21:00:00,val,"MLP v3b [256,128,64] lr1e-4 patient",5499.05,5688.1196
2025-06-04 22:00:00,val,"MLP v3b [256,128,64] lr1e-4 patient",5499.05,5753.4946
2025-06-04 23:00:00,val,"MLP v3b [256,128,64] lr1e-4 patient",5499.05,5542.7603
2025-06-05 00:00:00,val,"MLP v3b [256,128,64] lr1e-4 patient",5499.05,5440.6055
2025-06-05 01:00:00,val,"MLP v3b [256,128,64] lr1e-4 patient",5499.05,5187.56
2025-06-05 02:00:00,val,"MLP v3b [256,128,64] lr1e-4 patient",5499.05,5120.812
2025-06-05 03:00:00,val,"MLP v3b [256,128,64] lr1e-4 patient",5499.05,5112.401
2025-06-05 04:00:00,val,"MLP v3b [256,128,64] lr1e-4 patient",5499.05,5137.109
2025-06-05 05:00:00,val,"MLP v3b [256,128,64] lr1e-4 patient",5499.05,5167.8535
2025-06-05 06:00:00,val,"MLP v3b [256,128,64] lr1e-4 patient",5499.05,5070.051
2025-06-05 07:00:00,val,"MLP v3b [256,128,64] lr1e-4 patient",5499.05,5214.8335
2025-06-05 08:00:00,val,"MLP v3b [256,128,64] lr1e-4 patient",5499.05,5363.4346
2025-06-05 09:00:00,val,"MLP v3b [256,128,64] lr1e-4 patient",5499.05,5863.185
2025-06-05 10:00:00,val,"MLP v3b [256,128,64] lr1e-4 patient",5499.05,5798.2383
2025-06-05 11:00:00,val,"MLP v3b [256,128,64] lr1e-4 patient",5499.05,5657.7363
2025-06-05 12:00:00,val,"MLP v3b [256,128,64] lr1e-4 patient",5499.05,5567.561
2025-06-05 13:00:00,val,"MLP v3b [256,128,64] lr1e-4 patient",5499.05,5550.168
2025-06-05 14:00:00,val,"MLP v3b [256,128,64] lr1e-4 patient",5499.05,5763.483
2025-06-05 15:00:00,val,"MLP v3b [256,128,64] lr1e-4 patient",5499.05,5607.974
2025-06-05 16:00:00,val,"MLP v3b [256,128,64] lr1e-4 patient",5499.05,5392.4824
2025-06-05 17:00:00,val,"MLP v3b [256,128,64] lr1e-4 patient",5499.05,5344.397
2025-06-05 18:00:00,val,"MLP v3b [256,128,64] lr1e-4 patient",5499.05,5266.7603
2025-06-05 19:00:00,val,"MLP v3b [256,128,64] lr1e-4 patient",5499.05,5330.6646
2025-06-05 20:00:00,val,"MLP v3b [256,128,64] lr1e-4 patient",5499.05,5406.192
2025-06-05 21:00:00,val,"MLP v3b [256,128,64] lr1e-4 patient",5499.05,5602.7534
2025-06-05 22:00:00,val,"MLP v3b [256,128,64] lr1e-4 patient",5499.05,5651.764
2025-06-05 23:00:00,val,"MLP v3b [256,128,64] lr1e-4 patient",5499.05,5507.147
2025-06-06 00:00:00,val,"MLP v3b [256,128,64] lr1e-4 patient",5849.0,5427.3325
2025-06-06 01:00:00,val,"MLP v3b [256,128,64] lr1e-4 patient",5849.0,5419.545
2025-06-06 02:00:00,val,"MLP v3b [256,128,64] lr1e-4 patient",5849.0,5445.845
2025-06-06 03:00:00,val,"MLP v3b [256,128,64] lr1e-4 patient",5849.0,5438.487
2025-06-06 04:00:00,val,"MLP v3b [256,128,64] lr1e-4 patient",5849.0,5403.983
2025-06-06 05:00:00,val,"MLP v3b [256,128,64] lr1e-4 patient",5849.0,5437.846
2025-06-06 06:00:00,val,"MLP v3b [256,128,64] lr1e-4 patient",5849.0,5391.361
2025-06-06 07:00:00,val,"MLP v3b [256,128,64] lr1e-4 patient",5849.0,5527.971
2025-06-06 08:00:00,val,"MLP v3b [256,128,64] lr1e-4 patient",4137.0,5717.607
2025-06-06 09:00:00,val,"MLP v3b [256,128,64] lr1e-4 patient",4137.0,5091.5522
2025-06-06 10:00:00,val,"MLP v3b [256,128,64] lr1e-4 patient",4137.0,4668.028
2025-06-06 11:00:00,val,"MLP v3b [256,128,64] lr1e-4 patient",4137.0,4482.508
2025-06-06 12:00:00,val,"MLP v3b [256,128,64] lr1e-4 patient",4137.0,4371.565
2025-06-06 13:00:00,val,"MLP v3b [256,128,64] lr1e-4 patient",5740.59,4229.389
2025-06-06 14:00:00,val,"MLP v3b [256,128,64] lr1e-4 patient",6090.47,5892.5845
2025-06-06 15:00:00,val,"MLP v3b [256,128,64] lr1e-4 patient",6129.84,6256.4863
2025-06-06 16:00:00,val,"MLP v3b [256,128,64] lr1e-4 patient",6091.64,6074.4624
2025-06-06 17:00:00,val,"MLP v3b [256,128,64] lr1e-4 patient",5903.86,5843.5747
2025-06-06 18:00:00,val,"MLP v3b [256,128,64] lr1e-4 patient",5613.71,5628.513
2025-06-06 19:00:00,val,"MLP v3b [256,128,64] lr1e-4 patient",5312.65,5509.108
2025-06-06 20:00:00,val,"MLP v3b [256,128,64] lr1e-4 patient",5329.96,5414.7197
2025-06-06 21:00:00,val,"MLP v3b [256,128,64] lr1e-4 patient",5681.66,5619.682
2025-06-06 22:00:00,val,"MLP v3b [256,128,64] lr1e-4 patient",6025.63,5965.2773
2025-06-06 23:00:00,val,"MLP v3b [256,128,64] lr1e-4 patient",6121.56,6106.478
2025-06-07 00:00:00,val,"MLP v3b [256,128,64] lr1e-4 patient",6047.75,6038.809
2025-06-07 01:00:00,val,"MLP v3b [256,128,64] lr1e-4 patient",5761.63,5749.229
2025-06-07 02:00:00,val,"MLP v3b [256,128,64] lr1e-4 patient",5431.42,5498.68
2025-06-07 03:00:00,val,"MLP v3b [256,128,64] lr1e-4 patient",5150.35,5194.596
2025-06-07 04:00:00,val,"MLP v3b [256,128,64] lr1e-4 patient",4873.53,4930.294
2025-06-07 05:00:00,val,"MLP v3b [256,128,64] lr1e-4 patient",4715.01,4695.2827
2025-06-07 06:00:00,val,"MLP v3b [256,128,64] lr1e-4 patient",4495.24,4475.7437
2025-06-07 07:00:00,val,"MLP v3b [256,128,64] lr1e-4 patient",4400.98,4554.3423
2025-06-07 08:00:00,val,"MLP v3b [256,128,64] lr1e-4 patient",4332.42,4361.346
2025-06-07 09:00:00,val,"MLP v3b [256,128,64] lr1e-4 patient",4819.09,4699.1265
2025-06-07 10:00:00,val,"MLP v3b [256,128,64] lr1e-4 patient",5122.96,5067.807
2025-06-07 11:00:00,val,"MLP v3b [256,128,64] lr1e-4 patient",5377.2,5291.635
2025-06-07 12:00:00,val,"MLP v3b [256,128,64] lr1e-4 patient",5543.27,5456.324
2025-06-07 13:00:00,val,"MLP v3b [256,128,64] lr1e-4 patient",5734.24,5678.056
2025-06-07 14:00:00,val,"MLP v3b [256,128,64] lr1e-4 patient",6054.77,6000.285
2025-06-07 15:00:00,val,"MLP v3b [256,128,64] lr1e-4 patient",6127.89,6050.961
2025-06-07 16:00:00,val,"MLP v3b [256,128,64] lr1e-4 patient",6059.78,5957.9224
2025-06-07 17:00:00,val,"MLP v3b [256,128,64] lr1e-4 patient",5845.5,5741.6265
2025-06-07 18:00:00,val,"MLP v3b [256,128,64] lr1e-4 patient",5525.23,5431.9067
2025-06-07 19:00:00,val,"MLP v3b [256,128,64] lr1e-4 patient",5457.29,5399.9487
2025-06-07 20:00:00,val,"MLP v3b [256,128,64] lr1e-4 patient",5713.57,5557.471
2025-06-07 21:00:00,val,"MLP v3b [256,128,64] lr1e-4 patient",6108.91,5956.306
2025-06-07 22:00:00,val,"MLP v3b [256,128,64] lr1e-4 patient",6508.85,6355.727
2025-06-07 23:00:00,val,"MLP v3b [256,128,64] lr1e-4 patient",6560.84,6528.5156
2025-06-08 00:00:00,val,"MLP v3b [256,128,64] lr1e-4 patient",6507.81,6421.439
2025-06-08 01:00:00,val,"MLP v3b [256,128,64] lr1e-4 patient",6205.9,6147.8364
2025-06-08 02:00:00,val,"MLP v3b [256,128,64] lr1e-4 patient",5847.11,5873.3804
2025-06-08 03:00:00,val,"MLP v3b [256,128,64] lr1e-4 patient",5566.0,5519.6704
2025-06-08 04:00:00,val,"MLP v3b [256,128,64] lr1e-4 patient",5280.05,5300.761
2025-06-08 05:00:00,val,"MLP v3b [256,128,64] lr1e-4 patient",5050.98,5021.6
2025-06-08 06:00:00,val,"MLP v3b [256,128,64] lr1e-4 patient",4738.16,4714.9663
2025-06-08 07:00:00,val,"MLP v3b [256,128,64] lr1e-4 patient",4570.11,4616.31
2025-06-08 08:00:00,val,"MLP v3b [256,128,64] lr1e-4 patient",4478.07,4508.394
2025-06-08 09:00:00,val,"MLP v3b [256,128,64] lr1e-4 patient",4566.27,4883.8413
2025-06-08 10:00:00,val,"MLP v3b [256,128,64] lr1e-4 patient",4971.52,4982.778
2025-06-08 11:00:00,val,"MLP v3b [256,128,64] lr1e-4 patient",5224.21,5222.817
2025-06-08 12:00:00,val,"MLP v3b [256,128,64] lr1e-4 patient",5512.66,5423.6895
2025-06-08 13:00:00,val,"MLP v3b [256,128,64] lr1e-4 patient",5803.72,5744.2007
2025-06-08 14:00:00,val,"MLP v3b [256,128,64] lr1e-4 patient",6105.4,6166.2637
2025-06-08 15:00:00,val,"MLP v3b [256,128,64] lr1e-4 patient",6217.86,6190.9624
2025-06-08 16:00:00,val,"MLP v3b [256,128,64] lr1e-4 patient",6142.66,6152.4194
2025-06-08 17:00:00,val,"MLP v3b [256,128,64] lr1e-4 patient",5903.84,5866.215
2025-06-08 18:00:00,val,"MLP v3b [256,128,64] lr1e-4 patient",5565.55,5540.943
2025-06-08 19:00:00,val,"MLP v3b [256,128,64] lr1e-4 patient",5633.79,5517.109
2025-06-08 20:00:00,val,"MLP v3b [256,128,64] lr1e-4 patient",5997.88,5842.7505
2025-06-08 21:00:00,val,"MLP v3b [256,128,64] lr1e-4 patient",6561.56,6389.6406
2025-06-08 22:00:00,val,"MLP v3b [256,128,64] lr1e-4 patient",6990.64,6854.8726
2025-06-08 23:00:00,val,"MLP v3b [256,128,64] lr1e-4 patient",7074.54,6979.984
2025-06-09 00:00:00,val,"MLP v3b [256,128,64] lr1e-4 patient",6934.37,6853.358
2025-06-09 01:00:00,val,"MLP v3b [256,128,64] lr1e-4 patient",6760.81,6513.3105
2025-06-09 02:00:00,val,"MLP v3b [256,128,64] lr1e-4 patient",6358.95,6332.633
2025-06-09 03:00:00,val,"MLP v3b [256,128,64] lr1e-4 patient",6037.31,6034.9004
2025-06-09 04:00:00,val,"MLP v3b [256,128,64] lr1e-4 patient",5707.42,5726.819
2025-06-09 05:00:00,val,"MLP v3b [256,128,64] lr1e-4 patient",5395.63,5428.3555
2025-06-09 06:00:00,val,"MLP v3b [256,128,64] lr1e-4 patient",5028.03,5013.816
2025-06-09 07:00:00,val,"MLP v3b [256,128,64] lr1e-4 patient",4916.89,4919.512
2025-06-09 08:00:00,val,"MLP v3b [256,128,64] lr1e-4 patient",4987.11,5010.856
2025-06-09 09:00:00,val,"MLP v3b [256,128,64] lr1e-4 patient",5622.37,5595.763
2025-06-09 10:00:00,val,"MLP v3b [256,128,64] lr1e-4 patient",6045.59,6004.8013
2025-06-09 11:00:00,val,"MLP v3b [256,128,64] lr1e-4 patient",6337.22,6257.607
2025-06-09 12:00:00,val,"MLP v3b [256,128,64] lr1e-4 patient",6660.11,6492.043
2025-06-09 13:00:00,val,"MLP v3b [256,128,64] lr1e-4 patient",6833.49,6768.433
2025-06-09 14:00:00,val,"MLP v3b [256,128,64] lr1e-4 patient",7193.91,7145.0093
2025-06-09 15:00:00,val,"MLP v3b [256,128,64] lr1e-4 patient",7336.93,7216.9478
2025-06-09 16:00:00,val,"MLP v3b [256,128,64] lr1e-4 patient",7258.9,7151.9233
2025-06-09 17:00:00,val,"MLP v3b [256,128,64] lr1e-4 patient",6958.27,6879.4556
2025-06-09 18:00:00,val,"MLP v3b [256,128,64] lr1e-4 patient",6449.51,6407.6523
2025-06-09 19:00:00,val,"MLP v3b [256,128,64] lr1e-4 patient",6004.72,6217.7065
2025-06-09 20:00:00,val,"MLP v3b [256,128,64] lr1e-4 patient",6140.08,6226.0806
2025-06-09 21:00:00,val,"MLP v3b [256,128,64] lr1e-4 patient",6735.64,6576.737
2025-06-09 22:00:00,val,"MLP v3b [256,128,64] lr1e-4 patient",7236.53,7070.469
2025-06-09 23:00:00,val,"MLP v3b [256,128,64] lr1e-4 patient",7342.68,7252.7954
2025-06-10 00:00:00,val,"MLP v3b [256,128,64] lr1e-4 patient",7222.0,7123.73
2025-06-10 01:00:00,val,"MLP v3b [256,128,64] lr1e-4 patient",6924.73,6828.4194
2025-06-10 02:00:00,val,"MLP v3b [256,128,64] lr1e-4 patient",6564.63,6544.978
2025-06-10 03:00:00,val,"MLP v3b [256,128,64] lr1e-4 patient",6186.78,6248.891
2025-06-10 04:00:00,val,"MLP v3b [256,128,64] lr1e-4 patient",5838.22,5900.34
2025-06-10 05:00:00,val,"MLP v3b [256,128,64] lr1e-4 patient",5497.16,5567.346
2025-06-10 06:00:00,val,"MLP v3b [256,128,64] lr1e-4 patient",5101.34,5165.305
2025-06-10 07:00:00,val,"MLP v3b [256,128,64] lr1e-4 patient",4949.31,4995.472
2025-06-10 08:00:00,val,"MLP v3b [256,128,64] lr1e-4 patient",5071.52,5046.1206
2025-06-10 09:00:00,val,"MLP v3b [256,128,64] lr1e-4 patient",5650.02,5672.062
2025-06-10 10:00:00,val,"MLP v3b [256,128,64] lr1e-4 patient",6060.53,6093.639
2025-06-10 11:00:00,val,"MLP v3b [256,128,64] lr1e-4 patient",6257.19,6334.703
2025-06-10 12:00:00,val,"MLP v3b [256,128,64] lr1e-4 patient",6532.68,6501.889
2025-06-10 13:00:00,val,"MLP v3b [256,128,64] lr1e-4 patient",6475.6,6700.0425
2025-06-11 00:00:00,val,"MLP v3b [256,128,64] lr1e-4 patient",7340.28,5473.2324
2025-06-11 01:00:00,val,"MLP v3b [256,128,64] lr1e-4 patient",7013.41,6592.545
2025-06-11 02:00:00,val,"MLP v3b [256,128,64] lr1e-4 patient",6668.45,6635.6543
2025-06-11 03:00:00,val,"MLP v3b [256,128,64] lr1e-4 patient",6353.01,6193.963
2025-06-11 04:00:00,val,"MLP v3b [256,128,64] lr1e-4 patient",6001.01,5903.2085
2025-06-11 05:00:00,val,"MLP v3b [256,128,64] lr1e-4 patient",5718.15,5584.3945
2025-06-11 06:00:00,val,"MLP v3b [256,128,64] lr1e-4 patient",5320.83,5231.479
2025-06-11 07:00:00,val,"MLP v3b [256,128,64] lr1e-4 patient",5137.97,5048.6084
2025-06-11 08:00:00,val,"MLP v3b [256,128,64] lr1e-4 patient",5137.08,5129.471
2025-06-11 09:00:00,val,"MLP v3b [256,128,64] lr1e-4 patient",5772.11,5651.922
2025-06-11 10:00:00,val,"MLP v3b [256,128,64] lr1e-4 patient",6188.6,6067.2866
2025-06-11 11:00:00,val,"MLP v3b [256,128,64] lr1e-4 patient",6310.48,6313.154
2025-06-11 12:00:00,val,"MLP v3b [256,128,64] lr1e-4 patient",6762.98,6410.597
2025-06-11 13:00:00,val,"MLP v3b [256,128,64] lr1e-4 patient",7060.24,6742.446
2025-06-11 14:00:00,val,"MLP v3b [256,128,64] lr1e-4 patient",7470.41,7192.758
2025-06-11 15:00:00,val,"MLP v3b [256,128,64] lr1e-4 patient",7635.98,7314.5415
2025-06-11 16:00:00,val,"MLP v3b [256,128,64] lr1e-4 patient",7593.94,7297.8477
2025-06-11 17:00:00,val,"MLP v3b [256,128,64] lr1e-4 patient",7415.53,7036.922
2025-06-11 18:00:00,val,"MLP v3b [256,128,64] lr1e-4 patient",6936.92,6651.026
2025-06-11 19:00:00,val,"MLP v3b [256,128,64] lr1e-4 patient",6741.36,6486.4175
2025-06-11 20:00:00,val,"MLP v3b [256,128,64] lr1e-4 patient",7302.68,6729.6235
2025-06-11 21:00:00,val,"MLP v3b [256,128,64] lr1e-4 patient",7949.29,7398.4688
2025-06-11 22:00:00,val,"MLP v3b [256,128,64] lr1e-4 patient",8197.66,7931.978
2025-06-11 23:00:00,val,"MLP v3b [256,128,64] lr1e-4 patient",8199.12,7949.857
2025-06-12 00:00:00,val,"MLP v3b [256,128,64] lr1e-4 patient",8023.33,7831.121
2025-06-12 01:00:00,val,"MLP v3b [256,128,64] lr1e-4 patient",7700.67,7508.6484
2025-06-12 02:00:00,val,"MLP v3b [256,128,64] lr1e-4 patient",7350.35,7225.775
2025-06-12 03:00:00,val,"MLP v3b [256,128,64] lr1e-4 patient",7025.55,6928.5835
2025-06-12 04:00:00,val,"MLP v3b [256,128,64] lr1e-4 patient",6713.43,6633.1226
2025-06-12 05:00:00,val,"MLP v3b [256,128,64] lr1e-4 patient",6400.28,6360.5728
2025-06-12 06:00:00,val,"MLP v3b [256,128,64] lr1e-4 patient",5951.85,5974.822
2025-06-12 07:00:00,val,"MLP v3b [256,128,64] lr1e-4 patient",5769.34,5776.8105
2025-06-12 08:00:00,val,"MLP v3b [256,128,64] lr1e-4 patient",5927.37,5757.7954
2025-06-12 09:00:00,val,"MLP v3b [256,128,64] lr1e-4 patient",6626.84,6432.426
2025-06-12 10:00:00,val,"MLP v3b [256,128,64] lr1e-4 patient",7199.11,6909.8423
2025-06-12 11:00:00,val,"MLP v3b [256,128,64] lr1e-4 patient",7567.29,7263.533
2025-06-12 12:00:00,val,"MLP v3b [256,128,64] lr1e-4 patient",7891.71,7575.908
2025-06-12 13:00:00,val,"MLP v3b [256,128,64] lr1e-4 patient",8045.93,7835.951
2025-06-12 14:00:00,val,"MLP v3b [256,128,64] lr1e-4 patient",8324.64,8190.9907
2025-06-12 15:00:00,val,"MLP v3b [256,128,64] lr1e-4 patient",8387.63,8205.782
2025-06-12 16:00:00,val,"MLP v3b [256,128,64] lr1e-4 patient",8235.95,8069.904
2025-06-12 17:00:00,val,"MLP v3b [256,128,64] lr1e-4 patient",7757.11,7749.9863
2025-06-12 18:00:00,val,"MLP v3b [256,128,64] lr1e-4 patient",7232.88,7149.547
2025-06-12 19:00:00,val,"MLP v3b [256,128,64] lr1e-4 patient",7161.11,6868.6465
2025-06-12 20:00:00,val,"MLP v3b [256,128,64] lr1e-4 patient",7445.66,7213.521
2025-06-12 21:00:00,val,"MLP v3b [256,128,64] lr1e-4 patient",7997.57,7725.1343
2025-06-12 22:00:00,val,"MLP v3b [256,128,64] lr1e-4 patient",8360.5,8141.6055
2025-06-12 23:00:00,val,"MLP v3b [256,128,64] lr1e-4 patient",8419.34,8203.775
2025-06-13 00:00:00,val,"MLP v3b [256,128,64] lr1e-4 patient",8220.13,8095.487
2025-06-13 01:00:00,val,"MLP v3b [256,128,64] lr1e-4 patient",7887.1,7771.5806
2025-06-13 02:00:00,val,"MLP v3b [256,128,64] lr1e-4 patient",7524.97,7446.803
2025-06-13 03:00:00,val,"MLP v3b [256,128,64] lr1e-4 patient",7190.83,7157.4
2025-06-13 04:00:00,val,"MLP v3b [256,128,64] lr1e-4 patient",6823.14,6846.39
2025-06-13 05:00:00,val,"MLP v3b [256,128,64] lr1e-4 patient",6478.15,6536.435
2025-06-13 06:00:00,val,"MLP v3b [256,128,64] lr1e-4 patient",6023.36,6138.1406
2025-06-13 07:00:00,val,"MLP v3b [256,128,64] lr1e-4 patient",5893.86,5906.5215
2025-06-13 08:00:00,val,"MLP v3b [256,128,64] lr1e-4 patient",6042.89,5920.9478
2025-06-13 09:00:00,val,"MLP v3b [256,128,64] lr1e-4 patient",6766.84,6542.455
2025-06-13 10:00:00,val,"MLP v3b [256,128,64] lr1e-4 patient",7316.68,7056.482
2025-06-13 11:00:00,val,"MLP v3b [256,128,64] lr1e-4 patient",7598.89,7404.017
2025-06-13 12:00:00,val,"MLP v3b [256,128,64] lr1e-4 patient",7963.62,7644.4946
2025-06-13 13:00:00,val,"MLP v3b [256,128,64] lr1e-4 patient",8189.05,7972.672
2025-06-13 14:00:00,val,"MLP v3b [256,128,64] lr1e-4 patient",8403.58,8406.985
2025-06-13 15:00:00,val,"MLP v3b [256,128,64] lr1e-4 patient",8407.95,8369.543
2025-06-13 16:00:00,val,"MLP v3b [256,128,64] lr1e-4 patient",8149.73,8158.4766
2025-06-13 17:00:00,val,"MLP v3b [256,128,64] lr1e-4 patient",7736.24,7743.998
2025-06-13 18:00:00,val,"MLP v3b [256,128,64] lr1e-4 patient",7077.99,7145.4126
2025-06-13 19:00:00,val,"MLP v3b [256,128,64] lr1e-4 patient",6669.09,6828.763
2025-06-13 20:00:00,val,"MLP v3b [256,128,64] lr1e-4 patient",6873.98,6863.8203
2025-06-13 21:00:00,val,"MLP v3b [256,128,64] lr1e-4 patient",7402.63,7280.703
2025-06-13 22:00:00,val,"MLP v3b [256,128,64] lr1e-4 patient",7782.02,7739.3105
2025-06-13 23:00:00,val,"MLP v3b [256,128,64] lr1e-4 patient",7865.39,7815.47
2025-06-14 00:00:00,val,"MLP v3b [256,128,64] lr1e-4 patient",7788.0,7629.613
2025-06-14 01:00:00,val,"MLP v3b [256,128,64] lr1e-4 patient",7445.51,7380.6265
2025-06-14 02:00:00,val,"MLP v3b [256,128,64] lr1e-4 patient",7030.32,7076.2554
2025-06-14 03:00:00,val,"MLP v3b [256,128,64] lr1e-4 patient",6706.42,6700.9097
2025-06-14 04:00:00,val,"MLP v3b [256,128,64] lr1e-4 patient",6413.78,6367.2944
2025-06-14 05:00:00,val,"MLP v3b [256,128,64] lr1e-4 patient",6095.27,6112.9165
2025-06-14 06:00:00,val,"MLP v3b [256,128,64] lr1e-4 patient",5684.68,5709.6577
2025-06-14 07:00:00,val,"MLP v3b [256,128,64] lr1e-4 patient",5486.0,5477.002
2025-06-14 08:00:00,val,"MLP v3b [256,128,64] lr1e-4 patient",5425.17,5458.565
2025-06-14 09:00:00,val,"MLP v3b [256,128,64] lr1e-4 patient",5781.09,5891.537
2025-06-14 10:00:00,val,"MLP v3b [256,128,64] lr1e-4 patient",6416.76,6214.33
2025-06-14 11:00:00,val,"MLP v3b [256,128,64] lr1e-4 patient",6870.71,6629.551
2025-06-14 12:00:00,val,"MLP v3b [256,128,64] lr1e-4 patient",7292.41,7049.1655
2025-06-14 13:00:00,val,"MLP v3b [256,128,64] lr1e-4 patient",7634.65,7358.4824
2025-06-14 14:00:00,val,"MLP v3b [256,128,64] lr1e-4 patient",7903.16,7874.769
2025-06-14 15:00:00,val,"MLP v3b [256,128,64] lr1e-4 patient",7956.34,7865.1226
2025-06-14 16:00:00,val,"MLP v3b [256,128,64] lr1e-4 patient",7811.06,7715.602
2025-06-14 17:00:00,val,"MLP v3b [256,128,64] lr1e-4 patient",7421.78,7380.057
2025-06-14 18:00:00,val,"MLP v3b [256,128,64] lr1e-4 patient",7022.64,6819.815
2025-06-14 19:00:00,val,"MLP v3b [256,128,64] lr1e-4 patient",6853.81,6681.7876
2025-06-14 20:00:00,val,"MLP v3b [256,128,64] lr1e-4 patient",7223.36,6930.19
2025-06-14 21:00:00,val,"MLP v3b [256,128,64] lr1e-4 patient",7663.11,7485.139
2025-06-14 22:00:00,val,"MLP v3b [256,128,64] lr1e-4 patient",7872.34,7888.5366
2025-06-14 23:00:00,val,"MLP v3b [256,128,64] lr1e-4 patient",7949.77,7814.734
2025-06-15 00:00:00,val,"MLP v3b [256,128,64] lr1e-4 patient",7821.21,7730.412
2025-06-15 01:00:00,val,"MLP v3b [256,128,64] lr1e-4 patient",7606.95,7427.76
2025-06-15 02:00:00,val,"MLP v3b [256,128,64] lr1e-4 patient",7328.02,7211.642
2025-06-15 03:00:00,val,"MLP v3b [256,128,64] lr1e-4 patient",6840.24,6955.2075
2025-06-15 04:00:00,val,"MLP v3b [256,128,64] lr1e-4 patient",5562.09,6519.336
2025-06-15 05:00:00,val,"MLP v3b [256,128,64] lr1e-4 patient",5221.38,5482.0845
2025-06-15 06:00:00,val,"MLP v3b [256,128,64] lr1e-4 patient",5247.1,4913.3965
2025-06-15 07:00:00,val,"MLP v3b [256,128,64] lr1e-4 patient",5096.19,5033.5903
2025-06-15 08:00:00,val,"MLP v3b [256,128,64] lr1e-4 patient",5078.73,5053.834
2025-06-15 09:00:00,val,"MLP v3b [256,128,64] lr1e-4 patient",5120.79,5457.678
2025-06-15 10:00:00,val,"MLP v3b [256,128,64] lr1e-4 patient",5406.28,5541.474
2025-06-15 11:00:00,val,"MLP v3b [256,128,64] lr1e-4 patient",5738.05,5654.8423
2025-06-15 12:00:00,val,"MLP v3b [256,128,64] lr1e-4 patient",6019.67,6001.506
2025-06-15 13:00:00,val,"MLP v3b [256,128,64] lr1e-4 patient",6015.32,6212.406
2025-06-15 14:00:00,val,"MLP v3b [256,128,64] lr1e-4 patient",6297.72,6381.979
2025-06-15 15:00:00,val,"MLP v3b [256,128,64] lr1e-4 patient",6375.13,6388.8774
2025-06-15 16:00:00,val,"MLP v3b [256,128,64] lr1e-4 patient",6292.95,6357.228
2025-06-15 17:00:00,val,"MLP v3b [256,128,64] lr1e-4 patient",6005.65,6113.705
2025-06-15 18:00:00,val,"MLP v3b [256,128,64] lr1e-4 patient",5670.63,5722.059
2025-06-15 19:00:00,val,"MLP v3b [256,128,64] lr1e-4 patient",5754.54,5674.785
2025-06-15 20:00:00,val,"MLP v3b [256,128,64] lr1e-4 patient",6132.82,6075.92
2025-06-15 21:00:00,val,"MLP v3b [256,128,64] lr1e-4 patient",6663.62,6649.0195
2025-06-15 22:00:00,val,"MLP v3b [256,128,64] lr1e-4 patient",7095.65,7087.0566
2025-06-15 23:00:00,val,"MLP v3b [256,128,64] lr1e-4 patient",7222.6,7171.4453
2025-06-16 00:00:00,val,"MLP v3b [256,128,64] lr1e-4 patient",7177.02,7082.789
2025-06-16 01:00:00,val,"MLP v3b [256,128,64] lr1e-4 patient",6830.22,6819.07
2025-06-16 02:00:00,val,"MLP v3b [256,128,64] lr1e-4 patient",6497.48,6511.5195
2025-06-16 03:00:00,val,"MLP v3b [256,128,64] lr1e-4 patient",6181.43,6175.0376
2025-06-16 04:00:00,val,"MLP v3b [256,128,64] lr1e-4 patient",5887.89,5867.793
2025-06-16 05:00:00,val,"MLP v3b [256,128,64] lr1e-4 patient",5684.83,5580.3047
2025-06-16 06:00:00,val,"MLP v3b [256,128,64] lr1e-4 patient",5359.37,5315.0215
2025-06-16 07:00:00,val,"MLP v3b [256,128,64] lr1e-4 patient",5289.66,5204.737
2025-06-16 08:00:00,val,"MLP v3b [256,128,64] lr1e-4 patient",5424.53,5315.264
2025-06-16 09:00:00,val,"MLP v3b [256,128,64] lr1e-4 patient",5946.82,5941.819
2025-06-16 10:00:00,val,"MLP v3b [256,128,64] lr1e-4 patient",6212.42,6303.19
2025-06-16 11:00:00,val,"MLP v3b [256,128,64] lr1e-4 patient",6403.1,6439.7188
2025-06-16 12:00:00,val,"MLP v3b [256,128,64] lr1e-4 patient",6441.71,6568.6567
2025-06-16 13:00:00,val,"MLP v3b [256,128,64] lr1e-4 patient",6366.66,6625.8354
2025-06-16 14:00:00,val,"MLP v3b [256,128,64] lr1e-4 patient",6663.19,6783.107
2025-06-16 15:00:00,val,"MLP v3b [256,128,64] lr1e-4 patient",6751.76,6745.0874
2025-06-16 16:00:00,val,"MLP v3b [256,128,64] lr1e-4 patient",6703.84,6677.7017
2025-06-16 17:00:00,val,"MLP v3b [256,128,64] lr1e-4 patient",6585.83,6468.353
2025-06-16 18:00:00,val,"MLP v3b [256,128,64] lr1e-4 patient",6202.38,6157.625
2025-06-16 19:00:00,val,"MLP v3b [256,128,64] lr1e-4 patient",6053.06,6050.2583
2025-06-16 20:00:00,val,"MLP v3b [256,128,64] lr1e-4 patient",6186.29,6218.4316
2025-06-16 21:00:00,val,"MLP v3b [256,128,64] lr1e-4 patient",6652.83,6606.1704
2025-06-16 22:00:00,val,"MLP v3b [256,128,64] lr1e-4 patient",7046.07,6985.3438
2025-06-16 23:00:00,val,"MLP v3b [256,128,64] lr1e-4 patient",7105.15,7072.3374
2025-06-17 00:00:00,val,"MLP v3b [256,128,64] lr1e-4 patient",6977.76,6938.1284
2025-06-17 01:00:00,val,"MLP v3b [256,128,64] lr1e-4 patient",6606.15,6581.405
2025-06-17 02:00:00,val,"MLP v3b [256,128,64] lr1e-4 patient",6259.01,6241.513
2025-06-17 03:00:00,val,"MLP v3b [256,128,64] lr1e-4 patient",5920.97,5927.025
2025-06-17 04:00:00,val,"MLP v3b [256,128,64] lr1e-4 patient",5604.69,5624.4976
2025-06-17 05:00:00,val,"MLP v3b [256,128,64] lr1e-4 patient",5364.28,5353.7075
2025-06-17 06:00:00,val,"MLP v3b [256,128,64] lr1e-4 patient",5097.53,5065.2407
2025-06-17 07:00:00,val,"MLP v3b [256,128,64] lr1e-4 patient",5025.79,4985.4106
2025-06-17 08:00:00,val,"MLP v3b [256,128,64] lr1e-4 patient",5237.42,5126.6187
2025-06-17 09:00:00,val,"MLP v3b [256,128,64] lr1e-4 patient",5870.13,5785.957
2025-06-17 10:00:00,val,"MLP v3b [256,128,64] lr1e-4 patient",6252.57,6240.7188
2025-06-17 11:00:00,val,"MLP v3b [256,128,64] lr1e-4 patient",6561.17,6465.0996
2025-06-17 12:00:00,val,"MLP v3b [256,128,64] lr1e-4 patient",6738.99,6688.222
2025-06-17 13:00:00,val,"MLP v3b [256,128,64] lr1e-4 patient",7007.48,6834.0884
2025-06-17 14:00:00,val,"MLP v3b [256,128,64] lr1e-4 patient",7026.96,7223.6445
2025-06-17 15:00:00,val,"MLP v3b [256,128,64] lr1e-4 patient",6348.6,7076.7812
2025-06-17 16:00:00,val,"MLP v3b [256,128,64] lr1e-4 patient",5747.44,6382.3843
2025-06-17 17:00:00,val,"MLP v3b [256,128,64] lr1e-4 patient",5837.35,5669.1235
2025-06-17 18:00:00,val,"MLP v3b [256,128,64] lr1e-4 patient",5758.28,5543.851
2025-06-17 19:00:00,val,"MLP v3b [256,128,64] lr1e-4 patient",5396.51,5659.342
2025-06-17 20:00:00,val,"MLP v3b [256,128,64] lr1e-4 patient",5371.1,5636.0933
2025-06-17 21:00:00,val,"MLP v3b [256,128,64] lr1e-4 patient",5618.84,5787.3086
2025-06-17 22:00:00,val,"MLP v3b [256,128,64] lr1e-4 patient",5881.29,5997.549
2025-06-17 23:00:00,val,"MLP v3b [256,128,64] lr1e-4 patient",5945.86,6000.475
2025-06-18 00:00:00,val,"MLP v3b [256,128,64] lr1e-4 patient",5848.03,5910.112
2025-06-18 01:00:00,val,"MLP v3b [256,128,64] lr1e-4 patient",5554.55,5597.191
2025-06-18 02:00:00,val,"MLP v3b [256,128,64] lr1e-4 patient",5271.84,5301.0664
2025-06-18 03:00:00,val,"MLP v3b [256,128,64] lr1e-4 patient",5002.31,5056.7593
2025-06-18 04:00:00,val,"MLP v3b [256,128,64] lr1e-4 patient",4754.17,4779.961
2025-06-18 05:00:00,val,"MLP v3b [256,128,64] lr1e-4 patient",4583.98,4596.7573
2025-06-18 06:00:00,val,"MLP v3b [256,128,64] lr1e-4 patient",4443.71,4413.117
2025-06-18 07:00:00,val,"MLP v3b [256,128,64] lr1e-4 patient",4496.8,4405.7554
2025-06-18 08:00:00,val,"MLP v3b [256,128,64] lr1e-4 patient",4690.31,4563.244
2025-06-18 09:00:00,val,"MLP v3b [256,128,64] lr1e-4 patient",5368.61,5187.5503
2025-06-18 10:00:00,val,"MLP v3b [256,128,64] lr1e-4 patient",5732.93,5714.9453
2025-06-18 11:00:00,val,"MLP v3b [256,128,64] lr1e-4 patient",5853.21,5899.4595
2025-06-18 12:00:00,val,"MLP v3b [256,128,64] lr1e-4 patient",5946.21,5976.795
2025-06-18 13:00:00,val,"MLP v3b [256,128,64] lr1e-4 patient",6014.15,6023.7944
2025-06-18 14:00:00,val,"MLP v3b [256,128,64] lr1e-4 patient",6373.01,6343.8647
2025-06-18 15:00:00,val,"MLP v3b [256,128,64] lr1e-4 patient",6451.41,6369.15
2025-06-18 16:00:00,val,"MLP v3b [256,128,64] lr1e-4 patient",6409.93,6276.049
2025-06-18 17:00:00,val,"MLP v3b [256,128,64] lr1e-4 patient",6309.45,6096.1333
2025-06-18 18:00:00,val,"MLP v3b [256,128,64] lr1e-4 patient",6073.29,5863.3647
2025-06-18 19:00:00,val,"MLP v3b [256,128,64] lr1e-4 patient",5965.17,5824.0083
2025-06-18 20:00:00,val,"MLP v3b [256,128,64] lr1e-4 patient",6010.37,5976.9097
2025-06-18 21:00:00,val,"MLP v3b [256,128,64] lr1e-4 patient",6313.04,6237.3784
2025-06-18 22:00:00,val,"MLP v3b [256,128,64] lr1e-4 patient",6439.13,6541.3125
2025-06-18 23:00:00,val,"MLP v3b [256,128,64] lr1e-4 patient",6509.39,6449.1147
2025-06-19 00:00:00,val,"MLP v3b [256,128,64] lr1e-4 patient",6315.81,6368.8306
2025-06-19 01:00:00,val,"MLP v3b [256,128,64] lr1e-4 patient",5961.5,5948.1094
2025-06-19 02:00:00,val,"MLP v3b [256,128,64] lr1e-4 patient",5581.52,5636.4336
2025-06-19 03:00:00,val,"MLP v3b [256,128,64] lr1e-4 patient",5317.94,5270.8394
2025-06-19 04:00:00,val,"MLP v3b [256,128,64] lr1e-4 patient",5056.64,5015.472
2025-06-19 05:00:00,val,"MLP v3b [256,128,64] lr1e-4 patient",4862.92,4867.5503
2025-06-19 06:00:00,val,"MLP v3b [256,128,64] lr1e-4 patient",4646.39,4659.105
2025-06-19 07:00:00,val,"MLP v3b [256,128,64] lr1e-4 patient",4707.4,4588.806
2025-06-19 08:00:00,val,"MLP v3b [256,128,64] lr1e-4 patient",4931.14,4781.696
2025-06-19 09:00:00,val,"MLP v3b [256,128,64] lr1e-4 patient",5557.77,5494.2637
2025-06-19 10:00:00,val,"MLP v3b [256,128,64] lr1e-4 patient",5942.54,5917.146
2025-06-19 11:00:00,val,"MLP v3b [256,128,64] lr1e-4 patient",6111.09,6116.2456
2025-06-19 12:00:00,val,"MLP v3b [256,128,64] lr1e-4 patient",6257.89,6235.1484
2025-06-19 13:00:00,val,"MLP v3b [256,128,64] lr1e-4 patient",6391.27,6328.013
2025-06-19 14:00:00,val,"MLP v3b [256,128,64] lr1e-4 patient",6696.17,6738.512
2025-06-19 15:00:00,val,"MLP v3b [256,128,64] lr1e-4 patient",6790.92,6733.008
2025-06-19 16:00:00,val,"MLP v3b [256,128,64] lr1e-4 patient",6628.53,6654.328
2025-06-19 17:00:00,val,"MLP v3b [256,128,64] lr1e-4 patient",6535.85,6367.3794
2025-06-19 18:00:00,val,"MLP v3b [256,128,64] lr1e-4 patient",6268.34,6101.199
2025-06-19 19:00:00,val,"MLP v3b [256,128,64] lr1e-4 patient",5977.74,6044.996
2025-06-19 20:00:00,val,"MLP v3b [256,128,64] lr1e-4 patient",6107.03,6090.016
2025-06-19 21:00:00,val,"MLP v3b [256,128,64] lr1e-4 patient",6521.65,6391.974
2025-06-19 22:00:00,val,"MLP v3b [256,128,64] lr1e-4 patient",6862.4,6790.72
2025-06-19 23:00:00,val,"MLP v3b [256,128,64] lr1e-4 patient",6909.17,6855.2446
2025-06-20 00:00:00,val,"MLP v3b [256,128,64] lr1e-4 patient",6761.12,6722.821
2025-06-20 01:00:00,val,"MLP v3b [256,128,64] lr1e-4 patient",6274.73,6385.9673
2025-06-20 02:00:00,val,"MLP v3b [256,128,64] lr1e-4 patient",5833.04,5951.367
2025-06-20 03:00:00,val,"MLP v3b [256,128,64] lr1e-4 patient",5455.47,5533.9985
2025-06-20 04:00:00,val,"MLP v3b [256,128,64] lr1e-4 patient",5185.69,5191.1265
2025-06-20 05:00:00,val,"MLP v3b [256,128,64] lr1e-4 patient",4950.59,4968.9604
2025-06-20 06:00:00,val,"MLP v3b [256,128,64] lr1e-4 patient",4743.96,4691.4985
2025-06-20 07:00:00,val,"MLP v3b [256,128,64] lr1e-4 patient",4750.44,4671.763
2025-06-20 08:00:00,val,"MLP v3b [256,128,64] lr1e-4 patient",4980.95,4907.533
2025-06-20 09:00:00,val,"MLP v3b [256,128,64] lr1e-4 patient",5644.33,5595.181
2025-06-20 10:00:00,val,"MLP v3b [256,128,64] lr1e-4 patient",5972.95,6028.3735
2025-06-20 11:00:00,val,"MLP v3b [256,128,64] lr1e-4 patient",6073.4,6195.137
2025-06-20 12:00:00,val,"MLP v3b [256,128,64] lr1e-4 patient",6330.5,6251.0117
2025-06-20 13:00:00,val,"MLP v3b [256,128,64] lr1e-4 patient",6253.88,6447.3496
2025-06-20 14:00:00,val,"MLP v3b [256,128,64] lr1e-4 patient",6549.31,6683.3765
2025-06-20 15:00:00,val,"MLP v3b [256,128,64] lr1e-4 patient",6671.1,6609.8657
2025-06-20 16:00:00,val,"MLP v3b [256,128,64] lr1e-4 patient",6604.36,6571.0117
2025-06-20 17:00:00,val,"MLP v3b [256,128,64] lr1e-4 patient",6404.48,6359.785
2025-06-20 18:00:00,val,"MLP v3b [256,128,64] lr1e-4 patient",6128.02,6034.6113
2025-06-20 19:00:00,val,"MLP v3b [256,128,64] lr1e-4 patient",5692.26,5947.5117
2025-06-20 20:00:00,val,"MLP v3b [256,128,64] lr1e-4 patient",6031.45,5853.305
2025-06-20 21:00:00,val,"MLP v3b [256,128,64] lr1e-4 patient",6332.61,6319.0493
2025-06-20 22:00:00,val,"MLP v3b [256,128,64] lr1e-4 patient",6637.9,6686.107
2025-06-20 23:00:00,val,"MLP v3b [256,128,64] lr1e-4 patient",6695.2,6698.138
2025-06-21 00:00:00,val,"MLP v3b [256,128,64] lr1e-4 patient",6524.27,6541.5454
2025-06-21 01:00:00,val,"MLP v3b [256,128,64] lr1e-4 patient",6134.76,6171.811
2025-06-21 02:00:00,val,"MLP v3b [256,128,64] lr1e-4 patient",5762.67,5821.842
2025-06-21 03:00:00,val,"MLP v3b [256,128,64] lr1e-4 patient",5460.86,5469.4585
2025-06-21 04:00:00,val,"MLP v3b [256,128,64] lr1e-4 patient",5214.37,5186.57
2025-06-21 05:00:00,val,"MLP v3b [256,128,64] lr1e-4 patient",5036.65,5009.3247
2025-06-21 06:00:00,val,"MLP v3b [256,128,64] lr1e-4 patient",4769.87,4756.691
2025-06-21 07:00:00,val,"MLP v3b [256,128,64] lr1e-4 patient",4752.14,4697.96
2025-06-21 08:00:00,val,"MLP v3b [256,128,64] lr1e-4 patient",4816.4,4774.011
2025-06-21 09:00:00,val,"MLP v3b [256,128,64] lr1e-4 patient",5313.53,5311.7935
2025-06-21 10:00:00,val,"MLP v3b [256,128,64] lr1e-4 patient",5786.35,5710.1724
2025-06-21 11:00:00,val,"MLP v3b [256,128,64] lr1e-4 patient",6079.83,5996.5317
2025-06-21 12:00:00,val,"MLP v3b [256,128,64] lr1e-4 patient",6303.58,6236.8726
2025-06-21 13:00:00,val,"MLP v3b [256,128,64] lr1e-4 patient",6436.36,6435.1094
2025-06-21 14:00:00,val,"MLP v3b [256,128,64] lr1e-4 patient",6822.27,6768.4062
2025-06-21 15:00:00,val,"MLP v3b [256,128,64] lr1e-4 patient",6856.0,6813.7793
2025-06-21 16:00:00,val,"MLP v3b [256,128,64] lr1e-4 patient",6702.74,6700.9224
2025-06-21 17:00:00,val,"MLP v3b [256,128,64] lr1e-4 patient",6216.94,6388.186
2025-06-21 18:00:00,val,"MLP v3b [256,128,64] lr1e-4 patient",5976.93,5888.895
2025-06-21 19:00:00,val,"MLP v3b [256,128,64] lr1e-4 patient",6033.72,5803.321
2025-06-21 20:00:00,val,"MLP v3b [256,128,64] lr1e-4 patient",6298.5,6147.896
2025-06-21 21:00:00,val,"MLP v3b [256,128,64] lr1e-4 patient",6682.95,6638.367
2025-06-21 22:00:00,val,"MLP v3b [256,128,64] lr1e-4 patient",6951.38,6976.261
2025-06-21 23:00:00,val,"MLP v3b [256,128,64] lr1e-4 patient",6955.87,6971.6343
2025-06-22 00:00:00,val,"MLP v3b [256,128,64] lr1e-4 patient",6732.63,6844.2188
2025-06-22 01:00:00,val,"MLP v3b [256,128,64] lr1e-4 patient",6458.68,6443.3374
2025-06-22 02:00:00,val,"MLP v3b [256,128,64] lr1e-4 patient",6085.83,6149.9126
2025-06-22 03:00:00,val,"MLP v3b [256,128,64] lr1e-4 patient",5764.53,5816.1035
2025-06-22 04:00:00,val,"MLP v3b [256,128,64] lr1e-4 patient",5470.82,5502.2344
2025-06-22 05:00:00,val,"MLP v3b [256,128,64] lr1e-4 patient",5242.98,5192.463
2025-06-22 06:00:00,val,"MLP v3b [256,128,64] lr1e-4 patient",4950.49,4881.6777
2025-06-22 07:00:00,val,"MLP v3b [256,128,64] lr1e-4 patient",4832.26,4784.149
2025-06-22 08:00:00,val,"MLP v3b [256,128,64] lr1e-4 patient",4777.79,4779.5337
2025-06-22 09:00:00,val,"MLP v3b [256,128,64] lr1e-4 patient",5144.22,5218.839
2025-06-22 10:00:00,val,"MLP v3b [256,128,64] lr1e-4 patient",5461.99,5546.768
2025-06-22 11:00:00,val,"MLP v3b [256,128,64] lr1e-4 patient",5726.57,5788.9985
2025-06-22 12:00:00,val,"MLP v3b [256,128,64] lr1e-4 patient",5886.8,6007.6875
2025-06-22 13:00:00,val,"MLP v3b [256,128,64] lr1e-4 patient",6041.35,6110.9077
2025-06-22 14:00:00,val,"MLP v3b [256,128,64] lr1e-4 patient",6423.43,6438.0527
2025-06-22 15:00:00,val,"MLP v3b [256,128,64] lr1e-4 patient",6452.85,6494.1562
2025-06-22 16:00:00,val,"MLP v3b [256,128,64] lr1e-4 patient",6357.41,6411.4688
2025-06-22 17:00:00,val,"MLP v3b [256,128,64] lr1e-4 patient",6057.97,6086.974
2025-06-22 18:00:00,val,"MLP v3b [256,128,64] lr1e-4 patient",5729.98,5696.0923
2025-06-22 19:00:00,val,"MLP v3b [256,128,64] lr1e-4 patient",5832.43,5695.982
2025-06-22 20:00:00,val,"MLP v3b [256,128,64] lr1e-4 patient",6089.58,6074.279
2025-06-22 21:00:00,val,"MLP v3b [256,128,64] lr1e-4 patient",6471.53,6550.422
2025-06-22 22:00:00,val,"MLP v3b [256,128,64] lr1e-4 patient",6780.78,6869.6987
2025-06-22 23:00:00,val,"MLP v3b [256,128,64] lr1e-4 patient",6838.58,6874.3926
2025-06-23 00:00:00,val,"MLP v3b [256,128,64] lr1e-4 patient",6711.36,6690.496
2025-06-23 01:00:00,val,"MLP v3b [256,128,64] lr1e-4 patient",6336.05,6390.558
2025-06-23 02:00:00,val,"MLP v3b [256,128,64] lr1e-4 patient",6002.91,6044.4165
2025-06-23 03:00:00,val,"MLP v3b [256,128,64] lr1e-4 patient",5665.81,5738.222
2025-06-23 04:00:00,val,"MLP v3b [256,128,64] lr1e-4 patient",5389.35,5425.8325
2025-06-23 05:00:00,val,"MLP v3b [256,128,64] lr1e-4 patient",5185.11,5164.099
2025-06-23 06:00:00,val,"MLP v3b [256,128,64] lr1e-4 patient",4960.38,4930.897
2025-06-23 07:00:00,val,"MLP v3b [256,128,64] lr1e-4 patient",5005.77,4900.643
2025-06-23 08:00:00,val,"MLP v3b [256,128,64] lr1e-4 patient",5256.07,5110.9478
2025-06-23 09:00:00,val,"MLP v3b [256,128,64] lr1e-4 patient",5990.96,5829.875
2025-06-23 10:00:00,val,"MLP v3b [256,128,64] lr1e-4 patient",6420.83,6318.785
2025-06-23 11:00:00,val,"MLP v3b [256,128,64] lr1e-4 patient",6627.41,6572.4883
2025-06-23 12:00:00,val,"MLP v3b [256,128,64] lr1e-4 patient",7012.92,6751.07
2025-06-23 13:00:00,val,"MLP v3b [256,128,64] lr1e-4 patient",7033.06,7031.2983
2025-06-23 14:00:00,val,"MLP v3b [256,128,64] lr1e-4 patient",7418.19,7343.017
2025-06-23 15:00:00,val,"MLP v3b [256,128,64] lr1e-4 patient",7517.42,7398.055
2025-06-23 16:00:00,val,"MLP v3b [256,128,64] lr1e-4 patient",7332.83,7337.4
2025-06-23 17:00:00,val,"MLP v3b [256,128,64] lr1e-4 patient",7036.23,6958.3267
2025-06-23 18:00:00,val,"MLP v3b [256,128,64] lr1e-4 patient",6465.33,6470.4204
2025-06-23 19:00:00,val,"MLP v3b [256,128,64] lr1e-4 patient",6077.26,6271.6733
2025-06-23 20:00:00,val,"MLP v3b [256,128,64] lr1e-4 patient",6046.14,6295.0474
2025-06-23 21:00:00,val,"MLP v3b [256,128,64] lr1e-4 patient",6456.22,6540.3735
2025-06-23 22:00:00,val,"MLP v3b [256,128,64] lr1e-4 patient",6861.5,6866.3574
2025-06-23 23:00:00,val,"MLP v3b [256,128,64] lr1e-4 patient",6938.89,6965.4497
2025-06-24 00:00:00,val,"MLP v3b [256,128,64] lr1e-4 patient",6752.56,6829.2695
2025-06-24 01:00:00,val,"MLP v3b [256,128,64] lr1e-4 patient",6410.85,6482.981
2025-06-24 02:00:00,val,"MLP v3b [256,128,64] lr1e-4 patient",6040.57,6130.92
2025-06-24 03:00:00,val,"MLP v3b [256,128,64] lr1e-4 patient",5734.89,5807.2773
2025-06-24 04:00:00,val,"MLP v3b [256,128,64] lr1e-4 patient",5436.94,5523.858
2025-06-24 05:00:00,val,"MLP v3b [256,128,64] lr1e-4 patient",5213.31,5261.3394
2025-06-24 06:00:00,val,"MLP v3b [256,128,64] lr1e-4 patient",5009.51,4967.969
2025-06-24 07:00:00,val,"MLP v3b [256,128,64] lr1e-4 patient",4993.46,4941.0034
2025-06-24 08:00:00,val,"MLP v3b [256,128,64] lr1e-4 patient",5212.55,5132.9883
2025-06-24 09:00:00,val,"MLP v3b [256,128,64] lr1e-4 patient",5825.18,5853.23
2025-06-24 10:00:00,val,"MLP v3b [256,128,64] lr1e-4 patient",6264.73,6272.064
2025-06-24 11:00:00,val,"MLP v3b [256,128,64] lr1e-4 patient",6549.19,6501.455
2025-06-24 12:00:00,val,"MLP v3b [256,128,64] lr1e-4 patient",6738.22,6743.7573
2025-06-24 13:00:00,val,"MLP v3b [256,128,64] lr1e-4 patient",6850.39,6900.357
2025-06-24 14:00:00,val,"MLP v3b [256,128,64] lr1e-4 patient",7030.82,7229.7524
2025-06-24 15:00:00,val,"MLP v3b [256,128,64] lr1e-4 patient",7043.38,7114.7905
2025-06-24 16:00:00,val,"MLP v3b [256,128,64] lr1e-4 patient",6838.19,6917.684
2025-06-24 17:00:00,val,"MLP v3b [256,128,64] lr1e-4 patient",6691.0,6563.5527
2025-06-24 18:00:00,val,"MLP v3b [256,128,64] lr1e-4 patient",6335.07,6233.1895
2025-06-24 19:00:00,val,"MLP v3b [256,128,64] lr1e-4 patient",6274.47,6130.1704
2025-06-24 20:00:00,val,"MLP v3b [256,128,64] lr1e-4 patient",6403.08,6392.525
2025-06-24 21:00:00,val,"MLP v3b [256,128,64] lr1e-4 patient",6776.31,6765.7026
2025-06-24 22:00:00,val,"MLP v3b [256,128,64] lr1e-4 patient",7085.61,7076.475
2025-06-24 23:00:00,val,"MLP v3b [256,128,64] lr1e-4 patient",7106.34,7084.5503
2025-06-25 00:00:00,val,"MLP v3b [256,128,64] lr1e-4 patient",6910.98,6870.06
2025-06-25 01:00:00,val,"MLP v3b [256,128,64] lr1e-4 patient",6536.64,6515.611
2025-06-25 02:00:00,val,"MLP v3b [256,128,64] lr1e-4 patient",6147.28,6167.974
2025-06-25 03:00:00,val,"MLP v3b [256,128,64] lr1e-4 patient",5848.7,5831.4434
2025-06-25 04:00:00,val,"MLP v3b [256,128,64] lr1e-4 patient",5592.0,5545.5645
2025-06-25 05:00:00,val,"MLP v3b [256,128,64] lr1e-4 patient",5415.62,5305.313
2025-06-25 06:00:00,val,"MLP v3b [256,128,64] lr1e-4 patient",5211.98,5044.224
2025-06-25 07:00:00,val,"MLP v3b [256,128,64] lr1e-4 patient",5189.95,5023.8926
2025-06-25 08:00:00,val,"MLP v3b [256,128,64] lr1e-4 patient",5399.42,5237.9946
2025-06-25 09:00:00,val,"MLP v3b [256,128,64] lr1e-4 patient",5920.44,5907.1895
2025-06-25 10:00:00,val,"MLP v3b [256,128,64] lr1e-4 patient",6384.82,6287.6523
2025-06-25 11:00:00,val,"MLP v3b [256,128,64] lr1e-4 patient",6527.02,6531.379
2025-06-25 12:00:00,val,"MLP v3b [256,128,64] lr1e-4 patient",6694.98,6672.174
2025-06-25 13:00:00,val,"MLP v3b [256,128,64] lr1e-4 patient",6738.93,6776.8774
2025-06-25 14:00:00,val,"MLP v3b [256,128,64] lr1e-4 patient",7008.38,7080.162
2025-06-25 15:00:00,val,"MLP v3b [256,128,64] lr1e-4 patient",7079.87,7065.1035
2025-06-25 16:00:00,val,"MLP v3b [256,128,64] lr1e-4 patient",6893.09,6933.936
2025-06-25 17:00:00,val,"MLP v3b [256,128,64] lr1e-4 patient",6747.49,6582.771
2025-06-25 18:00:00,val,"MLP v3b [256,128,64] lr1e-4 patient",6412.59,6244.4585
2025-06-25 19:00:00,val,"MLP v3b [256,128,64] lr1e-4 patient",6361.37,6172.7427
2025-06-25 20:00:00,val,"MLP v3b [256,128,64] lr1e-4 patient",6438.44,6429.4746
2025-06-25 21:00:00,val,"MLP v3b [256,128,64] lr1e-4 patient",6702.47,6756.681
2025-06-25 22:00:00,val,"MLP v3b [256,128,64] lr1e-4 patient",6978.13,6993.7915
2025-06-25 23:00:00,val,"MLP v3b [256,128,64] lr1e-4 patient",7004.62,6966.1978
2025-06-26 00:00:00,val,"MLP v3b [256,128,64] lr1e-4 patient",6810.68,6823.2397
2025-06-26 01:00:00,val,"MLP v3b [256,128,64] lr1e-4 patient",6425.72,6464.9585
2025-06-26 02:00:00,val,"MLP v3b [256,128,64] lr1e-4 patient",6053.76,6089.442
2025-06-26 03:00:00,val,"MLP v3b [256,128,64] lr1e-4 patient",5745.26,5759.3374
2025-06-26 04:00:00,val,"MLP v3b [256,128,64] lr1e-4 patient",5491.05,5464.151
2025-06-26 05:00:00,val,"MLP v3b [256,128,64] lr1e-4 patient",5257.41,5261.975
2025-06-26 06:00:00,val,"MLP v3b [256,128,64] lr1e-4 patient",5042.9,4973.9976
2025-06-26 07:00:00,val,"MLP v3b [256,128,64] lr1e-4 patient",5037.76,4923.4897
2025-06-26 08:00:00,val,"MLP v3b [256,128,64] lr1e-4 patient",5180.69,5090.643
2025-06-26 09:00:00,test,"MLP v3b [256,128,64] lr1e-4 patient",5962.62,5767.819
2025-06-26 10:00:00,test,"MLP v3b [256,128,64] lr1e-4 patient",6387.34,6319.804
2025-06-26 11:00:00,test,"MLP v3b [256,128,64] lr1e-4 patient",6685.78,6577.8477
2025-06-26 12:00:00,test,"MLP v3b [256,128,64] lr1e-4 patient",6933.1,6816.459
2025-06-26 13:00:00,test,"MLP v3b [256,128,64] lr1e-4 patient",7048.8,7013.819
2025-06-26 14:00:00,test,"MLP v3b [256,128,64] lr1e-4 patient",7413.8,7344.022
2025-06-26 15:00:00,test,"MLP v3b [256,128,64] lr1e-4 patient",7439.51,7411.1094
2025-06-26 16:00:00,test,"MLP v3b [256,128,64] lr1e-4 patient",7301.32,7246.0054
2025-06-26 17:00:00,test,"MLP v3b [256,128,64] lr1e-4 patient",7124.98,6924.338
2025-06-26 18:00:00,test,"MLP v3b [256,128,64] lr1e-4 patient",6709.62,6582.453
2025-06-26 19:00:00,test,"MLP v3b [256,128,64] lr1e-4 patient",6486.38,6446.0933
2025-06-26 20:00:00,test,"MLP v3b [256,128,64] lr1e-4 patient",6626.06,6584.5703
2025-06-26 21:00:00,test,"MLP v3b [256,128,64] lr1e-4 patient",7038.19,6988.069
2025-06-26 22:00:00,test,"MLP v3b [256,128,64] lr1e-4 patient",7404.2,7310.285
2025-06-26 23:00:00,test,"MLP v3b [256,128,64] lr1e-4 patient",7444.66,7380.0884
2025-06-27 00:00:00,test,"MLP v3b [256,128,64] lr1e-4 patient",7241.55,7226.2563
2025-06-27 01:00:00,test,"MLP v3b [256,128,64] lr1e-4 patient",6820.81,6838.9414
2025-06-27 02:00:00,test,"MLP v3b [256,128,64] lr1e-4 patient",6430.23,6443.306
2025-06-27 03:00:00,test,"MLP v3b [256,128,64] lr1e-4 patient",6052.15,6085.842
2025-06-27 04:00:00,test,"MLP v3b [256,128,64] lr1e-4 patient",5773.16,5745.432
2025-06-27 05:00:00,test,"MLP v3b [256,128,64] lr1e-4 patient",5554.01,5472.24
2025-06-27 06:00:00,test,"MLP v3b [256,128,64] lr1e-4 patient",5228.77,5204.618
2025-06-27 07:00:00,test,"MLP v3b [256,128,64] lr1e-4 patient",5230.53,5092.195
2025-06-27 08:00:00,test,"MLP v3b [256,128,64] lr1e-4 patient",5450.56,5286.7173
2025-06-27 09:00:00,test,"MLP v3b [256,128,64] lr1e-4 patient",6157.55,6065.9062
2025-06-27 10:00:00,test,"MLP v3b [256,128,64] lr1e-4 patient",6502.71,6520.8535
2025-06-27 11:00:00,test,"MLP v3b [256,128,64] lr1e-4 patient",6817.44,6711.334
2025-06-27 12:00:00,test,"MLP v3b [256,128,64] lr1e-4 patient",7050.54,6955.4595
2025-06-27 13:00:00,test,"MLP v3b [256,128,64] lr1e-4 patient",7173.46,7144.971
2025-06-27 14:00:00,test,"MLP v3b [256,128,64] lr1e-4 patient",7529.68,7479.1074
2025-06-27 15:00:00,test,"MLP v3b [256,128,64] lr1e-4 patient",7589.44,7526.5527
2025-06-27 16:00:00,test,"MLP v3b [256,128,64] lr1e-4 patient",7540.02,7393.238
2025-06-27 17:00:00,test,"MLP v3b [256,128,64] lr1e-4 patient",7225.58,7146.0664
2025-06-27 18:00:00,test,"MLP v3b [256,128,64] lr1e-4 patient",6814.51,6655.391
2025-06-27 19:00:00,test,"MLP v3b [256,128,64] lr1e-4 patient",6561.61,6506.1255
2025-06-27 20:00:00,test,"MLP v3b [256,128,64] lr1e-4 patient",6751.01,6659.7134
2025-06-27 21:00:00,test,"MLP v3b [256,128,64] lr1e-4 patient",7191.16,7088.735
2025-06-27 22:00:00,test,"MLP v3b [256,128,64] lr1e-4 patient",7589.68,7466.278
2025-06-27 23:00:00,test,"MLP v3b [256,128,64] lr1e-4 patient",7610.36,7543.6694
2025-06-28 00:00:00,test,"MLP v3b [256,128,64] lr1e-4 patient",7458.17,7346.543
2025-06-28 01:00:00,test,"MLP v3b [256,128,64] lr1e-4 patient",7058.93,7025.607
2025-06-28 02:00:00,test,"MLP v3b [256,128,64] lr1e-4 patient",6639.45,6657.6255
2025-06-28 03:00:00,test,"MLP v3b [256,128,64] lr1e-4 patient",6265.13,6270.7095
2025-06-28 04:00:00,test,"MLP v3b [256,128,64] lr1e-4 patient",5984.4,5924.4766
2025-06-28 05:00:00,test,"MLP v3b [256,128,64] lr1e-4 patient",5710.99,5670.4556
2025-06-28 06:00:00,test,"MLP v3b [256,128,64] lr1e-4 patient",5411.89,5296.2935
2025-06-28 07:00:00,test,"MLP v3b [256,128,64] lr1e-4 patient",5283.83,5213.5015
2025-06-28 08:00:00,test,"MLP v3b [256,128,64] lr1e-4 patient",5263.46,5258.291
2025-06-28 09:00:00,test,"MLP v3b [256,128,64] lr1e-4 patient",5838.36,5770.283
2025-06-28 10:00:00,test,"MLP v3b [256,128,64] lr1e-4 patient",6302.47,6231.7056
2025-06-28 11:00:00,test,"MLP v3b [256,128,64] lr1e-4 patient",6601.4,6548.8022
2025-06-28 12:00:00,test,"MLP v3b [256,128,64] lr1e-4 patient",6851.77,6798.1855
2025-06-28 13:00:00,test,"MLP v3b [256,128,64] lr1e-4 patient",6990.08,6988.056
2025-06-28 14:00:00,test,"MLP v3b [256,128,64] lr1e-4 patient",7102.27,7320.8413
2025-06-28 15:00:00,test,"MLP v3b [256,128,64] lr1e-4 patient",6893.47,7129.6914
2025-06-28 16:00:00,test,"MLP v3b [256,128,64] lr1e-4 patient",6243.12,6769.775
2025-06-28 17:00:00,test,"MLP v3b [256,128,64] lr1e-4 patient",5972.42,6071.9805
2025-06-28 18:00:00,test,"MLP v3b [256,128,64] lr1e-4 patient",5738.72,5698.7017
2025-06-28 19:00:00,test,"MLP v3b [256,128,64] lr1e-4 patient",5809.03,5708.4453
2025-06-28 20:00:00,test,"MLP v3b [256,128,64] lr1e-4 patient",5978.31,6025.606
2025-06-28 21:00:00,test,"MLP v3b [256,128,64] lr1e-4 patient",6205.72,6451.2617
2025-06-28 22:00:00,test,"MLP v3b [256,128,64] lr1e-4 patient",6534.63,6634.9155
2025-06-28 23:00:00,test,"MLP v3b [256,128,64] lr1e-4 patient",6581.41,6631.5293
2025-06-29 00:00:00,test,"MLP v3b [256,128,64] lr1e-4 patient",6464.55,6526.8013
2025-06-29 01:00:00,test,"MLP v3b [256,128,64] lr1e-4 patient",6141.45,6180.28
2025-06-29 02:00:00,test,"MLP v3b [256,128,64] lr1e-4 patient",5766.32,5829.111
2025-06-29 03:00:00,test,"MLP v3b [256,128,64] lr1e-4 patient",5505.86,5495.2065
2025-06-29 04:00:00,test,"MLP v3b [256,128,64] lr1e-4 patient",5262.25,5243.516
2025-06-29 05:00:00,test,"MLP v3b [256,128,64] lr1e-4 patient",5212.23,5045.6978
2025-06-29 06:00:00,test,"MLP v3b [256,128,64] lr1e-4 patient",4827.65,4916.4565
2025-06-29 07:00:00,test,"MLP v3b [256,128,64] lr1e-4 patient",4720.03,4736.5767
2025-06-29 08:00:00,test,"MLP v3b [256,128,64] lr1e-4 patient",4640.78,4694.6426
2025-06-29 09:00:00,test,"MLP v3b [256,128,64] lr1e-4 patient",5023.46,4993.4673
2025-06-29 10:00:00,test,"MLP v3b [256,128,64] lr1e-4 patient",5311.28,5368.9326
2025-06-29 11:00:00,test,"MLP v3b [256,128,64] lr1e-4 patient",5297.94,5632.03
2025-06-29 12:00:00,test,"MLP v3b [256,128,64] lr1e-4 patient",5493.18,5578.879
2025-06-29 13:00:00,test,"MLP v3b [256,128,64] lr1e-4 patient",5517.74,5675.7246
2025-06-29 14:00:00,test,"MLP v3b [256,128,64] lr1e-4 patient",5604.24,5858.721
2025-06-29 15:00:00,test,"MLP v3b [256,128,64] lr1e-4 patient",5605.33,5666.3374
2025-06-29 16:00:00,test,"MLP v3b [256,128,64] lr1e-4 patient",5425.82,5540.06
2025-06-29 17:00:00,test,"MLP v3b [256,128,64] lr1e-4 patient",5152.8,5275.6196
2025-06-29 18:00:00,test,"MLP v3b [256,128,64] lr1e-4 patient",5070.84,5042.539
2025-06-29 19:00:00,test,"MLP v3b [256,128,64] lr1e-4 patient",5194.7,5163.5747
2025-06-29 20:00:00,test,"MLP v3b [256,128,64] lr1e-4 patient",5255.41,5471.4233
2025-06-29 21:00:00,test,"MLP v3b [256,128,64] lr1e-4 patient",5536.76,5746.8867
2025-06-29 22:00:00,test,"MLP v3b [256,128,64] lr1e-4 patient",5807.66,5917.595
2025-06-29 23:00:00,test,"MLP v3b [256,128,64] lr1e-4 patient",5845.77,5926.2734
2025-06-30 00:00:00,test,"MLP v3b [256,128,64] lr1e-4 patient",5718.22,5815.9634
2025-06-30 01:00:00,test,"MLP v3b [256,128,64] lr1e-4 patient",5419.21,5424.69
2025-06-30 02:00:00,test,"MLP v3b [256,128,64] lr1e-4 patient",5134.87,5132.079
2025-06-30 03:00:00,test,"MLP v3b [256,128,64] lr1e-4 patient",4866.47,4908.938
2025-06-30 04:00:00,test,"MLP v3b [256,128,64] lr1e-4 patient",4647.23,4665.082
2025-06-30 05:00:00,test,"MLP v3b [256,128,64] lr1e-4 patient",4497.34,4494.949
2025-06-30 06:00:00,test,"MLP v3b [256,128,64] lr1e-4 patient",4374.92,4434.6504
2025-06-30 07:00:00,test,"MLP v3b [256,128,64] lr1e-4 patient",4432.88,4421.276
2025-06-30 08:00:00,test,"MLP v3b [256,128,64] lr1e-4 patient",4603.74,4627.772
2025-06-30 09:00:00,test,"MLP v3b [256,128,64] lr1e-4 patient",5178.16,5204.065
2025-06-30 10:00:00,test,"MLP v3b [256,128,64] lr1e-4 patient",5446.02,5536.3394
2025-06-30 11:00:00,test,"MLP v3b [256,128,64] lr1e-4 patient",5586.5,5628.7925
2025-06-30 12:00:00,test,"MLP v3b [256,128,64] lr1e-4 patient",5696.9,5683.3438
2025-06-30 13:00:00,test,"MLP v3b [256,128,64] lr1e-4 patient",5695.59,5752.174
2025-06-30 14:00:00,test,"MLP v3b [256,128,64] lr1e-4 patient",5829.55,6044.59
2025-06-30 15:00:00,test,"MLP v3b [256,128,64] lr1e-4 patient",5878.41,5905.305
2025-06-30 16:00:00,test,"MLP v3b [256,128,64] lr1e-4 patient",5757.79,5784.732
2025-06-30 17:00:00,test,"MLP v3b [256,128,64] lr1e-4 patient",5673.64,5614.742
2025-06-30 18:00:00,test,"MLP v3b [256,128,64] lr1e-4 patient",5591.81,5464.3867
2025-06-30 19:00:00,test,"MLP v3b [256,128,64] lr1e-4 patient",5495.54,5533.3706
2025-06-30 20:00:00,test,"MLP v3b [256,128,64] lr1e-4 patient",5398.26,5580.5684
2025-06-30 21:00:00,test,"MLP v3b [256,128,64] lr1e-4 patient",5617.44,5688.4556
2025-06-30 22:00:00,test,"MLP v3b [256,128,64] lr1e-4 patient",5846.21,5873.2437
2025-06-30 23:00:00,test,"MLP v3b [256,128,64] lr1e-4 patient",5878.63,5873.109
2025-07-01 00:00:00,test,"MLP v3b [256,128,64] lr1e-4 patient",5668.96,5758.185
2025-07-01 01:00:00,test,"MLP v3b [256,128,64] lr1e-4 patient",5353.63,5318.607
2025-07-01 02:00:00,test,"MLP v3b [256,128,64] lr1e-4 patient",5020.85,5057.305
2025-07-01 03:00:00,test,"MLP v3b [256,128,64] lr1e-4 patient",4746.64,4785.7563
2025-07-01 04:00:00,test,"MLP v3b [256,128,64] lr1e-4 patient",4562.84,4516.4604
2025-07-01 05:00:00,test,"MLP v3b [256,128,64] lr1e-4 patient",4422.23,4422.0093
2025-07-01 06:00:00,test,"MLP v3b [256,128,64] lr1e-4 patient",4408.98,4364.0156
2025-07-01 07:00:00,test,"MLP v3b [256,128,64] lr1e-4 patient",4452.77,4399.708
2025-07-01 08:00:00,test,"MLP v3b [256,128,64] lr1e-4 patient",4626.43,4620.9624
2025-07-01 09:00:00,test,"MLP v3b [256,128,64] lr1e-4 patient",5161.89,5206.059
2025-07-01 10:00:00,test,"MLP v3b [256,128,64] lr1e-4 patient",5504.56,5505.678
2025-07-01 11:00:00,test,"MLP v3b [256,128,64] lr1e-4 patient",5697.85,5635.9966
2025-07-01 12:00:00,test,"MLP v3b [256,128,64] lr1e-4 patient",5839.33,5772.3765
2025-07-01 13:00:00,test,"MLP v3b [256,128,64] lr1e-4 patient",5817.12,5860.186
2025-07-01 14:00:00,test,"MLP v3b [256,128,64] lr1e-4 patient",6203.95,6127.1685
2025-07-01 15:00:00,test,"MLP v3b [256,128,64] lr1e-4 patient",6301.47,6205.2515
2025-07-01 16:00:00,test,"MLP v3b [256,128,64] lr1e-4 patient",6228.63,6150.5854
2025-07-01 17:00:00,test,"MLP v3b [256,128,64] lr1e-4 patient",6026.83,5984.5845
2025-07-01 18:00:00,test,"MLP v3b [256,128,64] lr1e-4 patient",5875.01,5740.8306
2025-07-01 19:00:00,test,"MLP v3b [256,128,64] lr1e-4 patient",5791.75,5747.1772
2025-07-01 20:00:00,test,"MLP v3b [256,128,64] lr1e-4 patient",5858.56,5838.65
2025-07-01 21:00:00,test,"MLP v3b [256,128,64] lr1e-4 patient",6138.93,6113.152
2025-07-01 22:00:00,test,"MLP v3b [256,128,64] lr1e-4 patient",6491.03,6365.018
2025-07-01 23:00:00,test,"MLP v3b [256,128,64] lr1e-4 patient",6477.81,6432.734
2025-07-02 00:00:00,test,"MLP v3b [256,128,64] lr1e-4 patient",6247.68,6267.0083
2025-07-02 01:00:00,test,"MLP v3b [256,128,64] lr1e-4 patient",5796.36,5827.563
2025-07-02 02:00:00,test,"MLP v3b [256,128,64] lr1e-4 patient",5431.54,5423.3535
2025-07-02 03:00:00,test,"MLP v3b [256,128,64] lr1e-4 patient",5163.59,5109.545
2025-07-02 04:00:00,test,"MLP v3b [256,128,64] lr1e-4 patient",4915.58,4890.3853
2025-07-02 05:00:00,test,"MLP v3b [256,128,64] lr1e-4 patient",4763.0,4728.7896
2025-07-02 06:00:00,test,"MLP v3b [256,128,64] lr1e-4 patient",4743.82,4574.9604
2025-07-02 07:00:00,test,"MLP v3b [256,128,64] lr1e-4 patient",4795.82,4696.081
2025-07-02 08:00:00,test,"MLP v3b [256,128,64] lr1e-4 patient",5035.66,4958.964
2025-07-02 09:00:00,test,"MLP v3b [256,128,64] lr1e-4 patient",5684.16,5622.9414
2025-07-02 10:00:00,test,"MLP v3b [256,128,64] lr1e-4 patient",6075.76,5990.853
2025-07-02 11:00:00,test,"MLP v3b [256,128,64] lr1e-4 patient",6229.71,6187.056
2025-07-02 12:00:00,test,"MLP v3b [256,128,64] lr1e-4 patient",6379.49,6304.689
2025-07-02 13:00:00,test,"MLP v3b [256,128,64] lr1e-4 patient",6555.4,6402.806
2025-07-02 14:00:00,test,"MLP v3b [256,128,64] lr1e-4 patient",6908.68,6824.623
2025-07-02 15:00:00,test,"MLP v3b [256,128,64] lr1e-4 patient",6994.59,6901.3105
2025-07-02 16:00:00,test,"MLP v3b [256,128,64] lr1e-4 patient",6931.0,6778.5527
2025-07-02 17:00:00,test,"MLP v3b [256,128,64] lr1e-4 patient",6712.48,6561.0005
2025-07-02 18:00:00,test,"MLP v3b [256,128,64] lr1e-4 patient",6354.17,6242.779
2025-07-02 19:00:00,test,"MLP v3b [256,128,64] lr1e-4 patient",6224.82,6154.773
2025-07-02 20:00:00,test,"MLP v3b [256,128,64] lr1e-4 patient",6427.14,6261.519
2025-07-02 21:00:00,test,"MLP v3b [256,128,64] lr1e-4 patient",6872.35,6668.482
2025-07-02 22:00:00,test,"MLP v3b [256,128,64] lr1e-4 patient",7158.07,7072.447
2025-07-02 23:00:00,test,"MLP v3b [256,128,64] lr1e-4 patient",7160.98,7086.2134
2025-07-03 00:00:00,test,"MLP v3b [256,128,64] lr1e-4 patient",6905.19,6896.8354
2025-07-03 01:00:00,test,"MLP v3b [256,128,64] lr1e-4 patient",6409.7,6467.9116
2025-07-03 02:00:00,test,"MLP v3b [256,128,64] lr1e-4 patient",6007.32,6031.897
2025-07-03 03:00:00,test,"MLP v3b [256,128,64] lr1e-4 patient",5661.66,5677.072
2025-07-03 04:00:00,test,"MLP v3b [256,128,64] lr1e-4 patient",5348.33,5382.865
2025-07-03 05:00:00,test,"MLP v3b [256,128,64] lr1e-4 patient",5169.83,5164.242
2025-07-03 06:00:00,test,"MLP v3b [256,128,64] lr1e-4 patient",4995.04,4941.35
2025-07-03 07:00:00,test,"MLP v3b [256,128,64] lr1e-4 patient",4998.62,4960.7573
2025-07-03 08:00:00,test,"MLP v3b [256,128,64] lr1e-4 patient",5197.59,5126.398
2025-07-03 09:00:00,test,"MLP v3b [256,128,64] lr1e-4 patient",5867.98,5808.19
2025-07-03 10:00:00,test,"MLP v3b [256,128,64] lr1e-4 patient",6287.73,6223.186
2025-07-03 11:00:00,test,"MLP v3b [256,128,64] lr1e-4 patient",6428.39,6460.7036
2025-07-03 12:00:00,test,"MLP v3b [256,128,64] lr1e-4 patient",6588.67,6565.522
2025-07-03 13:00:00,test,"MLP v3b [256,128,64] lr1e-4 patient",6807.76,6668.4624
2025-07-03 14:00:00,test,"MLP v3b [256,128,64] lr1e-4 patient",7286.43,7114.0703
2025-07-03 15:00:00,test,"MLP v3b [256,128,64] lr1e-4 patient",7391.31,7273.902
2025-07-03 16:00:00,test,"MLP v3b [256,128,64] lr1e-4 patient",7238.27,7186.897
2025-07-03 17:00:00,test,"MLP v3b [256,128,64] lr1e-4 patient",6952.53,6872.699
2025-07-03 18:00:00,test,"MLP v3b [256,128,64] lr1e-4 patient",6624.24,6487.065
2025-07-03 19:00:00,test,"MLP v3b [256,128,64] lr1e-4 patient",6475.46,6406.4937
2025-07-03 20:00:00,test,"MLP v3b [256,128,64] lr1e-4 patient",6611.99,6561.4185
2025-07-03 21:00:00,test,"MLP v3b [256,128,64] lr1e-4 patient",7013.17,6923.268
2025-07-03 22:00:00,test,"MLP v3b [256,128,64] lr1e-4 patient",7360.47,7262.691
2025-07-03 23:00:00,test,"MLP v3b [256,128,64] lr1e-4 patient",7397.33,7308.6523
2025-07-04 00:00:00,test,"MLP v3b [256,128,64] lr1e-4 patient",7146.41,7155.1875
2025-07-04 01:00:00,test,"MLP v3b [256,128,64] lr1e-4 patient",6679.26,6731.57
2025-07-04 02:00:00,test,"MLP v3b [256,128,64] lr1e-4 patient",6257.92,6294.2344
2025-07-04 03:00:00,test,"MLP v3b [256,128,64] lr1e-4 patient",5939.83,5930.476
2025-07-04 04:00:00,test,"MLP v3b [256,128,64] lr1e-4 patient",5635.47,5608.1626
2025-07-04 05:00:00,test,"MLP v3b [256,128,64] lr1e-4 patient",5404.98,5396.5845
2025-07-04 06:00:00,test,"MLP v3b [256,128,64] lr1e-4 patient",5171.87,5135.939
2025-07-04 07:00:00,test,"MLP v3b [256,128,64] lr1e-4 patient",5191.35,5116.3315
2025-07-04 08:00:00,test,"MLP v3b [256,128,64] lr1e-4 patient",5376.97,5304.4624
2025-07-04 09:00:00,test,"MLP v3b [256,128,64] lr1e-4 patient",6136.34,6002.1265
2025-07-04 10:00:00,test,"MLP v3b [256,128,64] lr1e-4 patient",6603.4,6483.565
2025-07-04 11:00:00,test,"MLP v3b [256,128,64] lr1e-4 patient",6761.24,6756.3613
2025-07-04 12:00:00,test,"MLP v3b [256,128,64] lr1e-4 patient",6877.48,6884.6772
2025-07-04 13:00:00,test,"MLP v3b [256,128,64] lr1e-4 patient",6785.29,6957.674
2025-07-04 14:00:00,test,"MLP v3b [256,128,64] lr1e-4 patient",7024.1,7147.861
2025-07-04 15:00:00,test,"MLP v3b [256,128,64] lr1e-4 patient",7034.87,7060.3784
2025-07-04 16:00:00,test,"MLP v3b [256,128,64] lr1e-4 patient",6922.31,6897.9453
2025-07-04 17:00:00,test,"MLP v3b [256,128,64] lr1e-4 patient",6723.14,6646.025
2025-07-04 18:00:00,test,"MLP v3b [256,128,64] lr1e-4 patient",6483.28,6350.8184
2025-07-04 19:00:00,test,"MLP v3b [256,128,64] lr1e-4 patient",6395.46,6320.0884
2025-07-04 20:00:00,test,"MLP v3b [256,128,64] lr1e-4 patient",6494.88,6473.6665
2025-07-04 21:00:00,test,"MLP v3b [256,128,64] lr1e-4 patient",6837.67,6810.655
2025-07-04 22:00:00,test,"MLP v3b [256,128,64] lr1e-4 patient",7068.71,7106.332
2025-07-04 23:00:00,test,"MLP v3b [256,128,64] lr1e-4 patient",7039.59,7079.6406
2025-07-05 00:00:00,test,"MLP v3b [256,128,64] lr1e-4 patient",6823.36,6833.5703
2025-07-05 01:00:00,test,"MLP v3b [256,128,64] lr1e-4 patient",6413.63,6440.498
2025-07-05 02:00:00,test,"MLP v3b [256,128,64] lr1e-4 patient",6080.76,6066.525
2025-07-05 03:00:00,test,"MLP v3b [256,128,64] lr1e-4 patient",5731.54,5777.5977
2025-07-05 04:00:00,test,"MLP v3b [256,128,64] lr1e-4 patient",5466.6,5488.2007
2025-07-05 05:00:00,test,"MLP v3b [256,128,64] lr1e-4 patient",5233.77,5248.112
2025-07-05 06:00:00,test,"MLP v3b [256,128,64] lr1e-4 patient",5050.6,4987.397
2025-07-05 07:00:00,test,"MLP v3b [256,128,64] lr1e-4 patient",5058.29,4990.6113
2025-07-05 08:00:00,test,"MLP v3b [256,128,64] lr1e-4 patient",5037.11,5053.3794
2025-07-05 09:00:00,test,"MLP v3b [256,128,64] lr1e-4 patient",5599.13,5605.0645
2025-07-05 10:00:00,test,"MLP v3b [256,128,64] lr1e-4 patient",6049.37,5972.194
2025-07-05 11:00:00,test,"MLP v3b [256,128,64] lr1e-4 patient",6325.44,6254.555
2025-07-05 12:00:00,test,"MLP v3b [256,128,64] lr1e-4 patient",6458.83,6480.547
2025-07-05 13:00:00,test,"MLP v3b [256,128,64] lr1e-4 patient",6659.9,6565.9604
2025-07-05 14:00:00,test,"MLP v3b [256,128,64] lr1e-4 patient",6987.76,6956.6626
2025-07-05 15:00:00,test,"MLP v3b [256,128,64] lr1e-4 patient",7053.34,6991.7603
2025-07-05 16:00:00,test,"MLP v3b [256,128,64] lr1e-4 patient",6910.92,6856.609
2025-07-05 17:00:00,test,"MLP v3b [256,128,64] lr1e-4 patient",6649.83,6572.7676
2025-07-05 18:00:00,test,"MLP v3b [256,128,64] lr1e-4 patient",6384.58,6218.933
2025-07-05 19:00:00,test,"MLP v3b [256,128,64] lr1e-4 patient",6444.3,6210.7993
2025-07-05 20:00:00,test,"MLP v3b [256,128,64] lr1e-4 patient",6646.55,6529.733
2025-07-05 21:00:00,test,"MLP v3b [256,128,64] lr1e-4 patient",6957.61,6950.44
2025-07-05 22:00:00,test,"MLP v3b [256,128,64] lr1e-4 patient",7134.8,7181.404
2025-07-05 23:00:00,test,"MLP v3b [256,128,64] lr1e-4 patient",7139.85,7103.443
2025-07-06 00:00:00,test,"MLP v3b [256,128,64] lr1e-4 patient",6981.14,6963.756
2025-07-06 01:00:00,test,"MLP v3b [256,128,64] lr1e-4 patient",6590.72,6612.521
2025-07-06 02:00:00,test,"MLP v3b [256,128,64] lr1e-4 patient",6250.57,6230.9062
2025-07-06 03:00:00,test,"MLP v3b [256,128,64] lr1e-4 patient",5901.79,5887.9395
2025-07-06 04:00:00,test,"MLP v3b [256,128,64] lr1e-4 patient",5637.49,5575.428
2025-07-06 05:00:00,test,"MLP v3b [256,128,64] lr1e-4 patient",5393.85,5349.762
2025-07-06 06:00:00,test,"MLP v3b [256,128,64] lr1e-4 patient",5097.78,5024.4995
2025-07-06 07:00:00,test,"MLP v3b [256,128,64] lr1e-4 patient",4977.04,4943.326
2025-07-06 08:00:00,test,"MLP v3b [256,128,64] lr1e-4 patient",4850.14,4924.8975
2025-07-06 09:00:00,test,"MLP v3b [256,128,64] lr1e-4 patient",5064.32,5265.4683
2025-07-06 10:00:00,test,"MLP v3b [256,128,64] lr1e-4 patient",5466.89,5393.8843
2025-07-06 11:00:00,test,"MLP v3b [256,128,64] lr1e-4 patient",5742.59,5716.3574
2025-07-06 12:00:00,test,"MLP v3b [256,128,64] lr1e-4 patient",5967.89,5983.0415
2025-07-06 13:00:00,test,"MLP v3b [256,128,64] lr1e-4 patient",6230.79,6110.8013
2025-07-06 14:00:00,test,"MLP v3b [256,128,64] lr1e-4 patient",6229.93,6545.6445
2025-07-06 15:00:00,test,"MLP v3b [256,128,64] lr1e-4 patient",6207.66,6310.9272
2025-07-06 16:00:00,test,"MLP v3b [256,128,64] lr1e-4 patient",6090.99,6062.6094
2025-07-06 17:00:00,test,"MLP v3b [256,128,64] lr1e-4 patient",5929.36,5843.883
2025-07-06 18:00:00,test,"MLP v3b [256,128,64] lr1e-4 patient",5827.61,5583.715
2025-07-06 19:00:00,test,"MLP v3b [256,128,64] lr1e-4 patient",6054.55,5820.774
2025-07-06 20:00:00,test,"MLP v3b [256,128,64] lr1e-4 patient",6436.44,6242.9595
2025-07-06 21:00:00,test,"MLP v3b [256,128,64] lr1e-4 patient",6757.15,6815.859
2025-07-06 22:00:00,test,"MLP v3b [256,128,64] lr1e-4 patient",7112.9,7056.5156
2025-07-06 23:00:00,test,"MLP v3b [256,128,64] lr1e-4 patient",7137.11,7090.1196
2025-07-07 00:00:00,test,"MLP v3b [256,128,64] lr1e-4 patient",6855.59,6881.5415
2025-07-07 01:00:00,test,"MLP v3b [256,128,64] lr1e-4 patient",6177.67,6467.986
2025-07-07 02:00:00,test,"MLP v3b [256,128,64] lr1e-4 patient",5622.72,5864.8413
2025-07-07 03:00:00,test,"MLP v3b [256,128,64] lr1e-4 patient",5342.9,5374.244
2025-07-07 04:00:00,test,"MLP v3b [256,128,64] lr1e-4 patient",5054.3,5115.438
2025-07-07 05:00:00,test,"MLP v3b [256,128,64] lr1e-4 patient",4839.92,4894.431
2025-07-07 06:00:00,test,"MLP v3b [256,128,64] lr1e-4 patient",4685.0,4610.1
2025-07-07 07:00:00,test,"MLP v3b [256,128,64] lr1e-4 patient",4564.87,4655.539
2025-07-07 08:00:00,test,"MLP v3b [256,128,64] lr1e-4 patient",4603.91,4735.9907
2025-07-07 09:00:00,test,"MLP v3b [256,128,64] lr1e-4 patient",5316.52,5206.0
2025-07-07 10:00:00,test,"MLP v3b [256,128,64] lr1e-4 patient",5703.51,5710.8403
2025-07-07 11:00:00,test,"MLP v3b [256,128,64] lr1e-4 patient",5715.29,5938.082
2025-07-07 12:00:00,test,"MLP v3b [256,128,64] lr1e-4 patient",5823.63,5930.279
2025-07-07 13:00:00,test,"MLP v3b [256,128,64] lr1e-4 patient",5982.26,5939.2676
2025-07-07 14:00:00,test,"MLP v3b [256,128,64] lr1e-4 patient",6370.31,6344.078
2025-07-07 15:00:00,test,"MLP v3b [256,128,64] lr1e-4 patient",6471.79,6452.056
2025-07-07 16:00:00,test,"MLP v3b [256,128,64] lr1e-4 patient",6391.92,6402.6753
2025-07-07 17:00:00,test,"MLP v3b [256,128,64] lr1e-4 patient",6276.58,6179.68
2025-07-07 18:00:00,test,"MLP v3b [256,128,64] lr1e-4 patient",6004.11,5951.0933
2025-07-07 19:00:00,test,"MLP v3b [256,128,64] lr1e-4 patient",5854.26,5960.334
2025-07-07 20:00:00,test,"MLP v3b [256,128,64] lr1e-4 patient",5923.51,6001.6685
2025-07-07 21:00:00,test,"MLP v3b [256,128,64] lr1e-4 patient",6273.96,6275.9653
2025-07-07 22:00:00,test,"MLP v3b [256,128,64] lr1e-4 patient",6590.08,6579.522
2025-07-07 23:00:00,test,"MLP v3b [256,128,64] lr1e-4 patient",6607.79,6619.847
2025-07-08 00:00:00,test,"MLP v3b [256,128,64] lr1e-4 patient",6405.29,6419.5723
2025-07-08 01:00:00,test,"MLP v3b [256,128,64] lr1e-4 patient",5963.65,6024.1606
2025-07-08 02:00:00,test,"MLP v3b [256,128,64] lr1e-4 patient",5618.85,5617.2563
2025-07-08 03:00:00,test,"MLP v3b [256,128,64] lr1e-4 patient",5335.47,5312.7783
2025-07-08 04:00:00,test,"MLP v3b [256,128,64] lr1e-4 patient",5098.08,5088.0767
2025-07-08 05:00:00,test,"MLP v3b [256,128,64] lr1e-4 patient",4928.22,4890.8076
2025-07-08 06:00:00,test,"MLP v3b [256,128,64] lr1e-4 patient",4908.46,4671.577
2025-07-08 07:00:00,test,"MLP v3b [256,128,64] lr1e-4 patient",4930.54,4849.567
2025-07-08 08:00:00,test,"MLP v3b [256,128,64] lr1e-4 patient",5076.55,5065.801
2025-07-08 09:00:00,test,"MLP v3b [256,128,64] lr1e-4 patient",5811.54,5633.1704
2025-07-08 10:00:00,test,"MLP v3b [256,128,64] lr1e-4 patient",6222.07,6101.5884
2025-07-08 11:00:00,test,"MLP v3b [256,128,64] lr1e-4 patient",6375.58,6336.16
2025-07-08 12:00:00,test,"MLP v3b [256,128,64] lr1e-4 patient",6549.54,6463.3496
2025-07-08 13:00:00,test,"MLP v3b [256,128,64] lr1e-4 patient",6801.84,6586.897
2025-07-08 14:00:00,test,"MLP v3b [256,128,64] lr1e-4 patient",7177.88,7034.2227
2025-07-08 15:00:00,test,"MLP v3b [256,128,64] lr1e-4 patient",7384.83,7139.41
2025-07-08 16:00:00,test,"MLP v3b [256,128,64] lr1e-4 patient",7272.44,7116.9155
2025-07-08 17:00:00,test,"MLP v3b [256,128,64] lr1e-4 patient",7060.23,6860.6875
2025-07-08 18:00:00,test,"MLP v3b [256,128,64] lr1e-4 patient",6725.83,6499.266
2025-07-08 19:00:00,test,"MLP v3b [256,128,64] lr1e-4 patient",6591.38,6445.109
2025-07-08 20:00:00,test,"MLP v3b [256,128,64] lr1e-4 patient",6872.36,6627.6274
2025-07-08 21:00:00,test,"MLP v3b [256,128,64] lr1e-4 patient",7254.71,7139.806
2025-07-08 22:00:00,test,"MLP v3b [256,128,64] lr1e-4 patient",7490.51,7461.028
2025-07-08 23:00:00,test,"MLP v3b [256,128,64] lr1e-4 patient",7512.19,7424.551
2025-07-09 00:00:00,test,"MLP v3b [256,128,64] lr1e-4 patient",7034.68,7205.936
2025-07-09 01:00:00,test,"MLP v3b [256,128,64] lr1e-4 patient",6267.88,6604.258
2025-07-09 02:00:00,test,"MLP v3b [256,128,64] lr1e-4 patient",5867.83,5893.8047
2025-07-09 03:00:00,test,"MLP v3b [256,128,64] lr1e-4 patient",5516.56,5516.737
2025-07-09 04:00:00,test,"MLP v3b [256,128,64] lr1e-4 patient",5220.46,5195.8203
2025-07-09 05:00:00,test,"MLP v3b [256,128,64] lr1e-4 patient",5030.05,5017.5195
2025-07-09 06:00:00,test,"MLP v3b [256,128,64] lr1e-4 patient",4905.13,4761.034
2025-07-09 07:00:00,test,"MLP v3b [256,128,64] lr1e-4 patient",4912.25,4794.388
2025-07-09 08:00:00,test,"MLP v3b [256,128,64] lr1e-4 patient",5012.94,5012.8833
2025-07-09 09:00:00,test,"MLP v3b [256,128,64] lr1e-4 patient",5619.28,5606.9097
2025-07-09 10:00:00,test,"MLP v3b [256,128,64] lr1e-4 patient",5925.71,5979.015
2025-07-09 11:00:00,test,"MLP v3b [256,128,64] lr1e-4 patient",6139.98,6139.8945
2025-07-09 12:00:00,test,"MLP v3b [256,128,64] lr1e-4 patient",6385.55,6266.3066
2025-07-09 13:00:00,test,"MLP v3b [256,128,64] lr1e-4 patient",6539.3,6491.683
2025-07-09 14:00:00,test,"MLP v3b [256,128,64] lr1e-4 patient",7107.5,6893.199
2025-07-09 15:00:00,test,"MLP v3b [256,128,64] lr1e-4 patient",7163.73,7113.053
2025-07-09 16:00:00,test,"MLP v3b [256,128,64] lr1e-4 patient",6980.79,7025.8296
2025-07-09 17:00:00,test,"MLP v3b [256,128,64] lr1e-4 patient",6642.4,6641.8022
2025-07-09 18:00:00,test,"MLP v3b [256,128,64] lr1e-4 patient",6226.05,6244.403
2025-07-09 19:00:00,test,"MLP v3b [256,128,64] lr1e-4 patient",5873.68,6091.9644
2025-07-09 20:00:00,test,"MLP v3b [256,128,64] lr1e-4 patient",5251.12,5986.4355
2025-07-09 21:00:00,test,"MLP v3b [256,128,64] lr1e-4 patient",5329.61,5545.64
2025-07-09 22:00:00,test,"MLP v3b [256,128,64] lr1e-4 patient",5582.65,5586.946
2025-07-09 23:00:00,test,"MLP v3b [256,128,64] lr1e-4 patient",5752.63,5667.9414
2025-07-10 00:00:00,test,"MLP v3b [256,128,64] lr1e-4 patient",5674.87,5773.2954
2025-07-10 01:00:00,test,"MLP v3b [256,128,64] lr1e-4 patient",5399.42,5412.015
2025-07-10 02:00:00,test,"MLP v3b [256,128,64] lr1e-4 patient",5214.03,5181.2915
2025-07-10 03:00:00,test,"MLP v3b [256,128,64] lr1e-4 patient",4890.22,5001.6167
2025-07-10 04:00:00,test,"MLP v3b [256,128,64] lr1e-4 patient",4671.84,4669.6655
2025-07-10 05:00:00,test,"MLP v3b [256,128,64] lr1e-4 patient",4535.87,4509.839
2025-07-10 06:00:00,test,"MLP v3b [256,128,64] lr1e-4 patient",4563.48,4437.5137
2025-07-10 07:00:00,test,"MLP v3b [256,128,64] lr1e-4 patient",4532.85,4545.8784
2025-07-10 08:00:00,test,"MLP v3b [256,128,64] lr1e-4 patient",4681.84,4674.1597
2025-07-10 09:00:00,test,"MLP v3b [256,128,64] lr1e-4 patient",5238.73,5222.336
2025-07-10 10:00:00,test,"MLP v3b [256,128,64] lr1e-4 patient",5441.17,5618.0347
2025-07-10 11:00:00,test,"MLP v3b [256,128,64] lr1e-4 patient",5532.57,5664.0996
2025-07-10 12:00:00,test,"MLP v3b [256,128,64] lr1e-4 patient",5599.24,5646.3843
2025-07-10 13:00:00,test,"MLP v3b [256,128,64] lr1e-4 patient",5452.36,5670.8413
2025-07-10 14:00:00,test,"MLP v3b [256,128,64] lr1e-4 patient",5814.76,5770.4097
2025-07-10 15:00:00,test,"MLP v3b [256,128,64] lr1e-4 patient",5891.18,5825.914
2025-07-10 16:00:00,test,"MLP v3b [256,128,64] lr1e-4 patient",5817.56,5811.422
2025-07-10 17:00:00,test,"MLP v3b [256,128,64] lr1e-4 patient",5737.42,5698.3687
2025-07-10 18:00:00,test,"MLP v3b [256,128,64] lr1e-4 patient",5611.72,5560.873
2025-07-10 19:00:00,test,"MLP v3b [256,128,64] lr1e-4 patient",5500.63,5570.353
2025-07-10 20:00:00,test,"MLP v3b [256,128,64] lr1e-4 patient",5501.62,5481.401
2025-07-10 21:00:00,test,"MLP v3b [256,128,64] lr1e-4 patient",5655.24,5669.7153
2025-07-10 22:00:00,test,"MLP v3b [256,128,64] lr1e-4 patient",5849.64,5836.2153
2025-07-10 23:00:00,test,"MLP v3b [256,128,64] lr1e-4 patient",5862.22,5830.306
2025-07-11 00:00:00,test,"MLP v3b [256,128,64] lr1e-4 patient",5673.18,5738.4126
2025-07-11 01:00:00,test,"MLP v3b [256,128,64] lr1e-4 patient",5309.1,5313.6284
2025-07-11 02:00:00,test,"MLP v3b [256,128,64] lr1e-4 patient",5013.48,5033.4253
2025-07-11 03:00:00,test,"MLP v3b [256,128,64] lr1e-4 patient",4773.75,4715.4
2025-07-11 04:00:00,test,"MLP v3b [256,128,64] lr1e-4 patient",4551.56,4537.35
2025-07-11 05:00:00,test,"MLP v3b [256,128,64] lr1e-4 patient",4426.13,4398.0435
2025-07-11 06:00:00,test,"MLP v3b [256,128,64] lr1e-4 patient",4525.78,4382.1167
2025-07-11 07:00:00,test,"MLP v3b [256,128,64] lr1e-4 patient",4568.18,4539.6978
2025-07-11 08:00:00,test,"MLP v3b [256,128,64] lr1e-4 patient",4770.12,4770.636
2025-07-11 09:00:00,test,"MLP v3b [256,128,64] lr1e-4 patient",5495.74,5367.8853
2025-07-11 10:00:00,test,"MLP v3b [256,128,64] lr1e-4 patient",5764.29,5792.8306
2025-07-11 11:00:00,test,"MLP v3b [256,128,64] lr1e-4 patient",5830.15,5887.121
2025-07-11 12:00:00,test,"MLP v3b [256,128,64] lr1e-4 patient",5723.56,5868.6523
2025-07-11 13:00:00,test,"MLP v3b [256,128,64] lr1e-4 patient",5707.99,5758.1797
2025-07-11 14:00:00,test,"MLP v3b [256,128,64] lr1e-4 patient",6083.28,5991.662
2025-07-11 15:00:00,test,"MLP v3b [256,128,64] lr1e-4 patient",6183.05,6105.7383
2025-07-11 16:00:00,test,"MLP v3b [256,128,64] lr1e-4 patient",6117.87,6055.4917
2025-07-11 17:00:00,test,"MLP v3b [256,128,64] lr1e-4 patient",6077.48,5922.7188
2025-07-11 18:00:00,test,"MLP v3b [256,128,64] lr1e-4 patient",5828.44,5804.168
2025-07-11 19:00:00,test,"MLP v3b [256,128,64] lr1e-4 patient",5785.8,5729.195
2025-07-11 20:00:00,test,"MLP v3b [256,128,64] lr1e-4 patient",5781.14,5777.983
2025-07-11 21:00:00,test,"MLP v3b [256,128,64] lr1e-4 patient",5933.44,6012.3267
2025-07-11 22:00:00,test,"MLP v3b [256,128,64] lr1e-4 patient",6154.57,6138.1655
2025-07-11 23:00:00,test,"MLP v3b [256,128,64] lr1e-4 patient",6137.84,6132.861
2025-07-12 00:00:00,test,"MLP v3b [256,128,64] lr1e-4 patient",5967.03,5952.801
2025-07-12 01:00:00,test,"MLP v3b [256,128,64] lr1e-4 patient",5569.95,5615.0728
2025-07-12 02:00:00,test,"MLP v3b [256,128,64] lr1e-4 patient",5230.18,5246.9316
2025-07-12 03:00:00,test,"MLP v3b [256,128,64] lr1e-4 patient",4948.98,4950.22
2025-07-12 04:00:00,test,"MLP v3b [256,128,64] lr1e-4 patient",4733.91,4685.004
2025-07-12 05:00:00,test,"MLP v3b [256,128,64] lr1e-4 patient",4554.6,4595.7397
2025-07-12 06:00:00,test,"MLP v3b [256,128,64] lr1e-4 patient",4438.13,4420.0527
2025-07-12 07:00:00,test,"MLP v3b [256,128,64] lr1e-4 patient",4430.94,4419.7075
2025-07-12 08:00:00,test,"MLP v3b [256,128,64] lr1e-4 patient",4525.02,4509.8184
2025-07-12 09:00:00,test,"MLP v3b [256,128,64] lr1e-4 patient",5108.69,4993.8516
2025-07-12 10:00:00,test,"MLP v3b [256,128,64] lr1e-4 patient",5510.39,5455.055
2025-07-12 11:00:00,test,"MLP v3b [256,128,64] lr1e-4 patient",5786.83,5686.949
2025-07-12 12:00:00,test,"MLP v3b [256,128,64] lr1e-4 patient",5938.67,5878.8228
2025-07-12 13:00:00,test,"MLP v3b [256,128,64] lr1e-4 patient",6024.2,5996.2886
2025-07-12 14:00:00,test,"MLP v3b [256,128,64] lr1e-4 patient",6230.79,6303.481
2025-07-12 15:00:00,test,"MLP v3b [256,128,64] lr1e-4 patient",6257.86,6242.0015
2025-07-12 16:00:00,test,"MLP v3b [256,128,64] lr1e-4 patient",5836.18,6106.244
2025-07-12 17:00:00,test,"MLP v3b [256,128,64] lr1e-4 patient",5552.39,5632.576
2025-07-12 18:00:00,test,"MLP v3b [256,128,64] lr1e-4 patient",5399.14,5392.736
2025-07-12 19:00:00,test,"MLP v3b [256,128,64] lr1e-4 patient",5404.07,5410.357
2025-07-12 20:00:00,test,"MLP v3b [256,128,64] lr1e-4 patient",5384.76,5519.906
2025-07-12 21:00:00,test,"MLP v3b [256,128,64] lr1e-4 patient",5570.04,5680.7188
2025-07-12 22:00:00,test,"MLP v3b [256,128,64] lr1e-4 patient",5818.48,5849.5903
2025-07-12 23:00:00,test,"MLP v3b [256,128,64] lr1e-4 patient",5852.68,5845.1567
2025-07-13 00:00:00,test,"MLP v3b [256,128,64] lr1e-4 patient",5720.8,5794.23
2025-07-13 01:00:00,test,"MLP v3b [256,128,64] lr1e-4 patient",5376.55,5424.394
2025-07-13 02:00:00,test,"MLP v3b [256,128,64] lr1e-4 patient",5091.37,5085.7617
2025-07-13 03:00:00,test,"MLP v3b [256,128,64] lr1e-4 patient",4841.04,4819.846
2025-07-13 04:00:00,test,"MLP v3b [256,128,64] lr1e-4 patient",4623.02,4608.7324
2025-07-13 05:00:00,test,"MLP v3b [256,128,64] lr1e-4 patient",4467.1,4480.345
2025-07-13 06:00:00,test,"MLP v3b [256,128,64] lr1e-4 patient",4304.38,4318.4297
2025-07-13 07:00:00,test,"MLP v3b [256,128,64] lr1e-4 patient",4222.67,4282.1484
2025-07-13 08:00:00,test,"MLP v3b [256,128,64] lr1e-4 patient",4258.13,4215.4414
2025-07-13 09:00:00,test,"MLP v3b [256,128,64] lr1e-4 patient",4622.34,4522.65
2025-07-13 10:00:00,test,"MLP v3b [256,128,64] lr1e-4 patient",4939.94,4965.842
2025-07-13 11:00:00,test,"MLP v3b [256,128,64] lr1e-4 patient",5038.38,5191.5103
2025-07-13 12:00:00,test,"MLP v3b [256,128,64] lr1e-4 patient",5259.6,5226.6772
2025-07-13 13:00:00,test,"MLP v3b [256,128,64] lr1e-4 patient",5385.31,5352.4756
2025-07-13 14:00:00,test,"MLP v3b [256,128,64] lr1e-4 patient",5532.59,5644.978
2025-07-13 15:00:00,test,"MLP v3b [256,128,64] lr1e-4 patient",5594.38,5589.1685
2025-07-13 16:00:00,test,"MLP v3b [256,128,64] lr1e-4 patient",5532.78,5503.5396
2025-07-13 17:00:00,test,"MLP v3b [256,128,64] lr1e-4 patient",5457.22,5333.2817
2025-07-13 18:00:00,test,"MLP v3b [256,128,64] lr1e-4 patient",5313.04,5245.1504
2025-07-13 19:00:00,test,"MLP v3b [256,128,64] lr1e-4 patient",5217.96,5408.3247
2025-07-13 20:00:00,test,"MLP v3b [256,128,64] lr1e-4 patient",5044.9,5429.6724
2025-07-13 21:00:00,test,"MLP v3b [256,128,64] lr1e-4 patient",5351.32,5388.3403
2025-07-13 22:00:00,test,"MLP v3b [256,128,64] lr1e-4 patient",5631.81,5628.268
2025-07-13 23:00:00,test,"MLP v3b [256,128,64] lr1e-4 patient",5707.74,5694.554
2025-07-14 00:00:00,test,"MLP v3b [256,128,64] lr1e-4 patient",5594.65,5614.6313
2025-07-14 01:00:00,test,"MLP v3b [256,128,64] lr1e-4 patient",5294.8,5265.762
2025-07-14 02:00:00,test,"MLP v3b [256,128,64] lr1e-4 patient",4999.54,5006.8496
2025-07-14 03:00:00,test,"MLP v3b [256,128,64] lr1e-4 patient",4719.11,4742.011
2025-07-14 04:00:00,test,"MLP v3b [256,128,64] lr1e-4 patient",4513.14,4499.541
2025-07-14 05:00:00,test,"MLP v3b [256,128,64] lr1e-4 patient",4338.76,4372.1606
2025-07-14 06:00:00,test,"MLP v3b [256,128,64] lr1e-4 patient",4404.97,4323.8823
2025-07-14 07:00:00,test,"MLP v3b [256,128,64] lr1e-4 patient",4459.37,4419.298
2025-07-14 08:00:00,test,"MLP v3b [256,128,64] lr1e-4 patient",4631.48,4654.7085
2025-07-14 09:00:00,test,"MLP v3b [256,128,64] lr1e-4 patient",5176.53,5213.611
2025-07-14 10:00:00,test,"MLP v3b [256,128,64] lr1e-4 patient",5494.44,5495.4194
2025-07-14 11:00:00,test,"MLP v3b [256,128,64] lr1e-4 patient",5555.58,5641.1724
2025-07-14 12:00:00,test,"MLP v3b [256,128,64] lr1e-4 patient",5642.23,5656.7246
2025-07-14 13:00:00,test,"MLP v3b [256,128,64] lr1e-4 patient",5675.26,5687.676
2025-07-14 14:00:00,test,"MLP v3b [256,128,64] lr1e-4 patient",6107.67,5987.359
2025-07-14 15:00:00,test,"MLP v3b [256,128,64] lr1e-4 patient",6181.99,6143.203
2025-07-14 16:00:00,test,"MLP v3b [256,128,64] lr1e-4 patient",6088.63,6055.8633
2025-07-14 17:00:00,test,"MLP v3b [256,128,64] lr1e-4 patient",5945.81,5874.7554
2025-07-14 18:00:00,test,"MLP v3b [256,128,64] lr1e-4 patient",5641.95,5664.8813
2025-07-14 19:00:00,test,"MLP v3b [256,128,64] lr1e-4 patient",5314.6,5591.7007
2025-07-14 20:00:00,test,"MLP v3b [256,128,64] lr1e-4 patient",5255.37,5426.1523
2025-07-14 21:00:00,test,"MLP v3b [256,128,64] lr1e-4 patient",5414.4,5482.1367
2025-07-14 22:00:00,test,"MLP v3b [256,128,64] lr1e-4 patient",5615.39,5676.899
2025-07-14 23:00:00,test,"MLP v3b [256,128,64] lr1e-4 patient",5628.9,5645.4536
2025-07-15 00:00:00,test,"MLP v3b [256,128,64] lr1e-4 patient",5407.63,5554.8423
2025-07-15 01:00:00,test,"MLP v3b [256,128,64] lr1e-4 patient",5018.24,5148.9346
2025-07-15 02:00:00,test,"MLP v3b [256,128,64] lr1e-4 patient",4752.26,4790.692
2025-07-15 03:00:00,test,"MLP v3b [256,128,64] lr1e-4 patient",4542.05,4578.8667
2025-07-15 04:00:00,test,"MLP v3b [256,128,64] lr1e-4 patient",4310.86,4362.2085
2025-07-15 05:00:00,test,"MLP v3b [256,128,64] lr1e-4 patient",4227.19,4221.9487
2025-07-15 06:00:00,test,"MLP v3b [256,128,64] lr1e-4 patient",4317.69,4284.861
2025-07-15 07:00:00,test,"MLP v3b [256,128,64] lr1e-4 patient",4338.96,4378.6953
2025-07-15 08:00:00,test,"MLP v3b [256,128,64] lr1e-4 patient",4534.13,4526.9136
2025-07-15 09:00:00,test,"MLP v3b [256,128,64] lr1e-4 patient",5187.61,5128.513
2025-07-15 10:00:00,test,"MLP v3b [256,128,64] lr1e-4 patient",5457.3,5529.474
2025-07-15 11:00:00,test,"MLP v3b [256,128,64] lr1e-4 patient",5618.55,5614.8267
2025-07-15 12:00:00,test,"MLP v3b [256,128,64] lr1e-4 patient",5749.07,5700.0806
2025-07-15 13:00:00,test,"MLP v3b [256,128,64] lr1e-4 patient",5850.72,5786.5835
2025-07-15 14:00:00,test,"MLP v3b [256,128,64] lr1e-4 patient",6210.67,6180.3594
2025-07-15 15:00:00,test,"MLP v3b [256,128,64] lr1e-4 patient",6239.28,6238.806
2025-07-15 16:00:00,test,"MLP v3b [256,128,64] lr1e-4 patient",6071.12,6108.2065
2025-07-15 17:00:00,test,"MLP v3b [256,128,64] lr1e-4 patient",5901.03,5881.1855
2025-07-15 18:00:00,test,"MLP v3b [256,128,64] lr1e-4 patient",5691.97,5646.4194
2025-07-15 19:00:00,test,"MLP v3b [256,128,64] lr1e-4 patient",5602.05,5632.565
2025-07-15 20:00:00,test,"MLP v3b [256,128,64] lr1e-4 patient",5631.94,5646.383
2025-07-15 21:00:00,test,"MLP v3b [256,128,64] lr1e-4 patient",5889.85,5892.989
2025-07-15 22:00:00,test,"MLP v3b [256,128,64] lr1e-4 patient",6058.59,6124.8267
2025-07-15 23:00:00,test,"MLP v3b [256,128,64] lr1e-4 patient",6093.5,6054.656
2025-07-16 00:00:00,test,"MLP v3b [256,128,64] lr1e-4 patient",5844.87,5933.143
2025-07-16 01:00:00,test,"MLP v3b [256,128,64] lr1e-4 patient",5429.56,5476.887
2025-07-16 02:00:00,test,"MLP v3b [256,128,64] lr1e-4 patient",5093.82,5143.2617
2025-07-16 03:00:00,test,"MLP v3b [256,128,64] lr1e-4 patient",4859.08,4847.725
2025-07-16 04:00:00,test,"MLP v3b [256,128,64] lr1e-4 patient",4593.64,4604.335
2025-07-16 05:00:00,test,"MLP v3b [256,128,64] lr1e-4 patient",4456.49,4456.7773
2025-07-16 06:00:00,test,"MLP v3b [256,128,64] lr1e-4 patient",4580.66,4397.652
2025-07-16 07:00:00,test,"MLP v3b [256,128,64] lr1e-4 patient",4643.36,4541.15
2025-07-16 08:00:00,test,"MLP v3b [256,128,64] lr1e-4 patient",4884.11,4865.804
2025-07-16 09:00:00,test,"MLP v3b [256,128,64] lr1e-4 patient",5522.92,5493.2656
2025-07-16 10:00:00,test,"MLP v3b [256,128,64] lr1e-4 patient",5885.46,5840.7007
2025-07-16 11:00:00,test,"MLP v3b [256,128,64] lr1e-4 patient",6066.63,6005.4585
2025-07-16 12:00:00,test,"MLP v3b [256,128,64] lr1e-4 patient",6175.44,6132.4995
2025-07-16 13:00:00,test,"MLP v3b [256,128,64] lr1e-4 patient",6020.13,6226.7056
2025-07-16 14:00:00,test,"MLP v3b [256,128,64] lr1e-4 patient",6259.77,6352.557
2025-07-16 15:00:00,test,"MLP v3b [256,128,64] lr1e-4 patient",6356.41,6291.9146
2025-07-16 16:00:00,test,"MLP v3b [256,128,64] lr1e-4 patient",6327.23,6213.4023
2025-07-16 17:00:00,test,"MLP v3b [256,128,64] lr1e-4 patient",6167.73,6076.863
2025-07-16 18:00:00,test,"MLP v3b [256,128,64] lr1e-4 patient",5911.38,5837.022
2025-07-16 19:00:00,test,"MLP v3b [256,128,64] lr1e-4 patient",5814.21,5801.0093
2025-07-16 20:00:00,test,"MLP v3b [256,128,64] lr1e-4 patient",5850.46,5842.9575
2025-07-16 21:00:00,test,"MLP v3b [256,128,64] lr1e-4 patient",6035.22,6060.1562
2025-07-16 22:00:00,test,"MLP v3b [256,128,64] lr1e-4 patient",6251.21,6270.0703
2025-07-16 23:00:00,test,"MLP v3b [256,128,64] lr1e-4 patient",6228.26,6231.521
2025-07-17 00:00:00,test,"MLP v3b [256,128,64] lr1e-4 patient",5982.75,6063.389
2025-07-17 01:00:00,test,"MLP v3b [256,128,64] lr1e-4 patient",5571.07,5623.4194
2025-07-17 02:00:00,test,"MLP v3b [256,128,64] lr1e-4 patient",5234.13,5271.9116
2025-07-17 03:00:00,test,"MLP v3b [256,128,64] lr1e-4 patient",4995.89,4985.3457
2025-07-17 04:00:00,test,"MLP v3b [256,128,64] lr1e-4 patient",4741.51,4787.477
2025-07-17 05:00:00,test,"MLP v3b [256,128,64] lr1e-4 patient",4535.29,4596.821
2025-07-17 06:00:00,test,"MLP v3b [256,128,64] lr1e-4 patient",4507.55,4448.389
2025-07-17 07:00:00,test,"MLP v3b [256,128,64] lr1e-4 patient",4517.88,4488.9297
2025-07-17 08:00:00,test,"MLP v3b [256,128,64] lr1e-4 patient",4704.67,4636.6694
2025-07-17 09:00:00,test,"MLP v3b [256,128,64] lr1e-4 patient",5268.9,5262.7397
2025-07-17 10:00:00,test,"MLP v3b [256,128,64] lr1e-4 patient",5601.97,5652.106
2025-07-17 11:00:00,test,"MLP v3b [256,128,64] lr1e-4 patient",5721.51,5785.4883
2025-07-17 12:00:00,test,"MLP v3b [256,128,64] lr1e-4 patient",5819.54,5846.858
2025-07-17 13:00:00,test,"MLP v3b [256,128,64] lr1e-4 patient",5845.51,5914.5938
2025-07-17 14:00:00,test,"MLP v3b [256,128,64] lr1e-4 patient",6222.73,6209.4526
2025-07-17 15:00:00,test,"MLP v3b [256,128,64] lr1e-4 patient",6291.16,6277.1265
2025-07-17 16:00:00,test,"MLP v3b [256,128,64] lr1e-4 patient",6217.32,6187.6675
2025-07-17 17:00:00,test,"MLP v3b [256,128,64] lr1e-4 patient",6109.02,6000.304
2025-07-17 18:00:00,test,"MLP v3b [256,128,64] lr1e-4 patient",5958.33,5785.013
2025-07-17 19:00:00,test,"MLP v3b [256,128,64] lr1e-4 patient",5916.59,5857.6606
2025-07-17 20:00:00,test,"MLP v3b [256,128,64] lr1e-4 patient",5969.03,5962.521
2025-07-17 21:00:00,test,"MLP v3b [256,128,64] lr1e-4 patient",5851.88,6242.277
2025-07-17 22:00:00,test,"MLP v3b [256,128,64] lr1e-4 patient",5630.12,6150.142
2025-07-17 23:00:00,test,"MLP v3b [256,128,64] lr1e-4 patient",5732.68,5719.6255
2025-07-18 00:00:00,test,"MLP v3b [256,128,64] lr1e-4 patient",5601.45,5616.41
2025-07-18 01:00:00,test,"MLP v3b [256,128,64] lr1e-4 patient",5289.47,5323.957
2025-07-18 02:00:00,test,"MLP v3b [256,128,64] lr1e-4 patient",4993.43,5037.818
2025-07-18 03:00:00,test,"MLP v3b [256,128,64] lr1e-4 patient",4715.74,4762.6235
2025-07-18 04:00:00,test,"MLP v3b [256,128,64] lr1e-4 patient",4535.3,4479.4556
2025-07-18 05:00:00,test,"MLP v3b [256,128,64] lr1e-4 patient",4439.47,4397.455
2025-07-18 06:00:00,test,"MLP v3b [256,128,64] lr1e-4 patient",4461.37,4380.4546
2025-07-18 07:00:00,test,"MLP v3b [256,128,64] lr1e-4 patient",4534.66,4498.239
2025-07-18 08:00:00,test,"MLP v3b [256,128,64] lr1e-4 patient",4732.92,4753.6187
2025-07-18 09:00:00,test,"MLP v3b [256,128,64] lr1e-4 patient",5382.44,5361.078
2025-07-18 10:00:00,test,"MLP v3b [256,128,64] lr1e-4 patient",5725.53,5728.02
2025-07-18 11:00:00,test,"MLP v3b [256,128,64] lr1e-4 patient",5930.63,5883.9688
2025-07-18 12:00:00,test,"MLP v3b [256,128,64] lr1e-4 patient",5950.48,6012.346
2025-07-18 13:00:00,test,"MLP v3b [256,128,64] lr1e-4 patient",6013.6,6010.6235
2025-07-18 14:00:00,test,"MLP v3b [256,128,64] lr1e-4 patient",6160.68,6337.146
2025-07-18 15:00:00,test,"MLP v3b [256,128,64] lr1e-4 patient",6147.66,6227.6133
2025-07-18 16:00:00,test,"MLP v3b [256,128,64] lr1e-4 patient",6002.57,6036.371
2025-07-18 17:00:00,test,"MLP v3b [256,128,64] lr1e-4 patient",5872.67,5837.608
2025-07-18 18:00:00,test,"MLP v3b [256,128,64] lr1e-4 patient",5724.45,5653.276
2025-07-18 19:00:00,test,"MLP v3b [256,128,64] lr1e-4 patient",5614.54,5662.1196
2025-07-18 20:00:00,test,"MLP v3b [256,128,64] lr1e-4 patient",5587.76,5613.77
2025-07-19 00:00:00,test,"MLP v3b [256,128,64] lr1e-4 patient",5684.04,5496.0747
2025-07-19 01:00:00,test,"MLP v3b [256,128,64] lr1e-4 patient",5336.65,5366.849
2025-07-19 02:00:00,test,"MLP v3b [256,128,64] lr1e-4 patient",5001.49,5081.4673
2025-07-19 03:00:00,test,"MLP v3b [256,128,64] lr1e-4 patient",4707.75,4753.3833
2025-07-19 04:00:00,test,"MLP v3b [256,128,64] lr1e-4 patient",4497.04,4486.484
2025-07-19 05:00:00,test,"MLP v3b [256,128,64] lr1e-4 patient",4363.11,4382.2236
2025-07-19 06:00:00,test,"MLP v3b [256,128,64] lr1e-4 patient",4300.1,4286.0874
2025-07-19 07:00:00,test,"MLP v3b [256,128,64] lr1e-4 patient",4337.28,4310.2866
2025-07-19 08:00:00,test,"MLP v3b [256,128,64] lr1e-4 patient",4400.22,4445.9536
2025-07-19 09:00:00,test,"MLP v3b [256,128,64] lr1e-4 patient",4912.0,4847.75
2025-07-19 10:00:00,test,"MLP v3b [256,128,64] lr1e-4 patient",5238.63,5272.7407
2025-07-19 11:00:00,test,"MLP v3b [256,128,64] lr1e-4 patient",5429.92,5437.3105
2025-07-19 12:00:00,test,"MLP v3b [256,128,64] lr1e-4 patient",5522.79,5555.029
2025-07-19 13:00:00,test,"MLP v3b [256,128,64] lr1e-4 patient",5580.17,5588.8384
2025-07-19 14:00:00,test,"MLP v3b [256,128,64] lr1e-4 patient",5846.84,5844.058
2025-07-19 15:00:00,test,"MLP v3b [256,128,64] lr1e-4 patient",5941.48,5856.4272
2025-07-19 16:00:00,test,"MLP v3b [256,128,64] lr1e-4 patient",5874.29,5805.9126
2025-07-19 17:00:00,test,"MLP v3b [256,128,64] lr1e-4 patient",5752.59,5652.092
2025-07-19 18:00:00,test,"MLP v3b [256,128,64] lr1e-4 patient",5604.03,5483.444
2025-07-20 00:00:00,test,"MLP v3b [256,128,64] lr1e-4 patient",6059.97,5761.689
2025-07-20 01:00:00,test,"MLP v3b [256,128,64] lr1e-4 patient",5676.27,5679.397
2025-07-20 02:00:00,test,"MLP v3b [256,128,64] lr1e-4 patient",5353.32,5342.35
2025-07-20 03:00:00,test,"MLP v3b [256,128,64] lr1e-4 patient",5034.24,5036.7847
2025-07-20 04:00:00,test,"MLP v3b [256,128,64] lr1e-4 patient",4765.83,4784.4614
2025-07-20 05:00:00,test,"MLP v3b [256,128,64] lr1e-4 patient",4611.89,4575.41
2025-07-20 06:00:00,test,"MLP v3b [256,128,64] lr1e-4 patient",4432.39,4410.3047
2025-07-20 07:00:00,test,"MLP v3b [256,128,64] lr1e-4 patient",4348.75,4340.425
2025-07-20 08:00:00,test,"MLP v3b [256,128,64] lr1e-4 patient",4324.96,4330.3804
2025-07-20 09:00:00,test,"MLP v3b [256,128,64] lr1e-4 patient",4654.67,4652.6426
2025-07-20 10:00:00,test,"MLP v3b [256,128,64] lr1e-4 patient",5016.02,4982.3257
2025-07-20 11:00:00,test,"MLP v3b [256,128,64] lr1e-4 patient",5321.31,5258.801
2025-07-20 12:00:00,test,"MLP v3b [256,128,64] lr1e-4 patient",5455.34,5524.391
2025-07-20 13:00:00,test,"MLP v3b [256,128,64] lr1e-4 patient",5546.85,5620.4272
2025-07-20 14:00:00,test,"MLP v3b [256,128,64] lr1e-4 patient",5713.18,5817.604
2025-07-20 15:00:00,test,"MLP v3b [256,128,64] lr1e-4 patient",5779.95,5778.4
2025-07-20 16:00:00,test,"MLP v3b [256,128,64] lr1e-4 patient",5738.76,5693.5
2025-07-20 17:00:00,test,"MLP v3b [256,128,64] lr1e-4 patient",5552.49,5513.5503
2025-07-20 18:00:00,test,"MLP v3b [256,128,64] lr1e-4 patient",5452.66,5326.443
2025-07-20 19:00:00,test,"MLP v3b [256,128,64] lr1e-4 patient",5635.71,5455.7124
2025-07-20 20:00:00,test,"MLP v3b [256,128,64] lr1e-4 patient",5942.8,5798.7593
2025-07-20 21:00:00,test,"MLP v3b [256,128,64] lr1e-4 patient",6281.28,6255.906
2025-07-20 22:00:00,test,"MLP v3b [256,128,64] lr1e-4 patient",6525.15,6534.3843
2025-07-21 00:00:00,test,"MLP v3b [256,128,64] lr1e-4 patient",6292.39,6312.0605
2025-07-21 01:00:00,test,"MLP v3b [256,128,64] lr1e-4 patient",5879.99,5913.9023
2025-07-21 02:00:00,test,"MLP v3b [256,128,64] lr1e-4 patient",5538.06,5526.97
2025-07-21 03:00:00,test,"MLP v3b [256,128,64] lr1e-4 patient",5212.6,5242.9214
2025-07-21 04:00:00,test,"MLP v3b [256,128,64] lr1e-4 patient",4969.14,4990.879
2025-07-21 05:00:00,test,"MLP v3b [256,128,64] lr1e-4 patient",4808.8,4777.2544
2025-07-21 06:00:00,test,"MLP v3b [256,128,64] lr1e-4 patient",4755.38,4583.196
2025-07-21 07:00:00,test,"MLP v3b [256,128,64] lr1e-4 patient",4762.56,4690.2007
2025-07-21 08:00:00,test,"MLP v3b [256,128,64] lr1e-4 patient",4990.16,4946.8887
2025-07-21 09:00:00,test,"MLP v3b [256,128,64] lr1e-4 patient",5613.8,5571.6313
2025-07-21 10:00:00,test,"MLP v3b [256,128,64] lr1e-4 patient",5891.67,5947.017
2025-07-21 11:00:00,test,"MLP v3b [256,128,64] lr1e-4 patient",5992.66,6054.7188
2025-07-21 12:00:00,test,"MLP v3b [256,128,64] lr1e-4 patient",6056.33,6121.4077
2025-07-21 13:00:00,test,"MLP v3b [256,128,64] lr1e-4 patient",6103.13,6158.7407
2025-07-21 14:00:00,test,"MLP v3b [256,128,64] lr1e-4 patient",6460.34,6446.903
2025-07-21 15:00:00,test,"MLP v3b [256,128,64] lr1e-4 patient",6454.47,6517.2046
2025-07-21 16:00:00,test,"MLP v3b [256,128,64] lr1e-4 patient",6187.98,6365.406
2025-07-22 00:00:00,test,"MLP v3b [256,128,64] lr1e-4 patient",5792.36,5606.4688
2025-07-22 01:00:00,test,"MLP v3b [256,128,64] lr1e-4 patient",5580.9,5477.4946
2025-07-22 02:00:00,test,"MLP v3b [256,128,64] lr1e-4 patient",5336.65,5300.1743
2025-07-22 03:00:00,test,"MLP v3b [256,128,64] lr1e-4 patient",5146.26,5091.5317
2025-07-22 04:00:00,test,"MLP v3b [256,128,64] lr1e-4 patient",5004.11,4917.9116
2025-07-22 05:00:00,test,"MLP v3b [256,128,64] lr1e-4 patient",4906.6,4821.4316
2025-07-22 06:00:00,test,"MLP v3b [256,128,64] lr1e-4 patient",4969.97,4766.6704
2025-07-22 07:00:00,test,"MLP v3b [256,128,64] lr1e-4 patient",4986.68,4919.6367
2025-07-22 08:00:00,test,"MLP v3b [256,128,64] lr1e-4 patient",5139.21,5080.748
2025-07-22 09:00:00,test,"MLP v3b [256,128,64] lr1e-4 patient",5540.21,5646.138
2025-07-22 10:00:00,test,"MLP v3b [256,128,64] lr1e-4 patient",5756.67,5836.3833
2025-07-22 11:00:00,test,"MLP v3b [256,128,64] lr1e-4 patient",5755.8,5893.541
2025-07-22 12:00:00,test,"MLP v3b [256,128,64] lr1e-4 patient",5745.95,5864.728
2025-07-22 13:00:00,test,"MLP v3b [256,128,64] lr1e-4 patient",5572.94,5798.526
2025-07-22 14:00:00,test,"MLP v3b [256,128,64] lr1e-4 patient",5812.26,5926.797
2025-07-22 15:00:00,test,"MLP v3b [256,128,64] lr1e-4 patient",5929.91,5850.0493
2025-07-22 16:00:00,test,"MLP v3b [256,128,64] lr1e-4 patient",5891.88,5832.1636
2025-07-22 17:00:00,test,"MLP v3b [256,128,64] lr1e-4 patient",5815.27,5718.502
2025-07-22 18:00:00,test,"MLP v3b [256,128,64] lr1e-4 patient",5754.06,5559.1206
2025-07-22 19:00:00,test,"MLP v3b [256,128,64] lr1e-4 patient",5738.22,5639.488
2025-07-22 20:00:00,test,"MLP v3b [256,128,64] lr1e-4 patient",5731.79,5707.4253
2025-07-22 21:00:00,test,"MLP v3b [256,128,64] lr1e-4 patient",5807.73,5937.9917
2025-07-22 22:00:00,test,"MLP v3b [256,128,64] lr1e-4 patient",5941.37,5992.938
2025-07-22 23:00:00,test,"MLP v3b [256,128,64] lr1e-4 patient",5908.21,5891.057
2025-07-23 00:00:00,test,"MLP v3b [256,128,64] lr1e-4 patient",5680.13,5760.0845
2025-07-23 01:00:00,test,"MLP v3b [256,128,64] lr1e-4 patient",5303.55,5344.816
2025-07-23 02:00:00,test,"MLP v3b [256,128,64] lr1e-4 patient",4998.31,5044.731
2025-07-23 03:00:00,test,"MLP v3b [256,128,64] lr1e-4 patient",4762.64,4761.9966
2025-07-23 04:00:00,test,"MLP v3b [256,128,64] lr1e-4 patient",4560.26,4556.1562
2025-07-23 05:00:00,test,"MLP v3b [256,128,64] lr1e-4 patient",4480.4,4452.9966
2025-07-23 06:00:00,test,"MLP v3b [256,128,64] lr1e-4 patient",4603.54,4479.3745
2025-07-23 07:00:00,test,"MLP v3b [256,128,64] lr1e-4 patient",4628.34,4600.981
2025-07-23 08:00:00,test,"MLP v3b [256,128,64] lr1e-4 patient",4644.09,4849.6226
2025-07-23 09:00:00,test,"MLP v3b [256,128,64] lr1e-4 patient",5170.67,5257.777
2025-07-23 10:00:00,test,"MLP v3b [256,128,64] lr1e-4 patient",5514.15,5481.4263
2025-07-23 11:00:00,test,"MLP v3b [256,128,64] lr1e-4 patient",5651.32,5635.8647
2025-07-23 12:00:00,test,"MLP v3b [256,128,64] lr1e-4 patient",5692.2,5713.2056
2025-07-23 13:00:00,test,"MLP v3b [256,128,64] lr1e-4 patient",5602.27,5721.179
2025-07-23 14:00:00,test,"MLP v3b [256,128,64] lr1e-4 patient",5910.51,5915.662
2025-07-23 15:00:00,test,"MLP v3b [256,128,64] lr1e-4 patient",5953.11,5940.4937
2025-07-23 16:00:00,test,"MLP v3b [256,128,64] lr1e-4 patient",5877.71,5853.06
2025-07-23 17:00:00,test,"MLP v3b [256,128,64] lr1e-4 patient",5793.67,5714.776
2025-07-23 18:00:00,test,"MLP v3b [256,128,64] lr1e-4 patient",5684.53,5550.47
2025-07-23 19:00:00,test,"MLP v3b [256,128,64] lr1e-4 patient",5749.9,5631.2944
2025-07-23 20:00:00,test,"MLP v3b [256,128,64] lr1e-4 patient",5755.69,5746.6157
2025-07-23 21:00:00,test,"MLP v3b [256,128,64] lr1e-4 patient",5898.87,5941.203
2025-07-23 22:00:00,test,"MLP v3b [256,128,64] lr1e-4 patient",6013.66,6093.723
2025-07-23 23:00:00,test,"MLP v3b [256,128,64] lr1e-4 patient",6026.74,5975.7876
2025-07-24 00:00:00,test,"MLP v3b [256,128,64] lr1e-4 patient",5784.65,5859.5923
2025-07-24 01:00:00,test,"MLP v3b [256,128,64] lr1e-4 patient",5363.49,5444.9155
2025-07-24 02:00:00,test,"MLP v3b [256,128,64] lr1e-4 patient",5056.86,5073.5986
2025-07-24 03:00:00,test,"MLP v3b [256,128,64] lr1e-4 patient",4696.63,4783.5835
2025-07-24 04:00:00,test,"MLP v3b [256,128,64] lr1e-4 patient",4427.53,4517.8027
2025-07-24 05:00:00,test,"MLP v3b [256,128,64] lr1e-4 patient",4312.88,4276.696
2025-07-24 06:00:00,test,"MLP v3b [256,128,64] lr1e-4 patient",4508.5,4310.0806
2025-07-24 07:00:00,test,"MLP v3b [256,128,64] lr1e-4 patient",4516.01,4482.8613
2025-07-24 08:00:00,test,"MLP v3b [256,128,64] lr1e-4 patient",4712.73,4727.524
2025-07-24 09:00:00,test,"MLP v3b [256,128,64] lr1e-4 patient",5401.84,5295.156
2025-07-24 10:00:00,test,"MLP v3b [256,128,64] lr1e-4 patient",5784.14,5731.637
2025-07-24 11:00:00,test,"MLP v3b [256,128,64] lr1e-4 patient",6070.11,5924.408
2025-07-24 12:00:00,test,"MLP v3b [256,128,64] lr1e-4 patient",6230.22,6151.5337
2025-07-24 13:00:00,test,"MLP v3b [256,128,64] lr1e-4 patient",6371.08,6289.3765
2025-07-24 14:00:00,test,"MLP v3b [256,128,64] lr1e-4 patient",6817.87,6644.0093
2025-07-24 15:00:00,test,"MLP v3b [256,128,64] lr1e-4 patient",6941.09,6798.2876
2025-07-24 16:00:00,test,"MLP v3b [256,128,64] lr1e-4 patient",6811.63,6731.957
2025-07-24 17:00:00,test,"MLP v3b [256,128,64] lr1e-4 patient",6604.42,6471.053
2025-07-24 18:00:00,test,"MLP v3b [256,128,64] lr1e-4 patient",6348.25,6155.645
2025-07-24 19:00:00,test,"MLP v3b [256,128,64] lr1e-4 patient",6384.35,6168.1724
2025-07-24 20:00:00,test,"MLP v3b [256,128,64] lr1e-4 patient",6472.89,6415.4185
2025-07-24 21:00:00,test,"MLP v3b [256,128,64] lr1e-4 patient",6788.58,6765.561
2025-07-24 22:00:00,test,"MLP v3b [256,128,64] lr1e-4 patient",6997.19,6987.815
2025-07-24 23:00:00,test,"MLP v3b [256,128,64] lr1e-4 patient",7003.27,6938.463
2025-07-25 00:00:00,test,"MLP v3b [256,128,64] lr1e-4 patient",6672.68,6749.756
2025-07-25 01:00:00,test,"MLP v3b [256,128,64] lr1e-4 patient",6241.16,6239.312
2025-07-25 02:00:00,test,"MLP v3b [256,128,64] lr1e-4 patient",5847.85,5815.2812
2025-07-25 03:00:00,test,"MLP v3b [256,128,64] lr1e-4 patient",5515.75,5480.143
2025-07-25 04:00:00,test,"MLP v3b [256,128,64] lr1e-4 patient",5274.63,5202.951
2025-07-25 05:00:00,test,"MLP v3b [256,128,64] lr1e-4 patient",5098.56,5066.074
2025-07-25 06:00:00,test,"MLP v3b [256,128,64] lr1e-4 patient",5060.83,4822.9854
2025-07-25 07:00:00,test,"MLP v3b [256,128,64] lr1e-4 patient",5068.76,4952.9556
2025-07-25 08:00:00,test,"MLP v3b [256,128,64] lr1e-4 patient",5334.6,5179.4937
2025-07-25 09:00:00,test,"MLP v3b [256,128,64] lr1e-4 patient",5987.85,5918.973
2025-07-25 10:00:00,test,"MLP v3b [256,128,64] lr1e-4 patient",6406.23,6309.942
2025-07-25 11:00:00,test,"MLP v3b [256,128,64] lr1e-4 patient",6534.39,6542.66
2025-07-25 12:00:00,test,"MLP v3b [256,128,64] lr1e-4 patient",6800.9,6651.7305
2025-07-25 13:00:00,test,"MLP v3b [256,128,64] lr1e-4 patient",6924.04,6857.9746
2025-07-25 14:00:00,test,"MLP v3b [256,128,64] lr1e-4 patient",7461.26,7195.3457
2025-07-25 15:00:00,test,"MLP v3b [256,128,64] lr1e-4 patient",7537.42,7397.83
2025-07-25 16:00:00,test,"MLP v3b [256,128,64] lr1e-4 patient",7427.95,7293.278
2025-07-25 17:00:00,test,"MLP v3b [256,128,64] lr1e-4 patient",7096.52,6998.996
2025-07-25 18:00:00,test,"MLP v3b [256,128,64] lr1e-4 patient",6757.07,6554.393
2025-07-25 19:00:00,test,"MLP v3b [256,128,64] lr1e-4 patient",6529.82,6469.6543
2025-07-25 20:00:00,test,"MLP v3b [256,128,64] lr1e-4 patient",6555.59,6577.9336
2025-07-25 21:00:00,test,"MLP v3b [256,128,64] lr1e-4 patient",7024.73,6867.7427
2025-07-25 22:00:00,test,"MLP v3b [256,128,64] lr1e-4 patient",7296.02,7245.2954
2025-07-25 23:00:00,test,"MLP v3b [256,128,64] lr1e-4 patient",7316.9,7262.674
2025-07-26 00:00:00,test,"MLP v3b [256,128,64] lr1e-4 patient",7009.39,7034.457
2025-07-26 01:00:00,test,"MLP v3b [256,128,64] lr1e-4 patient",6496.41,6600.5474
2025-07-26 02:00:00,test,"MLP v3b [256,128,64] lr1e-4 patient",5962.14,6131.78
2025-07-26 03:00:00,test,"MLP v3b [256,128,64] lr1e-4 patient",5653.71,5650.035
2025-07-26 04:00:00,test,"MLP v3b [256,128,64] lr1e-4 patient",5377.28,5351.453
2025-07-26 05:00:00,test,"MLP v3b [256,128,64] lr1e-4 patient",5172.31,5171.9336
2025-07-26 06:00:00,test,"MLP v3b [256,128,64] lr1e-4 patient",4919.68,4869.3423
2025-07-26 07:00:00,test,"MLP v3b [256,128,64] lr1e-4 patient",4855.26,4842.0977
2025-07-26 08:00:00,test,"MLP v3b [256,128,64] lr1e-4 patient",4873.68,4858.196
2025-07-26 09:00:00,test,"MLP v3b [256,128,64] lr1e-4 patient",5434.49,5380.898
2025-07-26 10:00:00,test,"MLP v3b [256,128,64] lr1e-4 patient",5899.37,5816.3633
2025-07-26 11:00:00,test,"MLP v3b [256,128,64] lr1e-4 patient",6163.3,6163.86
2025-07-26 12:00:00,test,"MLP v3b [256,128,64] lr1e-4 patient",6311.78,6355.6113
2025-07-26 13:00:00,test,"MLP v3b [256,128,64] lr1e-4 patient",6430.47,6439.4297
2025-07-26 14:00:00,test,"MLP v3b [256,128,64] lr1e-4 patient",6655.76,6754.6304
2025-07-26 15:00:00,test,"MLP v3b [256,128,64] lr1e-4 patient",6777.55,6704.982
2025-07-26 16:00:00,test,"MLP v3b [256,128,64] lr1e-4 patient",6790.42,6637.7466
2025-07-26 17:00:00,test,"MLP v3b [256,128,64] lr1e-4 patient",6550.42,6474.953
2025-07-26 18:00:00,test,"MLP v3b [256,128,64] lr1e-4 patient",6348.69,6148.099
2025-07-26 19:00:00,test,"MLP v3b [256,128,64] lr1e-4 patient",6298.35,6190.611
2025-07-26 20:00:00,test,"MLP v3b [256,128,64] lr1e-4 patient",6505.04,6399.3374
2025-07-26 21:00:00,test,"MLP v3b [256,128,64] lr1e-4 patient",6903.02,6803.404
2025-07-26 22:00:00,test,"MLP v3b [256,128,64] lr1e-4 patient",7205.32,7130.5117
2025-07-26 23:00:00,test,"MLP v3b [256,128,64] lr1e-4 patient",7229.54,7151.754
2025-07-27 00:00:00,test,"MLP v3b [256,128,64] lr1e-4 patient",7026.23,7005.4297
2025-07-27 01:00:00,test,"MLP v3b [256,128,64] lr1e-4 patient",6620.85,6630.186
2025-07-27 02:00:00,test,"MLP v3b [256,128,64] lr1e-4 patient",6218.45,6231.9595
2025-07-27 03:00:00,test,"MLP v3b [256,128,64] lr1e-4 patient",5864.55,5871.973
2025-07-27 04:00:00,test,"MLP v3b [256,128,64] lr1e-4 patient",5630.28,5545.072
2025-07-27 05:00:00,test,"MLP v3b [256,128,64] lr1e-4 patient",5421.41,5355.403
2025-07-27 06:00:00,test,"MLP v3b [256,128,64] lr1e-4 patient",5142.58,5056.463
2025-07-27 07:00:00,test,"MLP v3b [256,128,64] lr1e-4 patient",4987.32,4975.5156
2025-07-27 08:00:00,test,"MLP v3b [256,128,64] lr1e-4 patient",4840.28,4939.24
2025-07-27 09:00:00,test,"MLP v3b [256,128,64] lr1e-4 patient",5138.4,5246.5103
2025-07-27 10:00:00,test,"MLP v3b [256,128,64] lr1e-4 patient",5493.04,5515.7056
2025-07-27 11:00:00,test,"MLP v3b [256,128,64] lr1e-4 patient",5794.37,5803.7656
2025-07-27 12:00:00,test,"MLP v3b [256,128,64] lr1e-4 patient",5987.88,6033.863
2025-07-27 13:00:00,test,"MLP v3b [256,128,64] lr1e-4 patient",6281.14,6163.056
2025-07-27 14:00:00,test,"MLP v3b [256,128,64] lr1e-4 patient",6520.34,6624.5806
2025-07-27 15:00:00,test,"MLP v3b [256,128,64] lr1e-4 patient",6589.96,6602.184
2025-07-27 16:00:00,test,"MLP v3b [256,128,64] lr1e-4 patient",6467.07,6461.0503
2025-07-27 17:00:00,test,"MLP v3b [256,128,64] lr1e-4 patient",6207.24,6207.4883
2025-07-27 18:00:00,test,"MLP v3b [256,128,64] lr1e-4 patient",5955.68,5872.719
2025-07-27 19:00:00,test,"MLP v3b [256,128,64] lr1e-4 patient",6123.71,5945.3535
2025-07-27 20:00:00,test,"MLP v3b [256,128,64] lr1e-4 patient",6506.25,6326.979
2025-07-27 21:00:00,test,"MLP v3b [256,128,64] lr1e-4 patient",7012.02,6891.9316
2025-07-27 22:00:00,test,"MLP v3b [256,128,64] lr1e-4 patient",7259.24,7284.139
2025-07-27 23:00:00,test,"MLP v3b [256,128,64] lr1e-4 patient",7276.23,7241.535
2025-07-28 00:00:00,test,"MLP v3b [256,128,64] lr1e-4 patient",7054.91,7030.324
2025-07-28 01:00:00,test,"MLP v3b [256,128,64] lr1e-4 patient",6599.33,6663.47
2025-07-28 02:00:00,test,"MLP v3b [256,128,64] lr1e-4 patient",6190.36,6234.586
2025-07-28 03:00:00,test,"MLP v3b [256,128,64] lr1e-4 patient",5878.95,5878.0874
2025-07-28 04:00:00,test,"MLP v3b [256,128,64] lr1e-4 patient",5595.09,5601.264
2025-07-28 05:00:00,test,"MLP v3b [256,128,64] lr1e-4 patient",5391.07,5360.7344
2025-07-28 06:00:00,test,"MLP v3b [256,128,64] lr1e-4 patient",5205.23,5126.2856
2025-07-28 07:00:00,test,"MLP v3b [256,128,64] lr1e-4 patient",5211.5,5137.8477
2025-07-28 08:00:00,test,"MLP v3b [256,128,64] lr1e-4 patient",5373.9,5321.1035
2025-07-28 09:00:00,test,"MLP v3b [256,128,64] lr1e-4 patient",6007.66,5961.815
2025-07-28 10:00:00,test,"MLP v3b [256,128,64] lr1e-4 patient",6363.22,6355.442
2025-07-28 11:00:00,test,"MLP v3b [256,128,64] lr1e-4 patient",6552.8,6533.0664
2025-07-28 12:00:00,test,"MLP v3b [256,128,64] lr1e-4 patient",6717.62,6690.596
2025-07-28 13:00:00,test,"MLP v3b [256,128,64] lr1e-4 patient",6858.79,6826.4277
2025-07-28 14:00:00,test,"MLP v3b [256,128,64] lr1e-4 patient",7403.28,7170.217
2025-07-28 15:00:00,test,"MLP v3b [256,128,64] lr1e-4 patient",7444.33,7394.3696
2025-07-28 16:00:00,test,"MLP v3b [256,128,64] lr1e-4 patient",7099.5,7262.957
2025-07-28 17:00:00,test,"MLP v3b [256,128,64] lr1e-4 patient",6748.62,6792.1694
2025-07-28 18:00:00,test,"MLP v3b [256,128,64] lr1e-4 patient",6570.26,6309.2866
2025-07-28 19:00:00,test,"MLP v3b [256,128,64] lr1e-4 patient",6716.52,6366.6523
2025-07-28 20:00:00,test,"MLP v3b [256,128,64] lr1e-4 patient",6925.13,6798.0073
2025-07-28 21:00:00,test,"MLP v3b [256,128,64] lr1e-4 patient",7137.98,7259.3765
2025-07-28 22:00:00,test,"MLP v3b [256,128,64] lr1e-4 patient",7233.62,7400.152
2025-07-28 23:00:00,test,"MLP v3b [256,128,64] lr1e-4 patient",7202.1,7228.81
2025-07-29 00:00:00,test,"MLP v3b [256,128,64] lr1e-4 patient",6938.63,6958.8413
2025-07-29 01:00:00,test,"MLP v3b [256,128,64] lr1e-4 patient",6500.65,6574.735
2025-07-29 02:00:00,test,"MLP v3b [256,128,64] lr1e-4 patient",6115.01,6156.5483
2025-07-29 03:00:00,test,"MLP v3b [256,128,64] lr1e-4 patient",5786.13,5823.985
2025-07-29 04:00:00,test,"MLP v3b [256,128,64] lr1e-4 patient",5505.46,5532.0415
2025-07-29 05:00:00,test,"MLP v3b [256,128,64] lr1e-4 patient",5306.16,5301.371
2025-07-29 06:00:00,test,"MLP v3b [256,128,64] lr1e-4 patient",5152.79,5063.2944
2025-07-29 07:00:00,test,"MLP v3b [256,128,64] lr1e-4 patient",5152.36,5108.4424
2025-07-29 08:00:00,test,"MLP v3b [256,128,64] lr1e-4 patient",5166.81,5334.351
2025-07-29 09:00:00,test,"MLP v3b [256,128,64] lr1e-4 patient",5443.17,5805.3804
2025-07-29 10:00:00,test,"MLP v3b [256,128,64] lr1e-4 patient",5826.14,5878.6406
2025-07-29 11:00:00,test,"MLP v3b [256,128,64] lr1e-4 patient",6036.19,6054.676
2025-07-29 12:00:00,test,"MLP v3b [256,128,64] lr1e-4 patient",5963.63,6251.3203
2025-07-29 13:00:00,test,"MLP v3b [256,128,64] lr1e-4 patient",5842.95,6114.7036
2025-07-29 14:00:00,test,"MLP v3b [256,128,64] lr1e-4 patient",6080.44,6211.3496
2025-07-29 15:00:00,test,"MLP v3b [256,128,64] lr1e-4 patient",6148.76,6174.0874
2025-07-29 16:00:00,test,"MLP v3b [256,128,64] lr1e-4 patient",6075.67,6110.469
2025-07-29 17:00:00,test,"MLP v3b [256,128,64] lr1e-4 patient",5984.88,5972.029
2025-07-29 18:00:00,test,"MLP v3b [256,128,64] lr1e-4 patient",5861.54,5791.727
2025-07-29 19:00:00,test,"MLP v3b [256,128,64] lr1e-4 patient",5952.81,5846.779
2025-07-29 20:00:00,test,"MLP v3b [256,128,64] lr1e-4 patient",5972.63,6049.449
2025-07-29 21:00:00,test,"MLP v3b [256,128,64] lr1e-4 patient",6256.28,6316.862
2025-07-29 22:00:00,test,"MLP v3b [256,128,64] lr1e-4 patient",6365.08,6515.973
2025-07-29 23:00:00,test,"MLP v3b [256,128,64] lr1e-4 patient",6351.98,6378.064
2025-07-30 00:00:00,test,"MLP v3b [256,128,64] lr1e-4 patient",6110.54,6164.7954
2025-07-30 01:00:00,test,"MLP v3b [256,128,64] lr1e-4 patient",5672.05,5748.2075
2025-07-30 02:00:00,test,"MLP v3b [256,128,64] lr1e-4 patient",5352.61,5358.3433
2025-07-30 03:00:00,test,"MLP v3b [256,128,64] lr1e-4 patient",5078.99,5086.4707
2025-07-30 04:00:00,test,"MLP v3b [256,128,64] lr1e-4 patient",4872.86,4861.4106
2025-07-30 05:00:00,test,"MLP v3b [256,128,64] lr1e-4 patient",4721.12,4679.24
2025-07-30 06:00:00,test,"MLP v3b [256,128,64] lr1e-4 patient",4725.35,4561.149
2025-07-30 07:00:00,test,"MLP v3b [256,128,64] lr1e-4 patient",4798.26,4682.7007
2025-07-30 08:00:00,test,"MLP v3b [256,128,64] lr1e-4 patient",4943.08,4965.9937
2025-07-30 09:00:00,test,"MLP v3b [256,128,64] lr1e-4 patient",5535.61,5513.9507
2025-07-30 10:00:00,test,"MLP v3b [256,128,64] lr1e-4 patient",5880.66,5851.599
2025-07-30 11:00:00,test,"MLP v3b [256,128,64] lr1e-4 patient",6001.53,6011.309
2025-07-30 12:00:00,test,"MLP v3b [256,128,64] lr1e-4 patient",6043.46,6088.383
2025-07-30 13:00:00,test,"MLP v3b [256,128,64] lr1e-4 patient",6073.51,6066.418
2025-07-30 14:00:00,test,"MLP v3b [256,128,64] lr1e-4 patient",6394.98,6378.319
2025-07-30 15:00:00,test,"MLP v3b [256,128,64] lr1e-4 patient",6438.28,6414.473
2025-07-30 16:00:00,test,"MLP v3b [256,128,64] lr1e-4 patient",6361.55,6295.0312
2025-07-30 17:00:00,test,"MLP v3b [256,128,64] lr1e-4 patient",6092.94,6105.1733
2025-07-30 18:00:00,test,"MLP v3b [256,128,64] lr1e-4 patient",5948.29,5794.731
2025-07-30 19:00:00,test,"MLP v3b [256,128,64] lr1e-4 patient",5949.06,5845.668
2025-07-30 20:00:00,test,"MLP v3b [256,128,64] lr1e-4 patient",5876.23,5966.674
2025-07-30 21:00:00,test,"MLP v3b [256,128,64] lr1e-4 patient",6046.29,6105.5254
2025-07-30 22:00:00,test,"MLP v3b [256,128,64] lr1e-4 patient",6132.21,6253.0996
2025-07-30 23:00:00,test,"MLP v3b [256,128,64] lr1e-4 patient",6092.05,6143.367
2025-07-31 00:00:00,test,"MLP v3b [256,128,64] lr1e-4 patient",5833.24,5954.797
2025-07-31 01:00:00,test,"MLP v3b [256,128,64] lr1e-4 patient",5403.34,5516.7026
2025-07-31 02:00:00,test,"MLP v3b [256,128,64] lr1e-4 patient",5164.09,5140.446
2025-07-31 03:00:00,test,"MLP v3b [256,128,64] lr1e-4 patient",4874.23,4880.778
2025-07-31 04:00:00,test,"MLP v3b [256,128,64] lr1e-4 patient",4691.48,4650.9897
2025-07-31 05:00:00,test,"MLP v3b [256,128,64] lr1e-4 patient",4573.22,4472.272
2025-07-31 06:00:00,test,"MLP v3b [256,128,64] lr1e-4 patient",4555.05,4481.178
2025-07-31 07:00:00,test,"MLP v3b [256,128,64] lr1e-4 patient",4645.11,4527.1113
2025-07-31 08:00:00,test,"MLP v3b [256,128,64] lr1e-4 patient",4852.42,4765.953
2025-07-31 09:00:00,test,"MLP v3b [256,128,64] lr1e-4 patient",5205.0,5409.363
2025-07-31 10:00:00,test,"MLP v3b [256,128,64] lr1e-4 patient",5705.35,5582.2925
2025-07-31 11:00:00,test,"MLP v3b [256,128,64] lr1e-4 patient",5977.89,5835.34
2025-07-31 12:00:00,test,"MLP v3b [256,128,64] lr1e-4 patient",6018.11,6099.6055
2025-07-31 13:00:00,test,"MLP v3b [256,128,64] lr1e-4 patient",5763.52,6092.3022
2025-07-31 14:00:00,test,"MLP v3b [256,128,64] lr1e-4 patient",5756.37,6119.3047
2025-07-31 15:00:00,test,"MLP v3b [256,128,64] lr1e-4 patient",5782.78,5792.3354
2025-07-31 16:00:00,test,"MLP v3b [256,128,64] lr1e-4 patient",5713.87,5694.154
2025-07-31 17:00:00,test,"MLP v3b [256,128,64] lr1e-4 patient",5681.73,5604.7676
2025-07-31 18:00:00,test,"MLP v3b [256,128,64] lr1e-4 patient",5611.64,5525.272
2025-07-31 19:00:00,test,"MLP v3b [256,128,64] lr1e-4 patient",5585.87,5586.901
2025-07-31 20:00:00,test,"MLP v3b [256,128,64] lr1e-4 patient",5505.64,5620.8784
2025-07-31 21:00:00,test,"MLP v3b [256,128,64] lr1e-4 patient",5569.15,5717.8477
2025-07-31 22:00:00,test,"MLP v3b [256,128,64] lr1e-4 patient",5719.32,5785.9453
2025-07-31 23:00:00,test,"MLP v3b [256,128,64] lr1e-4 patient",5708.8,5724.146
2025-08-01 00:00:00,test,"MLP v3b [256,128,64] lr1e-4 patient",5490.07,5613.6445
2025-08-01 01:00:00,test,"MLP v3b [256,128,64] lr1e-4 patient",5143.02,5184.277
2025-08-01 02:00:00,test,"MLP v3b [256,128,64] lr1e-4 patient",4862.84,4856.954
2025-08-01 03:00:00,test,"MLP v3b [256,128,64] lr1e-4 patient",4613.96,4628.7993
2025-08-01 04:00:00,test,"MLP v3b [256,128,64] lr1e-4 patient",4432.54,4392.809
2025-08-01 05:00:00,test,"MLP v3b [256,128,64] lr1e-4 patient",4315.43,4316.2573
2025-08-01 06:00:00,test,"MLP v3b [256,128,64] lr1e-4 patient",4440.81,4354.6255
2025-08-01 07:00:00,test,"MLP v3b [256,128,64] lr1e-4 patient",4525.46,4460.521
2025-08-01 08:00:00,test,"MLP v3b [256,128,64] lr1e-4 patient",4743.56,4692.4253
2025-08-01 09:00:00,test,"MLP v3b [256,128,64] lr1e-4 patient",5316.02,5328.437
2025-08-01 10:00:00,test,"MLP v3b [256,128,64] lr1e-4 patient",5652.48,5625.266
2025-08-01 11:00:00,test,"MLP v3b [256,128,64] lr1e-4 patient",5785.56,5737.2886
2025-08-01 12:00:00,test,"MLP v3b [256,128,64] lr1e-4 patient",5823.33,5804.6714
2025-08-01 13:00:00,test,"MLP v3b [256,128,64] lr1e-4 patient",5821.76,5791.5815
2025-08-01 14:00:00,test,"MLP v3b [256,128,64] lr1e-4 patient",6245.54,6079.867
2025-08-01 15:00:00,test,"MLP v3b [256,128,64] lr1e-4 patient",6261.51,6229.9976
2025-08-01 16:00:00,test,"MLP v3b [256,128,64] lr1e-4 patient",5986.44,6114.664
2025-08-01 17:00:00,test,"MLP v3b [256,128,64] lr1e-4 patient",5970.4,5821.9277
2025-08-01 18:00:00,test,"MLP v3b [256,128,64] lr1e-4 patient",5831.44,5723.6113
2025-08-01 19:00:00,test,"MLP v3b [256,128,64] lr1e-4 patient",5756.03,5744.5605
2025-08-01 20:00:00,test,"MLP v3b [256,128,64] lr1e-4 patient",5661.32,5716.549
2025-08-01 21:00:00,test,"MLP v3b [256,128,64] lr1e-4 patient",5738.51,5827.94
2025-08-01 22:00:00,test,"MLP v3b [256,128,64] lr1e-4 patient",5925.06,5877.1504
2025-08-01 23:00:00,test,"MLP v3b [256,128,64] lr1e-4 patient",5900.62,5913.0625
2025-08-02 00:00:00,test,"MLP v3b [256,128,64] lr1e-4 patient",5701.93,5745.3774
2025-08-02 01:00:00,test,"MLP v3b [256,128,64] lr1e-4 patient",5313.69,5373.4863
2025-08-02 02:00:00,test,"MLP v3b [256,128,64] lr1e-4 patient",5010.83,5030.5474
2025-08-02 03:00:00,test,"MLP v3b [256,128,64] lr1e-4 patient",4781.64,4737.0854
2025-08-02 04:00:00,test,"MLP v3b [256,128,64] lr1e-4 patient",4555.45,4537.4404
2025-08-02 05:00:00,test,"MLP v3b [256,128,64] lr1e-4 patient",4417.93,4406.6646
2025-08-02 06:00:00,test,"MLP v3b [256,128,64] lr1e-4 patient",4435.9,4359.681
2025-08-02 07:00:00,test,"MLP v3b [256,128,64] lr1e-4 patient",4456.45,4405.006
2025-08-02 08:00:00,test,"MLP v3b [256,128,64] lr1e-4 patient",4538.02,4527.3735
2025-08-02 09:00:00,test,"MLP v3b [256,128,64] lr1e-4 patient",5070.47,4975.0728
2025-08-02 10:00:00,test,"MLP v3b [256,128,64] lr1e-4 patient",5450.78,5402.5093
2025-08-02 11:00:00,test,"MLP v3b [256,128,64] lr1e-4 patient",5569.36,5600.361
2025-08-02 12:00:00,test,"MLP v3b [256,128,64] lr1e-4 patient",5656.67,5678.5664
2025-08-02 13:00:00,test,"MLP v3b [256,128,64] lr1e-4 patient",5696.96,5658.9277
2025-08-02 14:00:00,test,"MLP v3b [256,128,64] lr1e-4 patient",6000.04,5943.4165
2025-08-02 15:00:00,test,"MLP v3b [256,128,64] lr1e-4 patient",6101.54,5979.431
2025-08-02 16:00:00,test,"MLP v3b [256,128,64] lr1e-4 patient",6034.65,5934.8047
2025-08-02 17:00:00,test,"MLP v3b [256,128,64] lr1e-4 patient",5957.93,5790.103
2025-08-02 18:00:00,test,"MLP v3b [256,128,64] lr1e-4 patient",5733.14,5662.223
2025-08-02 19:00:00,test,"MLP v3b [256,128,64] lr1e-4 patient",5655.63,5678.101
2025-08-02 20:00:00,test,"MLP v3b [256,128,64] lr1e-4 patient",5681.5,5694.6714
2025-08-02 21:00:00,test,"MLP v3b [256,128,64] lr1e-4 patient",5754.51,5904.0054
2025-08-02 22:00:00,test,"MLP v3b [256,128,64] lr1e-4 patient",5970.37,5982.4272
2025-08-02 23:00:00,test,"MLP v3b [256,128,64] lr1e-4 patient",5996.65,5950.891
2025-08-03 00:00:00,test,"MLP v3b [256,128,64] lr1e-4 patient",5793.29,5873.2993
2025-08-03 01:00:00,test,"MLP v3b [256,128,64] lr1e-4 patient",5434.62,5458.1133
2025-08-03 02:00:00,test,"MLP v3b [256,128,64] lr1e-4 patient",4904.5,5099.0767
2025-08-03 03:00:00,test,"MLP v3b [256,128,64] lr1e-4 patient",4650.43,4678.482
2025-08-03 04:00:00,test,"MLP v3b [256,128,64] lr1e-4 patient",4485.98,4451.689
2025-08-03 05:00:00,test,"MLP v3b [256,128,64] lr1e-4 patient",4351.87,4357.463
2025-08-03 06:00:00,test,"MLP v3b [256,128,64] lr1e-4 patient",4273.88,4277.3755
2025-08-03 07:00:00,test,"MLP v3b [256,128,64] lr1e-4 patient",4271.24,4257.217
2025-08-03 08:00:00,test,"MLP v3b [256,128,64] lr1e-4 patient",4270.94,4264.479
2025-08-03 09:00:00,test,"MLP v3b [256,128,64] lr1e-4 patient",4610.69,4585.09
2025-08-03 10:00:00,test,"MLP v3b [256,128,64] lr1e-4 patient",4965.34,4934.971
2025-08-03 11:00:00,test,"MLP v3b [256,128,64] lr1e-4 patient",5158.49,5174.2295
2025-08-03 12:00:00,test,"MLP v3b [256,128,64] lr1e-4 patient",5308.72,5326.9834
2025-08-03 13:00:00,test,"MLP v3b [256,128,64] lr1e-4 patient",5476.87,5370.883
2025-08-03 14:00:00,test,"MLP v3b [256,128,64] lr1e-4 patient",5680.19,5737.4907
2025-08-03 15:00:00,test,"MLP v3b [256,128,64] lr1e-4 patient",5710.99,5720.8345
2025-08-03 16:00:00,test,"MLP v3b [256,128,64] lr1e-4 patient",5667.43,5614.396
2025-08-03 17:00:00,test,"MLP v3b [256,128,64] lr1e-4 patient",5469.94,5459.7983
2025-08-03 18:00:00,test,"MLP v3b [256,128,64] lr1e-4 patient",5389.19,5289.0444
2025-08-03 19:00:00,test,"MLP v3b [256,128,64] lr1e-4 patient",5632.51,5468.359
2025-08-03 20:00:00,test,"MLP v3b [256,128,64] lr1e-4 patient",5899.48,5798.806
2025-08-03 21:00:00,test,"MLP v3b [256,128,64] lr1e-4 patient",6232.29,6212.776
2025-08-03 22:00:00,test,"MLP v3b [256,128,64] lr1e-4 patient",6460.53,6471.6235
2025-08-03 23:00:00,test,"MLP v3b [256,128,64] lr1e-4 patient",6494.52,6438.408
2025-08-04 00:00:00,test,"MLP v3b [256,128,64] lr1e-4 patient",6258.08,6282.164
2025-08-04 01:00:00,test,"MLP v3b [256,128,64] lr1e-4 patient",5812.6,5854.0825
2025-08-04 02:00:00,test,"MLP v3b [256,128,64] lr1e-4 patient",5456.82,5477.476
2025-08-04 03:00:00,test,"MLP v3b [256,128,64] lr1e-4 patient",5163.03,5156.6587
2025-08-04 04:00:00,test,"MLP v3b [256,128,64] lr1e-4 patient",4939.53,4916.634
2025-08-04 05:00:00,test,"MLP v3b [256,128,64] lr1e-4 patient",4737.57,4752.2915
2025-08-04 06:00:00,test,"MLP v3b [256,128,64] lr1e-4 patient",4730.68,4563.807
2025-08-04 07:00:00,test,"MLP v3b [256,128,64] lr1e-4 patient",4709.54,4659.941
2025-08-04 08:00:00,test,"MLP v3b [256,128,64] lr1e-4 patient",4809.25,4875.2905
2025-08-04 09:00:00,test,"MLP v3b [256,128,64] lr1e-4 patient",5366.99,5421.7153
2025-08-04 10:00:00,test,"MLP v3b [256,128,64] lr1e-4 patient",5667.31,5701.276
2025-08-04 11:00:00,test,"MLP v3b [256,128,64] lr1e-4 patient",5790.83,5831.7017
2025-08-04 12:00:00,test,"MLP v3b [256,128,64] lr1e-4 patient",5870.29,5900.7993
2025-08-04 13:00:00,test,"MLP v3b [256,128,64] lr1e-4 patient",5929.75,5947.0625
2025-08-04 14:00:00,test,"MLP v3b [256,128,64] lr1e-4 patient",6289.97,6262.8477
2025-08-04 15:00:00,test,"MLP v3b [256,128,64] lr1e-4 patient",6327.5,6355.0474
2025-08-04 16:00:00,test,"MLP v3b [256,128,64] lr1e-4 patient",6239.82,6233.7617
2025-08-04 17:00:00,test,"MLP v3b [256,128,64] lr1e-4 patient",6051.78,6019.429
2025-08-04 18:00:00,test,"MLP v3b [256,128,64] lr1e-4 patient",5888.32,5799.391
2025-08-04 19:00:00,test,"MLP v3b [256,128,64] lr1e-4 patient",5932.08,5853.6763
2025-08-04 20:00:00,test,"MLP v3b [256,128,64] lr1e-4 patient",5885.2,5992.317
2025-08-04 21:00:00,test,"MLP v3b [256,128,64] lr1e-4 patient",6045.26,6188.047
2025-08-04 22:00:00,test,"MLP v3b [256,128,64] lr1e-4 patient",6262.6,6291.439
2025-08-04 23:00:00,test,"MLP v3b [256,128,64] lr1e-4 patient",6291.81,6277.1577
2025-08-05 00:00:00,test,"MLP v3b [256,128,64] lr1e-4 patient",6031.39,6124.814
2025-08-05 01:00:00,test,"MLP v3b [256,128,64] lr1e-4 patient",5602.73,5681.224
2025-08-05 02:00:00,test,"MLP v3b [256,128,64] lr1e-4 patient",5285.42,5322.3486
2025-08-05 03:00:00,test,"MLP v3b [256,128,64] lr1e-4 patient",4983.59,5039.6323
2025-08-05 04:00:00,test,"MLP v3b [256,128,64] lr1e-4 patient",4789.1,4788.4663
2025-08-05 05:00:00,test,"MLP v3b [256,128,64] lr1e-4 patient",4603.8,4623.25
2025-08-05 06:00:00,test,"MLP v3b [256,128,64] lr1e-4 patient",4650.63,4518.1714
2025-08-05 07:00:00,test,"MLP v3b [256,128,64] lr1e-4 patient",4691.14,4641.392
2025-08-05 08:00:00,test,"MLP v3b [256,128,64] lr1e-4 patient",4840.04,4904.3022
2025-08-05 09:00:00,test,"MLP v3b [256,128,64] lr1e-4 patient",5378.65,5439.0835
2025-08-05 10:00:00,test,"MLP v3b [256,128,64] lr1e-4 patient",5697.89,5700.8184
2025-08-05 11:00:00,test,"MLP v3b [256,128,64] lr1e-4 patient",5799.79,5845.592
2025-08-05 12:00:00,test,"MLP v3b [256,128,64] lr1e-4 patient",5898.54,5913.513
2025-08-05 13:00:00,test,"MLP v3b [256,128,64] lr1e-4 patient",5961.82,5956.176
2025-08-05 14:00:00,test,"MLP v3b [256,128,64] lr1e-4 patient",6298.67,6291.181
2025-08-05 15:00:00,test,"MLP v3b [256,128,64] lr1e-4 patient",6338.94,6336.4546
2025-08-05 16:00:00,test,"MLP v3b [256,128,64] lr1e-4 patient",6254.95,6212.1445
2025-08-05 17:00:00,test,"MLP v3b [256,128,64] lr1e-4 patient",6109.98,6022.561
2025-08-05 18:00:00,test,"MLP v3b [256,128,64] lr1e-4 patient",5941.88,5821.7124
2025-08-05 19:00:00,test,"MLP v3b [256,128,64] lr1e-4 patient",5841.68,5851.281
2025-08-05 20:00:00,test,"MLP v3b [256,128,64] lr1e-4 patient",5775.1,5863.9478
2025-08-05 21:00:00,test,"MLP v3b [256,128,64] lr1e-4 patient",5924.11,6023.1196
2025-08-05 22:00:00,test,"MLP v3b [256,128,64] lr1e-4 patient",6093.36,6148.465
2025-08-05 23:00:00,test,"MLP v3b [256,128,64] lr1e-4 patient",6078.43,6101.5938
2025-08-06 00:00:00,test,"MLP v3b [256,128,64] lr1e-4 patient",5851.34,5898.846
2025-08-06 01:00:00,test,"MLP v3b [256,128,64] lr1e-4 patient",5446.74,5491.771
2025-08-06 02:00:00,test,"MLP v3b [256,128,64] lr1e-4 patient",5107.35,5142.651
2025-08-06 03:00:00,test,"MLP v3b [256,128,64] lr1e-4 patient",4863.53,4853.7344
2025-08-06 04:00:00,test,"MLP v3b [256,128,64] lr1e-4 patient",4674.9,4631.3296
2025-08-06 05:00:00,test,"MLP v3b [256,128,64] lr1e-4 patient",4536.89,4526.047
2025-08-06 06:00:00,test,"MLP v3b [256,128,64] lr1e-4 patient",4617.6,4456.8745
2025-08-06 07:00:00,test,"MLP v3b [256,128,64] lr1e-4 patient",4627.32,4598.187
2025-08-06 08:00:00,test,"MLP v3b [256,128,64] lr1e-4 patient",4726.0,4802.7944
2025-08-06 09:00:00,test,"MLP v3b [256,128,64] lr1e-4 patient",5347.5,5328.291
2025-08-06 10:00:00,test,"MLP v3b [256,128,64] lr1e-4 patient",5716.02,5652.4707
2025-08-06 11:00:00,test,"MLP v3b [256,128,64] lr1e-4 patient",5874.92,5847.266
2025-08-06 12:00:00,test,"MLP v3b [256,128,64] lr1e-4 patient",5994.81,5934.7173
2025-08-06 13:00:00,test,"MLP v3b [256,128,64] lr1e-4 patient",6060.87,6027.237
2025-08-06 14:00:00,test,"MLP v3b [256,128,64] lr1e-4 patient",6521.02,6365.047
2025-08-06 15:00:00,test,"MLP v3b [256,128,64] lr1e-4 patient",6632.98,6513.8022
2025-08-06 16:00:00,test,"MLP v3b [256,128,64] lr1e-4 patient",6520.39,6455.889
2025-08-06 17:00:00,test,"MLP v3b [256,128,64] lr1e-4 patient",6336.27,6203.9214
2025-08-06 18:00:00,test,"MLP v3b [256,128,64] lr1e-4 patient",6135.93,5957.763
2025-08-06 19:00:00,test,"MLP v3b [256,128,64] lr1e-4 patient",6119.39,5996.7085
2025-08-06 20:00:00,test,"MLP v3b [256,128,64] lr1e-4 patient",6137.09,6109.3716
2025-08-06 21:00:00,test,"MLP v3b [256,128,64] lr1e-4 patient",6425.87,6350.561
2025-08-06 22:00:00,test,"MLP v3b [256,128,64] lr1e-4 patient",6654.4,6600.7734
2025-08-06 23:00:00,test,"MLP v3b [256,128,64] lr1e-4 patient",6645.01,6591.5234
2025-08-07 00:00:00,test,"MLP v3b [256,128,64] lr1e-4 patient",6371.91,6415.647
2025-08-07 01:00:00,test,"MLP v3b [256,128,64] lr1e-4 patient",5948.95,5958.512
2025-08-07 02:00:00,test,"MLP v3b [256,128,64] lr1e-4 patient",5561.56,5582.6577
2025-08-07 03:00:00,test,"MLP v3b [256,128,64] lr1e-4 patient",5215.17,5274.9478
2025-08-07 04:00:00,test,"MLP v3b [256,128,64] lr1e-4 patient",4982.08,5001.9634
2025-08-07 05:00:00,test,"MLP v3b [256,128,64] lr1e-4 patient",4773.32,4807.899
2025-08-07 06:00:00,test,"MLP v3b [256,128,64] lr1e-4 patient",4735.69,4597.1187
2025-08-07 07:00:00,test,"MLP v3b [256,128,64] lr1e-4 patient",4718.66,4645.1196
2025-08-07 08:00:00,test,"MLP v3b [256,128,64] lr1e-4 patient",4868.73,4873.575
2025-08-07 09:00:00,test,"MLP v3b [256,128,64] lr1e-4 patient",5507.35,5422.349
2025-08-07 10:00:00,test,"MLP v3b [256,128,64] lr1e-4 patient",5854.02,5855.6733
2025-08-07 11:00:00,test,"MLP v3b [256,128,64] lr1e-4 patient",6062.3,6033.1245
2025-08-07 12:00:00,test,"MLP v3b [256,128,64] lr1e-4 patient",6216.02,6171.5625
2025-08-07 13:00:00,test,"MLP v3b [256,128,64] lr1e-4 patient",6384.83,6293.069
2025-08-07 14:00:00,test,"MLP v3b [256,128,64] lr1e-4 patient",6835.4,6692.804
2025-08-07 15:00:00,test,"MLP v3b [256,128,64] lr1e-4 patient",6951.11,6838.6797
2025-08-07 16:00:00,test,"MLP v3b [256,128,64] lr1e-4 patient",6873.2,6756.3184
2025-08-07 17:00:00,test,"MLP v3b [256,128,64] lr1e-4 patient",6671.22,6527.164
2025-08-07 18:00:00,test,"MLP v3b [256,128,64] lr1e-4 patient",6353.08,6221.1626
2025-08-07 19:00:00,test,"MLP v3b [256,128,64] lr1e-4 patient",6270.01,6167.244
2025-08-07 20:00:00,test,"MLP v3b [256,128,64] lr1e-4 patient",6308.7,6290.6353
2025-08-07 21:00:00,test,"MLP v3b [256,128,64] lr1e-4 patient",6650.47,6586.49
2025-08-07 22:00:00,test,"MLP v3b [256,128,64] lr1e-4 patient",6975.79,6872.0034
2025-08-07 23:00:00,test,"MLP v3b [256,128,64] lr1e-4 patient",6973.5,6921.888
2025-08-08 00:00:00,test,"MLP v3b [256,128,64] lr1e-4 patient",6737.6,6716.039
2025-08-08 01:00:00,test,"MLP v3b [256,128,64] lr1e-4 patient",6272.08,6305.836
2025-08-08 02:00:00,test,"MLP v3b [256,128,64] lr1e-4 patient",5840.26,5869.316
2025-08-08 03:00:00,test,"MLP v3b [256,128,64] lr1e-4 patient",5484.93,5501.388
2025-08-08 04:00:00,test,"MLP v3b [256,128,64] lr1e-4 patient",5223.19,5204.9653
2025-08-08 05:00:00,test,"MLP v3b [256,128,64] lr1e-4 patient",4983.27,5026.9688
2025-08-08 06:00:00,test,"MLP v3b [256,128,64] lr1e-4 patient",4886.91,4753.035
2025-08-08 07:00:00,test,"MLP v3b [256,128,64] lr1e-4 patient",4873.03,4837.753
2025-08-08 08:00:00,test,"MLP v3b [256,128,64] lr1e-4 patient",4976.23,5032.223
2025-08-08 09:00:00,test,"MLP v3b [256,128,64] lr1e-4 patient",5466.74,5592.8477
2025-08-08 10:00:00,test,"MLP v3b [256,128,64] lr1e-4 patient",5990.55,5825.0156
2025-08-08 11:00:00,test,"MLP v3b [256,128,64] lr1e-4 patient",6186.94,6130.2993
2025-08-08 12:00:00,test,"MLP v3b [256,128,64] lr1e-4 patient",6289.09,6313.14
2025-08-08 13:00:00,test,"MLP v3b [256,128,64] lr1e-4 patient",6443.5,6382.1484
2025-08-08 14:00:00,test,"MLP v3b [256,128,64] lr1e-4 patient",6938.92,6774.5376
2025-08-08 15:00:00,test,"MLP v3b [256,128,64] lr1e-4 patient",7048.66,6943.9673
2025-08-08 16:00:00,test,"MLP v3b [256,128,64] lr1e-4 patient",6907.31,6862.797
2025-08-08 17:00:00,test,"MLP v3b [256,128,64] lr1e-4 patient",6625.06,6579.689
2025-08-08 18:00:00,test,"MLP v3b [256,128,64] lr1e-4 patient",6350.69,6209.314
2025-08-08 19:00:00,test,"MLP v3b [256,128,64] lr1e-4 patient",6234.58,6177.5737
2025-08-08 20:00:00,test,"MLP v3b [256,128,64] lr1e-4 patient",6257.94,6267.9043
2025-08-08 21:00:00,test,"MLP v3b [256,128,64] lr1e-4 patient",6495.48,6534.151
2025-08-08 22:00:00,test,"MLP v3b [256,128,64] lr1e-4 patient",6755.04,6733.4985
2025-08-08 23:00:00,test,"MLP v3b [256,128,64] lr1e-4 patient",6718.06,6743.965
2025-08-09 00:00:00,test,"MLP v3b [256,128,64] lr1e-4 patient",6292.99,6539.8516
2025-08-09 01:00:00,test,"MLP v3b [256,128,64] lr1e-4 patient",5899.66,5972.643
2025-08-09 02:00:00,test,"MLP v3b [256,128,64] lr1e-4 patient",5551.51,5563.4263
2025-08-09 03:00:00,test,"MLP v3b [256,128,64] lr1e-4 patient",5314.22,5245.2505
2025-08-09 04:00:00,test,"MLP v3b [256,128,64] lr1e-4 patient",5082.44,5047.7583
2025-08-09 05:00:00,test,"MLP v3b [256,128,64] lr1e-4 patient",4930.72,4890.689
2025-08-09 06:00:00,test,"MLP v3b [256,128,64] lr1e-4 patient",4769.54,4691.849
2025-08-09 07:00:00,test,"MLP v3b [256,128,64] lr1e-4 patient",4460.61,4641.931
2025-08-09 08:00:00,test,"MLP v3b [256,128,64] lr1e-4 patient",4328.92,4483.0415
2025-08-09 09:00:00,test,"MLP v3b [256,128,64] lr1e-4 patient",4195.4,4740.019
2025-08-09 10:00:00,test,"MLP v3b [256,128,64] lr1e-4 patient",4300.25,4655.844
2025-08-09 11:00:00,test,"MLP v3b [256,128,64] lr1e-4 patient",4345.57,4546.809
2025-08-09 12:00:00,test,"MLP v3b [256,128,64] lr1e-4 patient",4462.49,4499.6343
2025-08-09 13:00:00,test,"MLP v3b [256,128,64] lr1e-4 patient",4443.52,4618.488
2025-08-09 14:00:00,test,"MLP v3b [256,128,64] lr1e-4 patient",4419.86,4524.9673
2025-08-09 15:00:00,test,"MLP v3b [256,128,64] lr1e-4 patient",4341.05,4547.8413
2025-08-09 16:00:00,test,"MLP v3b [256,128,64] lr1e-4 patient",4269.49,4398.373
2025-08-09 17:00:00,test,"MLP v3b [256,128,64] lr1e-4 patient",4246.99,4473.0894
2025-08-09 18:00:00,test,"MLP v3b [256,128,64] lr1e-4 patient",4333.57,4376.9224
2025-08-09 19:00:00,test,"MLP v3b [256,128,64] lr1e-4 patient",4506.22,4510.0073
2025-08-09 20:00:00,test,"MLP v3b [256,128,64] lr1e-4 patient",4590.19,4599.323
2025-08-09 21:00:00,test,"MLP v3b [256,128,64] lr1e-4 patient",4750.47,4740.6826
2025-08-09 22:00:00,test,"MLP v3b [256,128,64] lr1e-4 patient",4916.39,5004.3794
2025-08-09 23:00:00,test,"MLP v3b [256,128,64] lr1e-4 patient",4932.12,4997.781
2025-08-10 00:00:00,test,"MLP v3b [256,128,64] lr1e-4 patient",4816.53,4975.097
2025-08-10 01:00:00,test,"MLP v3b [256,128,64] lr1e-4 patient",4584.56,4617.135
2025-08-10 02:00:00,test,"MLP v3b [256,128,64] lr1e-4 patient",4353.54,4398.75
2025-08-10 03:00:00,test,"MLP v3b [256,128,64] lr1e-4 patient",4153.08,4204.582
2025-08-10 04:00:00,test,"MLP v3b [256,128,64] lr1e-4 patient",4003.14,4009.5989
2025-08-10 05:00:00,test,"MLP v3b [256,128,64] lr1e-4 patient",3920.63,3923.9602
2025-08-10 06:00:00,test,"MLP v3b [256,128,64] lr1e-4 patient",3878.26,3866.1199
2025-08-10 07:00:00,test,"MLP v3b [256,128,64] lr1e-4 patient",3916.43,3879.5293
2025-08-10 08:00:00,test,"MLP v3b [256,128,64] lr1e-4 patient",3914.15,3916.1895
2025-08-10 09:00:00,test,"MLP v3b [256,128,64] lr1e-4 patient",4331.24,4195.3047
2025-08-10 10:00:00,test,"MLP v3b [256,128,64] lr1e-4 patient",4702.92,4520.979
2025-08-10 11:00:00,test,"MLP v3b [256,128,64] lr1e-4 patient",4967.48,4781.3765
2025-08-10 12:00:00,test,"MLP v3b [256,128,64] lr1e-4 patient",5100.54,5029.064
2025-08-10 13:00:00,test,"MLP v3b [256,128,64] lr1e-4 patient",5177.72,5058.5864
2025-08-10 14:00:00,test,"MLP v3b [256,128,64] lr1e-4 patient",5328.34,5282.0527
2025-08-10 15:00:00,test,"MLP v3b [256,128,64] lr1e-4 patient",5402.88,5250.775
2025-08-10 16:00:00,test,"MLP v3b [256,128,64] lr1e-4 patient",5280.1,5261.435
2025-08-10 17:00:00,test,"MLP v3b [256,128,64] lr1e-4 patient",5196.92,5061.6157
2025-08-10 18:00:00,test,"MLP v3b [256,128,64] lr1e-4 patient",5112.75,5009.434
2025-08-10 19:00:00,test,"MLP v3b [256,128,64] lr1e-4 patient",5379.76,5173.8403
2025-08-10 20:00:00,test,"MLP v3b [256,128,64] lr1e-4 patient",5532.77,5471.31
2025-08-10 21:00:00,test,"MLP v3b [256,128,64] lr1e-4 patient",5857.09,5801.5015
2025-08-10 22:00:00,test,"MLP v3b [256,128,64] lr1e-4 patient",6043.44,6057.7227
2025-08-10 23:00:00,test,"MLP v3b [256,128,64] lr1e-4 patient",6075.86,6024.022
2025-08-11 00:00:00,test,"MLP v3b [256,128,64] lr1e-4 patient",5880.83,5876.737
2025-08-11 01:00:00,test,"MLP v3b [256,128,64] lr1e-4 patient",5479.36,5480.461
2025-08-11 02:00:00,test,"MLP v3b [256,128,64] lr1e-4 patient",5123.1,5132.2954
2025-08-11 03:00:00,test,"MLP v3b [256,128,64] lr1e-4 patient",4817.86,4814.7173
2025-08-11 04:00:00,test,"MLP v3b [256,128,64] lr1e-4 patient",4590.89,4571.4033
2025-08-11 05:00:00,test,"MLP v3b [256,128,64] lr1e-4 patient",4457.12,4407.9844
2025-08-11 06:00:00,test,"MLP v3b [256,128,64] lr1e-4 patient",4502.61,4383.819
2025-08-11 07:00:00,test,"MLP v3b [256,128,64] lr1e-4 patient",4502.73,4488.1753
2025-08-11 08:00:00,test,"MLP v3b [256,128,64] lr1e-4 patient",4664.12,4670.5767
2025-08-11 09:00:00,test,"MLP v3b [256,128,64] lr1e-4 patient",5274.45,5246.521
2025-08-11 10:00:00,test,"MLP v3b [256,128,64] lr1e-4 patient",5709.7,5561.0957
2025-08-11 11:00:00,test,"MLP v3b [256,128,64] lr1e-4 patient",5840.35,5803.422
2025-08-11 12:00:00,test,"MLP v3b [256,128,64] lr1e-4 patient",5880.15,5923.879
2025-08-11 13:00:00,test,"MLP v3b [256,128,64] lr1e-4 patient",5851.79,5941.1196
2025-08-11 14:00:00,test,"MLP v3b [256,128,64] lr1e-4 patient",6229.89,6131.967
2025-08-11 15:00:00,test,"MLP v3b [256,128,64] lr1e-4 patient",6305.14,6247.185
2025-08-11 16:00:00,test,"MLP v3b [256,128,64] lr1e-4 patient",6185.16,6168.7583
2025-08-11 17:00:00,test,"MLP v3b [256,128,64] lr1e-4 patient",6075.06,5965.2036
2025-08-11 18:00:00,test,"MLP v3b [256,128,64] lr1e-4 patient",5844.44,5746.7695
2025-08-11 19:00:00,test,"MLP v3b [256,128,64] lr1e-4 patient",5971.26,5764.3228
2025-08-11 20:00:00,test,"MLP v3b [256,128,64] lr1e-4 patient",5970.74,6009.0347
2025-08-11 21:00:00,test,"MLP v3b [256,128,64] lr1e-4 patient",6210.28,6266.9
2025-08-11 22:00:00,test,"MLP v3b [256,128,64] lr1e-4 patient",6418.43,6431.1694
2025-08-11 23:00:00,test,"MLP v3b [256,128,64] lr1e-4 patient",6424.58,6398.7017
2025-08-12 00:00:00,test,"MLP v3b [256,128,64] lr1e-4 patient",6108.66,6187.3833
2025-08-12 01:00:00,test,"MLP v3b [256,128,64] lr1e-4 patient",5677.08,5725.2324
2025-08-12 02:00:00,test,"MLP v3b [256,128,64] lr1e-4 patient",5335.59,5335.2417
2025-08-12 03:00:00,test,"MLP v3b [256,128,64] lr1e-4 patient",4955.73,5053.69
2025-08-12 04:00:00,test,"MLP v3b [256,128,64] lr1e-4 patient",4615.32,4729.139
2025-08-12 05:00:00,test,"MLP v3b [256,128,64] lr1e-4 patient",4441.44,4498.8364
2025-08-12 06:00:00,test,"MLP v3b [256,128,64] lr1e-4 patient",4552.96,4426.2837
2025-08-12 07:00:00,test,"MLP v3b [256,128,64] lr1e-4 patient",4555.32,4536.4624
2025-08-12 08:00:00,test,"MLP v3b [256,128,64] lr1e-4 patient",4688.64,4758.881
2025-08-12 09:00:00,test,"MLP v3b [256,128,64] lr1e-4 patient",5192.51,5290.3706
2025-08-12 10:00:00,test,"MLP v3b [256,128,64] lr1e-4 patient",5534.12,5538.373
2025-08-12 11:00:00,test,"MLP v3b [256,128,64] lr1e-4 patient",5714.44,5694.7876
2025-08-12 12:00:00,test,"MLP v3b [256,128,64] lr1e-4 patient",5804.7,5829.9
2025-08-12 13:00:00,test,"MLP v3b [256,128,64] lr1e-4 patient",5810.99,5893.4233
2025-08-12 14:00:00,test,"MLP v3b [256,128,64] lr1e-4 patient",6223.47,6162.635
2025-08-12 15:00:00,test,"MLP v3b [256,128,64] lr1e-4 patient",6311.33,6258.746
2025-08-12 16:00:00,test,"MLP v3b [256,128,64] lr1e-4 patient",6235.29,6201.729
2025-08-12 17:00:00,test,"MLP v3b [256,128,64] lr1e-4 patient",6061.44,6019.978
2025-08-12 18:00:00,test,"MLP v3b [256,128,64] lr1e-4 patient",5890.83,5797.3374
2025-08-12 19:00:00,test,"MLP v3b [256,128,64] lr1e-4 patient",5887.36,5812.0366
2025-08-12 20:00:00,test,"MLP v3b [256,128,64] lr1e-4 patient",5870.16,5913.8594
2025-08-12 21:00:00,test,"MLP v3b [256,128,64] lr1e-4 patient",6109.83,6131.172
2025-08-12 22:00:00,test,"MLP v3b [256,128,64] lr1e-4 patient",6296.76,6329.2593
2025-08-12 23:00:00,test,"MLP v3b [256,128,64] lr1e-4 patient",6320.41,6281.662
2025-08-13 00:00:00,test,"MLP v3b [256,128,64] lr1e-4 patient",6087.41,6099.7524
2025-08-13 01:00:00,test,"MLP v3b [256,128,64] lr1e-4 patient",5637.02,5691.027
2025-08-13 02:00:00,test,"MLP v3b [256,128,64] lr1e-4 patient",5313.74,5310.219
2025-08-13 03:00:00,test,"MLP v3b [256,128,64] lr1e-4 patient",5035.5,5031.0996
2025-08-13 04:00:00,test,"MLP v3b [256,128,64] lr1e-4 patient",4824.61,4776.261
2025-08-13 05:00:00,test,"MLP v3b [256,128,64] lr1e-4 patient",4703.49,4631.9033
2025-08-13 06:00:00,test,"MLP v3b [256,128,64] lr1e-4 patient",4763.69,4597.36
2025-08-13 07:00:00,test,"MLP v3b [256,128,64] lr1e-4 patient",4749.01,4696.6626
2025-08-13 08:00:00,test,"MLP v3b [256,128,64] lr1e-4 patient",4886.9,4887.567
2025-08-13 09:00:00,test,"MLP v3b [256,128,64] lr1e-4 patient",5453.55,5472.8394
2025-08-13 10:00:00,test,"MLP v3b [256,128,64] lr1e-4 patient",5819.88,5758.8315
2025-08-13 11:00:00,test,"MLP v3b [256,128,64] lr1e-4 patient",5929.0,5930.7866
2025-08-13 12:00:00,test,"MLP v3b [256,128,64] lr1e-4 patient",6007.12,6000.34
2025-08-13 13:00:00,test,"MLP v3b [256,128,64] lr1e-4 patient",6131.01,6047.641
2025-08-13 14:00:00,test,"MLP v3b [256,128,64] lr1e-4 patient",6588.58,6433.4883
2025-08-13 15:00:00,test,"MLP v3b [256,128,64] lr1e-4 patient",6653.01,6593.4204
2025-08-13 16:00:00,test,"MLP v3b [256,128,64] lr1e-4 patient",6546.57,6464.0884
2025-08-13 17:00:00,test,"MLP v3b [256,128,64] lr1e-4 patient",6391.14,6231.724
2025-08-13 18:00:00,test,"MLP v3b [256,128,64] lr1e-4 patient",6174.32,6004.973
2025-08-13 19:00:00,test,"MLP v3b [256,128,64] lr1e-4 patient",6229.43,6046.3438
2025-08-13 20:00:00,test,"MLP v3b [256,128,64] lr1e-4 patient",6278.89,6214.338
2025-08-13 21:00:00,test,"MLP v3b [256,128,64] lr1e-4 patient",6580.2,6493.1665
2025-08-13 22:00:00,test,"MLP v3b [256,128,64] lr1e-4 patient",6778.53,6754.94
2025-08-13 23:00:00,test,"MLP v3b [256,128,64] lr1e-4 patient",6759.63,6709.6323
2025-08-14 00:00:00,test,"MLP v3b [256,128,64] lr1e-4 patient",6526.79,6517.889
2025-08-14 01:00:00,test,"MLP v3b [256,128,64] lr1e-4 patient",6073.38,6122.351
2025-08-14 02:00:00,test,"MLP v3b [256,128,64] lr1e-4 patient",5634.86,5723.7896
2025-08-14 03:00:00,test,"MLP v3b [256,128,64] lr1e-4 patient",5316.73,5340.8745
2025-08-14 04:00:00,test,"MLP v3b [256,128,64] lr1e-4 patient",5068.52,5097.484
2025-08-14 05:00:00,test,"MLP v3b [256,128,64] lr1e-4 patient",4826.97,4907.32
2025-08-14 06:00:00,test,"MLP v3b [256,128,64] lr1e-4 patient",4681.37,4698.709
2025-08-14 07:00:00,test,"MLP v3b [256,128,64] lr1e-4 patient",4669.92,4648.203
2025-08-14 08:00:00,test,"MLP v3b [256,128,64] lr1e-4 patient",4729.14,4807.867
2025-08-14 09:00:00,test,"MLP v3b [256,128,64] lr1e-4 patient",5062.04,5328.5435
2025-08-14 10:00:00,test,"MLP v3b [256,128,64] lr1e-4 patient",5387.62,5472.346
2025-08-14 11:00:00,test,"MLP v3b [256,128,64] lr1e-4 patient",5552.62,5571.0
2025-08-14 12:00:00,test,"MLP v3b [256,128,64] lr1e-4 patient",5531.87,5688.379
2025-08-14 13:00:00,test,"MLP v3b [256,128,64] lr1e-4 patient",5482.81,5631.279
2025-08-14 14:00:00,test,"MLP v3b [256,128,64] lr1e-4 patient",5660.36,5808.586
2025-08-14 15:00:00,test,"MLP v3b [256,128,64] lr1e-4 patient",5671.14,5735.664
2025-08-14 16:00:00,test,"MLP v3b [256,128,64] lr1e-4 patient",5640.21,5663.189
2025-08-14 17:00:00,test,"MLP v3b [256,128,64] lr1e-4 patient",5618.16,5583.3325
2025-08-14 18:00:00,test,"MLP v3b [256,128,64] lr1e-4 patient",5555.69,5529.7812
2025-08-14 19:00:00,test,"MLP v3b [256,128,64] lr1e-4 patient",5411.37,5587.869
2025-08-14 20:00:00,test,"MLP v3b [256,128,64] lr1e-4 patient",5319.16,5469.478
2025-08-14 21:00:00,test,"MLP v3b [256,128,64] lr1e-4 patient",5356.32,5492.0938
2025-08-14 22:00:00,test,"MLP v3b [256,128,64] lr1e-4 patient",5471.5,5600.936
2025-08-14 23:00:00,test,"MLP v3b [256,128,64] lr1e-4 patient",5495.64,5489.986
2025-08-15 00:00:00,test,"MLP v3b [256,128,64] lr1e-4 patient",5337.98,5461.6567
2025-08-15 01:00:00,test,"MLP v3b [256,128,64] lr1e-4 patient",5058.1,5086.6177
2025-08-15 02:00:00,test,"MLP v3b [256,128,64] lr1e-4 patient",4806.55,4792.144
2025-08-15 03:00:00,test,"MLP v3b [256,128,64] lr1e-4 patient",4568.42,4594.1836
2025-08-15 04:00:00,test,"MLP v3b [256,128,64] lr1e-4 patient",4419.33,4388.32
2025-08-15 05:00:00,test,"MLP v3b [256,128,64] lr1e-4 patient",4282.73,4318.2886
2025-08-15 06:00:00,test,"MLP v3b [256,128,64] lr1e-4 patient",4167.87,4378.654
2025-08-15 07:00:00,test,"MLP v3b [256,128,64] lr1e-4 patient",4145.93,4337.188
2025-08-15 08:00:00,test,"MLP v3b [256,128,64] lr1e-4 patient",4060.32,4392.354
2025-08-15 09:00:00,test,"MLP v3b [256,128,64] lr1e-4 patient",4058.78,4630.582
2025-08-15 10:00:00,test,"MLP v3b [256,128,64] lr1e-4 patient",4196.13,4447.9277
2025-08-15 11:00:00,test,"MLP v3b [256,128,64] lr1e-4 patient",4232.29,4402.7637
2025-08-15 12:00:00,test,"MLP v3b [256,128,64] lr1e-4 patient",4309.29,4344.779
2025-08-15 13:00:00,test,"MLP v3b [256,128,64] lr1e-4 patient",4265.63,4583.9204
2025-08-15 14:00:00,test,"MLP v3b [256,128,64] lr1e-4 patient",4240.8,4416.389
2025-08-15 15:00:00,test,"MLP v3b [256,128,64] lr1e-4 patient",4210.54,4327.8975
2025-08-15 16:00:00,test,"MLP v3b [256,128,64] lr1e-4 patient",4159.03,4229.318
2025-08-15 17:00:00,test,"MLP v3b [256,128,64] lr1e-4 patient",4127.95,4322.5586
2025-08-15 18:00:00,test,"MLP v3b [256,128,64] lr1e-4 patient",4199.11,4289.556
2025-08-15 19:00:00,test,"MLP v3b [256,128,64] lr1e-4 patient",4524.33,4352.156
2025-08-15 20:00:00,test,"MLP v3b [256,128,64] lr1e-4 patient",4746.27,4428.3765
2025-08-15 21:00:00,test,"MLP v3b [256,128,64] lr1e-4 patient",4988.32,4751.7124
2025-08-15 22:00:00,test,"MLP v3b [256,128,64] lr1e-4 patient",5154.47,5080.436
2025-08-15 23:00:00,test,"MLP v3b [256,128,64] lr1e-4 patient",5180.17,5120.938
2025-08-16 00:00:00,test,"MLP v3b [256,128,64] lr1e-4 patient",5062.82,5033.9434
2025-08-16 01:00:00,test,"MLP v3b [256,128,64] lr1e-4 patient",4753.65,4760.1187
2025-08-16 02:00:00,test,"MLP v3b [256,128,64] lr1e-4 patient",4505.59,4504.817
2025-08-16 03:00:00,test,"MLP v3b [256,128,64] lr1e-4 patient",4292.99,4261.4897
2025-08-16 04:00:00,test,"MLP v3b [256,128,64] lr1e-4 patient",4123.54,4094.095
2025-08-16 05:00:00,test,"MLP v3b [256,128,64] lr1e-4 patient",4057.99,4003.2988
2025-08-16 06:00:00,test,"MLP v3b [256,128,64] lr1e-4 patient",4018.1,3991.9824
2025-08-16 07:00:00,test,"MLP v3b [256,128,64] lr1e-4 patient",4054.63,3933.5156
2025-08-16 08:00:00,test,"MLP v3b [256,128,64] lr1e-4 patient",4187.0,4007.0088
2025-08-16 09:00:00,test,"MLP v3b [256,128,64] lr1e-4 patient",4673.88,4496.985
2025-08-16 10:00:00,test,"MLP v3b [256,128,64] lr1e-4 patient",5071.67,4924.508
2025-08-16 11:00:00,test,"MLP v3b [256,128,64] lr1e-4 patient",5226.08,5118.7783
2025-08-16 12:00:00,test,"MLP v3b [256,128,64] lr1e-4 patient",5350.13,5233.3975
2025-08-16 13:00:00,test,"MLP v3b [256,128,64] lr1e-4 patient",5367.82,5246.6
2025-08-16 14:00:00,test,"MLP v3b [256,128,64] lr1e-4 patient",5525.34,5436.8765
2025-08-16 15:00:00,test,"MLP v3b [256,128,64] lr1e-4 patient",5557.86,5444.4526
2025-08-16 16:00:00,test,"MLP v3b [256,128,64] lr1e-4 patient",5429.84,5385.38
2025-08-16 17:00:00,test,"MLP v3b [256,128,64] lr1e-4 patient",5221.65,5195.1226
2025-08-16 18:00:00,test,"MLP v3b [256,128,64] lr1e-4 patient",5101.58,4993.213
2025-08-16 19:00:00,test,"MLP v3b [256,128,64] lr1e-4 patient",5301.77,5059.8374
2025-08-16 20:00:00,test,"MLP v3b [256,128,64] lr1e-4 patient",5311.01,5282.0835
2025-08-16 21:00:00,test,"MLP v3b [256,128,64] lr1e-4 patient",5409.72,5460.3325
2025-08-16 22:00:00,test,"MLP v3b [256,128,64] lr1e-4 patient",5452.6,5568.4546
2025-08-16 23:00:00,test,"MLP v3b [256,128,64] lr1e-4 patient",5460.03,5441.9927
2025-08-17 00:00:00,test,"MLP v3b [256,128,64] lr1e-4 patient",5508.86,5326.06
2025-08-17 01:00:00,test,"MLP v3b [256,128,64] lr1e-4 patient",5508.72,5145.582
2025-08-17 02:00:00,test,"MLP v3b [256,128,64] lr1e-4 patient",5095.9,5100.5737
2025-08-17 03:00:00,test,"MLP v3b [256,128,64] lr1e-4 patient",4734.89,4799.699
2025-08-17 04:00:00,test,"MLP v3b [256,128,64] lr1e-4 patient",4533.9,4472.8564
2025-08-17 05:00:00,test,"MLP v3b [256,128,64] lr1e-4 patient",4389.56,4343.592
2025-08-17 06:00:00,test,"MLP v3b [256,128,64] lr1e-4 patient",4280.43,4226.149
2025-08-17 07:00:00,test,"MLP v3b [256,128,64] lr1e-4 patient",4227.34,4176.6304
2025-08-17 08:00:00,test,"MLP v3b [256,128,64] lr1e-4 patient",4266.81,4177.986
2025-08-17 09:00:00,test,"MLP v3b [256,128,64] lr1e-4 patient",4689.92,4560.3394
2025-08-17 10:00:00,test,"MLP v3b [256,128,64] lr1e-4 patient",5062.99,4981.307
2025-08-17 11:00:00,test,"MLP v3b [256,128,64] lr1e-4 patient",5356.95,5230.168
2025-08-17 12:00:00,test,"MLP v3b [256,128,64] lr1e-4 patient",5509.24,5484.611
2025-08-17 13:00:00,test,"MLP v3b [256,128,64] lr1e-4 patient",5601.45,5567.068
2025-08-17 14:00:00,test,"MLP v3b [256,128,64] lr1e-4 patient",5730.38,5820.949
2025-08-17 15:00:00,test,"MLP v3b [256,128,64] lr1e-4 patient",5694.75,5756.746
2025-08-17 16:00:00,test,"MLP v3b [256,128,64] lr1e-4 patient",5222.57,5584.051
2025-08-17 17:00:00,test,"MLP v3b [256,128,64] lr1e-4 patient",5104.62,5080.814
2025-08-17 18:00:00,test,"MLP v3b [256,128,64] lr1e-4 patient",5043.5,4963.0273
2025-08-17 19:00:00,test,"MLP v3b [256,128,64] lr1e-4 patient",5192.49,5119.613
2025-08-17 20:00:00,test,"MLP v3b [256,128,64] lr1e-4 patient",5314.78,5327.8223
2025-08-17 21:00:00,test,"MLP v3b [256,128,64] lr1e-4 patient",5564.19,5590.162
2025-08-17 22:00:00,test,"MLP v3b [256,128,64] lr1e-4 patient",5731.64,5821.021
2025-08-17 23:00:00,test,"MLP v3b [256,128,64] lr1e-4 patient",5726.18,5760.726
2025-08-18 00:00:00,test,"MLP v3b [256,128,64] lr1e-4 patient",5505.09,5581.1113
2025-08-18 01:00:00,test,"MLP v3b [256,128,64] lr1e-4 patient",5161.25,5182.32
2025-08-18 02:00:00,test,"MLP v3b [256,128,64] lr1e-4 patient",4866.97,4892.293
2025-08-18 03:00:00,test,"MLP v3b [256,128,64] lr1e-4 patient",4605.44,4660.9263
2025-08-18 04:00:00,test,"MLP v3b [256,128,64] lr1e-4 patient",4417.13,4420.14
2025-08-18 05:00:00,test,"MLP v3b [256,128,64] lr1e-4 patient",4332.33,4319.2485
2025-08-18 06:00:00,test,"MLP v3b [256,128,64] lr1e-4 patient",4527.34,4355.6777
2025-08-18 07:00:00,test,"MLP v3b [256,128,64] lr1e-4 patient",4554.55,4521.3496
2025-08-18 08:00:00,test,"MLP v3b [256,128,64] lr1e-4 patient",4794.05,4715.129
2025-08-18 09:00:00,test,"MLP v3b [256,128,64] lr1e-4 patient",5387.18,5346.3496
2025-08-18 10:00:00,test,"MLP v3b [256,128,64] lr1e-4 patient",5635.53,5678.475
2025-08-18 11:00:00,test,"MLP v3b [256,128,64] lr1e-4 patient",5817.3,5753.336
2025-08-18 12:00:00,test,"MLP v3b [256,128,64] lr1e-4 patient",5901.6,5882.238
2025-08-18 13:00:00,test,"MLP v3b [256,128,64] lr1e-4 patient",6016.59,5938.5493
2025-08-18 14:00:00,test,"MLP v3b [256,128,64] lr1e-4 patient",6406.8,6293.9175
2025-08-18 15:00:00,test,"MLP v3b [256,128,64] lr1e-4 patient",6469.28,6422.3926
2025-08-18 16:00:00,test,"MLP v3b [256,128,64] lr1e-4 patient",6300.24,6310.199
2025-08-18 17:00:00,test,"MLP v3b [256,128,64] lr1e-4 patient",6127.88,6037.098
2025-08-18 18:00:00,test,"MLP v3b [256,128,64] lr1e-4 patient",5947.54,5781.601
2025-08-18 19:00:00,test,"MLP v3b [256,128,64] lr1e-4 patient",5901.09,5841.3413
2025-08-18 20:00:00,test,"MLP v3b [256,128,64] lr1e-4 patient",5964.96,5961.996
2025-08-18 21:00:00,test,"MLP v3b [256,128,64] lr1e-4 patient",6197.72,6253.822
2025-08-18 22:00:00,test,"MLP v3b [256,128,64] lr1e-4 patient",6371.69,6440.324
2025-08-18 23:00:00,test,"MLP v3b [256,128,64] lr1e-4 patient",6350.33,6370.2524
2025-08-19 00:00:00,test,"MLP v3b [256,128,64] lr1e-4 patient",6077.93,6163.064
2025-08-19 01:00:00,test,"MLP v3b [256,128,64] lr1e-4 patient",5665.54,5717.371
2025-08-19 02:00:00,test,"MLP v3b [256,128,64] lr1e-4 patient",5303.29,5351.224
2025-08-19 03:00:00,test,"MLP v3b [256,128,64] lr1e-4 patient",5030.77,5056.6626
2025-08-19 04:00:00,test,"MLP v3b [256,128,64] lr1e-4 patient",4793.82,4809.9746
2025-08-19 05:00:00,test,"MLP v3b [256,128,64] lr1e-4 patient",4682.29,4616.1387
2025-08-19 06:00:00,test,"MLP v3b [256,128,64] lr1e-4 patient",4787.23,4582.81
2025-08-19 07:00:00,test,"MLP v3b [256,128,64] lr1e-4 patient",4829.52,4740.038
2025-08-19 08:00:00,test,"MLP v3b [256,128,64] lr1e-4 patient",5005.98,4964.2793
2025-08-19 09:00:00,test,"MLP v3b [256,128,64] lr1e-4 patient",5670.34,5579.3105
2025-08-19 10:00:00,test,"MLP v3b [256,128,64] lr1e-4 patient",5983.26,5959.0737
2025-08-19 11:00:00,test,"MLP v3b [256,128,64] lr1e-4 patient",6064.4,6112.598
2025-08-19 12:00:00,test,"MLP v3b [256,128,64] lr1e-4 patient",6192.11,6166.5312
2025-08-19 13:00:00,test,"MLP v3b [256,128,64] lr1e-4 patient",6114.68,6251.1636
2025-08-19 14:00:00,test,"MLP v3b [256,128,64] lr1e-4 patient",6163.72,6460.422
2025-08-19 15:00:00,test,"MLP v3b [256,128,64] lr1e-4 patient",6200.45,6216.943
2025-08-19 16:00:00,test,"MLP v3b [256,128,64] lr1e-4 patient",6122.34,6074.199
2025-08-19 17:00:00,test,"MLP v3b [256,128,64] lr1e-4 patient",6027.3,5937.1577
2025-08-19 18:00:00,test,"MLP v3b [256,128,64] lr1e-4 patient",5837.88,5767.5684
2025-08-19 19:00:00,test,"MLP v3b [256,128,64] lr1e-4 patient",5816.62,5789.1636
2025-08-19 20:00:00,test,"MLP v3b [256,128,64] lr1e-4 patient",5800.1,5848.3926
2025-08-19 21:00:00,test,"MLP v3b [256,128,64] lr1e-4 patient",5959.1,6068.1094
2025-08-19 22:00:00,test,"MLP v3b [256,128,64] lr1e-4 patient",6192.83,6194.388
2025-08-19 23:00:00,test,"MLP v3b [256,128,64] lr1e-4 patient",6205.65,6179.666
2025-08-20 00:00:00,test,"MLP v3b [256,128,64] lr1e-4 patient",5983.86,6014.5015
2025-08-20 01:00:00,test,"MLP v3b [256,128,64] lr1e-4 patient",5582.5,5614.869
2025-08-20 02:00:00,test,"MLP v3b [256,128,64] lr1e-4 patient",5215.12,5267.8594
2025-08-20 03:00:00,test,"MLP v3b [256,128,64] lr1e-4 patient",4951.64,4976.874
2025-08-20 04:00:00,test,"MLP v3b [256,128,64] lr1e-4 patient",4780.39,4735.0815
2025-08-20 05:00:00,test,"MLP v3b [256,128,64] lr1e-4 patient",4650.27,4625.144
2025-08-20 06:00:00,test,"MLP v3b [256,128,64] lr1e-4 patient",4739.56,4590.739
2025-08-20 07:00:00,test,"MLP v3b [256,128,64] lr1e-4 patient",4737.11,4710.507
2025-08-20 08:00:00,test,"MLP v3b [256,128,64] lr1e-4 patient",4953.08,4877.316
2025-08-20 09:00:00,test,"MLP v3b [256,128,64] lr1e-4 patient",5526.0,5500.08
2025-08-20 10:00:00,test,"MLP v3b [256,128,64] lr1e-4 patient",5911.79,5819.1704
2025-08-20 11:00:00,test,"MLP v3b [256,128,64] lr1e-4 patient",6011.28,5989.2017
2025-08-20 12:00:00,test,"MLP v3b [256,128,64] lr1e-4 patient",6199.71,6073.636
2025-08-20 13:00:00,test,"MLP v3b [256,128,64] lr1e-4 patient",6233.08,6200.394
2025-08-20 14:00:00,test,"MLP v3b [256,128,64] lr1e-4 patient",6578.25,6538.211
2025-08-20 15:00:00,test,"MLP v3b [256,128,64] lr1e-4 patient",6695.12,6573.8726
2025-08-20 16:00:00,test,"MLP v3b [256,128,64] lr1e-4 patient",6639.93,6507.5005
2025-08-20 17:00:00,test,"MLP v3b [256,128,64] lr1e-4 patient",6436.93,6311.979
2025-08-20 18:00:00,test,"MLP v3b [256,128,64] lr1e-4 patient",6227.62,6032.3423
2025-08-20 19:00:00,test,"MLP v3b [256,128,64] lr1e-4 patient",6233.22,6064.6504
2025-08-20 20:00:00,test,"MLP v3b [256,128,64] lr1e-4 patient",6185.43,6217.789
2025-08-20 21:00:00,test,"MLP v3b [256,128,64] lr1e-4 patient",6477.18,6419.004
2025-08-20 22:00:00,test,"MLP v3b [256,128,64] lr1e-4 patient",6715.18,6664.011
2025-08-20 23:00:00,test,"MLP v3b [256,128,64] lr1e-4 patient",6707.92,6664.236
2025-08-21 00:00:00,test,"MLP v3b [256,128,64] lr1e-4 patient",6452.06,6484.4966
2025-08-21 01:00:00,test,"MLP v3b [256,128,64] lr1e-4 patient",5998.28,6054.0493
2025-08-21 02:00:00,test,"MLP v3b [256,128,64] lr1e-4 patient",5637.78,5685.119
2025-08-21 03:00:00,test,"MLP v3b [256,128,64] lr1e-4 patient",5287.82,5362.5176
2025-08-21 04:00:00,test,"MLP v3b [256,128,64] lr1e-4 patient",5060.19,5100.0356
2025-08-21 05:00:00,test,"MLP v3b [256,128,64] lr1e-4 patient",4863.68,4953.2554
2025-08-21 06:00:00,test,"MLP v3b [256,128,64] lr1e-4 patient",4866.48,4749.117
2025-08-21 07:00:00,test,"MLP v3b [256,128,64] lr1e-4 patient",4887.15,4844.357
2025-08-21 08:00:00,test,"MLP v3b [256,128,64] lr1e-4 patient",5033.83,5029.8745
2025-08-21 09:00:00,test,"MLP v3b [256,128,64] lr1e-4 patient",5751.6,5617.371
2025-08-21 10:00:00,test,"MLP v3b [256,128,64] lr1e-4 patient",6014.69,6059.0347
2025-08-21 11:00:00,test,"MLP v3b [256,128,64] lr1e-4 patient",6200.06,6188.2554
2025-08-21 12:00:00,test,"MLP v3b [256,128,64] lr1e-4 patient",6372.02,6308.2617
2025-08-21 13:00:00,test,"MLP v3b [256,128,64] lr1e-4 patient",6410.3,6427.586
2025-08-21 14:00:00,test,"MLP v3b [256,128,64] lr1e-4 patient",6837.29,6724.8296
2025-08-21 15:00:00,test,"MLP v3b [256,128,64] lr1e-4 patient",6870.53,6839.449
2025-08-21 16:00:00,test,"MLP v3b [256,128,64] lr1e-4 patient",6708.42,6691.7524
2025-08-21 17:00:00,test,"MLP v3b [256,128,64] lr1e-4 patient",6560.18,6417.4976
2025-08-21 18:00:00,test,"MLP v3b [256,128,64] lr1e-4 patient",6334.82,6140.889
2025-08-21 19:00:00,test,"MLP v3b [256,128,64] lr1e-4 patient",6361.91,6174.439
2025-08-21 20:00:00,test,"MLP v3b [256,128,64] lr1e-4 patient",6354.34,6387.961
2025-08-21 21:00:00,test,"MLP v3b [256,128,64] lr1e-4 patient",6631.47,6656.155
2025-08-21 22:00:00,test,"MLP v3b [256,128,64] lr1e-4 patient",6822.58,6846.7773
2025-08-21 23:00:00,test,"MLP v3b [256,128,64] lr1e-4 patient",6820.78,6797.2563
2025-08-22 00:00:00,test,"MLP v3b [256,128,64] lr1e-4 patient",6518.93,6577.8555
2025-08-22 01:00:00,test,"MLP v3b [256,128,64] lr1e-4 patient",6089.81,6131.3203
2025-08-22 02:00:00,test,"MLP v3b [256,128,64] lr1e-4 patient",5696.7,5752.015
2025-08-22 03:00:00,test,"MLP v3b [256,128,64] lr1e-4 patient",5351.17,5373.54
2025-08-22 04:00:00,test,"MLP v3b [256,128,64] lr1e-4 patient",5144.81,5123.722
2025-08-22 05:00:00,test,"MLP v3b [256,128,64] lr1e-4 patient",4967.15,4977.0825
2025-08-22 06:00:00,test,"MLP v3b [256,128,64] lr1e-4 patient",4992.47,4816.988
2025-08-22 07:00:00,test,"MLP v3b [256,128,64] lr1e-4 patient",4995.69,4920.0845
2025-08-22 08:00:00,test,"MLP v3b [256,128,64] lr1e-4 patient",5237.14,5091.739
2025-08-22 09:00:00,test,"MLP v3b [256,128,64] lr1e-4 patient",5868.28,5777.279
2025-08-22 10:00:00,test,"MLP v3b [256,128,64] lr1e-4 patient",6258.7,6172.9805
2025-08-22 11:00:00,test,"MLP v3b [256,128,64] lr1e-4 patient",6346.6,6371.279
2025-08-22 12:00:00,test,"MLP v3b [256,128,64] lr1e-4 patient",6399.02,6442.5703
2025-08-22 13:00:00,test,"MLP v3b [256,128,64] lr1e-4 patient",6324.02,6443.353
2025-08-22 14:00:00,test,"MLP v3b [256,128,64] lr1e-4 patient",6615.67,6634.2656
2025-08-22 15:00:00,test,"MLP v3b [256,128,64] lr1e-4 patient",6670.85,6608.506
2025-08-22 16:00:00,test,"MLP v3b [256,128,64] lr1e-4 patient",6552.69,6512.2163
2025-08-22 17:00:00,test,"MLP v3b [256,128,64] lr1e-4 patient",6390.62,6280.472
2025-08-22 18:00:00,test,"MLP v3b [256,128,64] lr1e-4 patient",6222.32,6033.019
2025-08-22 19:00:00,test,"MLP v3b [256,128,64] lr1e-4 patient",6142.05,6063.2046
2025-08-22 20:00:00,test,"MLP v3b [256,128,64] lr1e-4 patient",6244.83,6156.2324
2025-08-22 21:00:00,test,"MLP v3b [256,128,64] lr1e-4 patient",6471.37,6489.547
2025-08-22 22:00:00,test,"MLP v3b [256,128,64] lr1e-4 patient",6626.49,6677.3906
2025-08-22 23:00:00,test,"MLP v3b [256,128,64] lr1e-4 patient",6624.15,6610.543
2025-08-23 00:00:00,test,"MLP v3b [256,128,64] lr1e-4 patient",6423.44,6381.254
2025-08-23 01:00:00,test,"MLP v3b [256,128,64] lr1e-4 patient",5990.6,6038.5024
2025-08-23 02:00:00,test,"MLP v3b [256,128,64] lr1e-4 patient",5651.02,5639.1274
2025-08-23 03:00:00,test,"MLP v3b [256,128,64] lr1e-4 patient",5348.81,5340.0034
2025-08-23 04:00:00,test,"MLP v3b [256,128,64] lr1e-4 patient",5080.35,5095.897
2025-08-23 05:00:00,test,"MLP v3b [256,128,64] lr1e-4 patient",4890.98,4874.0513
2025-08-23 06:00:00,test,"MLP v3b [256,128,64] lr1e-4 patient",4770.4,4708.86
2025-08-23 07:00:00,test,"MLP v3b [256,128,64] lr1e-4 patient",4752.85,4699.188
2025-08-23 08:00:00,test,"MLP v3b [256,128,64] lr1e-4 patient",4800.87,4750.5356
2025-08-23 09:00:00,test,"MLP v3b [256,128,64] lr1e-4 patient",5296.51,5282.9644
2025-08-23 10:00:00,test,"MLP v3b [256,128,64] lr1e-4 patient",5737.51,5657.361
2025-08-23 11:00:00,test,"MLP v3b [256,128,64] lr1e-4 patient",5928.11,5918.949
2025-08-23 12:00:00,test,"MLP v3b [256,128,64] lr1e-4 patient",6051.2,6071.986
2025-08-23 13:00:00,test,"MLP v3b [256,128,64] lr1e-4 patient",6084.02,6126.426
2025-08-23 14:00:00,test,"MLP v3b [256,128,64] lr1e-4 patient",6331.09,6380.1157
2025-08-23 15:00:00,test,"MLP v3b [256,128,64] lr1e-4 patient",6309.66,6335.139
2025-08-23 16:00:00,test,"MLP v3b [256,128,64] lr1e-4 patient",5975.06,6172.283
2025-08-23 17:00:00,test,"MLP v3b [256,128,64] lr1e-4 patient",5684.17,5798.3833
2025-08-23 18:00:00,test,"MLP v3b [256,128,64] lr1e-4 patient",5568.33,5500.3735
2025-08-23 19:00:00,test,"MLP v3b [256,128,64] lr1e-4 patient",5497.5,5561.02
2025-08-23 20:00:00,test,"MLP v3b [256,128,64] lr1e-4 patient",5443.09,5572.043
2025-08-23 21:00:00,test,"MLP v3b [256,128,64] lr1e-4 patient",5468.83,5699.541
2025-08-23 22:00:00,test,"MLP v3b [256,128,64] lr1e-4 patient",5588.51,5726.8813
2025-08-23 23:00:00,test,"MLP v3b [256,128,64] lr1e-4 patient",5597.28,5644.107
2025-08-24 00:00:00,test,"MLP v3b [256,128,64] lr1e-4 patient",5494.94,5585.633
2025-08-24 01:00:00,test,"MLP v3b [256,128,64] lr1e-4 patient",5192.34,5240.1387
2025-08-24 02:00:00,test,"MLP v3b [256,128,64] lr1e-4 patient",4927.39,4928.3394
2025-08-24 03:00:00,test,"MLP v3b [256,128,64] lr1e-4 patient",4646.66,4684.892
2025-08-24 04:00:00,test,"MLP v3b [256,128,64] lr1e-4 patient",4475.91,4472.666
2025-08-24 05:00:00,test,"MLP v3b [256,128,64] lr1e-4 patient",4365.89,4336.5874
2025-08-24 06:00:00,test,"MLP v3b [256,128,64] lr1e-4 patient",4274.06,4278.842
2025-08-24 07:00:00,test,"MLP v3b [256,128,64] lr1e-4 patient",4289.0,4254.069
2025-08-24 08:00:00,test,"MLP v3b [256,128,64] lr1e-4 patient",4359.58,4276.0356
2025-08-24 09:00:00,test,"MLP v3b [256,128,64] lr1e-4 patient",4749.42,4664.4805
2025-08-24 10:00:00,test,"MLP v3b [256,128,64] lr1e-4 patient",5051.46,5070.1313
2025-08-24 11:00:00,test,"MLP v3b [256,128,64] lr1e-4 patient",5291.33,5281.9556
2025-08-24 12:00:00,test,"MLP v3b [256,128,64] lr1e-4 patient",5413.49,5449.4424
2025-08-24 13:00:00,test,"MLP v3b [256,128,64] lr1e-4 patient",5385.6,5488.414
2025-08-24 14:00:00,test,"MLP v3b [256,128,64] lr1e-4 patient",5538.61,5624.8745
2025-08-24 15:00:00,test,"MLP v3b [256,128,64] lr1e-4 patient",5621.06,5548.248
2025-08-24 16:00:00,test,"MLP v3b [256,128,64] lr1e-4 patient",5356.7,5495.4727
2025-08-24 17:00:00,test,"MLP v3b [256,128,64] lr1e-4 patient",5142.24,5163.3735
2025-08-24 18:00:00,test,"MLP v3b [256,128,64] lr1e-4 patient",5198.56,5029.389
2025-08-24 19:00:00,test,"MLP v3b [256,128,64] lr1e-4 patient",5356.43,5283.188
2025-08-24 20:00:00,test,"MLP v3b [256,128,64] lr1e-4 patient",5423.77,5479.25
2025-08-24 21:00:00,test,"MLP v3b [256,128,64] lr1e-4 patient",5560.6,5723.018
2025-08-24 22:00:00,test,"MLP v3b [256,128,64] lr1e-4 patient",5709.79,5792.1016
2025-08-24 23:00:00,test,"MLP v3b [256,128,64] lr1e-4 patient",5736.77,5720.7563
2025-08-25 00:00:00,test,"MLP v3b [256,128,64] lr1e-4 patient",5593.81,5601.7773
2025-08-25 01:00:00,test,"MLP v3b [256,128,64] lr1e-4 patient",5255.42,5241.403
2025-08-25 02:00:00,test,"MLP v3b [256,128,64] lr1e-4 patient",4901.42,4992.2812
2025-08-25 03:00:00,test,"MLP v3b [256,128,64] lr1e-4 patient",4634.27,4640.353
2025-08-25 04:00:00,test,"MLP v3b [256,128,64] lr1e-4 patient",4443.51,4432.3276
2025-08-25 05:00:00,test,"MLP v3b [256,128,64] lr1e-4 patient",4337.58,4326.792
2025-08-25 06:00:00,test,"MLP v3b [256,128,64] lr1e-4 patient",4495.36,4358.8535
2025-08-25 07:00:00,test,"MLP v3b [256,128,64] lr1e-4 patient",4544.03,4485.9395
2025-08-25 08:00:00,test,"MLP v3b [256,128,64] lr1e-4 patient",4672.24,4696.259
2025-08-25 09:00:00,test,"MLP v3b [256,128,64] lr1e-4 patient",5255.6,5233.645
2025-08-25 10:00:00,test,"MLP v3b [256,128,64] lr1e-4 patient",5550.41,5540.467
2025-08-25 11:00:00,test,"MLP v3b [256,128,64] lr1e-4 patient",5654.01,5664.5435
2025-08-25 12:00:00,test,"MLP v3b [256,128,64] lr1e-4 patient",5651.4,5736.422
2025-08-25 13:00:00,test,"MLP v3b [256,128,64] lr1e-4 patient",5453.73,5665.297
2025-08-25 14:00:00,test,"MLP v3b [256,128,64] lr1e-4 patient",5704.13,5743.3433
2025-08-25 15:00:00,test,"MLP v3b [256,128,64] lr1e-4 patient",5717.07,5720.5376
2025-08-25 16:00:00,test,"MLP v3b [256,128,64] lr1e-4 patient",5565.79,5643.446
2025-08-25 17:00:00,test,"MLP v3b [256,128,64] lr1e-4 patient",5536.06,5464.25
2025-08-25 18:00:00,test,"MLP v3b [256,128,64] lr1e-4 patient",5433.48,5392.7915
2025-08-25 19:00:00,test,"MLP v3b [256,128,64] lr1e-4 patient",5397.35,5436.6064
2025-08-25 20:00:00,test,"MLP v3b [256,128,64] lr1e-4 patient",5315.79,5428.2397
2025-08-25 21:00:00,test,"MLP v3b [256,128,64] lr1e-4 patient",5333.1,5518.636
2025-08-25 22:00:00,test,"MLP v3b [256,128,64] lr1e-4 patient",5494.98,5520.7485
2025-08-25 23:00:00,test,"MLP v3b [256,128,64] lr1e-4 patient",5492.29,5478.4707
2025-08-26 00:00:00,test,"MLP v3b [256,128,64] lr1e-4 patient",5333.5,5394.261
2025-08-26 01:00:00,test,"MLP v3b [256,128,64] lr1e-4 patient",4978.86,5041.3364
2025-08-26 02:00:00,test,"MLP v3b [256,128,64] lr1e-4 patient",4690.42,4715.9316
2025-08-26 03:00:00,test,"MLP v3b [256,128,64] lr1e-4 patient",4424.6,4492.946
2025-08-26 04:00:00,test,"MLP v3b [256,128,64] lr1e-4 patient",4214.39,4256.1855
2025-08-26 05:00:00,test,"MLP v3b [256,128,64] lr1e-4 patient",4218.0,4135.638
2025-08-26 06:00:00,test,"MLP v3b [256,128,64] lr1e-4 patient",4408.6,4292.1816
2025-08-26 07:00:00,test,"MLP v3b [256,128,64] lr1e-4 patient",4440.89,4410.7104
2025-08-26 08:00:00,test,"MLP v3b [256,128,64] lr1e-4 patient",4591.93,4618.4746
2025-08-26 09:00:00,test,"MLP v3b [256,128,64] lr1e-4 patient",5131.5,5157.678
2025-08-26 10:00:00,test,"MLP v3b [256,128,64] lr1e-4 patient",5464.03,5433.945
2025-08-26 11:00:00,test,"MLP v3b [256,128,64] lr1e-4 patient",5629.99,5542.4976
2025-08-26 12:00:00,test,"MLP v3b [256,128,64] lr1e-4 patient",5674.75,5669.8086
2025-08-26 13:00:00,test,"MLP v3b [256,128,64] lr1e-4 patient",5650.26,5671.3726
2025-08-26 14:00:00,test,"MLP v3b [256,128,64] lr1e-4 patient",5811.33,5904.883
2025-08-26 15:00:00,test,"MLP v3b [256,128,64] lr1e-4 patient",5860.38,5836.5913
2025-08-26 16:00:00,test,"MLP v3b [256,128,64] lr1e-4 patient",5664.95,5741.279
2025-08-26 17:00:00,test,"MLP v3b [256,128,64] lr1e-4 patient",5515.81,5551.236
2025-08-26 18:00:00,test,"MLP v3b [256,128,64] lr1e-4 patient",5403.0,5387.262
2025-08-26 19:00:00,test,"MLP v3b [256,128,64] lr1e-4 patient",5389.15,5359.218
2025-08-26 20:00:00,test,"MLP v3b [256,128,64] lr1e-4 patient",5257.98,5367.007
2025-08-26 21:00:00,test,"MLP v3b [256,128,64] lr1e-4 patient",5331.28,5401.8716
2025-08-26 22:00:00,test,"MLP v3b [256,128,64] lr1e-4 patient",5424.22,5482.1978
2025-08-26 23:00:00,test,"MLP v3b [256,128,64] lr1e-4 patient",5410.17,5411.411
2025-08-27 00:00:00,test,"MLP v3b [256,128,64] lr1e-4 patient",5204.39,5330.951
2025-08-27 01:00:00,test,"MLP v3b [256,128,64] lr1e-4 patient",4888.16,4896.5493
2025-08-27 02:00:00,test,"MLP v3b [256,128,64] lr1e-4 patient",4607.69,4625.668
2025-08-27 03:00:00,test,"MLP v3b [256,128,64] lr1e-4 patient",4372.32,4387.49
2025-08-27 04:00:00,test,"MLP v3b [256,128,64] lr1e-4 patient",4225.68,4186.333
2025-08-27 05:00:00,test,"MLP v3b [256,128,64] lr1e-4 patient",4210.38,4104.6367
2025-08-27 06:00:00,test,"MLP v3b [256,128,64] lr1e-4 patient",4402.57,4234.4214
2025-08-27 07:00:00,test,"MLP v3b [256,128,64] lr1e-4 patient",4505.83,4411.8003
2025-08-27 08:00:00,test,"MLP v3b [256,128,64] lr1e-4 patient",4668.82,4634.543
2025-08-27 09:00:00,test,"MLP v3b [256,128,64] lr1e-4 patient",5336.58,5155.779
2025-08-27 10:00:00,test,"MLP v3b [256,128,64] lr1e-4 patient",5695.44,5611.0786
2025-08-27 11:00:00,test,"MLP v3b [256,128,64] lr1e-4 patient",5659.64,5784.06
2025-08-27 12:00:00,test,"MLP v3b [256,128,64] lr1e-4 patient",5598.99,5742.7407
2025-08-27 13:00:00,test,"MLP v3b [256,128,64] lr1e-4 patient",5469.18,5543.7915
2025-08-27 14:00:00,test,"MLP v3b [256,128,64] lr1e-4 patient",5657.64,5701.307
2025-08-27 15:00:00,test,"MLP v3b [256,128,64] lr1e-4 patient",5675.07,5653.463
2025-08-27 16:00:00,test,"MLP v3b [256,128,64] lr1e-4 patient",5579.25,5533.5454
2025-08-27 17:00:00,test,"MLP v3b [256,128,64] lr1e-4 patient",5544.04,5398.5825
2025-08-27 18:00:00,test,"MLP v3b [256,128,64] lr1e-4 patient",5527.83,5334.767
2025-08-27 19:00:00,test,"MLP v3b [256,128,64] lr1e-4 patient",5539.34,5495.4316
2025-08-27 20:00:00,test,"MLP v3b [256,128,64] lr1e-4 patient",5437.82,5535.3335
2025-08-27 21:00:00,test,"MLP v3b [256,128,64] lr1e-4 patient",5456.94,5513.6367
2025-08-27 22:00:00,test,"MLP v3b [256,128,64] lr1e-4 patient",5630.77,5590.3906
2025-08-27 23:00:00,test,"MLP v3b [256,128,64] lr1e-4 patient",5587.64,5562.957
2025-08-28 00:00:00,test,"MLP v3b [256,128,64] lr1e-4 patient",5409.32,5465.2124
2025-08-28 01:00:00,test,"MLP v3b [256,128,64] lr1e-4 patient",5025.1,5079.9277
2025-08-28 02:00:00,test,"MLP v3b [256,128,64] lr1e-4 patient",4738.61,4728.5005
2025-08-28 03:00:00,test,"MLP v3b [256,128,64] lr1e-4 patient",4515.7,4483.6426
2025-08-28 04:00:00,test,"MLP v3b [256,128,64] lr1e-4 patient",4345.52,4298.113
2025-08-28 05:00:00,test,"MLP v3b [256,128,64] lr1e-4 patient",4294.59,4197.797
2025-08-28 06:00:00,test,"MLP v3b [256,128,64] lr1e-4 patient",4489.32,4327.5083
2025-08-28 07:00:00,test,"MLP v3b [256,128,64] lr1e-4 patient",4529.21,4463.4653
2025-08-28 08:00:00,test,"MLP v3b [256,128,64] lr1e-4 patient",4781.03,4688.734
2025-08-28 09:00:00,test,"MLP v3b [256,128,64] lr1e-4 patient",5410.98,5324.0435
2025-08-28 10:00:00,test,"MLP v3b [256,128,64] lr1e-4 patient",5802.36,5683.416
2025-08-28 11:00:00,test,"MLP v3b [256,128,64] lr1e-4 patient",5896.71,5869.94
2025-08-28 12:00:00,test,"MLP v3b [256,128,64] lr1e-4 patient",5993.51,5930.853
2025-08-28 13:00:00,test,"MLP v3b [256,128,64] lr1e-4 patient",5968.25,5973.8887
2025-08-28 14:00:00,test,"MLP v3b [256,128,64] lr1e-4 patient",6478.83,6261.1875
2025-08-28 15:00:00,test,"MLP v3b [256,128,64] lr1e-4 patient",6549.27,6441.069
2025-08-28 16:00:00,test,"MLP v3b [256,128,64] lr1e-4 patient",6366.44,6378.168
2025-08-28 17:00:00,test,"MLP v3b [256,128,64] lr1e-4 patient",6133.89,6078.471
2025-08-28 18:00:00,test,"MLP v3b [256,128,64] lr1e-4 patient",5970.97,5824.467
2025-08-28 19:00:00,test,"MLP v3b [256,128,64] lr1e-4 patient",6059.18,5869.1675
2025-08-28 20:00:00,test,"MLP v3b [256,128,64] lr1e-4 patient",5964.8,6063.09
2025-08-28 21:00:00,test,"MLP v3b [256,128,64] lr1e-4 patient",6070.14,6223.9023
2025-08-28 22:00:00,test,"MLP v3b [256,128,64] lr1e-4 patient",6204.02,6290.0024
2025-08-28 23:00:00,test,"MLP v3b [256,128,64] lr1e-4 patient",6174.87,6194.2266
2025-08-29 00:00:00,test,"MLP v3b [256,128,64] lr1e-4 patient",5917.26,5998.166
2025-08-29 01:00:00,test,"MLP v3b [256,128,64] lr1e-4 patient",5492.86,5555.03
2025-08-29 02:00:00,test,"MLP v3b [256,128,64] lr1e-4 patient",5145.9,5199.2085
2025-08-29 03:00:00,test,"MLP v3b [256,128,64] lr1e-4 patient",4865.45,4867.818
2025-08-29 04:00:00,test,"MLP v3b [256,128,64] lr1e-4 patient",4667.83,4643.984
2025-08-29 05:00:00,test,"MLP v3b [256,128,64] lr1e-4 patient",4581.7,4512.1
2025-08-29 06:00:00,test,"MLP v3b [256,128,64] lr1e-4 patient",4734.83,4519.437
2025-08-29 07:00:00,test,"MLP v3b [256,128,64] lr1e-4 patient",4791.48,4707.52
2025-08-29 08:00:00,test,"MLP v3b [256,128,64] lr1e-4 patient",4954.56,4977.761
2025-08-29 09:00:00,test,"MLP v3b [256,128,64] lr1e-4 patient",5443.78,5569.318
2025-08-29 10:00:00,test,"MLP v3b [256,128,64] lr1e-4 patient",5670.17,5764.2417
2025-08-29 11:00:00,test,"MLP v3b [256,128,64] lr1e-4 patient",5816.17,5807.3667
2025-08-29 12:00:00,test,"MLP v3b [256,128,64] lr1e-4 patient",5974.92,5901.3257
2025-08-29 13:00:00,test,"MLP v3b [256,128,64] lr1e-4 patient",5956.49,6010.353
2025-08-29 14:00:00,test,"MLP v3b [256,128,64] lr1e-4 patient",5971.89,6309.898
2025-08-29 15:00:00,test,"MLP v3b [256,128,64] lr1e-4 patient",6003.32,6041.332
2025-08-29 16:00:00,test,"MLP v3b [256,128,64] lr1e-4 patient",5966.28,5839.0586
2025-08-29 17:00:00,test,"MLP v3b [256,128,64] lr1e-4 patient",5845.3,5806.929
2025-08-29 18:00:00,test,"MLP v3b [256,128,64] lr1e-4 patient",5733.34,5673.6587
2025-08-29 19:00:00,test,"MLP v3b [256,128,64] lr1e-4 patient",5734.63,5699.2036
2025-08-29 20:00:00,test,"MLP v3b [256,128,64] lr1e-4 patient",5566.98,5695.2524
2025-08-29 21:00:00,test,"MLP v3b [256,128,64] lr1e-4 patient",5471.87,5772.264
2025-08-29 22:00:00,test,"MLP v3b [256,128,64] lr1e-4 patient",5590.4,5677.189
2025-08-29 23:00:00,test,"MLP v3b [256,128,64] lr1e-4 patient",5592.83,5615.6704
2025-08-30 00:00:00,test,"MLP v3b [256,128,64] lr1e-4 patient",5411.86,5505.781
2025-08-30 01:00:00,test,"MLP v3b [256,128,64] lr1e-4 patient",5071.78,5142.22
2025-08-30 02:00:00,test,"MLP v3b [256,128,64] lr1e-4 patient",4768.72,4809.6597
2025-08-30 03:00:00,test,"MLP v3b [256,128,64] lr1e-4 patient",4521.33,4578.9004
2025-08-30 04:00:00,test,"MLP v3b [256,128,64] lr1e-4 patient",4358.04,4379.65
2025-08-30 05:00:00,test,"MLP v3b [256,128,64] lr1e-4 patient",4270.73,4281.3276
2025-08-30 06:00:00,test,"MLP v3b [256,128,64] lr1e-4 patient",4354.9,4331.5347
2025-08-30 07:00:00,test,"MLP v3b [256,128,64] lr1e-4 patient",4386.02,4388.6714
2025-08-30 08:00:00,test,"MLP v3b [256,128,64] lr1e-4 patient",4528.88,4495.771
2025-08-30 09:00:00,test,"MLP v3b [256,128,64] lr1e-4 patient",5054.14,4992.1543
2025-08-30 10:00:00,test,"MLP v3b [256,128,64] lr1e-4 patient",5482.58,5387.2344
2025-08-30 11:00:00,test,"MLP v3b [256,128,64] lr1e-4 patient",5706.0,5613.172
2025-08-30 12:00:00,test,"MLP v3b [256,128,64] lr1e-4 patient",5818.86,5787.977
2025-08-30 13:00:00,test,"MLP v3b [256,128,64] lr1e-4 patient",5796.79,5862.813
2025-08-30 14:00:00,test,"MLP v3b [256,128,64] lr1e-4 patient",5990.95,6030.7227
2025-08-30 15:00:00,test,"MLP v3b [256,128,64] lr1e-4 patient",6000.73,5973.4375
2025-08-30 16:00:00,test,"MLP v3b [256,128,64] lr1e-4 patient",5957.68,5805.694
2025-08-30 17:00:00,test,"MLP v3b [256,128,64] lr1e-4 patient",5783.61,5714.4805
2025-08-30 18:00:00,test,"MLP v3b [256,128,64] lr1e-4 patient",5684.29,5533.928
2025-08-30 19:00:00,test,"MLP v3b [256,128,64] lr1e-4 patient",5718.72,5635.531
2025-08-30 20:00:00,test,"MLP v3b [256,128,64] lr1e-4 patient",5658.57,5747.5825
2025-08-30 21:00:00,test,"MLP v3b [256,128,64] lr1e-4 patient",5801.62,5894.418
2025-08-30 22:00:00,test,"MLP v3b [256,128,64] lr1e-4 patient",5973.92,6020.6016
2025-08-30 23:00:00,test,"MLP v3b [256,128,64] lr1e-4 patient",5969.44,5975.9224
2025-08-31 00:00:00,test,"MLP v3b [256,128,64] lr1e-4 patient",5775.63,5838.0415
2025-08-31 01:00:00,test,"MLP v3b [256,128,64] lr1e-4 patient",5431.79,5424.564
2025-08-31 02:00:00,test,"MLP v3b [256,128,64] lr1e-4 patient",5101.17,5075.3286
2025-08-31 03:00:00,test,"MLP v3b [256,128,64] lr1e-4 patient",4800.43,4816.6606
2025-08-31 04:00:00,test,"MLP v3b [256,128,64] lr1e-4 patient",4628.71,4583.213
2025-08-31 05:00:00,test,"MLP v3b [256,128,64] lr1e-4 patient",4480.49,4463.8657
2025-08-31 06:00:00,test,"MLP v3b [256,128,64] lr1e-4 patient",4388.52,4352.7876
2025-08-31 07:00:00,test,"MLP v3b [256,128,64] lr1e-4 patient",4357.18,4335.847
2025-08-31 08:00:00,test,"MLP v3b [256,128,64] lr1e-4 patient",4239.51,4360.0405
2025-08-31 09:00:00,test,"MLP v3b [256,128,64] lr1e-4 patient",4569.14,4583.6196
2025-08-31 10:00:00,test,"MLP v3b [256,128,64] lr1e-4 patient",4821.04,4900.1543
2025-08-31 11:00:00,test,"MLP v3b [256,128,64] lr1e-4 patient",4942.82,5045.483
2025-08-31 12:00:00,test,"MLP v3b [256,128,64] lr1e-4 patient",5044.45,5139.8335
2025-08-31 13:00:00,test,"MLP v3b [256,128,64] lr1e-4 patient",4962.58,5164.604
2025-08-31 14:00:00,test,"MLP v3b [256,128,64] lr1e-4 patient",5081.88,5176.6167
2025-08-31 15:00:00,test,"MLP v3b [256,128,64] lr1e-4 patient",5061.89,5122.0522
2025-08-31 16:00:00,test,"MLP v3b [256,128,64] lr1e-4 patient",4994.52,5042.7134
2025-08-31 17:00:00,test,"MLP v3b [256,128,64] lr1e-4 patient",4906.92,4877.4883
2025-08-31 18:00:00,test,"MLP v3b [256,128,64] lr1e-4 patient",4985.38,4874.3794
2025-08-31 19:00:00,test,"MLP v3b [256,128,64] lr1e-4 patient",5085.62,5150.406
2025-08-31 20:00:00,test,"MLP v3b [256,128,64] lr1e-4 patient",5007.8,5241.7593
2025-08-31 21:00:00,test,"MLP v3b [256,128,64] lr1e-4 patient",5173.04,5303.1426
2025-08-31 22:00:00,test,"MLP v3b [256,128,64] lr1e-4 patient",5369.36,5429.001
2025-08-31 23:00:00,test,"MLP v3b [256,128,64] lr1e-4 patient",5375.51,5423.469
2025-09-01 00:00:00,test,"MLP v3b [256,128,64] lr1e-4 patient",5194.08,5282.367
2025-09-01 01:00:00,test,"MLP v3b [256,128,64] lr1e-4 patient",4832.95,4871.219
2025-09-01 02:00:00,test,"MLP v3b [256,128,64] lr1e-4 patient",4558.21,4570.112
2025-09-01 03:00:00,test,"MLP v3b [256,128,64] lr1e-4 patient",4319.25,4367.8394
2025-09-01 04:00:00,test,"MLP v3b [256,128,64] lr1e-4 patient",4132.12,4201.1763
2025-09-01 05:00:00,test,"MLP v3b [256,128,64] lr1e-4 patient",4130.95,4093.9617
2025-09-01 06:00:00,test,"MLP v3b [256,128,64] lr1e-4 patient",4294.77,4269.938
2025-09-01 07:00:00,test,"MLP v3b [256,128,64] lr1e-4 patient",4312.88,4349.9663
2025-09-01 08:00:00,test,"MLP v3b [256,128,64] lr1e-4 patient",4467.58,4476.472
2025-09-01 09:00:00,test,"MLP v3b [256,128,64] lr1e-4 patient",5024.99,5008.3447
2025-09-01 10:00:00,test,"MLP v3b [256,128,64] lr1e-4 patient",5262.8,5279.8916
2025-09-01 11:00:00,test,"MLP v3b [256,128,64] lr1e-4 patient",5300.94,5359.556
2025-09-01 12:00:00,test,"MLP v3b [256,128,64] lr1e-4 patient",5431.29,5348.61
2025-09-01 13:00:00,test,"MLP v3b [256,128,64] lr1e-4 patient",5371.65,5380.678
2025-09-01 14:00:00,test,"MLP v3b [256,128,64] lr1e-4 patient",5504.22,5611.769
2025-09-01 15:00:00,test,"MLP v3b [256,128,64] lr1e-4 patient",4863.91,5558.0273
2025-09-01 16:00:00,test,"MLP v3b [256,128,64] lr1e-4 patient",4889.64,4951.185
2025-09-01 17:00:00,test,"MLP v3b [256,128,64] lr1e-4 patient",4909.86,4885.8193
2025-09-01 18:00:00,test,"MLP v3b [256,128,64] lr1e-4 patient",4879.84,4993.6235
2025-09-01 19:00:00,test,"MLP v3b [256,128,64] lr1e-4 patient",4789.42,4960.7266
2025-09-01 20:00:00,test,"MLP v3b [256,128,64] lr1e-4 patient",4519.19,4746.2935
2025-09-01 21:00:00,test,"MLP v3b [256,128,64] lr1e-4 patient",4352.94,4471.2266
2025-09-01 22:00:00,test,"MLP v3b [256,128,64] lr1e-4 patient",4414.03,4453.807
2025-09-01 23:00:00,test,"MLP v3b [256,128,64] lr1e-4 patient",4403.42,4437.0913
2025-09-02 00:00:00,test,"MLP v3b [256,128,64] lr1e-4 patient",4284.58,4350.728
2025-09-02 01:00:00,test,"MLP v3b [256,128,64] lr1e-4 patient",4017.36,4083.6335
2025-09-02 02:00:00,test,"MLP v3b [256,128,64] lr1e-4 patient",3836.61,3826.0742
2025-09-02 03:00:00,test,"MLP v3b [256,128,64] lr1e-4 patient",3705.63,3682.0984
2025-09-02 04:00:00,test,"MLP v3b [256,128,64] lr1e-4 patient",3590.97,3601.0764
2025-09-02 05:00:00,test,"MLP v3b [256,128,64] lr1e-4 patient",3702.07,3671.4075
2025-09-02 06:00:00,test,"MLP v3b [256,128,64] lr1e-4 patient",4018.54,3987.4365
2025-09-02 07:00:00,test,"MLP v3b [256,128,64] lr1e-4 patient",4124.3,4118.3735
2025-09-02 08:00:00,test,"MLP v3b [256,128,64] lr1e-4 patient",4311.04,4254.767
2025-09-02 09:00:00,test,"MLP v3b [256,128,64] lr1e-4 patient",4879.58,4813.351
2025-09-02 10:00:00,test,"MLP v3b [256,128,64] lr1e-4 patient",5235.5,5125.442
2025-09-02 11:00:00,test,"MLP v3b [256,128,64] lr1e-4 patient",5343.01,5276.5327
2025-09-02 12:00:00,test,"MLP v3b [256,128,64] lr1e-4 patient",5393.19,5359.1978
2025-09-02 13:00:00,test,"MLP v3b [256,128,64] lr1e-4 patient",5179.89,5302.9336
2025-09-02 14:00:00,test,"MLP v3b [256,128,64] lr1e-4 patient",5266.75,5394.672
2025-09-02 15:00:00,test,"MLP v3b [256,128,64] lr1e-4 patient",5287.86,5273.564
2025-09-02 16:00:00,test,"MLP v3b [256,128,64] lr1e-4 patient",5177.17,5221.902
2025-09-02 17:00:00,test,"MLP v3b [256,128,64] lr1e-4 patient",5096.2,5123.14
2025-09-02 18:00:00,test,"MLP v3b [256,128,64] lr1e-4 patient",5060.16,5081.068
2025-09-02 19:00:00,test,"MLP v3b [256,128,64] lr1e-4 patient",4952.39,5046.3613
2025-09-02 20:00:00,test,"MLP v3b [256,128,64] lr1e-4 patient",4751.48,4858.0254
2025-09-02 21:00:00,test,"MLP v3b [256,128,64] lr1e-4 patient",4517.46,4724.1665
2025-09-02 22:00:00,test,"MLP v3b [256,128,64] lr1e-4 patient",4500.72,4607.531
2025-09-02 23:00:00,test,"MLP v3b [256,128,64] lr1e-4 patient",4495.66,4515.057
2025-09-03 00:00:00,test,"MLP v3b [256,128,64] lr1e-4 patient",4342.06,4234.849
2025-09-03 01:00:00,test,"MLP v3b [256,128,64] lr1e-4 patient",4081.55,3985.569
2025-09-03 02:00:00,test,"MLP v3b [256,128,64] lr1e-4 patient",3884.42,3776.7295
2025-09-03 03:00:00,test,"MLP v3b [256,128,64] lr1e-4 patient",3732.81,3612.0388
2025-09-03 04:00:00,test,"MLP v3b [256,128,64] lr1e-4 patient",3618.64,3540.2927
2025-09-03 05:00:00,test,"MLP v3b [256,128,64] lr1e-4 patient",3759.06,3620.0332
2025-09-03 06:00:00,test,"MLP v3b [256,128,64] lr1e-4 patient",4039.81,3935.882
2025-09-03 07:00:00,test,"MLP v3b [256,128,64] lr1e-4 patient",4115.04,4110.3774
2025-09-03 08:00:00,test,"MLP v3b [256,128,64] lr1e-4 patient",4311.74,4268.89
2025-09-03 09:00:00,test,"MLP v3b [256,128,64] lr1e-4 patient",4998.71,4821.7593
2025-09-03 10:00:00,test,"MLP v3b [256,128,64] lr1e-4 patient",5309.99,5216.121
2025-09-03 11:00:00,test,"MLP v3b [256,128,64] lr1e-4 patient",5499.11,5351.985
2025-09-03 12:00:00,test,"MLP v3b [256,128,64] lr1e-4 patient",5534.96,5456.558
2025-09-03 13:00:00,test,"MLP v3b [256,128,64] lr1e-4 patient",5366.15,5458.9243
2025-09-03 14:00:00,test,"MLP v3b [256,128,64] lr1e-4 patient",5314.03,5568.645
2025-09-03 15:00:00,test,"MLP v3b [256,128,64] lr1e-4 patient",5103.6,5352.1865
2025-09-03 16:00:00,test,"MLP v3b [256,128,64] lr1e-4 patient",5024.95,5069.9746
2025-09-03 17:00:00,test,"MLP v3b [256,128,64] lr1e-4 patient",5051.66,4995.0225
2025-09-03 18:00:00,test,"MLP v3b [256,128,64] lr1e-4 patient",4976.96,5034.9214
2025-09-03 19:00:00,test,"MLP v3b [256,128,64] lr1e-4 patient",4953.9,5018.299
2025-09-03 20:00:00,test,"MLP v3b [256,128,64] lr1e-4 patient",4783.78,4826.0522
2025-09-03 21:00:00,test,"MLP v3b [256,128,64] lr1e-4 patient",4550.92,4663.8276
2025-09-03 22:00:00,test,"MLP v3b [256,128,64] lr1e-4 patient",4546.56,4645.219
2025-09-03 23:00:00,test,"MLP v3b [256,128,64] lr1e-4 patient",4511.63,4548.7026
2025-09-04 00:00:00,test,"MLP v3b [256,128,64] lr1e-4 patient",4342.35,4259.568
2025-09-04 01:00:00,test,"MLP v3b [256,128,64] lr1e-4 patient",4060.26,4018.742
2025-09-04 02:00:00,test,"MLP v3b [256,128,64] lr1e-4 patient",3863.85,3795.5754
2025-09-04 03:00:00,test,"MLP v3b [256,128,64] lr1e-4 patient",3679.05,3620.3955
2025-09-04 04:00:00,test,"MLP v3b [256,128,64] lr1e-4 patient",3566.0,3500.7942
2025-09-04 05:00:00,test,"MLP v3b [256,128,64] lr1e-4 patient",3706.39,3574.1067
2025-09-04 06:00:00,test,"MLP v3b [256,128,64] lr1e-4 patient",4021.68,3812.884
2025-09-04 07:00:00,test,"MLP v3b [256,128,64] lr1e-4 patient",4130.6,4016.537
2025-09-04 08:00:00,test,"MLP v3b [256,128,64] lr1e-4 patient",4393.83,4238.5137
2025-09-04 09:00:00,test,"MLP v3b [256,128,64] lr1e-4 patient",5061.72,4886.283
2025-09-04 10:00:00,test,"MLP v3b [256,128,64] lr1e-4 patient",5405.52,5303.98
2025-09-04 11:00:00,test,"MLP v3b [256,128,64] lr1e-4 patient",5497.01,5458.2314
2025-09-04 12:00:00,test,"MLP v3b [256,128,64] lr1e-4 patient",5584.92,5522.9688
2025-09-04 13:00:00,test,"MLP v3b [256,128,64] lr1e-4 patient",5564.11,5499.955
2025-09-04 14:00:00,test,"MLP v3b [256,128,64] lr1e-4 patient",5676.22,5809.564
2025-09-04 15:00:00,test,"MLP v3b [256,128,64] lr1e-4 patient",5653.35,5704.6597
2025-09-04 16:00:00,test,"MLP v3b [256,128,64] lr1e-4 patient",5626.07,5562.279
2025-09-04 17:00:00,test,"MLP v3b [256,128,64] lr1e-4 patient",5580.87,5471.668
2025-09-04 18:00:00,test,"MLP v3b [256,128,64] lr1e-4 patient",5385.19,5413.3047
2025-09-04 19:00:00,test,"MLP v3b [256,128,64] lr1e-4 patient",5366.44,5375.11
2025-09-04 20:00:00,test,"MLP v3b [256,128,64] lr1e-4 patient",5215.33,5280.6313
2025-09-04 21:00:00,test,"MLP v3b [256,128,64] lr1e-4 patient",5072.3,5296.721
2025-09-04 22:00:00,test,"MLP v3b [256,128,64] lr1e-4 patient",5156.22,5242.423
2025-09-04 23:00:00,test,"MLP v3b [256,128,64] lr1e-4 patient",5122.22,5185.605
2025-09-05 00:00:00,test,"MLP v3b [256,128,64] lr1e-4 patient",4914.64,5008.5938
2025-09-05 01:00:00,test,"MLP v3b [256,128,64] lr1e-4 patient",4604.57,4604.047
2025-09-05 02:00:00,test,"MLP v3b [256,128,64] lr1e-4 patient",4376.61,4334.6777
2025-09-05 03:00:00,test,"MLP v3b [256,128,64] lr1e-4 patient",4134.14,4118.2866
2025-09-05 04:00:00,test,"MLP v3b [256,128,64] lr1e-4 patient",3963.6,3927.242
2025-09-05 05:00:00,test,"MLP v3b [256,128,64] lr1e-4 patient",3930.39,3835.595
2025-09-05 06:00:00,test,"MLP v3b [256,128,64] lr1e-4 patient",4002.91,4014.408
2025-09-05 07:00:00,test,"MLP v3b [256,128,64] lr1e-4 patient",4140.06,4068.1504
2025-09-05 08:00:00,test,"MLP v3b [256,128,64] lr1e-4 patient",4227.79,4317.436
2025-09-05 09:00:00,test,"MLP v3b [256,128,64] lr1e-4 patient",4814.12,4756.931
2025-09-05 10:00:00,test,"MLP v3b [256,128,64] lr1e-4 patient",5158.99,5077.479
2025-09-05 11:00:00,test,"MLP v3b [256,128,64] lr1e-4 patient",5377.39,5256.808
2025-09-05 12:00:00,test,"MLP v3b [256,128,64] lr1e-4 patient",5490.48,5425.4683
2025-09-05 13:00:00,test,"MLP v3b [256,128,64] lr1e-4 patient",5327.43,5428.9253
2025-09-05 14:00:00,test,"MLP v3b [256,128,64] lr1e-4 patient",5511.36,5538.939
2025-09-05 15:00:00,test,"MLP v3b [256,128,64] lr1e-4 patient",5358.89,5529.553
2025-09-05 16:00:00,test,"MLP v3b [256,128,64] lr1e-4 patient",5308.19,5280.0786
2025-09-05 17:00:00,test,"MLP v3b [256,128,64] lr1e-4 patient",5101.95,5182.5864
2025-09-05 18:00:00,test,"MLP v3b [256,128,64] lr1e-4 patient",5297.23,5066.75
2025-09-05 19:00:00,test,"MLP v3b [256,128,64] lr1e-4 patient",5301.19,5229.0405
2025-09-05 20:00:00,test,"MLP v3b [256,128,64] lr1e-4 patient",5138.65,5219.4067
2025-09-05 21:00:00,test,"MLP v3b [256,128,64] lr1e-4 patient",5071.33,5153.1104
2025-09-05 22:00:00,test,"MLP v3b [256,128,64] lr1e-4 patient",5125.84,5140.728
2025-09-05 23:00:00,test,"MLP v3b [256,128,64] lr1e-4 patient",5141.69,5135.562
2025-09-06 00:00:00,test,"MLP v3b [256,128,64] lr1e-4 patient",4962.94,5038.015
2025-09-06 01:00:00,test,"MLP v3b [256,128,64] lr1e-4 patient",4673.68,4720.662
2025-09-06 02:00:00,test,"MLP v3b [256,128,64] lr1e-4 patient",4414.75,4491.7554
2025-09-06 03:00:00,test,"MLP v3b [256,128,64] lr1e-4 patient",4201.43,4237.84
2025-09-06 04:00:00,test,"MLP v3b [256,128,64] lr1e-4 patient",4043.59,4044.1282
2025-09-06 05:00:00,test,"MLP v3b [256,128,64] lr1e-4 patient",4069.12,3990.3506
2025-09-06 06:00:00,test,"MLP v3b [256,128,64] lr1e-4 patient",4210.74,4083.888
2025-09-06 07:00:00,test,"MLP v3b [256,128,64] lr1e-4 patient",4261.41,4212.342
2025-09-06 08:00:00,test,"MLP v3b [256,128,64] lr1e-4 patient",4359.99,4311.6807
2025-09-06 09:00:00,test,"MLP v3b [256,128,64] lr1e-4 patient",4892.05,4809.223
2025-09-06 10:00:00,test,"MLP v3b [256,128,64] lr1e-4 patient",5247.7,5152.8496
2025-09-06 11:00:00,test,"MLP v3b [256,128,64] lr1e-4 patient",5362.92,5336.9604
2025-09-06 12:00:00,test,"MLP v3b [256,128,64] lr1e-4 patient",5466.74,5398.3325
2025-09-06 13:00:00,test,"MLP v3b [256,128,64] lr1e-4 patient",5354.31,5405.5767
2025-09-06 14:00:00,test,"MLP v3b [256,128,64] lr1e-4 patient",5574.88,5561.2363
2025-09-06 15:00:00,test,"MLP v3b [256,128,64] lr1e-4 patient",5591.19,5562.414
2025-09-06 16:00:00,test,"MLP v3b [256,128,64] lr1e-4 patient",5578.87,5429.8027
2025-09-06 17:00:00,test,"MLP v3b [256,128,64] lr1e-4 patient",5511.55,5381.7495
2025-09-06 18:00:00,test,"MLP v3b [256,128,64] lr1e-4 patient",5439.0,5331.642
2025-09-06 19:00:00,test,"MLP v3b [256,128,64] lr1e-4 patient",5439.26,5420.632
2025-09-06 20:00:00,test,"MLP v3b [256,128,64] lr1e-4 patient",5341.47,5375.9976
2025-09-06 21:00:00,test,"MLP v3b [256,128,64] lr1e-4 patient",5333.09,5467.7124
2025-09-06 22:00:00,test,"MLP v3b [256,128,64] lr1e-4 patient",5415.45,5504.057
2025-09-06 23:00:00,test,"MLP v3b [256,128,64] lr1e-4 patient",5431.24,5431.5903
2025-09-07 00:00:00,test,"MLP v3b [256,128,64] lr1e-4 patient",5228.28,5332.3696
2025-09-07 01:00:00,test,"MLP v3b [256,128,64] lr1e-4 patient",4903.73,4979.7603
2025-09-07 02:00:00,test,"MLP v3b [256,128,64] lr1e-4 patient",4684.42,4635.619
2025-09-07 03:00:00,test,"MLP v3b [256,128,64] lr1e-4 patient",4413.2,4461.685
2025-09-07 04:00:00,test,"MLP v3b [256,128,64] lr1e-4 patient",4232.04,4283.456
2025-09-07 05:00:00,test,"MLP v3b [256,128,64] lr1e-4 patient",4133.68,4152.521
2025-09-07 06:00:00,test,"MLP v3b [256,128,64] lr1e-4 patient",4110.12,4158.612
2025-09-07 07:00:00,test,"MLP v3b [256,128,64] lr1e-4 patient",4157.15,4158.851
2025-09-07 08:00:00,test,"MLP v3b [256,128,64] lr1e-4 patient",4166.53,4173.043
2025-09-07 09:00:00,test,"MLP v3b [256,128,64] lr1e-4 patient",4559.98,4556.3125
2025-09-07 10:00:00,test,"MLP v3b [256,128,64] lr1e-4 patient",4943.87,4904.984
2025-09-07 11:00:00,test,"MLP v3b [256,128,64] lr1e-4 patient",5179.21,5104.6284
2025-09-07 12:00:00,test,"MLP v3b [256,128,64] lr1e-4 patient",5355.0,5301.583
2025-09-07 13:00:00,test,"MLP v3b [256,128,64] lr1e-4 patient",5304.49,5412.683
2025-09-07 14:00:00,test,"MLP v3b [256,128,64] lr1e-4 patient",5270.49,5536.184
2025-09-07 15:00:00,test,"MLP v3b [256,128,64] lr1e-4 patient",5166.99,5325.6445
2025-09-07 16:00:00,test,"MLP v3b [256,128,64] lr1e-4 patient",5017.48,5118.358
2025-09-07 17:00:00,test,"MLP v3b [256,128,64] lr1e-4 patient",4967.78,4927.691
2025-09-07 18:00:00,test,"MLP v3b [256,128,64] lr1e-4 patient",4986.98,4958.082
2025-09-07 19:00:00,test,"MLP v3b [256,128,64] lr1e-4 patient",5073.4,5142.811
2025-09-07 20:00:00,test,"MLP v3b [256,128,64] lr1e-4 patient",5088.3,5171.2373
2025-09-07 21:00:00,test,"MLP v3b [256,128,64] lr1e-4 patient",5258.84,5307.979
2025-09-07 22:00:00,test,"MLP v3b [256,128,64] lr1e-4 patient",5278.11,5488.2563
2025-09-07 23:00:00,test,"MLP v3b [256,128,64] lr1e-4 patient",5240.15,5343.984
2025-09-08 00:00:00,test,"MLP v3b [256,128,64] lr1e-4 patient",5022.69,5145.2056
2025-09-08 01:00:00,test,"MLP v3b [256,128,64] lr1e-4 patient",4715.33,4730.6836
2025-09-08 02:00:00,test,"MLP v3b [256,128,64] lr1e-4 patient",4455.38,4492.97
2025-09-08 03:00:00,test,"MLP v3b [256,128,64] lr1e-4 patient",4235.98,4279.5957
2025-09-08 04:00:00,test,"MLP v3b [256,128,64] lr1e-4 patient",4067.5,4096.4
2025-09-08 05:00:00,test,"MLP v3b [256,128,64] lr1e-4 patient",4136.13,4032.4377
2025-09-08 06:00:00,test,"MLP v3b [256,128,64] lr1e-4 patient",4364.69,4291.396
2025-09-08 07:00:00,test,"MLP v3b [256,128,64] lr1e-4 patient",4409.07,4394.9146
2025-09-08 08:00:00,test,"MLP v3b [256,128,64] lr1e-4 patient",4631.91,4594.6157
2025-09-08 09:00:00,test,"MLP v3b [256,128,64] lr1e-4 patient",5230.48,5150.448
2025-09-08 10:00:00,test,"MLP v3b [256,128,64] lr1e-4 patient",5543.49,5476.4194
2025-09-08 11:00:00,test,"MLP v3b [256,128,64] lr1e-4 patient",5694.5,5614.3164
2025-09-08 12:00:00,test,"MLP v3b [256,128,64] lr1e-4 patient",5751.8,5737.195
2025-09-08 13:00:00,test,"MLP v3b [256,128,64] lr1e-4 patient",5780.4,5757.711
2025-09-08 14:00:00,test,"MLP v3b [256,128,64] lr1e-4 patient",6045.65,6047.844
2025-09-08 15:00:00,test,"MLP v3b [256,128,64] lr1e-4 patient",6095.76,6068.5
2025-09-08 16:00:00,test,"MLP v3b [256,128,64] lr1e-4 patient",6052.11,5977.399
2025-09-08 17:00:00,test,"MLP v3b [256,128,64] lr1e-4 patient",5908.74,5805.8574
2025-09-08 18:00:00,test,"MLP v3b [256,128,64] lr1e-4 patient",5734.74,5610.291
2025-09-08 19:00:00,test,"MLP v3b [256,128,64] lr1e-4 patient",5746.56,5657.9937
2025-09-08 20:00:00,test,"MLP v3b [256,128,64] lr1e-4 patient",5721.74,5738.7114
2025-09-08 21:00:00,test,"MLP v3b [256,128,64] lr1e-4 patient",5944.79,5938.715
2025-09-08 22:00:00,test,"MLP v3b [256,128,64] lr1e-4 patient",6089.67,6158.8843
2025-09-08 23:00:00,test,"MLP v3b [256,128,64] lr1e-4 patient",6073.46,6084.672
2025-09-09 00:00:00,test,"MLP v3b [256,128,64] lr1e-4 patient",5782.68,5869.6743
2025-09-09 01:00:00,test,"MLP v3b [256,128,64] lr1e-4 patient",5394.22,5440.033
2025-09-09 02:00:00,test,"MLP v3b [256,128,64] lr1e-4 patient",5044.07,5072.7554
2025-09-09 03:00:00,test,"MLP v3b [256,128,64] lr1e-4 patient",4769.64,4791.9106
2025-09-09 04:00:00,test,"MLP v3b [256,128,64] lr1e-4 patient",4558.17,4558.435
2025-09-09 05:00:00,test,"MLP v3b [256,128,64] lr1e-4 patient",4478.52,4460.877
2025-09-09 06:00:00,test,"MLP v3b [256,128,64] lr1e-4 patient",4583.71,4439.4155
2025-09-09 07:00:00,test,"MLP v3b [256,128,64] lr1e-4 patient",4618.83,4576.7905
2025-09-09 08:00:00,test,"MLP v3b [256,128,64] lr1e-4 patient",4752.25,4764.31
2025-09-09 09:00:00,test,"MLP v3b [256,128,64] lr1e-4 patient",5328.43,5329.6763
2025-09-09 10:00:00,test,"MLP v3b [256,128,64] lr1e-4 patient",5716.89,5625.029
2025-09-09 11:00:00,test,"MLP v3b [256,128,64] lr1e-4 patient",5833.41,5830.7095
2025-09-09 12:00:00,test,"MLP v3b [256,128,64] lr1e-4 patient",5982.57,5933.8125
2025-09-09 13:00:00,test,"MLP v3b [256,128,64] lr1e-4 patient",6048.31,5990.53
2025-09-09 14:00:00,test,"MLP v3b [256,128,64] lr1e-4 patient",6330.5,6347.397
2025-09-09 15:00:00,test,"MLP v3b [256,128,64] lr1e-4 patient",6413.27,6362.5513
2025-09-09 16:00:00,test,"MLP v3b [256,128,64] lr1e-4 patient",6340.9,6240.7866
2025-09-09 17:00:00,test,"MLP v3b [256,128,64] lr1e-4 patient",6178.28,6063.9194
2025-09-09 18:00:00,test,"MLP v3b [256,128,64] lr1e-4 patient",6030.59,5842.625
2025-09-09 19:00:00,test,"MLP v3b [256,128,64] lr1e-4 patient",6027.31,5893.057
2025-09-09 20:00:00,test,"MLP v3b [256,128,64] lr1e-4 patient",6036.1,6001.9204
2025-09-09 21:00:00,test,"MLP v3b [256,128,64] lr1e-4 patient",6253.0,6255.9517
2025-09-09 22:00:00,test,"MLP v3b [256,128,64] lr1e-4 patient",6397.31,6435.4224
2025-09-09 23:00:00,test,"MLP v3b [256,128,64] lr1e-4 patient",6369.45,6345.133
2025-09-10 00:00:00,test,"MLP v3b [256,128,64] lr1e-4 patient",6120.99,6124.608
2025-09-10 01:00:00,test,"MLP v3b [256,128,64] lr1e-4 patient",5654.73,5712.6177
2025-09-10 02:00:00,test,"MLP v3b [256,128,64] lr1e-4 patient",5301.15,5326.3735
2025-09-10 03:00:00,test,"MLP v3b [256,128,64] lr1e-4 patient",5030.99,5030.111
2025-09-10 04:00:00,test,"MLP v3b [256,128,64] lr1e-4 patient",4812.83,4799.902
2025-09-10 05:00:00,test,"MLP v3b [256,128,64] lr1e-4 patient",4662.89,4650.106
2025-09-10 06:00:00,test,"MLP v3b [256,128,64] lr1e-4 patient",4805.68,4593.328
2025-09-10 07:00:00,test,"MLP v3b [256,128,64] lr1e-4 patient",4824.82,4707.4565
2025-09-10 08:00:00,test,"MLP v3b [256,128,64] lr1e-4 patient",4941.0,4927.5356
2025-09-10 09:00:00,test,"MLP v3b [256,128,64] lr1e-4 patient",5573.61,5503.309
2025-09-10 10:00:00,test,"MLP v3b [256,128,64] lr1e-4 patient",5899.24,5843.658
2025-09-10 11:00:00,test,"MLP v3b [256,128,64] lr1e-4 patient",6004.19,6014.17
2025-09-10 12:00:00,test,"MLP v3b [256,128,64] lr1e-4 patient",6082.96,6084.9507
2025-09-10 13:00:00,test,"MLP v3b [256,128,64] lr1e-4 patient",6155.92,6082.5835
2025-09-10 14:00:00,test,"MLP v3b [256,128,64] lr1e-4 patient",6423.39,6441.5024
2025-09-10 15:00:00,test,"MLP v3b [256,128,64] lr1e-4 patient",6498.3,6448.3843
2025-09-10 16:00:00,test,"MLP v3b [256,128,64] lr1e-4 patient",6381.77,6330.154
2025-09-10 17:00:00,test,"MLP v3b [256,128,64] lr1e-4 patient",6236.29,6081.0015
2025-09-10 18:00:00,test,"MLP v3b [256,128,64] lr1e-4 patient",6004.35,5885.1875
2025-09-10 19:00:00,test,"MLP v3b [256,128,64] lr1e-4 patient",6007.62,5902.5605
2025-09-10 20:00:00,test,"MLP v3b [256,128,64] lr1e-4 patient",5950.79,5954.8066
2025-09-10 21:00:00,test,"MLP v3b [256,128,64] lr1e-4 patient",6134.3,6129.524
2025-09-10 22:00:00,test,"MLP v3b [256,128,64] lr1e-4 patient",6266.26,6304.6562
2025-09-10 23:00:00,test,"MLP v3b [256,128,64] lr1e-4 patient",6291.48,6226.551
2025-09-11 00:00:00,test,"MLP v3b [256,128,64] lr1e-4 patient",6042.64,6085.2397
2025-09-11 01:00:00,test,"MLP v3b [256,128,64] lr1e-4 patient",5594.23,5697.614
2025-09-11 02:00:00,test,"MLP v3b [256,128,64] lr1e-4 patient",5201.53,5309.185
2025-09-11 03:00:00,test,"MLP v3b [256,128,64] lr1e-4 patient",4889.22,4962.6504
2025-09-11 04:00:00,test,"MLP v3b [256,128,64] lr1e-4 patient",4671.89,4695.112
2025-09-11 05:00:00,test,"MLP v3b [256,128,64] lr1e-4 patient",4517.79,4513.349
2025-09-11 06:00:00,test,"MLP v3b [256,128,64] lr1e-4 patient",4577.34,4496.527
2025-09-11 07:00:00,test,"MLP v3b [256,128,64] lr1e-4 patient",4584.35,4523.711
2025-09-11 08:00:00,test,"MLP v3b [256,128,64] lr1e-4 patient",4692.08,4693.7573
2025-09-11 09:00:00,test,"MLP v3b [256,128,64] lr1e-4 patient",5280.25,5274.5664
2025-09-11 10:00:00,test,"MLP v3b [256,128,64] lr1e-4 patient",5656.23,5619.1274
2025-09-11 11:00:00,test,"MLP v3b [256,128,64] lr1e-4 patient",5780.22,5806.162
2025-09-11 12:00:00,test,"MLP v3b [256,128,64] lr1e-4 patient",5847.51,5905.221
2025-09-11 13:00:00,test,"MLP v3b [256,128,64] lr1e-4 patient",5901.56,5896.0093
2025-09-11 14:00:00,test,"MLP v3b [256,128,64] lr1e-4 patient",6278.76,6254.033
2025-09-11 15:00:00,test,"MLP v3b [256,128,64] lr1e-4 patient",6337.92,6316.7266
2025-09-11 16:00:00,test,"MLP v3b [256,128,64] lr1e-4 patient",6262.35,6226.641
2025-09-11 17:00:00,test,"MLP v3b [256,128,64] lr1e-4 patient",6129.31,6034.8813
2025-09-11 18:00:00,test,"MLP v3b [256,128,64] lr1e-4 patient",5944.42,5827.513
2025-09-11 19:00:00,test,"MLP v3b [256,128,64] lr1e-4 patient",5989.71,5857.8306
2025-09-11 20:00:00,test,"MLP v3b [256,128,64] lr1e-4 patient",5928.01,5966.9556
2025-09-11 21:00:00,test,"MLP v3b [256,128,64] lr1e-4 patient",6061.89,6156.2593
2025-09-11 22:00:00,test,"MLP v3b [256,128,64] lr1e-4 patient",6215.76,6276.5806
2025-09-11 23:00:00,test,"MLP v3b [256,128,64] lr1e-4 patient",6246.81,6199.689
2025-09-12 00:00:00,test,"MLP v3b [256,128,64] lr1e-4 patient",5968.55,6042.6875
2025-09-12 01:00:00,test,"MLP v3b [256,128,64] lr1e-4 patient",5513.13,5615.682
2025-09-12 02:00:00,test,"MLP v3b [256,128,64] lr1e-4 patient",5156.72,5221.2505
2025-09-12 03:00:00,test,"MLP v3b [256,128,64] lr1e-4 patient",4844.74,4913.125
2025-09-12 04:00:00,test,"MLP v3b [256,128,64] lr1e-4 patient",4635.42,4652.889
2025-09-12 05:00:00,test,"MLP v3b [256,128,64] lr1e-4 patient",4496.86,4495.3853
2025-09-12 06:00:00,test,"MLP v3b [256,128,64] lr1e-4 patient",4631.1,4464.365
2025-09-12 07:00:00,test,"MLP v3b [256,128,64] lr1e-4 patient",4626.32,4613.3086
2025-09-12 08:00:00,test,"MLP v3b [256,128,64] lr1e-4 patient",4669.17,4755.952
2025-09-12 09:00:00,test,"MLP v3b [256,128,64] lr1e-4 patient",5256.1,5253.877
2025-09-12 10:00:00,test,"MLP v3b [256,128,64] lr1e-4 patient",5563.11,5570.7993
2025-09-12 11:00:00,test,"MLP v3b [256,128,64] lr1e-4 patient",5848.79,5693.5767
2025-09-12 12:00:00,test,"MLP v3b [256,128,64] lr1e-4 patient",5970.74,5910.4263
2025-09-12 13:00:00,test,"MLP v3b [256,128,64] lr1e-4 patient",5994.03,6020.3716
2025-09-12 14:00:00,test,"MLP v3b [256,128,64] lr1e-4 patient",6264.42,6322.2007
2025-09-12 15:00:00,test,"MLP v3b [256,128,64] lr1e-4 patient",6361.24,6288.0024
2025-09-12 16:00:00,test,"MLP v3b [256,128,64] lr1e-4 patient",6275.3,6208.932
2025-09-12 17:00:00,test,"MLP v3b [256,128,64] lr1e-4 patient",6104.19,6020.261
2025-09-12 18:00:00,test,"MLP v3b [256,128,64] lr1e-4 patient",5961.3,5816.1895
2025-09-12 19:00:00,test,"MLP v3b [256,128,64] lr1e-4 patient",5961.98,5839.43
2025-09-12 20:00:00,test,"MLP v3b [256,128,64] lr1e-4 patient",5875.63,5914.5215
2025-09-12 21:00:00,test,"MLP v3b [256,128,64] lr1e-4 patient",6048.98,6060.685
2025-09-12 22:00:00,test,"MLP v3b [256,128,64] lr1e-4 patient",6211.57,6223.1816
2025-09-12 23:00:00,test,"MLP v3b [256,128,64] lr1e-4 patient",6230.69,6201.5913
2025-09-13 00:00:00,test,"MLP v3b [256,128,64] lr1e-4 patient",6059.01,6006.734
2025-09-13 01:00:00,test,"MLP v3b [256,128,64] lr1e-4 patient",5684.98,5676.078
2025-09-13 02:00:00,test,"MLP v3b [256,128,64] lr1e-4 patient",5345.69,5334.2305
2025-09-13 03:00:00,test,"MLP v3b [256,128,64] lr1e-4 patient",5062.11,5047.649
2025-09-13 04:00:00,test,"MLP v3b [256,128,64] lr1e-4 patient",4820.64,4814.4517
2025-09-13 05:00:00,test,"MLP v3b [256,128,64] lr1e-4 patient",4651.58,4633.2705
2025-09-13 06:00:00,test,"MLP v3b [256,128,64] lr1e-4 patient",4575.3,4547.559
2025-09-13 07:00:00,test,"MLP v3b [256,128,64] lr1e-4 patient",4560.74,4509.6265
2025-09-13 08:00:00,test,"MLP v3b [256,128,64] lr1e-4 patient",4555.13,4567.324
2025-09-13 09:00:00,test,"MLP v3b [256,128,64] lr1e-4 patient",5007.03,5022.385
2025-09-13 10:00:00,test,"MLP v3b [256,128,64] lr1e-4 patient",5372.55,5345.397
2025-09-13 11:00:00,test,"MLP v3b [256,128,64] lr1e-4 patient",5491.86,5512.429
2025-09-13 12:00:00,test,"MLP v3b [256,128,64] lr1e-4 patient",5798.91,5633.166
2025-09-13 13:00:00,test,"MLP v3b [256,128,64] lr1e-4 patient",5812.35,5789.362
2025-09-13 14:00:00,test,"MLP v3b [256,128,64] lr1e-4 patient",6052.69,6114.361
2025-09-13 15:00:00,test,"MLP v3b [256,128,64] lr1e-4 patient",6083.44,6059.873
2025-09-13 16:00:00,test,"MLP v3b [256,128,64] lr1e-4 patient",6004.15,5946.4146
2025-09-13 17:00:00,test,"MLP v3b [256,128,64] lr1e-4 patient",5870.15,5770.4653
2025-09-13 18:00:00,test,"MLP v3b [256,128,64] lr1e-4 patient",5782.93,5617.314
2025-09-13 19:00:00,test,"MLP v3b [256,128,64] lr1e-4 patient",5810.16,5715.526
2025-09-13 20:00:00,test,"MLP v3b [256,128,64] lr1e-4 patient",5845.82,5804.9126
2025-09-13 21:00:00,test,"MLP v3b [256,128,64] lr1e-4 patient",6097.43,6019.479
2025-09-13 22:00:00,test,"MLP v3b [256,128,64] lr1e-4 patient",6312.55,6290.7886
2025-09-13 23:00:00,test,"MLP v3b [256,128,64] lr1e-4 patient",6348.81,6265.6343
2025-09-14 00:00:00,test,"MLP v3b [256,128,64] lr1e-4 patient",6177.32,6149.35
2025-09-14 01:00:00,test,"MLP v3b [256,128,64] lr1e-4 patient",5788.94,5786.6235
2025-09-14 02:00:00,test,"MLP v3b [256,128,64] lr1e-4 patient",5447.27,5411.7915
2025-09-14 03:00:00,test,"MLP v3b [256,128,64] lr1e-4 patient",5165.32,5118.0747
2025-09-14 04:00:00,test,"MLP v3b [256,128,64] lr1e-4 patient",4926.86,4908.6157
2025-09-14 05:00:00,test,"MLP v3b [256,128,64] lr1e-4 patient",4766.51,4736.573
2025-09-14 06:00:00,test,"MLP v3b [256,128,64] lr1e-4 patient",4642.39,4570.495
2025-09-14 07:00:00,test,"MLP v3b [256,128,64] lr1e-4 patient",4577.79,4483.306
2025-09-14 08:00:00,test,"MLP v3b [256,128,64] lr1e-4 patient",4564.0,4503.896
2025-09-14 09:00:00,test,"MLP v3b [256,128,64] lr1e-4 patient",4900.87,4889.6665
2025-09-14 10:00:00,test,"MLP v3b [256,128,64] lr1e-4 patient",5188.69,5195.819
2025-09-14 11:00:00,test,"MLP v3b [256,128,64] lr1e-4 patient",5399.82,5394.2974
2025-09-14 12:00:00,test,"MLP v3b [256,128,64] lr1e-4 patient",5524.79,5583.455
2025-09-14 13:00:00,test,"MLP v3b [256,128,64] lr1e-4 patient",5602.25,5636.5767
2025-09-14 14:00:00,test,"MLP v3b [256,128,64] lr1e-4 patient",5796.79,5869.437
2025-09-14 15:00:00,test,"MLP v3b [256,128,64] lr1e-4 patient",5775.26,5844.9297
2025-09-14 16:00:00,test,"MLP v3b [256,128,64] lr1e-4 patient",5713.88,5684.9785
2025-09-14 17:00:00,test,"MLP v3b [256,128,64] lr1e-4 patient",5554.6,5479.347
2025-09-14 18:00:00,test,"MLP v3b [256,128,64] lr1e-4 patient",5576.0,5360.9507
2025-09-14 19:00:00,test,"MLP v3b [256,128,64] lr1e-4 patient",5784.27,5610.6587
2025-09-14 20:00:00,test,"MLP v3b [256,128,64] lr1e-4 patient",5965.92,5874.578
2025-09-14 21:00:00,test,"MLP v3b [256,128,64] lr1e-4 patient",6266.17,6243.0327
2025-09-14 22:00:00,test,"MLP v3b [256,128,64] lr1e-4 patient",6491.92,6486.65
2025-09-14 23:00:00,test,"MLP v3b [256,128,64] lr1e-4 patient",6500.33,6449.942
2025-09-15 00:00:00,test,"MLP v3b [256,128,64] lr1e-4 patient",6261.33,6254.78
2025-09-15 01:00:00,test,"MLP v3b [256,128,64] lr1e-4 patient",5841.21,5863.213
2025-09-15 02:00:00,test,"MLP v3b [256,128,64] lr1e-4 patient",5464.05,5509.6567
2025-09-15 03:00:00,test,"MLP v3b [256,128,64] lr1e-4 patient",5185.55,5174.1797
2025-09-15 04:00:00,test,"MLP v3b [256,128,64] lr1e-4 patient",4930.88,4960.3115
2025-09-15 05:00:00,test,"MLP v3b [256,128,64] lr1e-4 patient",4805.55,4743.72
2025-09-15 06:00:00,test,"MLP v3b [256,128,64] lr1e-4 patient",4835.33,4736.2847
2025-09-15 07:00:00,test,"MLP v3b [256,128,64] lr1e-4 patient",4802.58,4768.265
2025-09-15 08:00:00,test,"MLP v3b [256,128,64] lr1e-4 patient",4870.88,4892.1157
2025-09-15 09:00:00,test,"MLP v3b [256,128,64] lr1e-4 patient",5449.5,5423.7324
2025-09-15 10:00:00,test,"MLP v3b [256,128,64] lr1e-4 patient",5791.49,5749.4272
2025-09-15 11:00:00,test,"MLP v3b [256,128,64] lr1e-4 patient",5932.66,5919.4395
2025-09-15 12:00:00,test,"MLP v3b [256,128,64] lr1e-4 patient",6076.52,6045.2515
2025-09-15 13:00:00,test,"MLP v3b [256,128,64] lr1e-4 patient",6100.57,6144.641
2025-09-15 14:00:00,test,"MLP v3b [256,128,64] lr1e-4 patient",6480.13,6421.482
2025-09-15 15:00:00,test,"MLP v3b [256,128,64] lr1e-4 patient",6598.27,6510.479
2025-09-15 16:00:00,test,"MLP v3b [256,128,64] lr1e-4 patient",6568.19,6449.638
2025-09-15 17:00:00,test,"MLP v3b [256,128,64] lr1e-4 patient",6399.29,6264.4644
2025-09-15 18:00:00,test,"MLP v3b [256,128,64] lr1e-4 patient",6136.01,6016.307
2025-09-15 19:00:00,test,"MLP v3b [256,128,64] lr1e-4 patient",6159.12,6015.4746
2025-09-15 20:00:00,test,"MLP v3b [256,128,64] lr1e-4 patient",6150.54,6191.656
2025-09-15 21:00:00,test,"MLP v3b [256,128,64] lr1e-4 patient",6424.85,6443.5874
2025-09-15 22:00:00,test,"MLP v3b [256,128,64] lr1e-4 patient",6684.86,6658.0396
2025-09-15 23:00:00,test,"MLP v3b [256,128,64] lr1e-4 patient",6678.51,6658.693
2025-09-16 00:00:00,test,"MLP v3b [256,128,64] lr1e-4 patient",6457.17,6450.44
2025-09-16 01:00:00,test,"MLP v3b [256,128,64] lr1e-4 patient",6072.27,6055.3145
2025-09-16 02:00:00,test,"MLP v3b [256,128,64] lr1e-4 patient",5712.21,5696.2983
2025-09-16 03:00:00,test,"MLP v3b [256,128,64] lr1e-4 patient",5408.03,5402.4517
2025-09-16 04:00:00,test,"MLP v3b [256,128,64] lr1e-4 patient",5153.22,5155.8525
2025-09-16 05:00:00,test,"MLP v3b [256,128,64] lr1e-4 patient",4958.74,4970.5044
2025-09-16 06:00:00,test,"MLP v3b [256,128,64] lr1e-4 patient",4853.52,4815.6777
2025-09-16 07:00:00,test,"MLP v3b [256,128,64] lr1e-4 patient",4819.44,4790.728
2025-09-16 08:00:00,test,"MLP v3b [256,128,64] lr1e-4 patient",4911.62,4945.857
2025-09-16 09:00:00,test,"MLP v3b [256,128,64] lr1e-4 patient",5509.79,5499.569
2025-09-16 10:00:00,test,"MLP v3b [256,128,64] lr1e-4 patient",5892.64,5823.2593
2025-09-16 11:00:00,test,"MLP v3b [256,128,64] lr1e-4 patient",6046.81,6037.424
2025-09-16 12:00:00,test,"MLP v3b [256,128,64] lr1e-4 patient",6232.13,6177.724
2025-09-16 13:00:00,test,"MLP v3b [256,128,64] lr1e-4 patient",6386.58,6287.5835
2025-09-16 14:00:00,test,"MLP v3b [256,128,64] lr1e-4 patient",6701.59,6699.1606
2025-09-16 15:00:00,test,"MLP v3b [256,128,64] lr1e-4 patient",6737.31,6734.035
2025-09-16 16:00:00,test,"MLP v3b [256,128,64] lr1e-4 patient",6729.77,6569.103
2025-09-16 17:00:00,test,"MLP v3b [256,128,64] lr1e-4 patient",6504.3,6405.5664
2025-09-16 18:00:00,test,"MLP v3b [256,128,64] lr1e-4 patient",6251.23,6127.679
2025-09-16 19:00:00,test,"MLP v3b [256,128,64] lr1e-4 patient",6264.97,6127.9204
2025-09-16 20:00:00,test,"MLP v3b [256,128,64] lr1e-4 patient",6276.84,6258.857
2025-09-16 21:00:00,test,"MLP v3b [256,128,64] lr1e-4 patient",6607.4,6537.7104
2025-09-16 22:00:00,test,"MLP v3b [256,128,64] lr1e-4 patient",6889.82,6806.264
2025-09-16 23:00:00,test,"MLP v3b [256,128,64] lr1e-4 patient",6846.0,6831.361
2025-09-17 00:00:00,test,"MLP v3b [256,128,64] lr1e-4 patient",6578.6,6593.9727
2025-09-17 01:00:00,test,"MLP v3b [256,128,64] lr1e-4 patient",6138.35,6152.9907
2025-09-17 02:00:00,test,"MLP v3b [256,128,64] lr1e-4 patient",5746.97,5753.1265
2025-09-17 03:00:00,test,"MLP v3b [256,128,64] lr1e-4 patient",5418.73,5426.759
2025-09-17 04:00:00,test,"MLP v3b [256,128,64] lr1e-4 patient",5167.69,5137.9463
2025-09-17 05:00:00,test,"MLP v3b [256,128,64] lr1e-4 patient",4958.44,4968.7573
2025-09-17 06:00:00,test,"MLP v3b [256,128,64] lr1e-4 patient",4973.75,4757.7524
2025-09-17 07:00:00,test,"MLP v3b [256,128,64] lr1e-4 patient",4934.07,4869.3286
2025-09-17 08:00:00,test,"MLP v3b [256,128,64] lr1e-4 patient",5082.44,5046.543
2025-09-17 09:00:00,test,"MLP v3b [256,128,64] lr1e-4 patient",5681.34,5625.609
2025-09-17 10:00:00,test,"MLP v3b [256,128,64] lr1e-4 patient",6066.55,5979.0474
2025-09-17 11:00:00,test,"MLP v3b [256,128,64] lr1e-4 patient",6247.14,6191.6074
2025-09-17 12:00:00,test,"MLP v3b [256,128,64] lr1e-4 patient",6438.79,6339.037
2025-09-17 13:00:00,test,"MLP v3b [256,128,64] lr1e-4 patient",6534.73,6469.5845
2025-09-17 14:00:00,test,"MLP v3b [256,128,64] lr1e-4 patient",6792.77,6825.3257
2025-09-17 15:00:00,test,"MLP v3b [256,128,64] lr1e-4 patient",6836.27,6807.478
2025-09-17 16:00:00,test,"MLP v3b [256,128,64] lr1e-4 patient",6605.21,6653.734
2025-09-17 17:00:00,test,"MLP v3b [256,128,64] lr1e-4 patient",6262.92,6318.4077
2025-09-17 18:00:00,test,"MLP v3b [256,128,64] lr1e-4 patient",6190.57,5963.9062
2025-09-17 19:00:00,test,"MLP v3b [256,128,64] lr1e-4 patient",6260.36,6066.1753
2025-09-17 20:00:00,test,"MLP v3b [256,128,64] lr1e-4 patient",6189.36,6248.2437
2025-09-17 21:00:00,test,"MLP v3b [256,128,64] lr1e-4 patient",6401.23,6423.547
2025-09-17 22:00:00,test,"MLP v3b [256,128,64] lr1e-4 patient",6551.04,6591.551
2025-09-17 23:00:00,test,"MLP v3b [256,128,64] lr1e-4 patient",6565.02,6519.7905
2025-09-18 00:00:00,test,"MLP v3b [256,128,64] lr1e-4 patient",6349.18,6342.867
2025-09-18 01:00:00,test,"MLP v3b [256,128,64] lr1e-4 patient",5933.2,5978.668
2025-09-18 02:00:00,test,"MLP v3b [256,128,64] lr1e-4 patient",5594.93,5590.7383
2025-09-18 03:00:00,test,"MLP v3b [256,128,64] lr1e-4 patient",5316.54,5302.414
2025-09-18 04:00:00,test,"MLP v3b [256,128,64] lr1e-4 patient",5070.14,5083.5337
2025-09-18 05:00:00,test,"MLP v3b [256,128,64] lr1e-4 patient",4883.82,4884.2573
2025-09-18 06:00:00,test,"MLP v3b [256,128,64] lr1e-4 patient",4808.67,4765.552
2025-09-18 07:00:00,test,"MLP v3b [256,128,64] lr1e-4 patient",4808.6,4741.8774
2025-09-18 08:00:00,test,"MLP v3b [256,128,64] lr1e-4 patient",4932.4,4890.357
2025-09-18 09:00:00,test,"MLP v3b [256,128,64] lr1e-4 patient",5615.83,5507.5625
2025-09-18 10:00:00,test,"MLP v3b [256,128,64] lr1e-4 patient",6029.08,5930.151
2025-09-18 11:00:00,test,"MLP v3b [256,128,64] lr1e-4 patient",6222.48,6179.3027
2025-09-18 12:00:00,test,"MLP v3b [256,128,64] lr1e-4 patient",6321.19,6319.3105
2025-09-18 13:00:00,test,"MLP v3b [256,128,64] lr1e-4 patient",6147.51,6365.2446
2025-09-18 14:00:00,test,"MLP v3b [256,128,64] lr1e-4 patient",6189.72,6488.3438
2025-09-18 15:00:00,test,"MLP v3b [256,128,64] lr1e-4 patient",6324.73,6231.8906
2025-09-18 16:00:00,test,"MLP v3b [256,128,64] lr1e-4 patient",6355.36,6177.797
2025-09-18 17:00:00,test,"MLP v3b [256,128,64] lr1e-4 patient",6302.65,6127.4116
2025-09-18 18:00:00,test,"MLP v3b [256,128,64] lr1e-4 patient",6213.29,5975.7017
2025-09-18 19:00:00,test,"MLP v3b [256,128,64] lr1e-4 patient",6234.14,6090.9204
2025-09-18 20:00:00,test,"MLP v3b [256,128,64] lr1e-4 patient",6182.34,6232.5376
2025-09-18 21:00:00,test,"MLP v3b [256,128,64] lr1e-4 patient",6383.14,6416.0117
2025-09-18 22:00:00,test,"MLP v3b [256,128,64] lr1e-4 patient",6573.08,6575.9844
2025-09-18 23:00:00,test,"MLP v3b [256,128,64] lr1e-4 patient",6570.89,6538.926
2025-09-19 00:00:00,test,"MLP v3b [256,128,64] lr1e-4 patient",6331.53,6339.1587
2025-09-19 01:00:00,test,"MLP v3b [256,128,64] lr1e-4 patient",5904.92,5942.819
2025-09-19 02:00:00,test,"MLP v3b [256,128,64] lr1e-4 patient",5517.59,5546.0444
2025-09-19 03:00:00,test,"MLP v3b [256,128,64] lr1e-4 patient",5225.64,5206.7383
2025-09-19 04:00:00,test,"MLP v3b [256,128,64] lr1e-4 patient",4999.83,4978.765
2025-09-19 05:00:00,test,"MLP v3b [256,128,64] lr1e-4 patient",4849.12,4806.0776
2025-09-19 06:00:00,test,"MLP v3b [256,128,64] lr1e-4 patient",4909.07,4744.0923
2025-09-19 07:00:00,test,"MLP v3b [256,128,64] lr1e-4 patient",4927.59,4826.517
2025-09-19 08:00:00,test,"MLP v3b [256,128,64] lr1e-4 patient",5074.67,5028.884
2025-09-19 09:00:00,test,"MLP v3b [256,128,64] lr1e-4 patient",5675.8,5637.3184
2025-09-19 10:00:00,test,"MLP v3b [256,128,64] lr1e-4 patient",6067.92,5966.029
2025-09-19 11:00:00,test,"MLP v3b [256,128,64] lr1e-4 patient",6239.55,6170.4897
2025-09-19 12:00:00,test,"MLP v3b [256,128,64] lr1e-4 patient",6427.61,6311.6934
2025-09-19 13:00:00,test,"MLP v3b [256,128,64] lr1e-4 patient",6524.05,6444.1147
2025-09-19 14:00:00,test,"MLP v3b [256,128,64] lr1e-4 patient",6810.45,6795.3696
2025-09-19 15:00:00,test,"MLP v3b [256,128,64] lr1e-4 patient",6823.73,6794.9
2025-09-19 16:00:00,test,"MLP v3b [256,128,64] lr1e-4 patient",6750.31,6637.697
2025-09-19 17:00:00,test,"MLP v3b [256,128,64] lr1e-4 patient",6560.05,6395.922
2025-09-19 18:00:00,test,"MLP v3b [256,128,64] lr1e-4 patient",6347.6,6157.475
2025-09-19 19:00:00,test,"MLP v3b [256,128,64] lr1e-4 patient",6358.91,6183.9863
2025-09-19 20:00:00,test,"MLP v3b [256,128,64] lr1e-4 patient",6274.09,6323.4517
2025-09-19 21:00:00,test,"MLP v3b [256,128,64] lr1e-4 patient",6505.69,6510.775
2025-09-19 22:00:00,test,"MLP v3b [256,128,64] lr1e-4 patient",6684.12,6684.611
2025-09-19 23:00:00,test,"MLP v3b [256,128,64] lr1e-4 patient",6703.72,6661.9946
2025-09-20 00:00:00,test,"MLP v3b [256,128,64] lr1e-4 patient",6526.49,6448.7046
2025-09-20 01:00:00,test,"MLP v3b [256,128,64] lr1e-4 patient",6074.71,6111.136
2025-09-20 02:00:00,test,"MLP v3b [256,128,64] lr1e-4 patient",5726.21,5716.5405
2025-09-20 03:00:00,test,"MLP v3b [256,128,64] lr1e-4 patient",5421.84,5397.0625
2025-09-20 04:00:00,test,"MLP v3b [256,128,64] lr1e-4 patient",5178.07,5127.946
2025-09-20 05:00:00,test,"MLP v3b [256,128,64] lr1e-4 patient",5003.79,4948.3257
2025-09-20 06:00:00,test,"MLP v3b [256,128,64] lr1e-4 patient",4906.96,4816.0786
2025-09-20 07:00:00,test,"MLP v3b [256,128,64] lr1e-4 patient",4868.46,4787.194
2025-09-20 08:00:00,test,"MLP v3b [256,128,64] lr1e-4 patient",4912.07,4847.96
2025-09-20 09:00:00,test,"MLP v3b [256,128,64] lr1e-4 patient",5436.08,5367.4185
2025-09-20 10:00:00,test,"MLP v3b [256,128,64] lr1e-4 patient",5809.35,5772.2056
2025-09-20 11:00:00,test,"MLP v3b [256,128,64] lr1e-4 patient",5939.21,5984.631
2025-09-20 12:00:00,test,"MLP v3b [256,128,64] lr1e-4 patient",6107.19,6091.48
2025-09-20 13:00:00,test,"MLP v3b [256,128,64] lr1e-4 patient",6150.63,6150.0024
2025-09-20 14:00:00,test,"MLP v3b [256,128,64] lr1e-4 patient",6396.49,6461.5234
2025-09-20 15:00:00,test,"MLP v3b [256,128,64] lr1e-4 patient",6462.9,6396.896
2025-09-20 16:00:00,test,"MLP v3b [256,128,64] lr1e-4 patient",6360.29,6299.277
2025-09-20 17:00:00,test,"MLP v3b [256,128,64] lr1e-4 patient",6162.41,6080.1387
2025-09-20 18:00:00,test,"MLP v3b [256,128,64] lr1e-4 patient",5970.61,5861.832
2025-09-20 19:00:00,test,"MLP v3b [256,128,64] lr1e-4 patient",5978.8,5884.633
2025-09-20 20:00:00,test,"MLP v3b [256,128,64] lr1e-4 patient",5938.17,6003.686
2025-09-20 21:00:00,test,"MLP v3b [256,128,64] lr1e-4 patient",6163.42,6190.6274
2025-09-20 22:00:00,test,"MLP v3b [256,128,64] lr1e-4 patient",6406.76,6381.9683
2025-09-20 23:00:00,test,"MLP v3b [256,128,64] lr1e-4 patient",6434.91,6386.44
2025-09-21 00:00:00,test,"MLP v3b [256,128,64] lr1e-4 patient",6282.71,6264.974
2025-09-21 01:00:00,test,"MLP v3b [256,128,64] lr1e-4 patient",5945.41,5924.7715
2025-09-21 02:00:00,test,"MLP v3b [256,128,64] lr1e-4 patient",5560.09,5565.647
2025-09-21 03:00:00,test,"MLP v3b [256,128,64] lr1e-4 patient",5278.7,5252.606
2025-09-21 04:00:00,test,"MLP v3b [256,128,64] lr1e-4 patient",5010.56,5032.6606
2025-09-21 05:00:00,test,"MLP v3b [256,128,64] lr1e-4 patient",4816.97,4839.555
2025-09-21 06:00:00,test,"MLP v3b [256,128,64] lr1e-4 patient",4664.56,4634.729
2025-09-21 07:00:00,test,"MLP v3b [256,128,64] lr1e-4 patient",4600.35,4542.832
2025-09-21 08:00:00,test,"MLP v3b [256,128,64] lr1e-4 patient",4498.81,4534.2744
2025-09-21 09:00:00,test,"MLP v3b [256,128,64] lr1e-4 patient",4807.21,4827.2524
2025-09-21 10:00:00,test,"MLP v3b [256,128,64] lr1e-4 patient",5170.35,5127.5635
2025-09-21 11:00:00,test,"MLP v3b [256,128,64] lr1e-4 patient",5450.55,5378.1997
2025-09-21 12:00:00,test,"MLP v3b [256,128,64] lr1e-4 patient",5578.33,5649.2153
2025-09-21 13:00:00,test,"MLP v3b [256,128,64] lr1e-4 patient",5662.13,5657.194
2025-09-21 14:00:00,test,"MLP v3b [256,128,64] lr1e-4 patient",5910.42,5942.473
2025-09-21 15:00:00,test,"MLP v3b [256,128,64] lr1e-4 patient",5954.64,5943.359
2025-09-21 16:00:00,test,"MLP v3b [256,128,64] lr1e-4 patient",5871.88,5847.109
2025-09-21 17:00:00,test,"MLP v3b [256,128,64] lr1e-4 patient",5621.72,5645.7383
2025-09-21 18:00:00,test,"MLP v3b [256,128,64] lr1e-4 patient",5546.12,5421.3066
2025-09-21 19:00:00,test,"MLP v3b [256,128,64] lr1e-4 patient",5629.41,5625.5405
2025-09-21 20:00:00,test,"MLP v3b [256,128,64] lr1e-4 patient",5803.0,5764.444
2025-09-21 21:00:00,test,"MLP v3b [256,128,64] lr1e-4 patient",6154.69,6118.0444
2025-09-21 22:00:00,test,"MLP v3b [256,128,64] lr1e-4 patient",6425.36,6412.1343
2025-09-21 23:00:00,test,"MLP v3b [256,128,64] lr1e-4 patient",6447.19,6419.883
2025-09-22 00:00:00,test,"MLP v3b [256,128,64] lr1e-4 patient",6311.15,6269.945
2025-09-22 01:00:00,test,"MLP v3b [256,128,64] lr1e-4 patient",5921.8,5917.3696
2025-09-22 02:00:00,test,"MLP v3b [256,128,64] lr1e-4 patient",5526.04,5569.9985
2025-09-22 03:00:00,test,"MLP v3b [256,128,64] lr1e-4 patient",5239.43,5222.211
2025-09-22 04:00:00,test,"MLP v3b [256,128,64] lr1e-4 patient",4997.46,4974.8267
2025-09-22 05:00:00,test,"MLP v3b [256,128,64] lr1e-4 patient",4812.77,4801.7427
2025-09-22 06:00:00,test,"MLP v3b [256,128,64] lr1e-4 patient",4798.46,4659.1265
2025-09-22 07:00:00,test,"MLP v3b [256,128,64] lr1e-4 patient",4784.5,4745.4277
2025-09-22 08:00:00,test,"MLP v3b [256,128,64] lr1e-4 patient",4909.58,4840.0063
2025-09-22 09:00:00,test,"MLP v3b [256,128,64] lr1e-4 patient",5523.42,5393.8843
2025-09-22 10:00:00,test,"MLP v3b [256,128,64] lr1e-4 patient",5807.19,5827.595
2025-09-22 11:00:00,test,"MLP v3b [256,128,64] lr1e-4 patient",5949.05,5959.599
2025-09-22 12:00:00,test,"MLP v3b [256,128,64] lr1e-4 patient",6147.76,6080.313
2025-09-22 13:00:00,test,"MLP v3b [256,128,64] lr1e-4 patient",6207.18,6205.97
2025-09-22 14:00:00,test,"MLP v3b [256,128,64] lr1e-4 patient",6540.58,6509.4185
2025-09-22 15:00:00,test,"MLP v3b [256,128,64] lr1e-4 patient",6592.81,6569.39
2025-09-22 16:00:00,test,"MLP v3b [256,128,64] lr1e-4 patient",6534.09,6456.9375
2025-09-22 17:00:00,test,"MLP v3b [256,128,64] lr1e-4 patient",6295.67,6236.734
2025-09-22 18:00:00,test,"MLP v3b [256,128,64] lr1e-4 patient",6057.49,5963.371
2025-09-22 19:00:00,test,"MLP v3b [256,128,64] lr1e-4 patient",6032.93,5954.053
2025-09-22 20:00:00,test,"MLP v3b [256,128,64] lr1e-4 patient",6038.49,6119.9375
2025-09-22 21:00:00,test,"MLP v3b [256,128,64] lr1e-4 patient",6338.69,6341.767
2025-09-22 22:00:00,test,"MLP v3b [256,128,64] lr1e-4 patient",6568.57,6594.455
2025-09-22 23:00:00,test,"MLP v3b [256,128,64] lr1e-4 patient",6580.57,6591.8813
2025-09-23 00:00:00,test,"MLP v3b [256,128,64] lr1e-4 patient",6356.52,6367.8633
2025-09-23 01:00:00,test,"MLP v3b [256,128,64] lr1e-4 patient",5938.41,5956.496
2025-09-23 02:00:00,test,"MLP v3b [256,128,64] lr1e-4 patient",5544.58,5582.9766
2025-09-23 03:00:00,test,"MLP v3b [256,128,64] lr1e-4 patient",5216.92,5257.2905
2025-09-23 04:00:00,test,"MLP v3b [256,128,64] lr1e-4 patient",4950.43,4999.587
2025-09-23 05:00:00,test,"MLP v3b [256,128,64] lr1e-4 patient",4800.78,4773.834
2025-09-23 06:00:00,test,"MLP v3b [256,128,64] lr1e-4 patient",4734.28,4678.242
2025-09-23 07:00:00,test,"MLP v3b [256,128,64] lr1e-4 patient",4714.33,4697.031
2025-09-23 08:00:00,test,"MLP v3b [256,128,64] lr1e-4 patient",4807.48,4829.4565
2025-09-23 09:00:00,test,"MLP v3b [256,128,64] lr1e-4 patient",5381.19,5411.1733
2025-09-23 10:00:00,test,"MLP v3b [256,128,64] lr1e-4 patient",5715.63,5709.732
2025-09-23 11:00:00,test,"MLP v3b [256,128,64] lr1e-4 patient",5822.43,5882.305
2025-09-23 12:00:00,test,"MLP v3b [256,128,64] lr1e-4 patient",5935.63,5955.4907
2025-09-23 13:00:00,test,"MLP v3b [256,128,64] lr1e-4 patient",5877.08,5969.517
2025-09-23 14:00:00,test,"MLP v3b [256,128,64] lr1e-4 patient",6230.79,6235.4243
2025-09-23 15:00:00,test,"MLP v3b [256,128,64] lr1e-4 patient",6349.58,6270.69
2025-09-23 16:00:00,test,"MLP v3b [256,128,64] lr1e-4 patient",6309.24,6233.2476
2025-09-23 17:00:00,test,"MLP v3b [256,128,64] lr1e-4 patient",6081.67,6076.7554
2025-09-23 18:00:00,test,"MLP v3b [256,128,64] lr1e-4 patient",5952.45,5834.992
2025-09-23 19:00:00,test,"MLP v3b [256,128,64] lr1e-4 patient",5926.42,5860.443
2025-09-23 20:00:00,test,"MLP v3b [256,128,64] lr1e-4 patient",5799.59,5929.834
2025-09-23 21:00:00,test,"MLP v3b [256,128,64] lr1e-4 patient",6022.97,6036.2153
2025-09-23 22:00:00,test,"MLP v3b [256,128,64] lr1e-4 patient",6292.32,6217.82
2025-09-23 23:00:00,test,"MLP v3b [256,128,64] lr1e-4 patient",6323.4,6263.3984
2025-09-24 00:00:00,test,"MLP v3b [256,128,64] lr1e-4 patient",6171.3,6124.321
2025-09-24 01:00:00,test,"MLP v3b [256,128,64] lr1e-4 patient",5788.05,5761.471
2025-09-24 02:00:00,test,"MLP v3b [256,128,64] lr1e-4 patient",5421.23,5435.0874
2025-09-24 03:00:00,test,"MLP v3b [256,128,64] lr1e-4 patient",5112.98,5103.1543
2025-09-24 04:00:00,test,"MLP v3b [256,128,64] lr1e-4 patient",4866.21,4846.6846
2025-09-24 05:00:00,test,"MLP v3b [256,128,64] lr1e-4 patient",4701.29,4660.886
2025-09-24 06:00:00,test,"MLP v3b [256,128,64] lr1e-4 patient",4638.42,4592.5347
2025-09-24 07:00:00,test,"MLP v3b [256,128,64] lr1e-4 patient",4579.89,4566.797
2025-09-24 08:00:00,test,"MLP v3b [256,128,64] lr1e-4 patient",4687.8,4682.511
2025-09-24 09:00:00,test,"MLP v3b [256,128,64] lr1e-4 patient",5352.17,5231.0977
2025-09-24 10:00:00,test,"MLP v3b [256,128,64] lr1e-4 patient",5627.32,5642.771
2025-09-24 11:00:00,test,"MLP v3b [256,128,64] lr1e-4 patient",5774.12,5759.369
2025-09-24 12:00:00,test,"MLP v3b [256,128,64] lr1e-4 patient",5861.05,5819.28
2025-09-24 13:00:00,test,"MLP v3b [256,128,64] lr1e-4 patient",5890.03,5838.138
2025-09-24 14:00:00,test,"MLP v3b [256,128,64] lr1e-4 patient",6226.74,6190.9175
2025-09-24 15:00:00,test,"MLP v3b [256,128,64] lr1e-4 patient",6377.85,6235.77
2025-09-24 16:00:00,test,"MLP v3b [256,128,64] lr1e-4 patient",6341.66,6218.869
2025-09-24 17:00:00,test,"MLP v3b [256,128,64] lr1e-4 patient",6149.95,6063.5
2025-09-24 18:00:00,test,"MLP v3b [256,128,64] lr1e-4 patient",6030.96,5847.3125
2025-09-24 19:00:00,test,"MLP v3b [256,128,64] lr1e-4 patient",6008.67,5905.1753
2025-09-24 20:00:00,test,"MLP v3b [256,128,64] lr1e-4 patient",5897.89,5953.6094
2025-09-24 21:00:00,test,"MLP v3b [256,128,64] lr1e-4 patient",6114.55,6066.315
2025-09-24 22:00:00,test,"MLP v3b [256,128,64] lr1e-4 patient",6369.93,6264.836
2025-09-24 23:00:00,test,"MLP v3b [256,128,64] lr1e-4 patient",6370.32,6319.6626
2025-09-25 00:00:00,test,"MLP v3b [256,128,64] lr1e-4 patient",6244.98,6176.535
2025-09-25 01:00:00,test,"MLP v3b [256,128,64] lr1e-4 patient",5825.99,5816.811
2025-09-25 02:00:00,test,"MLP v3b [256,128,64] lr1e-4 patient",5448.09,5466.517
2025-09-25 03:00:00,test,"MLP v3b [256,128,64] lr1e-4 patient",5155.29,5135.77
2025-09-25 04:00:00,test,"MLP v3b [256,128,64] lr1e-4 patient",4905.43,4929.917
2025-09-25 05:00:00,test,"MLP v3b [256,128,64] lr1e-4 patient",4725.45,4724.4155
2025-09-25 06:00:00,test,"MLP v3b [256,128,64] lr1e-4 patient",4653.9,4642.077
2025-09-25 07:00:00,test,"MLP v3b [256,128,64] lr1e-4 patient",4633.51,4571.4106
2025-09-25 08:00:00,test,"MLP v3b [256,128,64] lr1e-4 patient",4735.59,4728.163
2025-09-25 09:00:00,test,"MLP v3b [256,128,64] lr1e-4 patient",5321.73,5307.3574
2025-09-25 10:00:00,test,"MLP v3b [256,128,64] lr1e-4 patient",5666.52,5657.033
2025-09-25 11:00:00,test,"MLP v3b [256,128,64] lr1e-4 patient",5795.43,5808.6914
2025-09-25 12:00:00,test,"MLP v3b [256,128,64] lr1e-4 patient",5903.03,5900.35
2025-09-25 13:00:00,test,"MLP v3b [256,128,64] lr1e-4 patient",5924.63,5922.6763
2025-09-25 14:00:00,test,"MLP v3b [256,128,64] lr1e-4 patient",6315.29,6253.4116
2025-09-25 15:00:00,test,"MLP v3b [256,128,64] lr1e-4 patient",6408.44,6335.359
2025-09-25 16:00:00,test,"MLP v3b [256,128,64] lr1e-4 patient",6369.86,6271.391
2025-09-25 17:00:00,test,"MLP v3b [256,128,64] lr1e-4 patient",6207.99,6110.7266
2025-09-25 18:00:00,test,"MLP v3b [256,128,64] lr1e-4 patient",6119.48,5917.311
2025-09-25 19:00:00,test,"MLP v3b [256,128,64] lr1e-4 patient",6053.25,6009.1636
2025-09-25 20:00:00,test,"MLP v3b [256,128,64] lr1e-4 patient",5943.29,6058.6895
2025-09-25 21:00:00,test,"MLP v3b [256,128,64] lr1e-4 patient",6131.63,6162.6035
2025-09-25 22:00:00,test,"MLP v3b [256,128,64] lr1e-4 patient",6375.25,6335.513
2025-09-25 23:00:00,test,"MLP v3b [256,128,64] lr1e-4 patient",6407.49,6347.5796
2025-09-26 00:00:00,test,"MLP v3b [256,128,64] lr1e-4 patient",6237.42,6195.0493
2025-09-26 01:00:00,test,"MLP v3b [256,128,64] lr1e-4 patient",5878.79,5838.902
2025-09-26 02:00:00,test,"MLP v3b [256,128,64] lr1e-4 patient",5495.49,5499.7754
2025-09-26 03:00:00,test,"MLP v3b [256,128,64] lr1e-4 patient",5149.2,5177.601
2025-09-26 04:00:00,test,"MLP v3b [256,128,64] lr1e-4 patient",4926.23,4898.9165
2025-09-26 05:00:00,test,"MLP v3b [256,128,64] lr1e-4 patient",4737.71,4729.3574
2025-09-26 06:00:00,test,"MLP v3b [256,128,64] lr1e-4 patient",4758.99,4662.836
2025-09-26 07:00:00,test,"MLP v3b [256,128,64] lr1e-4 patient",4751.58,4705.771
2025-09-26 08:00:00,test,"MLP v3b [256,128,64] lr1e-4 patient",4855.86,4825.5024
2025-09-26 09:00:00,test,"MLP v3b [256,128,64] lr1e-4 patient",5451.24,5452.2925
2025-09-26 10:00:00,test,"MLP v3b [256,128,64] lr1e-4 patient",5795.88,5748.6426
2025-09-26 11:00:00,test,"MLP v3b [256,128,64] lr1e-4 patient",5917.04,5922.3394
2025-09-26 12:00:00,test,"MLP v3b [256,128,64] lr1e-4 patient",6060.23,6008.6914
2025-09-26 13:00:00,test,"MLP v3b [256,128,64] lr1e-4 patient",6052.48,6060.908
2025-09-26 14:00:00,test,"MLP v3b [256,128,64] lr1e-4 patient",6434.24,6381.268
2025-09-26 15:00:00,test,"MLP v3b [256,128,64] lr1e-4 patient",6575.81,6439.6523
2025-09-26 16:00:00,test,"MLP v3b [256,128,64] lr1e-4 patient",6553.35,6415.2104
2025-09-26 17:00:00,test,"MLP v3b [256,128,64] lr1e-4 patient",6341.6,6251.551
2025-09-26 18:00:00,test,"MLP v3b [256,128,64] lr1e-4 patient",6181.0,6004.646
2025-09-26 19:00:00,test,"MLP v3b [256,128,64] lr1e-4 patient",6125.4,6025.429
2025-09-26 20:00:00,test,"MLP v3b [256,128,64] lr1e-4 patient",6003.24,6095.235
2025-09-26 21:00:00,test,"MLP v3b [256,128,64] lr1e-4 patient",6227.97,6211.498
2025-09-26 22:00:00,test,"MLP v3b [256,128,64] lr1e-4 patient",6484.79,6392.828
2025-09-26 23:00:00,test,"MLP v3b [256,128,64] lr1e-4 patient",6525.48,6447.7695
2025-09-27 00:00:00,test,"MLP v3b [256,128,64] lr1e-4 patient",6348.21,6297.4214
2025-09-27 01:00:00,test,"MLP v3b [256,128,64] lr1e-4 patient",6025.71,5951.0527
2025-09-27 02:00:00,test,"MLP v3b [256,128,64] lr1e-4 patient",5640.63,5654.434
2025-09-27 03:00:00,test,"MLP v3b [256,128,64] lr1e-4 patient",5318.37,5322.635
2025-09-27 04:00:00,test,"MLP v3b [256,128,64] lr1e-4 patient",5062.18,5042.6885
2025-09-27 05:00:00,test,"MLP v3b [256,128,64] lr1e-4 patient",4884.41,4852.0396
2025-09-27 06:00:00,test,"MLP v3b [256,128,64] lr1e-4 patient",4791.11,4705.471
2025-09-27 07:00:00,test,"MLP v3b [256,128,64] lr1e-4 patient",4771.27,4679.9194
2025-09-27 08:00:00,test,"MLP v3b [256,128,64] lr1e-4 patient",4748.36,4736.8594
2025-09-27 09:00:00,test,"MLP v3b [256,128,64] lr1e-4 patient",5352.86,5238.795
2025-09-27 10:00:00,test,"MLP v3b [256,128,64] lr1e-4 patient",5692.46,5664.155
2025-09-27 11:00:00,test,"MLP v3b [256,128,64] lr1e-4 patient",5893.4,5856.879
2025-09-27 12:00:00,test,"MLP v3b [256,128,64] lr1e-4 patient",6014.89,6009.1953
2025-09-27 13:00:00,test,"MLP v3b [256,128,64] lr1e-4 patient",6035.69,6073.2305
2025-09-27 14:00:00,test,"MLP v3b [256,128,64] lr1e-4 patient",6336.37,6332.84
2025-09-27 15:00:00,test,"MLP v3b [256,128,64] lr1e-4 patient",6462.07,6335.2266
2025-09-27 16:00:00,test,"MLP v3b [256,128,64] lr1e-4 patient",6402.98,6285.8516
2025-09-27 17:00:00,test,"MLP v3b [256,128,64] lr1e-4 patient",6213.17,6107.193
2025-09-27 18:00:00,test,"MLP v3b [256,128,64] lr1e-4 patient",6182.7,5883.6875
2025-09-27 19:00:00,test,"MLP v3b [256,128,64] lr1e-4 patient",6179.17,6035.4478
2025-09-27 20:00:00,test,"MLP v3b [256,128,64] lr1e-4 patient",6146.06,6189.943
2025-09-27 21:00:00,test,"MLP v3b [256,128,64] lr1e-4 patient",6398.8,6391.428
2025-09-27 22:00:00,test,"MLP v3b [256,128,64] lr1e-4 patient",6668.35,6590.4673
2025-09-27 23:00:00,test,"MLP v3b [256,128,64] lr1e-4 patient",6689.11,6613.2524
2025-09-28 00:00:00,test,"MLP v3b [256,128,64] lr1e-4 patient",6563.08,6484.1724
2025-09-28 01:00:00,test,"MLP v3b [256,128,64] lr1e-4 patient",6226.09,6158.0483
2025-09-28 02:00:00,test,"MLP v3b [256,128,64] lr1e-4 patient",5888.41,5831.078
2025-09-28 03:00:00,test,"MLP v3b [256,128,64] lr1e-4 patient",5532.68,5536.1875
2025-09-28 04:00:00,test,"MLP v3b [256,128,64] lr1e-4 patient",5256.77,5234.941
2025-09-28 05:00:00,test,"MLP v3b [256,128,64] lr1e-4 patient",5046.1,4988.857
2025-09-28 06:00:00,test,"MLP v3b [256,128,64] lr1e-4 patient",4881.81,4811.7954
2025-09-28 07:00:00,test,"MLP v3b [256,128,64] lr1e-4 patient",4791.39,4715.8545
2025-09-28 08:00:00,test,"MLP v3b [256,128,64] lr1e-4 patient",4755.81,4720.0566
2025-09-28 09:00:00,test,"MLP v3b [256,128,64] lr1e-4 patient",5126.05,5122.305
2025-09-28 10:00:00,test,"MLP v3b [256,128,64] lr1e-4 patient",5483.56,5457.1997
2025-09-28 11:00:00,test,"MLP v3b [256,128,64] lr1e-4 patient",5766.32,5686.6016
2025-09-28 12:00:00,test,"MLP v3b [256,128,64] lr1e-4 patient",5946.02,5958.8164
2025-09-28 13:00:00,test,"MLP v3b [256,128,64] lr1e-4 patient",6031.16,6042.6274
2025-09-28 14:00:00,test,"MLP v3b [256,128,64] lr1e-4 patient",6289.51,6353.7524
2025-09-28 15:00:00,test,"MLP v3b [256,128,64] lr1e-4 patient",6373.7,6316.0376
2025-09-28 16:00:00,test,"MLP v3b [256,128,64] lr1e-4 patient",6251.87,6251.475
2025-09-28 17:00:00,test,"MLP v3b [256,128,64] lr1e-4 patient",6003.21,5991.506
2025-09-28 18:00:00,test,"MLP v3b [256,128,64] lr1e-4 patient",5930.47,5719.656
2025-09-28 19:00:00,test,"MLP v3b [256,128,64] lr1e-4 patient",6055.95,5908.9966
2025-09-28 20:00:00,test,"MLP v3b [256,128,64] lr1e-4 patient",6364.87,6172.3496
2025-09-28 21:00:00,test,"MLP v3b [256,128,64] lr1e-4 patient",6552.38,6654.5913
2025-09-28 22:00:00,test,"MLP v3b [256,128,64] lr1e-4 patient",6816.46,6808.2847
2025-09-28 23:00:00,test,"MLP v3b [256,128,64] lr1e-4 patient",6854.52,6771.2544
2025-09-29 00:00:00,test,"MLP v3b [256,128,64] lr1e-4 patient",6697.47,6624.2637
2025-09-29 01:00:00,test,"MLP v3b [256,128,64] lr1e-4 patient",6390.63,6292.66
2025-09-29 02:00:00,test,"MLP v3b [256,128,64] lr1e-4 patient",6010.36,6002.1167
2025-09-29 03:00:00,test,"MLP v3b [256,128,64] lr1e-4 patient",5657.92,5693.408
2025-09-29 04:00:00,test,"MLP v3b [256,128,64] lr1e-4 patient",5351.65,5375.1997
2025-09-29 05:00:00,test,"MLP v3b [256,128,64] lr1e-4 patient",5140.79,5134.3823
2025-09-29 06:00:00,test,"MLP v3b [256,128,64] lr1e-4 patient",5042.26,4955.738
2025-09-29 07:00:00,test,"MLP v3b [256,128,64] lr1e-4 patient",5000.46,4951.176
2025-09-29 08:00:00,test,"MLP v3b [256,128,64] lr1e-4 patient",5116.3,5087.6343
2025-09-29 09:00:00,test,"MLP v3b [256,128,64] lr1e-4 patient",5835.17,5673.6055
2025-09-29 10:00:00,test,"MLP v3b [256,128,64] lr1e-4 patient",6234.45,6128.746
2025-09-29 11:00:00,test,"MLP v3b [256,128,64] lr1e-4 patient",6427.18,6362.614
2025-09-29 12:00:00,test,"MLP v3b [256,128,64] lr1e-4 patient",6596.96,6518.1836
2025-09-29 13:00:00,test,"MLP v3b [256,128,64] lr1e-4 patient",6606.51,6656.193
2025-09-29 14:00:00,test,"MLP v3b [256,128,64] lr1e-4 patient",6943.33,6913.6157
2025-09-29 15:00:00,test,"MLP v3b [256,128,64] lr1e-4 patient",7042.71,6938.349
2025-09-29 16:00:00,test,"MLP v3b [256,128,64] lr1e-4 patient",6957.69,6858.789
2025-09-29 17:00:00,test,"MLP v3b [256,128,64] lr1e-4 patient",6703.41,6618.7324
2025-09-29 18:00:00,test,"MLP v3b [256,128,64] lr1e-4 patient",6481.72,6261.617
2025-09-29 19:00:00,test,"MLP v3b [256,128,64] lr1e-4 patient",6485.33,6306.7163
2025-09-29 20:00:00,test,"MLP v3b [256,128,64] lr1e-4 patient",6422.41,6540.4907
2025-09-29 21:00:00,test,"MLP v3b [256,128,64] lr1e-4 patient",6750.65,6747.1562
2025-09-29 22:00:00,test,"MLP v3b [256,128,64] lr1e-4 patient",6993.91,6981.3003
2025-09-29 23:00:00,test,"MLP v3b [256,128,64] lr1e-4 patient",7012.65,6991.2305
2025-09-30 00:00:00,test,"MLP v3b [256,128,64] lr1e-4 patient",6887.81,6778.689
2025-09-30 01:00:00,test,"MLP v3b [256,128,64] lr1e-4 patient",6491.4,6477.0806
2025-09-30 02:00:00,test,"MLP v3b [256,128,64] lr1e-4 patient",6115.46,6117.209
2025-09-30 03:00:00,test,"MLP v3b [256,128,64] lr1e-4 patient",5762.71,5777.467
2025-09-30 04:00:00,test,"MLP v3b [256,128,64] lr1e-4 patient",5494.81,5487.2017
2025-09-30 05:00:00,test,"MLP v3b [256,128,64] lr1e-4 patient",5300.11,5252.0835
2025-09-30 06:00:00,test,"MLP v3b [256,128,64] lr1e-4 patient",5206.2,5073.098
2025-09-30 07:00:00,test,"MLP v3b [256,128,64] lr1e-4 patient",5186.22,5108.1274
2025-09-30 08:00:00,test,"MLP v3b [256,128,64] lr1e-4 patient",5378.59,5292.0664
2025-09-30 09:00:00,test,"MLP v3b [256,128,64] lr1e-4 patient",6093.62,5930.543
2025-09-30 10:00:00,test,"MLP v3b [256,128,64] lr1e-4 patient",6374.8,6371.525
2025-09-30 11:00:00,test,"MLP v3b [256,128,64] lr1e-4 patient",6312.15,6511.9546
2025-09-30 12:00:00,test,"MLP v3b [256,128,64] lr1e-4 patient",5540.34,6441.8774
2025-09-30 13:00:00,test,"MLP v3b [256,128,64] lr1e-4 patient",5301.61,5705.9297
2025-09-30 14:00:00,test,"MLP v3b [256,128,64] lr1e-4 patient",5376.42,5586.5796
2025-09-30 15:00:00,test,"MLP v3b [256,128,64] lr1e-4 patient",5541.9,5502.7227
2025-09-30 16:00:00,test,"MLP v3b [256,128,64] lr1e-4 patient",5588.59,5571.7515
2025-09-30 17:00:00,test,"MLP v3b [256,128,64] lr1e-4 patient",5594.34,5568.97
2025-09-30 18:00:00,test,"MLP v3b [256,128,64] lr1e-4 patient",5597.27,5544.965
2025-09-30 19:00:00,test,"MLP v3b [256,128,64] lr1e-4 patient",5492.78,5641.236
2025-09-30 20:00:00,test,"MLP v3b [256,128,64] lr1e-4 patient",5274.0,5547.8657
2025-09-30 21:00:00,test,"MLP v3b [256,128,64] lr1e-4 patient",5200.4,5515.824
2025-09-30 22:00:00,test,"MLP v3b [256,128,64] lr1e-4 patient",5298.86,5448.609
2025-09-30 23:00:00,test,"MLP v3b [256,128,64] lr1e-4 patient",5297.16,5407.3794
2025-10-01 00:00:00,test,"MLP v3b [256,128,64] lr1e-4 patient",5181.72,5349.401
2025-10-01 01:00:00,test,"MLP v3b [256,128,64] lr1e-4 patient",4920.52,4979.2446
2025-10-01 02:00:00,test,"MLP v3b [256,128,64] lr1e-4 patient",4628.86,4695.944
2025-10-01 03:00:00,test,"MLP v3b [256,128,64] lr1e-4 patient",4397.13,4487.7915
2025-10-01 04:00:00,test,"MLP v3b [256,128,64] lr1e-4 patient",4242.61,4272.2017
2025-10-01 05:00:00,test,"MLP v3b [256,128,64] lr1e-4 patient",4215.19,4223.883
2025-10-01 06:00:00,test,"MLP v3b [256,128,64] lr1e-4 patient",4287.03,4353.56
2025-10-01 07:00:00,test,"MLP v3b [256,128,64] lr1e-4 patient",4344.21,4352.586
2025-10-01 08:00:00,test,"MLP v3b [256,128,64] lr1e-4 patient",4467.65,4447.6226
2025-10-01 09:00:00,test,"MLP v3b [256,128,64] lr1e-4 patient",5056.75,4979.303
2025-10-01 10:00:00,test,"MLP v3b [256,128,64] lr1e-4 patient",5408.15,5313.9434
2025-10-01 11:00:00,test,"MLP v3b [256,128,64] lr1e-4 patient",5619.84,5457.7534
2025-10-01 12:00:00,test,"MLP v3b [256,128,64] lr1e-4 patient",5735.88,5621.4194
2025-10-01 13:00:00,test,"MLP v3b [256,128,64] lr1e-4 patient",5704.68,5614.7544
2025-10-01 14:00:00,test,"MLP v3b [256,128,64] lr1e-4 patient",5865.44,5927.016
2025-10-01 15:00:00,test,"MLP v3b [256,128,64] lr1e-4 patient",5918.35,5849.9575
2025-10-01 16:00:00,test,"MLP v3b [256,128,64] lr1e-4 patient",5905.37,5753.9097
2025-10-01 17:00:00,test,"MLP v3b [256,128,64] lr1e-4 patient",5806.69,5699.358
2025-10-01 18:00:00,test,"MLP v3b [256,128,64] lr1e-4 patient",5780.61,5575.932
2025-10-01 19:00:00,test,"MLP v3b [256,128,64] lr1e-4 patient",5743.37,5694.2524
2025-10-01 20:00:00,test,"MLP v3b [256,128,64] lr1e-4 patient",5506.6,5620.312
2025-10-01 21:00:00,test,"MLP v3b [256,128,64] lr1e-4 patient",5448.28,5567.396
2025-10-01 22:00:00,test,"MLP v3b [256,128,64] lr1e-4 patient",5562.06,5543.93
2025-10-01 23:00:00,test,"MLP v3b [256,128,64] lr1e-4 patient",5579.47,5491.3926
2025-10-02 00:00:00,test,"MLP v3b [256,128,64] lr1e-4 patient",5475.59,5528.8267
2025-10-02 01:00:00,test,"MLP v3b [256,128,64] lr1e-4 patient",5238.09,5176.2744
2025-10-02 02:00:00,test,"MLP v3b [256,128,64] lr1e-4 patient",4980.56,4931.3613
2025-10-02 03:00:00,test,"MLP v3b [256,128,64] lr1e-4 patient",4714.35,4669.6196
2025-10-02 04:00:00,test,"MLP v3b [256,128,64] lr1e-4 patient",4482.56,4516.7695
2025-10-02 05:00:00,test,"MLP v3b [256,128,64] lr1e-4 patient",4369.33,4335.6294
2025-10-02 06:00:00,test,"MLP v3b [256,128,64] lr1e-4 patient",4314.15,4324.6035
2025-10-02 07:00:00,test,"MLP v3b [256,128,64] lr1e-4 patient",4231.17,4309.8853
2025-10-02 08:00:00,test,"MLP v3b [256,128,64] lr1e-4 patient",4110.31,4283.4243
2025-10-02 09:00:00,test,"MLP v3b [256,128,64] lr1e-4 patient",4062.75,4620.039
2025-10-02 10:00:00,test,"MLP v3b [256,128,64] lr1e-4 patient",4231.88,4402.636
2025-10-02 11:00:00,test,"MLP v3b [256,128,64] lr1e-4 patient",4420.45,4418.885
2025-10-02 12:00:00,test,"MLP v3b [256,128,64] lr1e-4 patient",4539.32,4531.4614
2025-10-02 13:00:00,test,"MLP v3b [256,128,64] lr1e-4 patient",4637.51,4615.9814
2025-10-02 14:00:00,test,"MLP v3b [256,128,64] lr1e-4 patient",4666.09,4698.268
2025-10-02 15:00:00,test,"MLP v3b [256,128,64] lr1e-4 patient",4638.33,4755.685
2025-10-02 16:00:00,test,"MLP v3b [256,128,64] lr1e-4 patient",4423.02,4600.2827
2025-10-02 17:00:00,test,"MLP v3b [256,128,64] lr1e-4 patient",4337.33,4505.6133
2025-10-02 18:00:00,test,"MLP v3b [256,128,64] lr1e-4 patient",4276.11,4428.4976
2025-10-02 19:00:00,test,"MLP v3b [256,128,64] lr1e-4 patient",4257.56,4343.1646
2025-10-02 20:00:00,test,"MLP v3b [256,128,64] lr1e-4 patient",4431.0,4089.2117
2025-10-02 21:00:00,test,"MLP v3b [256,128,64] lr1e-4 patient",4764.0,4280.1323
2025-10-02 22:00:00,test,"MLP v3b [256,128,64] lr1e-4 patient",4912.84,4814.541
2025-10-02 23:00:00,test,"MLP v3b [256,128,64] lr1e-4 patient",4935.85,4881.0273
2025-10-03 00:00:00,test,"MLP v3b [256,128,64] lr1e-4 patient",4819.36,4789.3247
2025-10-03 01:00:00,test,"MLP v3b [256,128,64] lr1e-4 patient",4534.01,4518.049
2025-10-03 02:00:00,test,"MLP v3b [256,128,64] lr1e-4 patient",4300.12,4307.0854
2025-10-03 03:00:00,test,"MLP v3b [256,128,64] lr1e-4 patient",4069.32,4070.9492
2025-10-03 04:00:00,test,"MLP v3b [256,128,64] lr1e-4 patient",3888.0,3854.277
2025-10-03 05:00:00,test,"MLP v3b [256,128,64] lr1e-4 patient",3862.12,3834.8757
2025-10-03 06:00:00,test,"MLP v3b [256,128,64] lr1e-4 patient",3989.52,3894.536
2025-10-03 07:00:00,test,"MLP v3b [256,128,64] lr1e-4 patient",4062.79,3935.3933
2025-10-03 08:00:00,test,"MLP v3b [256,128,64] lr1e-4 patient",4348.93,4121.2373
2025-10-03 09:00:00,test,"MLP v3b [256,128,64] lr1e-4 patient",5094.31,4847.8086
2025-10-03 10:00:00,test,"MLP v3b [256,128,64] lr1e-4 patient",5432.36,5268.016
2025-10-03 11:00:00,test,"MLP v3b [256,128,64] lr1e-4 patient",5584.54,5433.9497
2025-10-03 12:00:00,test,"MLP v3b [256,128,64] lr1e-4 patient",5663.09,5532.3047
2025-10-03 13:00:00,test,"MLP v3b [256,128,64] lr1e-4 patient",5518.42,5513.9595
2025-10-03 14:00:00,test,"MLP v3b [256,128,64] lr1e-4 patient",5805.91,5706.065
2025-10-03 15:00:00,test,"MLP v3b [256,128,64] lr1e-4 patient",5877.84,5776.811
2025-10-03 16:00:00,test,"MLP v3b [256,128,64] lr1e-4 patient",5807.41,5735.3813
2025-10-03 17:00:00,test,"MLP v3b [256,128,64] lr1e-4 patient",5670.37,5562.857
2025-10-03 18:00:00,test,"MLP v3b [256,128,64] lr1e-4 patient",5656.14,5475.7515
2025-10-03 19:00:00,test,"MLP v3b [256,128,64] lr1e-4 patient",5618.34,5526.0
2025-10-03 20:00:00,test,"MLP v3b [256,128,64] lr1e-4 patient",5483.0,5490.267
2025-10-03 21:00:00,test,"MLP v3b [256,128,64] lr1e-4 patient",5436.35,5534.828
2025-10-03 22:00:00,test,"MLP v3b [256,128,64] lr1e-4 patient",5568.81,5545.0386
2025-10-03 23:00:00,test,"MLP v3b [256,128,64] lr1e-4 patient",5570.8,5531.5005
2025-10-04 00:00:00,test,"MLP v3b [256,128,64] lr1e-4 patient",5425.47,5432.602
2025-10-04 01:00:00,test,"MLP v3b [256,128,64] lr1e-4 patient",5108.73,5114.6855
2025-10-04 02:00:00,test,"MLP v3b [256,128,64] lr1e-4 patient",4814.72,4816.6216
2025-10-04 03:00:00,test,"MLP v3b [256,128,64] lr1e-4 patient",4529.87,4551.155
2025-10-04 04:00:00,test,"MLP v3b [256,128,64] lr1e-4 patient",4324.45,4359.8906
2025-10-04 05:00:00,test,"MLP v3b [256,128,64] lr1e-4 patient",4218.65,4227.4478
2025-10-04 06:00:00,test,"MLP v3b [256,128,64] lr1e-4 patient",4276.0,4217.3306
2025-10-04 07:00:00,test,"MLP v3b [256,128,64] lr1e-4 patient",4297.03,4240.2793
2025-10-04 08:00:00,test,"MLP v3b [256,128,64] lr1e-4 patient",4428.1,4313.736
2025-10-04 09:00:00,test,"MLP v3b [256,128,64] lr1e-4 patient",4937.34,4893.4976
2025-10-04 10:00:00,test,"MLP v3b [256,128,64] lr1e-4 patient",5241.06,5240.611
2025-10-04 11:00:00,test,"MLP v3b [256,128,64] lr1e-4 patient",5420.95,5364.694
2025-10-04 12:00:00,test,"MLP v3b [256,128,64] lr1e-4 patient",5494.7,5472.7207
2025-10-04 13:00:00,test,"MLP v3b [256,128,64] lr1e-4 patient",5392.3,5454.246
2025-10-04 14:00:00,test,"MLP v3b [256,128,64] lr1e-4 patient",5503.09,5607.184
2025-10-04 15:00:00,test,"MLP v3b [256,128,64] lr1e-4 patient",5638.61,5536.211
2025-10-04 16:00:00,test,"MLP v3b [256,128,64] lr1e-4 patient",5579.01,5522.715
2025-10-04 17:00:00,test,"MLP v3b [256,128,64] lr1e-4 patient",5454.47,5407.4155
2025-10-04 18:00:00,test,"MLP v3b [256,128,64] lr1e-4 patient",5527.47,5340.938
2025-10-04 19:00:00,test,"MLP v3b [256,128,64] lr1e-4 patient",5538.41,5470.017
2025-10-04 20:00:00,test,"MLP v3b [256,128,64] lr1e-4 patient",5378.15,5478.6226
2025-10-04 21:00:00,test,"MLP v3b [256,128,64] lr1e-4 patient",5384.53,5478.5317
2025-10-04 22:00:00,test,"MLP v3b [256,128,64] lr1e-4 patient",5442.5,5530.9863
2025-10-04 23:00:00,test,"MLP v3b [256,128,64] lr1e-4 patient",5458.52,5439.529
2025-10-05 00:00:00,test,"MLP v3b [256,128,64] lr1e-4 patient",5326.58,5369.1895
2025-10-05 01:00:00,test,"MLP v3b [256,128,64] lr1e-4 patient",5006.25,5053.138
2025-10-05 02:00:00,test,"MLP v3b [256,128,64] lr1e-4 patient",4709.63,4727.0225
2025-10-05 03:00:00,test,"MLP v3b [256,128,64] lr1e-4 patient",4456.7,4496.5728
2025-10-05 04:00:00,test,"MLP v3b [256,128,64] lr1e-4 patient",4268.2,4308.296
2025-10-05 05:00:00,test,"MLP v3b [256,128,64] lr1e-4 patient",4160.23,4210.277
2025-10-05 06:00:00,test,"MLP v3b [256,128,64] lr1e-4 patient",4108.22,4124.1147
2025-10-05 07:00:00,test,"MLP v3b [256,128,64] lr1e-4 patient",4071.25,4107.658
2025-10-05 08:00:00,test,"MLP v3b [256,128,64] lr1e-4 patient",4038.11,4105.1577
2025-10-05 09:00:00,test,"MLP v3b [256,128,64] lr1e-4 patient",4479.26,4410.781
2025-10-05 10:00:00,test,"MLP v3b [256,128,64] lr1e-4 patient",4746.9,4782.6816
2025-10-05 11:00:00,test,"MLP v3b [256,128,64] lr1e-4 patient",4873.13,4972.519
2025-10-05 12:00:00,test,"MLP v3b [256,128,64] lr1e-4 patient",4979.22,5025.4707
2025-10-05 13:00:00,test,"MLP v3b [256,128,64] lr1e-4 patient",4756.41,5006.6226
2025-10-05 14:00:00,test,"MLP v3b [256,128,64] lr1e-4 patient",4919.31,4941.2695
2025-10-05 15:00:00,test,"MLP v3b [256,128,64] lr1e-4 patient",4972.84,4978.4526
2025-10-05 16:00:00,test,"MLP v3b [256,128,64] lr1e-4 patient",5206.15,4946.817
2025-10-05 17:00:00,test,"MLP v3b [256,128,64] lr1e-4 patient",5098.83,5062.929
2025-10-05 18:00:00,test,"MLP v3b [256,128,64] lr1e-4 patient",5212.15,5091.811
2025-10-05 19:00:00,test,"MLP v3b [256,128,64] lr1e-4 patient",5246.27,5303.8896
2025-10-05 20:00:00,test,"MLP v3b [256,128,64] lr1e-4 patient",5258.15,5315.2305
2025-10-05 21:00:00,test,"MLP v3b [256,128,64] lr1e-4 patient",5485.46,5458.5054
2025-10-05 22:00:00,test,"MLP v3b [256,128,64] lr1e-4 patient",5634.28,5682.189
2025-10-05 23:00:00,test,"MLP v3b [256,128,64] lr1e-4 patient",5683.25,5630.9644
2025-10-06 00:00:00,test,"MLP v3b [256,128,64] lr1e-4 patient",5302.74,5531.232
2025-10-06 01:00:00,test,"MLP v3b [256,128,64] lr1e-4 patient",4537.95,4995.654
2025-10-06 02:00:00,test,"MLP v3b [256,128,64] lr1e-4 patient",4428.57,4419.237
2025-10-06 03:00:00,test,"MLP v3b [256,128,64] lr1e-4 patient",4276.99,4226.0205
2025-10-06 04:00:00,test,"MLP v3b [256,128,64] lr1e-4 patient",4137.31,4122.863
2025-10-06 05:00:00,test,"MLP v3b [256,128,64] lr1e-4 patient",4160.98,4128.3784
2025-10-06 06:00:00,test,"MLP v3b [256,128,64] lr1e-4 patient",4313.13,4290.0923
2025-10-06 07:00:00,test,"MLP v3b [256,128,64] lr1e-4 patient",4346.15,4359.09
2025-10-06 08:00:00,test,"MLP v3b [256,128,64] lr1e-4 patient",4404.83,4458.355
2025-10-06 09:00:00,test,"MLP v3b [256,128,64] lr1e-4 patient",4743.59,4991.696
2025-10-06 10:00:00,test,"MLP v3b [256,128,64] lr1e-4 patient",4931.99,5047.982
2025-10-06 11:00:00,test,"MLP v3b [256,128,64] lr1e-4 patient",5145.55,5061.849
2025-10-06 12:00:00,test,"MLP v3b [256,128,64] lr1e-4 patient",5105.1,5175.9595
2025-10-06 13:00:00,test,"MLP v3b [256,128,64] lr1e-4 patient",4727.67,5075.6133
2025-10-06 14:00:00,test,"MLP v3b [256,128,64] lr1e-4 patient",4730.97,4975.899
2025-10-06 15:00:00,test,"MLP v3b [256,128,64] lr1e-4 patient",4730.33,4834.9565
2025-10-06 16:00:00,test,"MLP v3b [256,128,64] lr1e-4 patient",4662.1,4715.58
2025-10-06 17:00:00,test,"MLP v3b [256,128,64] lr1e-4 patient",4729.65,4751.24
2025-10-06 18:00:00,test,"MLP v3b [256,128,64] lr1e-4 patient",4749.29,4885.1367
2025-10-06 19:00:00,test,"MLP v3b [256,128,64] lr1e-4 patient",4622.09,4835.5845
2025-10-06 20:00:00,test,"MLP v3b [256,128,64] lr1e-4 patient",4321.02,4536.093
2025-10-06 21:00:00,test,"MLP v3b [256,128,64] lr1e-4 patient",3998.12,4301.0933
2025-10-06 22:00:00,test,"MLP v3b [256,128,64] lr1e-4 patient",3931.67,4169.9844
2025-10-06 23:00:00,test,"MLP v3b [256,128,64] lr1e-4 patient",3831.47,3967.373
2025-10-07 00:00:00,test,"MLP v3b [256,128,64] lr1e-4 patient",3671.76,3932.1667
2025-10-07 01:00:00,test,"MLP v3b [256,128,64] lr1e-4 patient",3429.58,3615.3066
2025-10-07 02:00:00,test,"MLP v3b [256,128,64] lr1e-4 patient",3297.8,3474.9768
2025-10-07 03:00:00,test,"MLP v3b [256,128,64] lr1e-4 patient",3112.98,3365.545
2025-10-07 04:00:00,test,"MLP v3b [256,128,64] lr1e-4 patient",3033.36,3310.3406
2025-10-07 05:00:00,test,"MLP v3b [256,128,64] lr1e-4 patient",3157.61,3482.499
2025-10-07 06:00:00,test,"MLP v3b [256,128,64] lr1e-4 patient",3389.55,3731.736
2025-10-07 07:00:00,test,"MLP v3b [256,128,64] lr1e-4 patient",3652.11,3775.4531
2025-10-07 08:00:00,test,"MLP v3b [256,128,64] lr1e-4 patient",3786.99,3825.0754
2025-10-07 09:00:00,test,"MLP v3b [256,128,64] lr1e-4 patient",4353.03,4314.903
2025-10-07 10:00:00,test,"MLP v3b [256,128,64] lr1e-4 patient",4659.83,4580.8354
2025-10-07 11:00:00,test,"MLP v3b [256,128,64] lr1e-4 patient",4760.56,4720.5415
2025-10-07 12:00:00,test,"MLP v3b [256,128,64] lr1e-4 patient",4813.69,4752.1636
2025-10-07 13:00:00,test,"MLP v3b [256,128,64] lr1e-4 patient",4655.04,4673.9395
2025-10-07 14:00:00,test,"MLP v3b [256,128,64] lr1e-4 patient",4748.75,4746.3735
2025-10-07 15:00:00,test,"MLP v3b [256,128,64] lr1e-4 patient",4769.33,4759.078
2025-10-07 16:00:00,test,"MLP v3b [256,128,64] lr1e-4 patient",4699.19,4703.983
2025-10-07 17:00:00,test,"MLP v3b [256,128,64] lr1e-4 patient",4459.74,4733.3716
2025-10-07 18:00:00,test,"MLP v3b [256,128,64] lr1e-4 patient",4461.83,4546.5166
2025-10-07 19:00:00,test,"MLP v3b [256,128,64] lr1e-4 patient",4378.94,4443.965
2025-10-07 20:00:00,test,"MLP v3b [256,128,64] lr1e-4 patient",4150.84,4143.054
2025-10-07 21:00:00,test,"MLP v3b [256,128,64] lr1e-4 patient",3758.28,3866.1826
2025-10-07 22:00:00,test,"MLP v3b [256,128,64] lr1e-4 patient",3654.56,3718.3523
2025-10-07 23:00:00,test,"MLP v3b [256,128,64] lr1e-4 patient",3443.97,3528.08
2025-10-08 00:00:00,test,"MLP v3b [256,128,64] lr1e-4 patient",3253.23,3309.1873
2025-10-08 01:00:00,test,"MLP v3b [256,128,64] lr1e-4 patient",3055.57,3054.1345
2025-10-08 02:00:00,test,"MLP v3b [256,128,64] lr1e-4 patient",2905.45,2946.886
2025-10-08 03:00:00,test,"MLP v3b [256,128,64] lr1e-4 patient",2777.44,2842.4238
2025-10-08 04:00:00,test,"MLP v3b [256,128,64] lr1e-4 patient",2795.11,2882.374
2025-10-08 05:00:00,test,"MLP v3b [256,128,64] lr1e-4 patient",3092.09,3148.0781
2025-10-08 06:00:00,test,"MLP v3b [256,128,64] lr1e-4 patient",3527.24,3521.8098
2025-10-08 07:00:00,test,"MLP v3b [256,128,64] lr1e-4 patient",3627.31,3683.6055
2025-10-08 08:00:00,test,"MLP v3b [256,128,64] lr1e-4 patient",3763.06,3719.095
2025-10-08 09:00:00,test,"MLP v3b [256,128,64] lr1e-4 patient",4220.54,4218.553
2025-10-08 10:00:00,test,"MLP v3b [256,128,64] lr1e-4 patient",4409.19,4374.9146
2025-10-08 11:00:00,test,"MLP v3b [256,128,64] lr1e-4 patient",4396.62,4455.803
2025-10-08 12:00:00,test,"MLP v3b [256,128,64] lr1e-4 patient",4388.26,4380.7925
2025-10-08 13:00:00,test,"MLP v3b [256,128,64] lr1e-4 patient",4165.07,4222.8286
2025-10-08 14:00:00,test,"MLP v3b [256,128,64] lr1e-4 patient",4263.18,4220.5396
2025-10-08 15:00:00,test,"MLP v3b [256,128,64] lr1e-4 patient",4369.98,4320.0757
2025-10-08 16:00:00,test,"MLP v3b [256,128,64] lr1e-4 patient",4363.28,4294.8228
2025-10-08 17:00:00,test,"MLP v3b [256,128,64] lr1e-4 patient",4480.69,4388.1533
2025-10-08 18:00:00,test,"MLP v3b [256,128,64] lr1e-4 patient",4544.67,4505.1787
2025-10-08 19:00:00,test,"MLP v3b [256,128,64] lr1e-4 patient",4453.49,4447.021
2025-10-08 20:00:00,test,"MLP v3b [256,128,64] lr1e-4 patient",4170.16,4163.1777
2025-10-08 21:00:00,test,"MLP v3b [256,128,64] lr1e-4 patient",3720.89,3793.997
2025-10-08 22:00:00,test,"MLP v3b [256,128,64] lr1e-4 patient",3600.85,3593.5134
2025-10-08 23:00:00,test,"MLP v3b [256,128,64] lr1e-4 patient",3416.09,3380.6394
2025-10-09 00:00:00,test,"MLP v3b [256,128,64] lr1e-4 patient",3172.36,3203.8801
2025-10-09 01:00:00,test,"MLP v3b [256,128,64] lr1e-4 patient",2961.71,2943.9485
2025-10-09 02:00:00,test,"MLP v3b [256,128,64] lr1e-4 patient",2828.8,2824.8203
2025-10-09 03:00:00,test,"MLP v3b [256,128,64] lr1e-4 patient",2703.18,2734.3416
2025-10-09 04:00:00,test,"MLP v3b [256,128,64] lr1e-4 patient",2707.23,2771.9055
2025-10-09 05:00:00,test,"MLP v3b [256,128,64] lr1e-4 patient",2970.05,3011.0056
2025-10-09 06:00:00,test,"MLP v3b [256,128,64] lr1e-4 patient",3518.92,3376.041
2025-10-09 07:00:00,test,"MLP v3b [256,128,64] lr1e-4 patient",3547.93,3563.501
2025-10-09 08:00:00,test,"MLP v3b [256,128,64] lr1e-4 patient",3665.21,3580.9714
2025-10-09 09:00:00,test,"MLP v3b [256,128,64] lr1e-4 patient",4120.39,3966.5613
2025-10-09 10:00:00,test,"MLP v3b [256,128,64] lr1e-4 patient",4346.29,4258.7837
2025-10-09 11:00:00,test,"MLP v3b [256,128,64] lr1e-4 patient",4389.1,4348.7695
2025-10-09 12:00:00,test,"MLP v3b [256,128,64] lr1e-4 patient",4439.84,4380.602
2025-10-09 13:00:00,test,"MLP v3b [256,128,64] lr1e-4 patient",4189.85,4270.938
2025-10-09 14:00:00,test,"MLP v3b [256,128,64] lr1e-4 patient",4357.79,4271.904
2025-10-09 15:00:00,test,"MLP v3b [256,128,64] lr1e-4 patient",4421.15,4369.342
2025-10-09 16:00:00,test,"MLP v3b [256,128,64] lr1e-4 patient",4436.4,4363.9985
2025-10-09 17:00:00,test,"MLP v3b [256,128,64] lr1e-4 patient",4482.48,4460.7637
2025-10-09 18:00:00,test,"MLP v3b [256,128,64] lr1e-4 patient",4547.57,4470.693
2025-10-09 19:00:00,test,"MLP v3b [256,128,64] lr1e-4 patient",4491.83,4421.0054
2025-10-09 20:00:00,test,"MLP v3b [256,128,64] lr1e-4 patient",4105.84,4170.3296
2025-10-09 21:00:00,test,"MLP v3b [256,128,64] lr1e-4 patient",3733.21,3736.9153
2025-10-09 22:00:00,test,"MLP v3b [256,128,64] lr1e-4 patient",3619.1,3559.8867
2025-10-09 23:00:00,test,"MLP v3b [256,128,64] lr1e-4 patient",3414.83,3361.0188
2025-10-10 00:00:00,test,"MLP v3b [256,128,64] lr1e-4 patient",3185.32,3076.6182
2025-10-10 01:00:00,test,"MLP v3b [256,128,64] lr1e-4 patient",2947.2,2885.714
2025-10-10 02:00:00,test,"MLP v3b [256,128,64] lr1e-4 patient",2791.82,2757.973
2025-10-10 03:00:00,test,"MLP v3b [256,128,64] lr1e-4 patient",2708.59,2647.7988
2025-10-10 04:00:00,test,"MLP v3b [256,128,64] lr1e-4 patient",2817.43,2720.9583
2025-10-10 05:00:00,test,"MLP v3b [256,128,64] lr1e-4 patient",2862.02,3033.4543
2025-10-10 06:00:00,test,"MLP v3b [256,128,64] lr1e-4 patient",3233.49,3344.7175
2025-10-10 07:00:00,test,"MLP v3b [256,128,64] lr1e-4 patient",3423.44,3411.2043
2025-10-10 08:00:00,test,"MLP v3b [256,128,64] lr1e-4 patient",3604.59,3502.8057
2025-10-10 09:00:00,test,"MLP v3b [256,128,64] lr1e-4 patient",4154.06,3959.424
2025-10-10 10:00:00,test,"MLP v3b [256,128,64] lr1e-4 patient",4403.27,4347.695
2025-10-10 11:00:00,test,"MLP v3b [256,128,64] lr1e-4 patient",4497.45,4464.206
2025-10-10 12:00:00,test,"MLP v3b [256,128,64] lr1e-4 patient",4504.81,4486.4575
2025-10-10 13:00:00,test,"MLP v3b [256,128,64] lr1e-4 patient",4322.59,4384.8955
2025-10-10 14:00:00,test,"MLP v3b [256,128,64] lr1e-4 patient",4315.38,4325.842
2025-10-10 15:00:00,test,"MLP v3b [256,128,64] lr1e-4 patient",4344.71,4359.89
2025-10-10 16:00:00,test,"MLP v3b [256,128,64] lr1e-4 patient",4344.82,4273.5176
2025-10-10 17:00:00,test,"MLP v3b [256,128,64] lr1e-4 patient",4374.16,4393.359
2025-10-10 18:00:00,test,"MLP v3b [256,128,64] lr1e-4 patient",4416.43,4446.615
2025-10-10 19:00:00,test,"MLP v3b [256,128,64] lr1e-4 patient",4337.76,4333.0645
2025-10-10 20:00:00,test,"MLP v3b [256,128,64] lr1e-4 patient",3961.64,4017.4646
2025-10-10 21:00:00,test,"MLP v3b [256,128,64] lr1e-4 patient",3615.57,3626.7468
2025-10-10 22:00:00,test,"MLP v3b [256,128,64] lr1e-4 patient",3533.83,3481.9377
2025-10-10 23:00:00,test,"MLP v3b [256,128,64] lr1e-4 patient",3375.44,3318.0173
2025-10-11 00:00:00,test,"MLP v3b [256,128,64] lr1e-4 patient",3154.05,3095.0027
2025-10-11 01:00:00,test,"MLP v3b [256,128,64] lr1e-4 patient",2951.87,2897.4246
2025-10-11 02:00:00,test,"MLP v3b [256,128,64] lr1e-4 patient",2815.53,2795.325
2025-10-11 03:00:00,test,"MLP v3b [256,128,64] lr1e-4 patient",2723.4,2695.238
2025-10-11 04:00:00,test,"MLP v3b [256,128,64] lr1e-4 patient",2732.04,2757.9622
2025-10-11 05:00:00,test,"MLP v3b [256,128,64] lr1e-4 patient",2873.72,2964.6406
2025-10-11 06:00:00,test,"MLP v3b [256,128,64] lr1e-4 patient",3138.51,3242.538
2025-10-11 07:00:00,test,"MLP v3b [256,128,64] lr1e-4 patient",3342.76,3337.1204
2025-10-11 08:00:00,test,"MLP v3b [256,128,64] lr1e-4 patient",3452.43,3413.8098
2025-10-11 09:00:00,test,"MLP v3b [256,128,64] lr1e-4 patient",3895.28,3790.7148
2025-10-11 10:00:00,test,"MLP v3b [256,128,64] lr1e-4 patient",4084.19,4078.8223
2025-10-11 11:00:00,test,"MLP v3b [256,128,64] lr1e-4 patient",4164.01,4141.914
2025-10-11 12:00:00,test,"MLP v3b [256,128,64] lr1e-4 patient",4188.34,4166.867
2025-10-11 13:00:00,test,"MLP v3b [256,128,64] lr1e-4 patient",4079.11,3999.2532
2025-10-11 14:00:00,test,"MLP v3b [256,128,64] lr1e-4 patient",4041.87,4098.932
2025-10-11 15:00:00,test,"MLP v3b [256,128,64] lr1e-4 patient",4043.05,4049.1924
2025-10-11 16:00:00,test,"MLP v3b [256,128,64] lr1e-4 patient",4048.96,3999.8047
2025-10-11 17:00:00,test,"MLP v3b [256,128,64] lr1e-4 patient",4155.38,4168.394
2025-10-11 18:00:00,test,"MLP v3b [256,128,64] lr1e-4 patient",4284.76,4248.123
2025-10-11 19:00:00,test,"MLP v3b [256,128,64] lr1e-4 patient",4230.13,4206.142
2025-10-11 20:00:00,test,"MLP v3b [256,128,64] lr1e-4 patient",4028.63,3967.6152
2025-10-11 21:00:00,test,"MLP v3b [256,128,64] lr1e-4 patient",3712.65,3741.8528
2025-10-11 22:00:00,test,"MLP v3b [256,128,64] lr1e-4 patient",3535.3,3625.4043
2025-10-11 23:00:00,test,"MLP v3b [256,128,64] lr1e-4 patient",3402.78,3396.6794
2025-10-12 00:00:00,test,"MLP v3b [256,128,64] lr1e-4 patient",3173.17,3169.2246
2025-10-12 01:00:00,test,"MLP v3b [256,128,64] lr1e-4 patient",2961.83,2963.0476
2025-10-12 02:00:00,test,"MLP v3b [256,128,64] lr1e-4 patient",2784.03,2817.421
2025-10-12 03:00:00,test,"MLP v3b [256,128,64] lr1e-4 patient",2701.47,2702.5945
2025-10-12 04:00:00,test,"MLP v3b [256,128,64] lr1e-4 patient",2675.59,2745.6523
2025-10-12 05:00:00,test,"MLP v3b [256,128,64] lr1e-4 patient",2766.44,2887.5996
2025-10-12 06:00:00,test,"MLP v3b [256,128,64] lr1e-4 patient",2969.96,3069.4238
2025-10-12 07:00:00,test,"MLP v3b [256,128,64] lr1e-4 patient",3137.72,3186.535
2025-10-12 08:00:00,test,"MLP v3b [256,128,64] lr1e-4 patient",3243.12,3253.577
2025-10-12 09:00:00,test,"MLP v3b [256,128,64] lr1e-4 patient",3635.48,3570.3965
2025-10-12 10:00:00,test,"MLP v3b [256,128,64] lr1e-4 patient",3858.73,3805.39
2025-10-12 11:00:00,test,"MLP v3b [256,128,64] lr1e-4 patient",3988.52,3930.6125
2025-10-12 12:00:00,test,"MLP v3b [256,128,64] lr1e-4 patient",4021.76,3986.4539
2025-10-12 13:00:00,test,"MLP v3b [256,128,64] lr1e-4 patient",3836.32,3868.7053
2025-10-12 14:00:00,test,"MLP v3b [256,128,64] lr1e-4 patient",3877.92,3839.3447
2025-10-12 15:00:00,test,"MLP v3b [256,128,64] lr1e-4 patient",3857.53,3830.328
2025-10-12 16:00:00,test,"MLP v3b [256,128,64] lr1e-4 patient",3849.69,3840.995
2025-10-12 17:00:00,test,"MLP v3b [256,128,64] lr1e-4 patient",3932.11,3978.9646
2025-10-12 18:00:00,test,"MLP v3b [256,128,64] lr1e-4 patient",4119.54,4108.0454
2025-10-12 19:00:00,test,"MLP v3b [256,128,64] lr1e-4 patient",4045.41,4120.936
2025-10-12 20:00:00,test,"MLP v3b [256,128,64] lr1e-4 patient",3880.76,3922.752
2025-10-12 21:00:00,test,"MLP v3b [256,128,64] lr1e-4 patient",3700.3,3727.3176
2025-10-12 22:00:00,test,"MLP v3b [256,128,64] lr1e-4 patient",3627.43,3649.6328
2025-10-12 23:00:00,test,"MLP v3b [256,128,64] lr1e-4 patient",3423.53,3472.534
2025-10-13 00:00:00,test,"MLP v3b [256,128,64] lr1e-4 patient",3189.37,3245.8093
2025-10-13 01:00:00,test,"MLP v3b [256,128,64] lr1e-4 patient",2994.69,2979.752
2025-10-13 02:00:00,test,"MLP v3b [256,128,64] lr1e-4 patient",2856.43,2853.9167
2025-10-13 03:00:00,test,"MLP v3b [256,128,64] lr1e-4 patient",2714.18,2780.6064
2025-10-13 04:00:00,test,"MLP v3b [256,128,64] lr1e-4 patient",2739.26,2821.662
2025-10-13 05:00:00,test,"MLP v3b [256,128,64] lr1e-4 patient",3023.14,3037.4016
2025-10-13 06:00:00,test,"MLP v3b [256,128,64] lr1e-4 patient",3562.02,3447.8088
2025-10-13 07:00:00,test,"MLP v3b [256,128,64] lr1e-4 patient",3583.95,3613.9148
2025-10-13 08:00:00,test,"MLP v3b [256,128,64] lr1e-4 patient",3688.75,3653.1497
2025-10-13 09:00:00,test,"MLP v3b [256,128,64] lr1e-4 patient",4244.11,4095.1492
2025-10-13 10:00:00,test,"MLP v3b [256,128,64] lr1e-4 patient",4408.11,4451.877
2025-10-13 11:00:00,test,"MLP v3b [256,128,64] lr1e-4 patient",4493.19,4492.6084
2025-10-13 12:00:00,test,"MLP v3b [256,128,64] lr1e-4 patient",4493.13,4509.217
2025-10-13 13:00:00,test,"MLP v3b [256,128,64] lr1e-4 patient",4253.46,4349.8306
2025-10-13 14:00:00,test,"MLP v3b [256,128,64] lr1e-4 patient",4285.99,4366.1855
2025-10-13 15:00:00,test,"MLP v3b [256,128,64] lr1e-4 patient",4398.25,4347.0015
2025-10-13 16:00:00,test,"MLP v3b [256,128,64] lr1e-4 patient",4425.21,4382.717
2025-10-13 17:00:00,test,"MLP v3b [256,128,64] lr1e-4 patient",4484.1,4505.0273
2025-10-13 18:00:00,test,"MLP v3b [256,128,64] lr1e-4 patient",4622.37,4556.685
2025-10-13 19:00:00,test,"MLP v3b [256,128,64] lr1e-4 patient",4511.4,4546.263
2025-10-13 20:00:00,test,"MLP v3b [256,128,64] lr1e-4 patient",4226.22,4298.981
2025-10-13 21:00:00,test,"MLP v3b [256,128,64] lr1e-4 patient",3892.8,3970.9646
2025-10-13 22:00:00,test,"MLP v3b [256,128,64] lr1e-4 patient",3771.74,3773.795
2025-10-13 23:00:00,test,"MLP v3b [256,128,64] lr1e-4 patient",3574.34,3567.5645
2025-10-14 00:00:00,test,"MLP v3b [256,128,64] lr1e-4 patient",3340.24,3224.843
2025-10-14 01:00:00,test,"MLP v3b [256,128,64] lr1e-4 patient",3109.67,3034.4426
2025-10-14 02:00:00,test,"MLP v3b [256,128,64] lr1e-4 patient",2943.79,2901.6394
2025-10-14 03:00:00,test,"MLP v3b [256,128,64] lr1e-4 patient",2845.44,2806.9792
2025-10-14 04:00:00,test,"MLP v3b [256,128,64] lr1e-4 patient",2853.48,2826.415
2025-10-14 05:00:00,test,"MLP v3b [256,128,64] lr1e-4 patient",3122.35,3076.9316
2025-10-14 06:00:00,test,"MLP v3b [256,128,64] lr1e-4 patient",3631.27,3496.0437
2025-10-14 07:00:00,test,"MLP v3b [256,128,64] lr1e-4 patient",3668.12,3666.5027
2025-10-14 08:00:00,test,"MLP v3b [256,128,64] lr1e-4 patient",3669.41,3722.4368
2025-10-14 09:00:00,test,"MLP v3b [256,128,64] lr1e-4 patient",4206.6,4127.82
2025-10-14 10:00:00,test,"MLP v3b [256,128,64] lr1e-4 patient",4395.99,4426.1753
2025-10-14 11:00:00,test,"MLP v3b [256,128,64] lr1e-4 patient",4459.69,4472.373
2025-10-14 12:00:00,test,"MLP v3b [256,128,64] lr1e-4 patient",4436.14,4485.7554
2025-10-14 13:00:00,test,"MLP v3b [256,128,64] lr1e-4 patient",4366.65,4271.8975
2025-10-14 14:00:00,test,"MLP v3b [256,128,64] lr1e-4 patient",4407.34,4436.0566
2025-10-14 15:00:00,test,"MLP v3b [256,128,64] lr1e-4 patient",4448.71,4485.5103
2025-10-14 16:00:00,test,"MLP v3b [256,128,64] lr1e-4 patient",4449.17,4424.7183
2025-10-14 17:00:00,test,"MLP v3b [256,128,64] lr1e-4 patient",4546.11,4520.84
2025-10-14 18:00:00,test,"MLP v3b [256,128,64] lr1e-4 patient",4631.57,4584.7676
2025-10-14 19:00:00,test,"MLP v3b [256,128,64] lr1e-4 patient",4527.07,4537.4624
2025-10-14 20:00:00,test,"MLP v3b [256,128,64] lr1e-4 patient",4254.0,4267.619
2025-10-14 21:00:00,test,"MLP v3b [256,128,64] lr1e-4 patient",3894.07,3941.5583
2025-10-14 22:00:00,test,"MLP v3b [256,128,64] lr1e-4 patient",3743.06,3789.1003
2025-10-14 23:00:00,test,"MLP v3b [256,128,64] lr1e-4 patient",3585.06,3556.6875
2025-10-15 00:00:00,test,"MLP v3b [256,128,64] lr1e-4 patient",3339.72,3226.9102
2025-10-15 01:00:00,test,"MLP v3b [256,128,64] lr1e-4 patient",3117.58,3044.294
2025-10-15 02:00:00,test,"MLP v3b [256,128,64] lr1e-4 patient",2951.82,2911.2795
2025-10-15 03:00:00,test,"MLP v3b [256,128,64] lr1e-4 patient",2839.96,2798.8809
2025-10-15 04:00:00,test,"MLP v3b [256,128,64] lr1e-4 patient",2838.7,2824.9885
2025-10-15 05:00:00,test,"MLP v3b [256,128,64] lr1e-4 patient",3149.86,3073.9993
2025-10-15 06:00:00,test,"MLP v3b [256,128,64] lr1e-4 patient",3678.69,3549.0657
2025-10-15 07:00:00,test,"MLP v3b [256,128,64] lr1e-4 patient",3673.84,3705.3477
2025-10-15 08:00:00,test,"MLP v3b [256,128,64] lr1e-4 patient",3743.31,3742.4446
2025-10-15 09:00:00,test,"MLP v3b [256,128,64] lr1e-4 patient",4280.12,4211.2124
2025-10-15 10:00:00,test,"MLP v3b [256,128,64] lr1e-4 patient",4482.13,4495.8867
2025-10-15 11:00:00,test,"MLP v3b [256,128,64] lr1e-4 patient",4509.21,4543.76
2025-10-15 12:00:00,test,"MLP v3b [256,128,64] lr1e-4 patient",4724.23,4509.2837
2025-10-15 13:00:00,test,"MLP v3b [256,128,64] lr1e-4 patient",4298.91,4470.438
2025-10-15 14:00:00,test,"MLP v3b [256,128,64] lr1e-4 patient",4422.27,4435.463
2025-10-15 15:00:00,test,"MLP v3b [256,128,64] lr1e-4 patient",4462.03,4485.348
2025-10-15 16:00:00,test,"MLP v3b [256,128,64] lr1e-4 patient",4443.22,4405.445
2025-10-15 17:00:00,test,"MLP v3b [256,128,64] lr1e-4 patient",4507.95,4492.5625
2025-10-15 18:00:00,test,"MLP v3b [256,128,64] lr1e-4 patient",4628.6,4542.104
2025-10-15 19:00:00,test,"MLP v3b [256,128,64] lr1e-4 patient",4503.87,4539.0737
2025-10-15 20:00:00,test,"MLP v3b [256,128,64] lr1e-4 patient",4267.62,4247.655
2025-10-15 21:00:00,test,"MLP v3b [256,128,64] lr1e-4 patient",3852.99,3928.012
2025-10-15 22:00:00,test,"MLP v3b [256,128,64] lr1e-4 patient",3774.98,3724.9749
2025-10-15 23:00:00,test,"MLP v3b [256,128,64] lr1e-4 patient",3524.06,3568.53
2025-10-16 00:00:00,test,"MLP v3b [256,128,64] lr1e-4 patient",3308.35,3213.9856
2025-10-16 01:00:00,test,"MLP v3b [256,128,64] lr1e-4 patient",3103.88,3021.216
2025-10-16 02:00:00,test,"MLP v3b [256,128,64] lr1e-4 patient",2957.09,2890.761
2025-10-16 03:00:00,test,"MLP v3b [256,128,64] lr1e-4 patient",2834.1,2796.9763
2025-10-16 04:00:00,test,"MLP v3b [256,128,64] lr1e-4 patient",2843.49,2812.213
2025-10-16 05:00:00,test,"MLP v3b [256,128,64] lr1e-4 patient",3129.86,3068.994
2025-10-16 06:00:00,test,"MLP v3b [256,128,64] lr1e-4 patient",3583.53,3511.6702
2025-10-16 07:00:00,test,"MLP v3b [256,128,64] lr1e-4 patient",3628.56,3639.6565
2025-10-16 08:00:00,test,"MLP v3b [256,128,64] lr1e-4 patient",3677.91,3665.404
2025-10-16 09:00:00,test,"MLP v3b [256,128,64] lr1e-4 patient",4175.06,4088.7383
2025-10-16 10:00:00,test,"MLP v3b [256,128,64] lr1e-4 patient",4397.58,4377.8237
2025-10-16 11:00:00,test,"MLP v3b [256,128,64] lr1e-4 patient",4458.09,4466.93
2025-10-16 12:00:00,test,"MLP v3b [256,128,64] lr1e-4 patient",4487.67,4451.2524
2025-10-16 13:00:00,test,"MLP v3b [256,128,64] lr1e-4 patient",4278.37,4359.985
2025-10-16 14:00:00,test,"MLP v3b [256,128,64] lr1e-4 patient",4404.29,4401.855
2025-10-16 15:00:00,test,"MLP v3b [256,128,64] lr1e-4 patient",4460.66,4474.0293
2025-10-16 16:00:00,test,"MLP v3b [256,128,64] lr1e-4 patient",4484.82,4466.9375
2025-10-16 17:00:00,test,"MLP v3b [256,128,64] lr1e-4 patient",4544.24,4524.773
2025-10-16 18:00:00,test,"MLP v3b [256,128,64] lr1e-4 patient",4666.48,4583.2905
2025-10-16 19:00:00,test,"MLP v3b [256,128,64] lr1e-4 patient",4586.6,4574.4707
2025-10-16 20:00:00,test,"MLP v3b [256,128,64] lr1e-4 patient",4250.63,4344.155
2025-10-16 21:00:00,test,"MLP v3b [256,128,64] lr1e-4 patient",3893.8,3931.6199
2025-10-16 22:00:00,test,"MLP v3b [256,128,64] lr1e-4 patient",3766.29,3798.5476
2025-10-16 23:00:00,test,"MLP v3b [256,128,64] lr1e-4 patient",3564.57,3586.945
2025-10-17 00:00:00,test,"MLP v3b [256,128,64] lr1e-4 patient",3333.88,3229.6025
2025-10-17 01:00:00,test,"MLP v3b [256,128,64] lr1e-4 patient",3114.1,3054.8826
2025-10-17 02:00:00,test,"MLP v3b [256,128,64] lr1e-4 patient",2961.88,2907.3535
2025-10-17 03:00:00,test,"MLP v3b [256,128,64] lr1e-4 patient",2842.35,2788.3438
2025-10-17 04:00:00,test,"MLP v3b [256,128,64] lr1e-4 patient",2854.55,2830.2942
2025-10-17 05:00:00,test,"MLP v3b [256,128,64] lr1e-4 patient",3159.83,3069.8096
2025-10-17 06:00:00,test,"MLP v3b [256,128,64] lr1e-4 patient",3631.58,3494.5613
2025-10-17 07:00:00,test,"MLP v3b [256,128,64] lr1e-4 patient",3709.52,3659.7356
2025-10-17 08:00:00,test,"MLP v3b [256,128,64] lr1e-4 patient",3751.76,3723.5603
2025-10-17 09:00:00,test,"MLP v3b [256,128,64] lr1e-4 patient",4263.6,4252.9927
2025-10-17 10:00:00,test,"MLP v3b [256,128,64] lr1e-4 patient",4522.63,4521.525
2025-10-17 11:00:00,test,"MLP v3b [256,128,64] lr1e-4 patient",4622.56,4598.781
2025-10-17 12:00:00,test,"MLP v3b [256,128,64] lr1e-4 patient",4715.41,4617.643
2025-10-17 13:00:00,test,"MLP v3b [256,128,64] lr1e-4 patient",4521.43,4589.3804
2025-10-17 14:00:00,test,"MLP v3b [256,128,64] lr1e-4 patient",4525.18,4606.124
2025-10-17 15:00:00,test,"MLP v3b [256,128,64] lr1e-4 patient",4570.63,4596.1743
2025-10-17 16:00:00,test,"MLP v3b [256,128,64] lr1e-4 patient",4546.21,4521.918
2025-10-17 17:00:00,test,"MLP v3b [256,128,64] lr1e-4 patient",4650.74,4598.836
2025-10-17 18:00:00,test,"MLP v3b [256,128,64] lr1e-4 patient",4745.78,4660.8237
2025-10-17 19:00:00,test,"MLP v3b [256,128,64] lr1e-4 patient",4623.1,4634.4653
2025-10-17 20:00:00,test,"MLP v3b [256,128,64] lr1e-4 patient",4332.63,4364.6597
2025-10-17 21:00:00,test,"MLP v3b [256,128,64] lr1e-4 patient",3988.34,4032.1526
2025-10-17 22:00:00,test,"MLP v3b [256,128,64] lr1e-4 patient",3879.1,3877.1633
2025-10-17 23:00:00,test,"MLP v3b [256,128,64] lr1e-4 patient",3694.66,3667.821
2025-10-18 00:00:00,test,"MLP v3b [256,128,64] lr1e-4 patient",3505.49,3317.122
2025-10-18 01:00:00,test,"MLP v3b [256,128,64] lr1e-4 patient",3272.04,3170.8965
2025-10-18 02:00:00,test,"MLP v3b [256,128,64] lr1e-4 patient",3107.54,3034.22
2025-10-18 03:00:00,test,"MLP v3b [256,128,64] lr1e-4 patient",3005.7,2901.8662
2025-10-18 04:00:00,test,"MLP v3b [256,128,64] lr1e-4 patient",3023.49,2938.8896
2025-10-18 05:00:00,test,"MLP v3b [256,128,64] lr1e-4 patient",3179.97,3106.6614
2025-10-18 06:00:00,test,"MLP v3b [256,128,64] lr1e-4 patient",3502.28,3400.996
2025-10-18 07:00:00,test,"MLP v3b [256,128,64] lr1e-4 patient",3632.31,3533.826
2025-10-18 08:00:00,test,"MLP v3b [256,128,64] lr1e-4 patient",3715.36,3600.5225
2025-10-18 09:00:00,test,"MLP v3b [256,128,64] lr1e-4 patient",4115.65,4077.0725
2025-10-18 10:00:00,test,"MLP v3b [256,128,64] lr1e-4 patient",4411.58,4391.2695
2025-10-18 11:00:00,test,"MLP v3b [256,128,64] lr1e-4 patient",4459.6,4503.6743
2025-10-18 12:00:00,test,"MLP v3b [256,128,64] lr1e-4 patient",4496.41,4502.899
2025-10-18 13:00:00,test,"MLP v3b [256,128,64] lr1e-4 patient",4358.97,4403.8403
2025-10-18 14:00:00,test,"MLP v3b [256,128,64] lr1e-4 patient",4362.43,4443.871
2025-10-18 15:00:00,test,"MLP v3b [256,128,64] lr1e-4 patient",4363.53,4462.516
2025-10-18 16:00:00,test,"MLP v3b [256,128,64] lr1e-4 patient",4316.83,4379.733
2025-10-18 17:00:00,test,"MLP v3b [256,128,64] lr1e-4 patient",4395.07,4408.539
2025-10-18 18:00:00,test,"MLP v3b [256,128,64] lr1e-4 patient",4487.11,4480.4614
2025-10-18 19:00:00,test,"MLP v3b [256,128,64] lr1e-4 patient",4380.49,4423.2725
2025-10-18 20:00:00,test,"MLP v3b [256,128,64] lr1e-4 patient",4177.46,4197.005
2025-10-18 21:00:00,test,"MLP v3b [256,128,64] lr1e-4 patient",3950.45,3932.513
2025-10-18 22:00:00,test,"MLP v3b [256,128,64] lr1e-4 patient",3851.74,3885.8684
2025-10-18 23:00:00,test,"MLP v3b [256,128,64] lr1e-4 patient",3681.79,3724.1125
2025-10-19 00:00:00,test,"MLP v3b [256,128,64] lr1e-4 patient",3516.65,3414.3801
2025-10-19 01:00:00,test,"MLP v3b [256,128,64] lr1e-4 patient",3252.57,3239.6475
2025-10-19 02:00:00,test,"MLP v3b [256,128,64] lr1e-4 patient",3095.06,3027.6477
2025-10-19 03:00:00,test,"MLP v3b [256,128,64] lr1e-4 patient",2965.4,2916.3635
2025-10-19 04:00:00,test,"MLP v3b [256,128,64] lr1e-4 patient",2945.52,2879.1133
2025-10-19 05:00:00,test,"MLP v3b [256,128,64] lr1e-4 patient",3094.57,3016.0469
2025-10-19 06:00:00,test,"MLP v3b [256,128,64] lr1e-4 patient",3243.05,3241.005
2025-10-19 07:00:00,test,"MLP v3b [256,128,64] lr1e-4 patient",3374.75,3334.177
2025-10-19 08:00:00,test,"MLP v3b [256,128,64] lr1e-4 patient",3442.24,3399.8767
2025-10-19 09:00:00,test,"MLP v3b [256,128,64] lr1e-4 patient",3830.75,3741.161
2025-10-19 10:00:00,test,"MLP v3b [256,128,64] lr1e-4 patient",3995.05,4021.384
2025-10-19 11:00:00,test,"MLP v3b [256,128,64] lr1e-4 patient",4103.25,4098.4785
2025-10-19 12:00:00,test,"MLP v3b [256,128,64] lr1e-4 patient",4107.09,4158.9907
2025-10-19 13:00:00,test,"MLP v3b [256,128,64] lr1e-4 patient",4003.95,4005.4912
2025-10-19 14:00:00,test,"MLP v3b [256,128,64] lr1e-4 patient",3921.71,4059.6885
2025-10-19 15:00:00,test,"MLP v3b [256,128,64] lr1e-4 patient",3880.31,3949.6614
2025-10-19 16:00:00,test,"MLP v3b [256,128,64] lr1e-4 patient",3783.48,3864.617
2025-10-19 17:00:00,test,"MLP v3b [256,128,64] lr1e-4 patient",3930.11,3936.293
2025-10-19 18:00:00,test,"MLP v3b [256,128,64] lr1e-4 patient",4080.19,4060.3943
2025-10-19 19:00:00,test,"MLP v3b [256,128,64] lr1e-4 patient",4009.4,4056.5593
2025-10-19 20:00:00,test,"MLP v3b [256,128,64] lr1e-4 patient",3905.46,3864.8113
2025-10-19 21:00:00,test,"MLP v3b [256,128,64] lr1e-4 patient",3791.28,3724.4797
2025-10-19 22:00:00,test,"MLP v3b [256,128,64] lr1e-4 patient",3728.66,3731.7742
2025-10-19 23:00:00,test,"MLP v3b [256,128,64] lr1e-4 patient",3557.22,3590.7185
2025-10-20 00:00:00,test,"MLP v3b [256,128,64] lr1e-4 patient",3349.36,3300.9973
2025-10-20 01:00:00,test,"MLP v3b [256,128,64] lr1e-4 patient",3144.41,3146.0479
2025-10-20 02:00:00,test,"MLP v3b [256,128,64] lr1e-4 patient",3002.72,2980.838
2025-10-20 03:00:00,test,"MLP v3b [256,128,64] lr1e-4 patient",2879.83,2859.7598
2025-10-20 04:00:00,test,"MLP v3b [256,128,64] lr1e-4 patient",2860.0,2851.3137
2025-10-20 05:00:00,test,"MLP v3b [256,128,64] lr1e-4 patient",3000.29,3001.4355
2025-10-20 06:00:00,test,"MLP v3b [256,128,64] lr1e-4 patient",3105.62,3263.5664
2025-10-20 07:00:00,test,"MLP v3b [256,128,64] lr1e-4 patient",3199.71,3261.9539
2025-10-20 08:00:00,test,"MLP v3b [256,128,64] lr1e-4 patient",3213.49,3276.5315
2025-10-20 09:00:00,test,"MLP v3b [256,128,64] lr1e-4 patient",3394.83,3551.845
2025-10-20 10:00:00,test,"MLP v3b [256,128,64] lr1e-4 patient",3519.82,3586.0808
2025-10-20 11:00:00,test,"MLP v3b [256,128,64] lr1e-4 patient",3559.03,3609.7795
2025-10-20 12:00:00,test,"MLP v3b [256,128,64] lr1e-4 patient",3581.98,3595.905
2025-10-20 13:00:00,test,"MLP v3b [256,128,64] lr1e-4 patient",3563.24,3490.6746
2025-10-20 14:00:00,test,"MLP v3b [256,128,64] lr1e-4 patient",3478.23,3587.0442
2025-10-20 15:00:00,test,"MLP v3b [256,128,64] lr1e-4 patient",3363.36,3551.298
2025-10-20 16:00:00,test,"MLP v3b [256,128,64] lr1e-4 patient",3343.18,3440.2004
2025-10-20 17:00:00,test,"MLP v3b [256,128,64] lr1e-4 patient",3713.69,3597.4128
2025-10-20 18:00:00,test,"MLP v3b [256,128,64] lr1e-4 patient",3891.01,3752.5325
2025-10-20 19:00:00,test,"MLP v3b [256,128,64] lr1e-4 patient",3827.68,3776.929
2025-10-20 20:00:00,test,"MLP v3b [256,128,64] lr1e-4 patient",3614.41,3623.7346
2025-10-20 21:00:00,test,"MLP v3b [256,128,64] lr1e-4 patient",3579.17,3408.5198
2025-10-20 22:00:00,test,"MLP v3b [256,128,64] lr1e-4 patient",3545.56,3475.544
2025-10-20 23:00:00,test,"MLP v3b [256,128,64] lr1e-4 patient",3513.77,3417.9348
2025-10-21 00:00:00,test,"MLP v3b [256,128,64] lr1e-4 patient",3357.76,3247.573
2025-10-21 01:00:00,test,"MLP v3b [256,128,64] lr1e-4 patient",3181.76,3119.2712
2025-10-21 02:00:00,test,"MLP v3b [256,128,64] lr1e-4 patient",3036.64,3002.5173
2025-10-21 03:00:00,test,"MLP v3b [256,128,64] lr1e-4 patient",2911.25,2921.961
2025-10-21 04:00:00,test,"MLP v3b [256,128,64] lr1e-4 patient",2903.68,2884.9143
2025-10-21 05:00:00,test,"MLP v3b [256,128,64] lr1e-4 patient",3033.03,3078.6045
2025-10-21 06:00:00,test,"MLP v3b [256,128,64] lr1e-4 patient",3118.79,3304.546
2025-10-21 07:00:00,test,"MLP v3b [256,128,64] lr1e-4 patient",3187.13,3281.8171
2025-10-21 08:00:00,test,"MLP v3b [256,128,64] lr1e-4 patient",3279.48,3289.33
2025-10-21 09:00:00,test,"MLP v3b [256,128,64] lr1e-4 patient",3491.52,3659.5828
2025-10-21 10:00:00,test,"MLP v3b [256,128,64] lr1e-4 patient",3634.05,3726.5088
2025-10-21 11:00:00,test,"MLP v3b [256,128,64] lr1e-4 patient",3708.97,3697.8289
2025-10-21 12:00:00,test,"MLP v3b [256,128,64] lr1e-4 patient",3697.18,3722.6765
2025-10-21 13:00:00,test,"MLP v3b [256,128,64] lr1e-4 patient",3672.73,3604.389
2025-10-21 14:00:00,test,"MLP v3b [256,128,64] lr1e-4 patient",3607.88,3764.5027
2025-10-21 15:00:00,test,"MLP v3b [256,128,64] lr1e-4 patient",3586.13,3684.985
2025-10-21 16:00:00,test,"MLP v3b [256,128,64] lr1e-4 patient",3521.99,3625.2412
2025-10-21 17:00:00,test,"MLP v3b [256,128,64] lr1e-4 patient",3707.4,3740.2617
2025-10-21 18:00:00,test,"MLP v3b [256,128,64] lr1e-4 patient",3838.09,3791.9639
2025-10-21 19:00:00,test,"MLP v3b [256,128,64] lr1e-4 patient",3767.01,3744.6204
2025-10-21 20:00:00,test,"MLP v3b [256,128,64] lr1e-4 patient",3712.86,3553.7122
2025-10-21 21:00:00,test,"MLP v3b [256,128,64] lr1e-4 patient",3672.59,3392.0
2025-10-21 22:00:00,test,"MLP v3b [256,128,64] lr1e-4 patient",3560.96,3514.5002
2025-10-21 23:00:00,test,"MLP v3b [256,128,64] lr1e-4 patient",3447.01,3450.6042
2025-10-22 00:00:00,test,"MLP v3b [256,128,64] lr1e-4 patient",3249.95,3221.2617
2025-10-22 01:00:00,test,"MLP v3b [256,128,64] lr1e-4 patient",3067.07,3104.0742
2025-10-22 02:00:00,test,"MLP v3b [256,128,64] lr1e-4 patient",2928.28,2941.1199
2025-10-22 03:00:00,test,"MLP v3b [256,128,64] lr1e-4 patient",2817.31,2835.2922
2025-10-22 04:00:00,test,"MLP v3b [256,128,64] lr1e-4 patient",2814.94,2804.6194
2025-10-22 05:00:00,test,"MLP v3b [256,128,64] lr1e-4 patient",2934.65,2957.8665
2025-10-22 06:00:00,test,"MLP v3b [256,128,64] lr1e-4 patient",3086.18,3151.4043
2025-10-22 07:00:00,test,"MLP v3b [256,128,64] lr1e-4 patient",3235.93,3161.534
2025-10-22 08:00:00,test,"MLP v3b [256,128,64] lr1e-4 patient",3386.93,3250.4631
2025-10-22 09:00:00,test,"MLP v3b [256,128,64] lr1e-4 patient",3611.07,3698.8625
2025-10-22 10:00:00,test,"MLP v3b [256,128,64] lr1e-4 patient",3762.3,3774.4895
2025-10-22 11:00:00,test,"MLP v3b [256,128,64] lr1e-4 patient",3820.23,3788.4636
2025-10-22 12:00:00,test,"MLP v3b [256,128,64] lr1e-4 patient",3824.37,3820.386
2025-10-22 13:00:00,test,"MLP v3b [256,128,64] lr1e-4 patient",3758.3,3687.341
2025-10-22 14:00:00,test,"MLP v3b [256,128,64] lr1e-4 patient",3698.52,3805.4158
2025-10-22 15:00:00,test,"MLP v3b [256,128,64] lr1e-4 patient",3700.89,3748.697
2025-10-22 16:00:00,test,"MLP v3b [256,128,64] lr1e-4 patient",3662.24,3681.087
2025-10-22 17:00:00,test,"MLP v3b [256,128,64] lr1e-4 patient",3794.72,3767.2864
2025-10-22 18:00:00,test,"MLP v3b [256,128,64] lr1e-4 patient",3906.18,3829.511
2025-10-22 19:00:00,test,"MLP v3b [256,128,64] lr1e-4 patient",3815.13,3774.8547
2025-10-22 20:00:00,test,"MLP v3b [256,128,64] lr1e-4 patient",3684.92,3593.7434
2025-10-22 21:00:00,test,"MLP v3b [256,128,64] lr1e-4 patient",3603.59,3412.6104
2025-10-22 22:00:00,test,"MLP v3b [256,128,64] lr1e-4 patient",3495.96,3485.5496
2025-10-22 23:00:00,test,"MLP v3b [256,128,64] lr1e-4 patient",3374.12,3373.4255
2025-10-23 00:00:00,test,"MLP v3b [256,128,64] lr1e-4 patient",3151.84,3117.448
2025-10-23 01:00:00,test,"MLP v3b [256,128,64] lr1e-4 patient",2978.66,2987.6707
2025-10-23 02:00:00,test,"MLP v3b [256,128,64] lr1e-4 patient",2827.16,2843.3987
2025-10-23 03:00:00,test,"MLP v3b [256,128,64] lr1e-4 patient",2709.48,2745.0
2025-10-23 04:00:00,test,"MLP v3b [256,128,64] lr1e-4 patient",2716.36,2720.2031
2025-10-23 05:00:00,test,"MLP v3b [256,128,64] lr1e-4 patient",2871.84,2864.8066
2025-10-23 06:00:00,test,"MLP v3b [256,128,64] lr1e-4 patient",3036.23,3089.6553
2025-10-23 07:00:00,test,"MLP v3b [256,128,64] lr1e-4 patient",3231.79,3119.9622
2025-10-23 08:00:00,test,"MLP v3b [256,128,64] lr1e-4 patient",3430.4,3200.5754
2025-10-23 09:00:00,test,"MLP v3b [256,128,64] lr1e-4 patient",3787.27,3687.078
2025-10-23 10:00:00,test,"MLP v3b [256,128,64] lr1e-4 patient",3943.92,3880.0823
2025-10-23 11:00:00,test,"MLP v3b [256,128,64] lr1e-4 patient",3994.82,3927.944
2025-10-23 12:00:00,test,"MLP v3b [256,128,64] lr1e-4 patient",3987.89,3943.1543
2025-10-23 13:00:00,test,"MLP v3b [256,128,64] lr1e-4 patient",3840.62,3784.795
2025-10-23 14:00:00,test,"MLP v3b [256,128,64] lr1e-4 patient",3820.2,3859.8965
2025-10-23 15:00:00,test,"MLP v3b [256,128,64] lr1e-4 patient",3812.54,3825.4514
2025-10-23 16:00:00,test,"MLP v3b [256,128,64] lr1e-4 patient",3798.66,3777.866
2025-10-23 17:00:00,test,"MLP v3b [256,128,64] lr1e-4 patient",3918.51,3849.2058
2025-10-23 18:00:00,test,"MLP v3b [256,128,64] lr1e-4 patient",4028.28,3937.5623
2025-10-23 19:00:00,test,"MLP v3b [256,128,64] lr1e-4 patient",3957.78,3848.0461
2025-10-23 20:00:00,test,"MLP v3b [256,128,64] lr1e-4 patient",3789.38,3679.0334
2025-10-23 21:00:00,test,"MLP v3b [256,128,64] lr1e-4 patient",3545.54,3482.53
2025-10-23 22:00:00,test,"MLP v3b [256,128,64] lr1e-4 patient",3408.74,3429.0715
2025-10-23 23:00:00,test,"MLP v3b [256,128,64] lr1e-4 patient",3292.56,3267.2922
2025-10-24 00:00:00,test,"MLP v3b [256,128,64] lr1e-4 patient",3131.76,3019.2383
2025-10-24 01:00:00,test,"MLP v3b [256,128,64] lr1e-4 patient",2914.92,2912.7585
2025-10-24 02:00:00,test,"MLP v3b [256,128,64] lr1e-4 patient",2788.84,2768.3093
2025-10-24 03:00:00,test,"MLP v3b [256,128,64] lr1e-4 patient",2681.66,2691.5002
2025-10-24 04:00:00,test,"MLP v3b [256,128,64] lr1e-4 patient",2734.95,2715.7275
2025-10-24 05:00:00,test,"MLP v3b [256,128,64] lr1e-4 patient",2977.9,2954.1682
2025-10-24 06:00:00,test,"MLP v3b [256,128,64] lr1e-4 patient",3297.26,3286.8516
2025-10-24 07:00:00,test,"MLP v3b [256,128,64] lr1e-4 patient",3391.37,3380.9949
2025-10-24 08:00:00,test,"MLP v3b [256,128,64] lr1e-4 patient",3434.57,3457.3672
2025-10-24 09:00:00,test,"MLP v3b [256,128,64] lr1e-4 patient",3935.5,3817.4597
2025-10-24 10:00:00,test,"MLP v3b [256,128,64] lr1e-4 patient",4115.14,4130.168
2025-10-24 11:00:00,test,"MLP v3b [256,128,64] lr1e-4 patient",4198.31,4189.113
2025-10-24 12:00:00,test,"MLP v3b [256,128,64] lr1e-4 patient",4214.12,4238.547
2025-10-24 13:00:00,test,"MLP v3b [256,128,64] lr1e-4 patient",4072.82,4045.4172
2025-10-24 14:00:00,test,"MLP v3b [256,128,64] lr1e-4 patient",4110.63,4161.079
2025-10-24 15:00:00,test,"MLP v3b [256,128,64] lr1e-4 patient",4142.71,4165.4634
2025-10-24 16:00:00,test,"MLP v3b [256,128,64] lr1e-4 patient",4090.93,4128.7344
2025-10-24 17:00:00,test,"MLP v3b [256,128,64] lr1e-4 patient",4227.59,4228.8633
2025-10-24 18:00:00,test,"MLP v3b [256,128,64] lr1e-4 patient",4344.1,4278.804
2025-10-24 19:00:00,test,"MLP v3b [256,128,64] lr1e-4 patient",4245.45,4190.694
2025-10-24 20:00:00,test,"MLP v3b [256,128,64] lr1e-4 patient",3957.23,3937.945
2025-10-24 21:00:00,test,"MLP v3b [256,128,64] lr1e-4 patient",3615.65,3611.8699
2025-10-24 22:00:00,test,"MLP v3b [256,128,64] lr1e-4 patient",3501.16,3484.041
2025-10-24 23:00:00,test,"MLP v3b [256,128,64] lr1e-4 patient",3321.01,3324.2664
2025-10-25 00:00:00,test,"MLP v3b [256,128,64] lr1e-4 patient",3147.41,3016.7568
2025-10-25 01:00:00,test,"MLP v3b [256,128,64] lr1e-4 patient",2934.86,2917.004
2025-10-25 02:00:00,test,"MLP v3b [256,128,64] lr1e-4 patient",2785.0,2785.2227
2025-10-25 03:00:00,test,"MLP v3b [256,128,64] lr1e-4 patient",2690.3,2690.1936
2025-10-25 04:00:00,test,"MLP v3b [256,128,64] lr1e-4 patient",2715.07,2732.3171
2025-10-25 05:00:00,test,"MLP v3b [256,128,64] lr1e-4 patient",2917.29,2929.8298
2025-10-25 06:00:00,test,"MLP v3b [256,128,64] lr1e-4 patient",3256.3,3210.4973
2025-10-25 07:00:00,test,"MLP v3b [256,128,64] lr1e-4 patient",3312.48,3346.169
2025-10-25 08:00:00,test,"MLP v3b [256,128,64] lr1e-4 patient",3372.42,3370.5984
2025-10-25 09:00:00,test,"MLP v3b [256,128,64] lr1e-4 patient",3782.93,3695.5232
2025-10-25 10:00:00,test,"MLP v3b [256,128,64] lr1e-4 patient",3953.98,3958.8767
2025-10-25 11:00:00,test,"MLP v3b [256,128,64] lr1e-4 patient",4007.33,3998.338
2025-10-25 12:00:00,test,"MLP v3b [256,128,64] lr1e-4 patient",4044.66,4015.5598
2025-10-25 13:00:00,test,"MLP v3b [256,128,64] lr1e-4 patient",3864.85,3884.4329
2025-10-25 14:00:00,test,"MLP v3b [256,128,64] lr1e-4 patient",3904.84,3930.5742
2025-10-25 15:00:00,test,"MLP v3b [256,128,64] lr1e-4 patient",3885.28,3948.7146
2025-10-25 16:00:00,test,"MLP v3b [256,128,64] lr1e-4 patient",3848.16,3908.5076
2025-10-25 17:00:00,test,"MLP v3b [256,128,64] lr1e-4 patient",4048.08,3983.7087
2025-10-25 18:00:00,test,"MLP v3b [256,128,64] lr1e-4 patient",4143.38,4111.178
2025-10-25 19:00:00,test,"MLP v3b [256,128,64] lr1e-4 patient",4053.94,4027.3918
2025-10-25 20:00:00,test,"MLP v3b [256,128,64] lr1e-4 patient",3778.55,3819.194
2025-10-25 21:00:00,test,"MLP v3b [256,128,64] lr1e-4 patient",3505.57,3516.242
2025-10-25 22:00:00,test,"MLP v3b [256,128,64] lr1e-4 patient",3344.59,3394.8113
2025-10-25 23:00:00,test,"MLP v3b [256,128,64] lr1e-4 patient",3190.91,3205.8445
2025-10-26 00:00:00,test,"MLP v3b [256,128,64] lr1e-4 patient",2996.99,2940.5344
2025-10-26 01:00:00,test,"MLP v3b [256,128,64] lr1e-4 patient",2821.83,2804.8958
2025-10-26 02:00:00,test,"MLP v3b [256,128,64] lr1e-4 patient",2678.15,2696.4175
2025-10-26 03:00:00,test,"MLP v3b [256,128,64] lr1e-4 patient",2587.48,2598.7712
2025-10-26 04:00:00,test,"MLP v3b [256,128,64] lr1e-4 patient",2592.14,2632.2803
2025-10-26 05:00:00,test,"MLP v3b [256,128,64] lr1e-4 patient",2743.01,2810.5293
2025-10-26 06:00:00,test,"MLP v3b [256,128,64] lr1e-4 patient",2917.88,3045.6902
2025-10-26 07:00:00,test,"MLP v3b [256,128,64] lr1e-4 patient",3107.84,3152.0383
2025-10-26 08:00:00,test,"MLP v3b [256,128,64] lr1e-4 patient",3140.68,3205.1172
2025-10-26 09:00:00,test,"MLP v3b [256,128,64] lr1e-4 patient",3516.61,3476.2903
2025-10-26 10:00:00,test,"MLP v3b [256,128,64] lr1e-4 patient",3754.48,3672.5618
2025-10-26 11:00:00,test,"MLP v3b [256,128,64] lr1e-4 patient",3810.33,3801.0188
2025-10-26 12:00:00,test,"MLP v3b [256,128,64] lr1e-4 patient",3823.83,3816.739
2025-10-26 13:00:00,test,"MLP v3b [256,128,64] lr1e-4 patient",3637.29,3642.6035
2025-10-26 14:00:00,test,"MLP v3b [256,128,64] lr1e-4 patient",3602.48,3637.6648
2025-10-26 15:00:00,test,"MLP v3b [256,128,64] lr1e-4 patient",3564.56,3577.8064
2025-10-26 16:00:00,test,"MLP v3b [256,128,64] lr1e-4 patient",3587.49,3549.007
2025-10-26 17:00:00,test,"MLP v3b [256,128,64] lr1e-4 patient",3801.07,3739.4648
2025-10-26 18:00:00,test,"MLP v3b [256,128,64] lr1e-4 patient",3886.72,3877.493
2025-10-26 19:00:00,test,"MLP v3b [256,128,64] lr1e-4 patient",3797.22,3854.7668
2025-10-26 20:00:00,test,"MLP v3b [256,128,64] lr1e-4 patient",3593.83,3649.623
2025-10-26 21:00:00,test,"MLP v3b [256,128,64] lr1e-4 patient",3414.49,3386.4324
2025-10-26 22:00:00,test,"MLP v3b [256,128,64] lr1e-4 patient",3296.24,3292.3232
2025-10-26 23:00:00,test,"MLP v3b [256,128,64] lr1e-4 patient",3146.6,3121.0605
2025-10-27 00:00:00,test,"MLP v3b [256,128,64] lr1e-4 patient",2960.77,2888.0107
2025-10-27 01:00:00,test,"MLP v3b [256,128,64] lr1e-4 patient",2787.99,2784.4453
2025-10-27 02:00:00,test,"MLP v3b [256,128,64] lr1e-4 patient",2649.54,2687.4304
2025-10-27 03:00:00,test,"MLP v3b [256,128,64] lr1e-4 patient",2594.99,2594.2942
2025-10-27 04:00:00,test,"MLP v3b [256,128,64] lr1e-4 patient",2644.83,2656.2249
2025-10-27 05:00:00,test,"MLP v3b [256,128,64] lr1e-4 patient",2837.41,2936.168
2025-10-27 06:00:00,test,"MLP v3b [256,128,64] lr1e-4 patient",3147.0,3238.3342
2025-10-27 07:00:00,test,"MLP v3b [256,128,64] lr1e-4 patient",3368.93,3301.121
2025-10-27 08:00:00,test,"MLP v3b [256,128,64] lr1e-4 patient",3538.07,3384.8616
2025-10-27 09:00:00,test,"MLP v3b [256,128,64] lr1e-4 patient",3970.29,3855.3867
2025-10-27 10:00:00,test,"MLP v3b [256,128,64] lr1e-4 patient",4172.32,4114.648
2025-10-27 11:00:00,test,"MLP v3b [256,128,64] lr1e-4 patient",4209.2,4206.6753
2025-10-27 12:00:00,test,"MLP v3b [256,128,64] lr1e-4 patient",4231.23,4230.488
2025-10-27 13:00:00,test,"MLP v3b [256,128,64] lr1e-4 patient",4045.42,4032.7087
2025-10-27 14:00:00,test,"MLP v3b [256,128,64] lr1e-4 patient",3983.08,4101.9277
2025-10-27 15:00:00,test,"MLP v3b [256,128,64] lr1e-4 patient",3920.67,3992.8037
2025-10-27 16:00:00,test,"MLP v3b [256,128,64] lr1e-4 patient",3783.23,3916.862
2025-10-27 17:00:00,test,"MLP v3b [256,128,64] lr1e-4 patient",3874.11,3967.4216
2025-10-27 18:00:00,test,"MLP v3b [256,128,64] lr1e-4 patient",3872.74,3958.7627
2025-10-27 19:00:00,test,"MLP v3b [256,128,64] lr1e-4 patient",3732.64,3799.6562
2025-10-27 20:00:00,test,"MLP v3b [256,128,64] lr1e-4 patient",3510.18,3537.3123
2025-10-27 21:00:00,test,"MLP v3b [256,128,64] lr1e-4 patient",3290.82,3256.8838
2025-10-27 22:00:00,test,"MLP v3b [256,128,64] lr1e-4 patient",3177.41,3154.9934
2025-10-27 23:00:00,test,"MLP v3b [256,128,64] lr1e-4 patient",2983.92,3001.0518
2025-10-28 00:00:00,test,"MLP v3b [256,128,64] lr1e-4 patient",2766.11,2776.8245
2025-10-28 01:00:00,test,"MLP v3b [256,128,64] lr1e-4 patient",2594.05,2632.068
2025-10-28 02:00:00,test,"MLP v3b [256,128,64] lr1e-4 patient",2492.3,2531.637
2025-10-28 03:00:00,test,"MLP v3b [256,128,64] lr1e-4 patient",2487.42,2481.7214
2025-10-28 04:00:00,test,"MLP v3b [256,128,64] lr1e-4 patient",2603.32,2593.373
2025-10-28 05:00:00,test,"MLP v3b [256,128,64] lr1e-4 patient",2929.9,2893.4167
2025-10-28 06:00:00,test,"MLP v3b [256,128,64] lr1e-4 patient",3306.83,3297.7527
2025-10-28 07:00:00,test,"MLP v3b [256,128,64] lr1e-4 patient",3335.5,3426.3298
2025-10-28 08:00:00,test,"MLP v3b [256,128,64] lr1e-4 patient",3428.76,3434.7266
2025-10-28 09:00:00,test,"MLP v3b [256,128,64] lr1e-4 patient",3851.42,3747.876
2025-10-28 10:00:00,test,"MLP v3b [256,128,64] lr1e-4 patient",4012.44,3953.4016
2025-10-28 11:00:00,test,"MLP v3b [256,128,64] lr1e-4 patient",4038.92,4004.318
2025-10-28 12:00:00,test,"MLP v3b [256,128,64] lr1e-4 patient",4039.79,4010.0056
2025-10-28 13:00:00,test,"MLP v3b [256,128,64] lr1e-4 patient",3829.56,3843.6306
2025-10-28 14:00:00,test,"MLP v3b [256,128,64] lr1e-4 patient",3831.38,3883.407
2025-10-28 15:00:00,test,"MLP v3b [256,128,64] lr1e-4 patient",3842.25,3849.8457
2025-10-28 16:00:00,test,"MLP v3b [256,128,64] lr1e-4 patient",3827.8,3816.723
2025-10-28 17:00:00,test,"MLP v3b [256,128,64] lr1e-4 patient",4050.61,3957.4329
2025-10-28 18:00:00,test,"MLP v3b [256,128,64] lr1e-4 patient",4064.33,4025.6448
2025-10-28 19:00:00,test,"MLP v3b [256,128,64] lr1e-4 patient",3963.61,3900.902
2025-10-28 20:00:00,test,"MLP v3b [256,128,64] lr1e-4 patient",3697.8,3648.7617
2025-10-28 21:00:00,test,"MLP v3b [256,128,64] lr1e-4 patient",3355.23,3340.827
2025-10-28 22:00:00,test,"MLP v3b [256,128,64] lr1e-4 patient",3191.35,3191.6257
2025-10-28 23:00:00,test,"MLP v3b [256,128,64] lr1e-4 patient",2992.28,2977.9954
2025-10-29 00:00:00,test,"MLP v3b [256,128,64] lr1e-4 patient",2748.36,2747.1875
2025-10-29 01:00:00,test,"MLP v3b [256,128,64] lr1e-4 patient",2576.81,2573.4885
2025-10-29 02:00:00,test,"MLP v3b [256,128,64] lr1e-4 patient",2473.29,2496.0938
2025-10-29 03:00:00,test,"MLP v3b [256,128,64] lr1e-4 patient",2420.66,2444.837
2025-10-29 04:00:00,test,"MLP v3b [256,128,64] lr1e-4 patient",2515.12,2528.1748
2025-10-29 05:00:00,test,"MLP v3b [256,128,64] lr1e-4 patient",2916.6,2864.9133
2025-10-29 06:00:00,test,"MLP v3b [256,128,64] lr1e-4 patient",3483.54,3296.9211
2025-10-29 07:00:00,test,"MLP v3b [256,128,64] lr1e-4 patient",3531.09,3491.614
2025-10-29 08:00:00,test,"MLP v3b [256,128,64] lr1e-4 patient",3552.73,3553.6396
2025-10-29 09:00:00,test,"MLP v3b [256,128,64] lr1e-4 patient",3897.78,3894.97
2025-10-29 10:00:00,test,"MLP v3b [256,128,64] lr1e-4 patient",4074.99,4024.2312
2025-10-29 11:00:00,test,"MLP v3b [256,128,64] lr1e-4 patient",4108.65,4081.802
2025-10-29 12:00:00,test,"MLP v3b [256,128,64] lr1e-4 patient",4089.5,4103.4106
2025-10-29 13:00:00,test,"MLP v3b [256,128,64] lr1e-4 patient",3980.34,3880.491
2025-10-29 14:00:00,test,"MLP v3b [256,128,64] lr1e-4 patient",4018.3,3996.078
2025-10-29 15:00:00,test,"MLP v3b [256,128,64] lr1e-4 patient",3999.05,4033.9368
2025-10-29 16:00:00,test,"MLP v3b [256,128,64] lr1e-4 patient",3988.02,3982.3704
2025-10-29 17:00:00,test,"MLP v3b [256,128,64] lr1e-4 patient",4178.77,4104.7656
2025-10-29 18:00:00,test,"MLP v3b [256,128,64] lr1e-4 patient",4248.57,4198.721
2025-10-29 19:00:00,test,"MLP v3b [256,128,64] lr1e-4 patient",4132.15,4080.3445
2025-10-29 20:00:00,test,"MLP v3b [256,128,64] lr1e-4 patient",3849.97,3807.0967
2025-10-29 21:00:00,test,"MLP v3b [256,128,64] lr1e-4 patient",3469.9,3477.541
2025-10-29 22:00:00,test,"MLP v3b [256,128,64] lr1e-4 patient",3314.71,3299.0383
2025-10-29 23:00:00,test,"MLP v3b [256,128,64] lr1e-4 patient",3121.34,3062.388
2025-10-30 00:00:00,test,"MLP v3b [256,128,64] lr1e-4 patient",2870.26,2789.8562
2025-10-30 01:00:00,test,"MLP v3b [256,128,64] lr1e-4 patient",2687.37,2638.702
2025-10-30 02:00:00,test,"MLP v3b [256,128,64] lr1e-4 patient",2558.44,2553.4143
2025-10-30 03:00:00,test,"MLP v3b [256,128,64] lr1e-4 patient",2496.61,2484.7976
2025-10-30 04:00:00,test,"MLP v3b [256,128,64] lr1e-4 patient",2610.65,2571.5706
2025-10-30 05:00:00,test,"MLP v3b [256,128,64] lr1e-4 patient",2991.0,2887.8938
2025-10-30 06:00:00,test,"MLP v3b [256,128,64] lr1e-4 patient",3568.53,3350.3047
2025-10-30 07:00:00,test,"MLP v3b [256,128,64] lr1e-4 patient",3619.65,3542.2285
2025-10-30 08:00:00,test,"MLP v3b [256,128,64] lr1e-4 patient",3669.83,3611.6057
2025-10-30 09:00:00,test,"MLP v3b [256,128,64] lr1e-4 patient",4063.5,4022.3376
2025-10-30 10:00:00,test,"MLP v3b [256,128,64] lr1e-4 patient",4242.77,4253.5137
2025-10-30 11:00:00,test,"MLP v3b [256,128,64] lr1e-4 patient",4205.88,4299.742
2025-10-30 12:00:00,test,"MLP v3b [256,128,64] lr1e-4 patient",4134.89,4236.8394
2025-10-30 13:00:00,test,"MLP v3b [256,128,64] lr1e-4 patient",3889.61,3963.625
2025-10-30 14:00:00,test,"MLP v3b [256,128,64] lr1e-4 patient",3919.66,3998.656
2025-10-30 15:00:00,test,"MLP v3b [256,128,64] lr1e-4 patient",3965.49,3960.009
2025-10-30 16:00:00,test,"MLP v3b [256,128,64] lr1e-4 patient",4046.53,3981.4392
2025-10-30 17:00:00,test,"MLP v3b [256,128,64] lr1e-4 patient",4225.45,4181.4897
2025-10-30 18:00:00,test,"MLP v3b [256,128,64] lr1e-4 patient",4341.62,4272.729
2025-10-30 19:00:00,test,"MLP v3b [256,128,64] lr1e-4 patient",4188.6,4218.641
2025-10-30 20:00:00,test,"MLP v3b [256,128,64] lr1e-4 patient",3894.36,3896.4656
2025-10-30 21:00:00,test,"MLP v3b [256,128,64] lr1e-4 patient",3516.13,3542.2512
2025-10-30 22:00:00,test,"MLP v3b [256,128,64] lr1e-4 patient",3352.29,3363.5535
2025-10-30 23:00:00,test,"MLP v3b [256,128,64] lr1e-4 patient",3163.13,3169.9988
2025-10-31 00:00:00,test,"MLP v3b [256,128,64] lr1e-4 patient",2905.01,2821.964
2025-10-31 01:00:00,test,"MLP v3b [256,128,64] lr1e-4 patient",2714.24,2695.106
2025-10-31 02:00:00,test,"MLP v3b [256,128,64] lr1e-4 patient",2588.12,2565.6912
2025-10-31 03:00:00,test,"MLP v3b [256,128,64] lr1e-4 patient",2527.52,2510.95
2025-10-31 04:00:00,test,"MLP v3b [256,128,64] lr1e-4 patient",2602.95,2595.6777
2025-10-31 05:00:00,test,"MLP v3b [256,128,64] lr1e-4 patient",3008.15,2912.4043
2025-10-31 06:00:00,test,"MLP v3b [256,128,64] lr1e-4 patient",3561.95,3404.9832
2025-10-31 07:00:00,test,"MLP v3b [256,128,64] lr1e-4 patient",3671.13,3618.9004
2025-10-31 08:00:00,test,"MLP v3b [256,128,64] lr1e-4 patient",3748.08,3674.2097
2025-10-31 09:00:00,test,"MLP v3b [256,128,64] lr1e-4 patient",4208.42,4175.9663
2025-10-31 10:00:00,test,"MLP v3b [256,128,64] lr1e-4 patient",4428.77,4422.7036
2025-10-31 11:00:00,test,"MLP v3b [256,128,64] lr1e-4 patient",4485.0,4478.815
2025-10-31 12:00:00,test,"MLP v3b [256,128,64] lr1e-4 patient",4456.14,4465.3276
2025-10-31 13:00:00,test,"MLP v3b [256,128,64] lr1e-4 patient",4270.45,4249.95
2025-10-31 14:00:00,test,"MLP v3b [256,128,64] lr1e-4 patient",4224.96,4280.6724
2025-10-31 15:00:00,test,"MLP v3b [256,128,64] lr1e-4 patient",4244.16,4288.7334
2025-10-31 16:00:00,test,"MLP v3b [256,128,64] lr1e-4 patient",4228.1,4223.897
2025-10-31 17:00:00,test,"MLP v3b [256,128,64] lr1e-4 patient",4414.37,4355.244
2025-10-31 18:00:00,test,"MLP v3b [256,128,64] lr1e-4 patient",4441.18,4427.7188
2025-10-31 19:00:00,test,"MLP v3b [256,128,64] lr1e-4 patient",4292.36,4337.1206
2025-10-31 20:00:00,test,"MLP v3b [256,128,64] lr1e-4 patient",4013.24,3963.5637
2025-10-31 21:00:00,test,"MLP v3b [256,128,64] lr1e-4 patient",3667.69,3635.077
2025-10-31 22:00:00,test,"MLP v3b [256,128,64] lr1e-4 patient",3502.85,3490.5625
2025-10-31 23:00:00,test,"MLP v3b [256,128,64] lr1e-4 patient",3261.96,3246.0745
2025-11-01 00:00:00,test,"MLP v3b [256,128,64] lr1e-4 patient",3038.92,2894.9602
2025-11-01 01:00:00,test,"MLP v3b [256,128,64] lr1e-4 patient",2847.82,2775.4343
2025-11-01 02:00:00,test,"MLP v3b [256,128,64] lr1e-4 patient",2713.66,2675.1387
2025-11-01 03:00:00,test,"MLP v3b [256,128,64] lr1e-4 patient",2626.44,2592.2317
2025-11-01 04:00:00,test,"MLP v3b [256,128,64] lr1e-4 patient",2694.65,2658.4966
2025-11-01 05:00:00,test,"MLP v3b [256,128,64] lr1e-4 patient",2962.69,2935.0994
2025-11-01 06:00:00,test,"MLP v3b [256,128,64] lr1e-4 patient",3387.14,3342.7864
2025-11-01 07:00:00,test,"MLP v3b [256,128,64] lr1e-4 patient",3481.54,3515.8943
2025-11-01 08:00:00,test,"MLP v3b [256,128,64] lr1e-4 patient",3534.61,3547.2156
2025-11-01 09:00:00,test,"MLP v3b [256,128,64] lr1e-4 patient",3880.32,3830.7356
2025-11-01 10:00:00,test,"MLP v3b [256,128,64] lr1e-4 patient",4040.98,4054.0295
2025-11-01 11:00:00,test,"MLP v3b [256,128,64] lr1e-4 patient",4069.02,4091.5208
2025-11-01 12:00:00,test,"MLP v3b [256,128,64] lr1e-4 patient",4090.21,4047.4177
2025-11-01 13:00:00,test,"MLP v3b [256,128,64] lr1e-4 patient",3913.57,3897.9062
2025-11-01 14:00:00,test,"MLP v3b [256,128,64] lr1e-4 patient",3886.16,3906.0403
2025-11-01 15:00:00,test,"MLP v3b [256,128,64] lr1e-4 patient",3873.19,3886.1677
2025-11-01 16:00:00,test,"MLP v3b [256,128,64] lr1e-4 patient",3868.08,3858.534
2025-11-01 17:00:00,test,"MLP v3b [256,128,64] lr1e-4 patient",4049.83,4032.7686
2025-11-01 18:00:00,test,"MLP v3b [256,128,64] lr1e-4 patient",4119.94,4100.988
2025-11-01 19:00:00,test,"MLP v3b [256,128,64] lr1e-4 patient",4011.26,3994.6174
2025-11-01 20:00:00,test,"MLP v3b [256,128,64] lr1e-4 patient",3712.25,3755.75
2025-11-01 21:00:00,test,"MLP v3b [256,128,64] lr1e-4 patient",3417.3,3439.7253
2025-11-01 22:00:00,test,"MLP v3b [256,128,64] lr1e-4 patient",3241.85,3274.4197
2025-11-01 23:00:00,test,"MLP v3b [256,128,64] lr1e-4 patient",3041.16,3037.657
2025-11-02 00:00:00,test,"MLP v3b [256,128,64] lr1e-4 patient",2847.1,2746.5242
2025-11-02 01:00:00,test,"MLP v3b [256,128,64] lr1e-4 patient",2632.2,2617.0334
2025-11-02 02:00:00,test,"MLP v3b [256,128,64] lr1e-4 patient",2510.01,2513.6462
2025-11-02 03:00:00,test,"MLP v3b [256,128,64] lr1e-4 patient",2421.26,2426.3274
2025-11-02 04:00:00,test,"MLP v3b [256,128,64] lr1e-4 patient",2579.18,2487.7268
2025-11-02 05:00:00,test,"MLP v3b [256,128,64] lr1e-4 patient",2654.94,2780.2383
2025-11-02 06:00:00,test,"MLP v3b [256,128,64] lr1e-4 patient",2913.57,3048.826
2025-11-02 07:00:00,test,"MLP v3b [256,128,64] lr1e-4 patient",3151.13,3195.9424
2025-11-02 08:00:00,test,"MLP v3b [256,128,64] lr1e-4 patient",3264.88,3287.9258
2025-11-02 09:00:00,test,"MLP v3b [256,128,64] lr1e-4 patient",3588.92,3579.9932
2025-11-02 10:00:00,test,"MLP v3b [256,128,64] lr1e-4 patient",3749.12,3745.6094
2025-11-02 11:00:00,test,"MLP v3b [256,128,64] lr1e-4 patient",3804.26,3796.7922
2025-11-02 12:00:00,test,"MLP v3b [256,128,64] lr1e-4 patient",3824.44,3779.3342
2025-11-02 13:00:00,test,"MLP v3b [256,128,64] lr1e-4 patient",3689.5,3623.4382
2025-11-02 14:00:00,test,"MLP v3b [256,128,64] lr1e-4 patient",3556.71,3597.127
2025-11-02 15:00:00,test,"MLP v3b [256,128,64] lr1e-4 patient",3512.82,3506.1377
2025-11-02 16:00:00,test,"MLP v3b [256,128,64] lr1e-4 patient",3500.04,3484.8066
2025-11-02 17:00:00,test,"MLP v3b [256,128,64] lr1e-4 patient",3758.55,3720.8484
2025-11-02 18:00:00,test,"MLP v3b [256,128,64] lr1e-4 patient",3813.67,3817.2312
2025-11-02 19:00:00,test,"MLP v3b [256,128,64] lr1e-4 patient",3730.82,3769.8184
2025-11-02 20:00:00,test,"MLP v3b [256,128,64] lr1e-4 patient",3536.59,3518.1902
2025-11-02 21:00:00,test,"MLP v3b [256,128,64] lr1e-4 patient",3305.7,3304.0374
2025-11-02 22:00:00,test,"MLP v3b [256,128,64] lr1e-4 patient",3097.44,3150.345
2025-11-02 23:00:00,test,"MLP v3b [256,128,64] lr1e-4 patient",2931.34,2893.8093
2025-11-03 00:00:00,test,"MLP v3b [256,128,64] lr1e-4 patient",2751.21,2674.1465
2025-11-03 01:00:00,test,"MLP v3b [256,128,64] lr1e-4 patient",2556.65,2551.335
2025-11-03 02:00:00,test,"MLP v3b [256,128,64] lr1e-4 patient",2430.97,2455.5854
2025-11-03 03:00:00,test,"MLP v3b [256,128,64] lr1e-4 patient",2381.36,2391.0535
2025-11-03 04:00:00,test,"MLP v3b [256,128,64] lr1e-4 patient",2471.14,2509.9001
2025-11-03 05:00:00,test,"MLP v3b [256,128,64] lr1e-4 patient",2873.1,2856.7012
2025-11-03 06:00:00,test,"MLP v3b [256,128,64] lr1e-4 patient",3420.0,3368.736
2025-11-03 07:00:00,test,"MLP v3b [256,128,64] lr1e-4 patient",3489.69,3558.332
2025-11-03 08:00:00,test,"MLP v3b [256,128,64] lr1e-4 patient",3516.29,3575.4094
2025-11-03 09:00:00,test,"MLP v3b [256,128,64] lr1e-4 patient",3884.0,3809.1768
2025-11-03 10:00:00,test,"MLP v3b [256,128,64] lr1e-4 patient",3913.29,3953.4924
2025-11-03 11:00:00,test,"MLP v3b [256,128,64] lr1e-4 patient",3937.46,3928.865
2025-11-03 12:00:00,test,"MLP v3b [256,128,64] lr1e-4 patient",3937.6,3864.6394
2025-11-03 13:00:00,test,"MLP v3b [256,128,64] lr1e-4 patient",3747.82,3690.568
2025-11-03 14:00:00,test,"MLP v3b [256,128,64] lr1e-4 patient",3759.28,3725.2864
2025-11-03 15:00:00,test,"MLP v3b [256,128,64] lr1e-4 patient",3784.03,3744.9568
2025-11-03 16:00:00,test,"MLP v3b [256,128,64] lr1e-4 patient",3832.61,3732.508
2025-11-03 17:00:00,test,"MLP v3b [256,128,64] lr1e-4 patient",4072.55,3979.3313
2025-11-03 18:00:00,test,"MLP v3b [256,128,64] lr1e-4 patient",4098.09,4049.568
2025-11-03 19:00:00,test,"MLP v3b [256,128,64] lr1e-4 patient",3953.24,3917.674
2025-11-03 20:00:00,test,"MLP v3b [256,128,64] lr1e-4 patient",3720.78,3681.9807
2025-11-03 21:00:00,test,"MLP v3b [256,128,64] lr1e-4 patient",3344.72,3378.8503
2025-11-03 22:00:00,test,"MLP v3b [256,128,64] lr1e-4 patient",3190.95,3150.673
2025-11-03 23:00:00,test,"MLP v3b [256,128,64] lr1e-4 patient",2963.44,2898.4207
2025-11-04 00:00:00,test,"MLP v3b [256,128,64] lr1e-4 patient",2745.61,2669.377
2025-11-04 01:00:00,test,"MLP v3b [256,128,64] lr1e-4 patient",2557.78,2512.0957
2025-11-04 02:00:00,test,"MLP v3b [256,128,64] lr1e-4 patient",2429.84,2437.2024
2025-11-04 03:00:00,test,"MLP v3b [256,128,64] lr1e-4 patient",2380.61,2371.9072
2025-11-04 04:00:00,test,"MLP v3b [256,128,64] lr1e-4 patient",2496.98,2477.0745
2025-11-04 05:00:00,test,"MLP v3b [256,128,64] lr1e-4 patient",2893.63,2888.4727
2025-11-04 06:00:00,test,"MLP v3b [256,128,64] lr1e-4 patient",3491.07,3464.4734
2025-11-04 07:00:00,test,"MLP v3b [256,128,64] lr1e-4 patient",3527.58,3606.5574
2025-11-04 08:00:00,test,"MLP v3b [256,128,64] lr1e-4 patient",3581.82,3617.4739
2025-11-04 09:00:00,test,"MLP v3b [256,128,64] lr1e-4 patient",3913.83,3842.6663
2025-11-04 10:00:00,test,"MLP v3b [256,128,64] lr1e-4 patient",4056.93,3984.5417
2025-11-04 11:00:00,test,"MLP v3b [256,128,64] lr1e-4 patient",4059.17,4018.9714
2025-11-04 12:00:00,test,"MLP v3b [256,128,64] lr1e-4 patient",3981.17,3972.0627
2025-11-04 13:00:00,test,"MLP v3b [256,128,64] lr1e-4 patient",3781.17,3727.5066
2025-11-04 14:00:00,test,"MLP v3b [256,128,64] lr1e-4 patient",3865.16,3730.2253
2025-11-04 15:00:00,test,"MLP v3b [256,128,64] lr1e-4 patient",3904.42,3822.0652
2025-11-04 16:00:00,test,"MLP v3b [256,128,64] lr1e-4 patient",3933.74,3842.9912
2025-11-04 17:00:00,test,"MLP v3b [256,128,64] lr1e-4 patient",4128.08,4092.1746
2025-11-04 18:00:00,test,"MLP v3b [256,128,64] lr1e-4 patient",4206.34,4103.8203
2025-11-04 19:00:00,test,"MLP v3b [256,128,64] lr1e-4 patient",4095.41,3997.8337
2025-11-04 20:00:00,test,"MLP v3b [256,128,64] lr1e-4 patient",3752.29,3753.0183
2025-11-04 21:00:00,test,"MLP v3b [256,128,64] lr1e-4 patient",3382.53,3365.2578
2025-11-04 22:00:00,test,"MLP v3b [256,128,64] lr1e-4 patient",3214.43,3164.4875
2025-11-04 23:00:00,test,"MLP v3b [256,128,64] lr1e-4 patient",3007.62,2922.4512
2025-11-05 00:00:00,test,"MLP v3b [256,128,64] lr1e-4 patient",2809.77,2635.752
2025-11-05 01:00:00,test,"MLP v3b [256,128,64] lr1e-4 patient",2710.0,2536.2869
2025-11-05 02:00:00,test,"MLP v3b [256,128,64] lr1e-4 patient",2495.41,2496.861
2025-11-05 03:00:00,test,"MLP v3b [256,128,64] lr1e-4 patient",2425.78,2387.8933
2025-11-05 04:00:00,test,"MLP v3b [256,128,64] lr1e-4 patient",2525.2,2464.6772
2025-11-05 05:00:00,test,"MLP v3b [256,128,64] lr1e-4 patient",2743.42,2779.4785
2025-11-05 06:00:00,test,"MLP v3b [256,128,64] lr1e-4 patient",3064.11,3201.9912
2025-11-05 07:00:00,test,"MLP v3b [256,128,64] lr1e-4 patient",3404.51,3293.6484
2025-11-05 08:00:00,test,"MLP v3b [256,128,64] lr1e-4 patient",3530.18,3438.7373
2025-11-05 09:00:00,test,"MLP v3b [256,128,64] lr1e-4 patient",3953.46,3796.9338
2025-11-05 10:00:00,test,"MLP v3b [256,128,64] lr1e-4 patient",4111.76,3996.8408
2025-11-05 11:00:00,test,"MLP v3b [256,128,64] lr1e-4 patient",4149.22,4052.4558
2025-11-05 12:00:00,test,"MLP v3b [256,128,64] lr1e-4 patient",4110.86,4068.41
2025-11-05 13:00:00,test,"MLP v3b [256,128,64] lr1e-4 patient",3892.95,3817.9043
2025-11-05 14:00:00,test,"MLP v3b [256,128,64] lr1e-4 patient",3842.15,3817.5417
2025-11-05 15:00:00,test,"MLP v3b [256,128,64] lr1e-4 patient",3841.95,3768.5352
2025-11-05 16:00:00,test,"MLP v3b [256,128,64] lr1e-4 patient",3832.62,3762.4895
2025-11-05 17:00:00,test,"MLP v3b [256,128,64] lr1e-4 patient",4086.33,3967.0508
2025-11-05 18:00:00,test,"MLP v3b [256,128,64] lr1e-4 patient",4146.44,4083.009
2025-11-05 19:00:00,test,"MLP v3b [256,128,64] lr1e-4 patient",4071.45,3985.4343
2025-11-05 20:00:00,test,"MLP v3b [256,128,64] lr1e-4 patient",3764.91,3755.0251
2025-11-05 21:00:00,test,"MLP v3b [256,128,64] lr1e-4 patient",3373.84,3444.9285
2025-11-05 22:00:00,test,"MLP v3b [256,128,64] lr1e-4 patient",3234.35,3214.3606
2025-11-05 23:00:00,test,"MLP v3b [256,128,64] lr1e-4 patient",2982.72,2971.8489
2025-11-06 00:00:00,test,"MLP v3b [256,128,64] lr1e-4 patient",2748.58,2674.755
2025-11-06 01:00:00,test,"MLP v3b [256,128,64] lr1e-4 patient",2530.94,2519.8997
2025-11-06 02:00:00,test,"MLP v3b [256,128,64] lr1e-4 patient",2397.09,2416.7317
2025-11-06 03:00:00,test,"MLP v3b [256,128,64] lr1e-4 patient",2337.22,2327.009
2025-11-06 04:00:00,test,"MLP v3b [256,128,64] lr1e-4 patient",2404.25,2453.1443
2025-11-06 05:00:00,test,"MLP v3b [256,128,64] lr1e-4 patient",2833.61,2821.5361
2025-11-06 06:00:00,test,"MLP v3b [256,128,64] lr1e-4 patient",3466.32,3354.7214
2025-11-06 07:00:00,test,"MLP v3b [256,128,64] lr1e-4 patient",3511.19,3587.318
2025-11-06 08:00:00,test,"MLP v3b [256,128,64] lr1e-4 patient",3537.46,3595.7668
2025-11-06 09:00:00,test,"MLP v3b [256,128,64] lr1e-4 patient",3797.77,3829.6855
2025-11-06 10:00:00,test,"MLP v3b [256,128,64] lr1e-4 patient",3922.55,3918.1797
2025-11-06 11:00:00,test,"MLP v3b [256,128,64] lr1e-4 patient",3894.08,3920.6765
2025-11-06 12:00:00,test,"MLP v3b [256,128,64] lr1e-4 patient",3853.23,3841.5344
2025-11-06 13:00:00,test,"MLP v3b [256,128,64] lr1e-4 patient",3576.62,3625.9597
2025-11-06 14:00:00,test,"MLP v3b [256,128,64] lr1e-4 patient",3659.09,3622.7146
2025-11-06 15:00:00,test,"MLP v3b [256,128,64] lr1e-4 patient",3695.89,3658.1387
2025-11-06 16:00:00,test,"MLP v3b [256,128,64] lr1e-4 patient",3683.14,3689.5674
2025-11-06 17:00:00,test,"MLP v3b [256,128,64] lr1e-4 patient",3960.19,3899.9294
2025-11-06 18:00:00,test,"MLP v3b [256,128,64] lr1e-4 patient",4042.78,3972.8096
2025-11-06 19:00:00,test,"MLP v3b [256,128,64] lr1e-4 patient",3895.42,3913.5627
2025-11-06 20:00:00,test,"MLP v3b [256,128,64] lr1e-4 patient",3529.06,3655.9622
2025-11-06 21:00:00,test,"MLP v3b [256,128,64] lr1e-4 patient",3180.65,3223.237
2025-11-06 22:00:00,test,"MLP v3b [256,128,64] lr1e-4 patient",2994.39,3037.986
2025-11-06 23:00:00,test,"MLP v3b [256,128,64] lr1e-4 patient",2764.61,2783.0222
2025-11-07 00:00:00,test,"MLP v3b [256,128,64] lr1e-4 patient",2515.12,2537.6816
2025-11-07 01:00:00,test,"MLP v3b [256,128,64] lr1e-4 patient",2330.66,2365.0881
2025-11-07 02:00:00,test,"MLP v3b [256,128,64] lr1e-4 patient",2211.75,2275.4243
2025-11-07 03:00:00,test,"MLP v3b [256,128,64] lr1e-4 patient",2150.33,2216.7988
2025-11-07 04:00:00,test,"MLP v3b [256,128,64] lr1e-4 patient",2225.34,2327.5188
2025-11-07 05:00:00,test,"MLP v3b [256,128,64] lr1e-4 patient",2746.51,2720.9397
2025-11-07 06:00:00,test,"MLP v3b [256,128,64] lr1e-4 patient",3479.48,3338.2383
2025-11-07 07:00:00,test,"MLP v3b [256,128,64] lr1e-4 patient",3585.71,3635.4001
2025-11-07 08:00:00,test,"MLP v3b [256,128,64] lr1e-4 patient",3580.01,3671.6943
2025-11-07 09:00:00,test,"MLP v3b [256,128,64] lr1e-4 patient",3896.87,3858.6592
2025-11-07 10:00:00,test,"MLP v3b [256,128,64] lr1e-4 patient",3984.68,4008.5293
2025-11-07 11:00:00,test,"MLP v3b [256,128,64] lr1e-4 patient",3984.73,3981.3945
2025-11-07 12:00:00,test,"MLP v3b [256,128,64] lr1e-4 patient",3955.8,3912.3398
2025-11-07 13:00:00,test,"MLP v3b [256,128,64] lr1e-4 patient",3624.93,3715.9531
2025-11-07 14:00:00,test,"MLP v3b [256,128,64] lr1e-4 patient",3634.17,3557.4202
2025-11-07 15:00:00,test,"MLP v3b [256,128,64] lr1e-4 patient",3666.52,3596.04
2025-11-07 16:00:00,test,"MLP v3b [256,128,64] lr1e-4 patient",3666.11,3628.8184
2025-11-07 17:00:00,test,"MLP v3b [256,128,64] lr1e-4 patient",3956.17,3891.6494
2025-11-07 18:00:00,test,"MLP v3b [256,128,64] lr1e-4 patient",3987.58,3995.6755
2025-11-07 19:00:00,test,"MLP v3b [256,128,64] lr1e-4 patient",3830.88,3850.6516
2025-11-07 20:00:00,test,"MLP v3b [256,128,64] lr1e-4 patient",3496.97,3540.3352
2025-11-07 21:00:00,test,"MLP v3b [256,128,64] lr1e-4 patient",3126.68,3165.6406
2025-11-07 22:00:00,test,"MLP v3b [256,128,64] lr1e-4 patient",2961.49,2980.0098
2025-11-07 23:00:00,test,"MLP v3b [256,128,64] lr1e-4 patient",2686.26,2732.825
2025-11-08 00:00:00,test,"MLP v3b [256,128,64] lr1e-4 patient",2439.25,2480.4246
2025-11-08 01:00:00,test,"MLP v3b [256,128,64] lr1e-4 patient",2262.33,2264.8186
2025-11-08 02:00:00,test,"MLP v3b [256,128,64] lr1e-4 patient",2110.76,2202.3564
2025-11-08 03:00:00,test,"MLP v3b [256,128,64] lr1e-4 patient",2072.36,2126.4336
2025-11-08 04:00:00,test,"MLP v3b [256,128,64] lr1e-4 patient",2129.62,2256.359
2025-11-08 05:00:00,test,"MLP v3b [256,128,64] lr1e-4 patient",2435.81,2604.655
2025-11-08 06:00:00,test,"MLP v3b [256,128,64] lr1e-4 patient",2925.63,3049.7112
2025-11-08 07:00:00,test,"MLP v3b [256,128,64] lr1e-4 patient",3267.42,3276.5461
2025-11-08 08:00:00,test,"MLP v3b [256,128,64] lr1e-4 patient",3369.92,3384.1458
2025-11-08 09:00:00,test,"MLP v3b [256,128,64] lr1e-4 patient",3680.1,3636.5828
2025-11-08 10:00:00,test,"MLP v3b [256,128,64] lr1e-4 patient",3787.99,3768.0352
2025-11-08 11:00:00,test,"MLP v3b [256,128,64] lr1e-4 patient",3786.88,3753.9287
2025-11-08 12:00:00,test,"MLP v3b [256,128,64] lr1e-4 patient",3737.7,3693.7078
2025-11-08 13:00:00,test,"MLP v3b [256,128,64] lr1e-4 patient",3517.8,3455.7766
2025-11-08 14:00:00,test,"MLP v3b [256,128,64] lr1e-4 patient",3388.55,3382.0764
2025-11-08 15:00:00,test,"MLP v3b [256,128,64] lr1e-4 patient",3338.96,3344.8157
2025-11-08 16:00:00,test,"MLP v3b [256,128,64] lr1e-4 patient",3363.72,3337.3076
2025-11-08 17:00:00,test,"MLP v3b [256,128,64] lr1e-4 patient",3629.26,3643.2122
2025-11-08 18:00:00,test,"MLP v3b [256,128,64] lr1e-4 patient",3677.55,3698.7903
2025-11-08 19:00:00,test,"MLP v3b [256,128,64] lr1e-4 patient",3557.92,3586.8906
2025-11-08 20:00:00,test,"MLP v3b [256,128,64] lr1e-4 patient",3295.39,3337.9338
2025-11-08 21:00:00,test,"MLP v3b [256,128,64] lr1e-4 patient",2975.51,3036.9128
2025-11-08 22:00:00,test,"MLP v3b [256,128,64] lr1e-4 patient",2748.73,2825.172
2025-11-08 23:00:00,test,"MLP v3b [256,128,64] lr1e-4 patient",2517.04,2571.3513
2025-11-09 00:00:00,test,"MLP v3b [256,128,64] lr1e-4 patient",2294.12,2325.5781
2025-11-09 01:00:00,test,"MLP v3b [256,128,64] lr1e-4 patient",2078.36,2148.9104
2025-11-09 02:00:00,test,"MLP v3b [256,128,64] lr1e-4 patient",1958.2,2044.4928
2025-11-09 03:00:00,test,"MLP v3b [256,128,64] lr1e-4 patient",1915.48,1989.8815
2025-11-09 04:00:00,test,"MLP v3b [256,128,64] lr1e-4 patient",1972.48,2114.9841
2025-11-09 05:00:00,test,"MLP v3b [256,128,64] lr1e-4 patient",2217.21,2398.0208
2025-11-09 06:00:00,test,"MLP v3b [256,128,64] lr1e-4 patient",2622.09,2750.923
2025-11-09 07:00:00,test,"MLP v3b [256,128,64] lr1e-4 patient",3063.28,3003.2942
2025-11-09 08:00:00,test,"MLP v3b [256,128,64] lr1e-4 patient",3225.18,3204.639
2025-11-09 09:00:00,test,"MLP v3b [256,128,64] lr1e-4 patient",3584.5,3499.76
2025-11-09 10:00:00,test,"MLP v3b [256,128,64] lr1e-4 patient",3712.86,3638.0222
2025-11-09 11:00:00,test,"MLP v3b [256,128,64] lr1e-4 patient",3747.9,3696.5332
2025-11-09 12:00:00,test,"MLP v3b [256,128,64] lr1e-4 patient",3748.21,3637.4553
2025-11-09 13:00:00,test,"MLP v3b [256,128,64] lr1e-4 patient",3450.97,3426.4062
2025-11-09 14:00:00,test,"MLP v3b [256,128,64] lr1e-4 patient",3318.87,3280.8699
2025-11-09 15:00:00,test,"MLP v3b [256,128,64] lr1e-4 patient",3186.28,3176.4612
2025-11-09 16:00:00,test,"MLP v3b [256,128,64] lr1e-4 patient",3157.68,3149.214
2025-11-09 17:00:00,test,"MLP v3b [256,128,64] lr1e-4 patient",3432.46,3411.5515
2025-11-09 18:00:00,test,"MLP v3b [256,128,64] lr1e-4 patient",3462.94,3487.4944
2025-11-09 19:00:00,test,"MLP v3b [256,128,64] lr1e-4 patient",3349.02,3394.406
2025-11-09 20:00:00,test,"MLP v3b [256,128,64] lr1e-4 patient",3169.72,3144.6104
2025-11-09 21:00:00,test,"MLP v3b [256,128,64] lr1e-4 patient",2908.02,2900.531
2025-11-09 22:00:00,test,"MLP v3b [256,128,64] lr1e-4 patient",2727.1,2726.5554
2025-11-09 23:00:00,test,"MLP v3b [256,128,64] lr1e-4 patient",2475.82,2501.0986
2025-11-10 00:00:00,test,"MLP v3b [256,128,64] lr1e-4 patient",2224.19,2300.034
2025-11-10 01:00:00,test,"MLP v3b [256,128,64] lr1e-4 patient",2026.16,2099.7217
2025-11-10 02:00:00,test,"MLP v3b [256,128,64] lr1e-4 patient",1912.26,2025.8346
2025-11-10 03:00:00,test,"MLP v3b [256,128,64] lr1e-4 patient",1864.37,1987.8785
2025-11-10 04:00:00,test,"MLP v3b [256,128,64] lr1e-4 patient",1999.76,2106.551
2025-11-10 05:00:00,test,"MLP v3b [256,128,64] lr1e-4 patient",2595.77,2533.262
2025-11-10 06:00:00,test,"MLP v3b [256,128,64] lr1e-4 patient",3415.9,3174.8943
2025-11-10 07:00:00,test,"MLP v3b [256,128,64] lr1e-4 patient",3548.85,3579.8103
2025-11-10 08:00:00,test,"MLP v3b [256,128,64] lr1e-4 patient",3601.4,3627.6934
2025-11-10 09:00:00,test,"MLP v3b [256,128,64] lr1e-4 patient",3874.91,3825.2136
2025-11-10 10:00:00,test,"MLP v3b [256,128,64] lr1e-4 patient",3936.43,3906.6516
2025-11-10 11:00:00,test,"MLP v3b [256,128,64] lr1e-4 patient",3867.26,3886.0146
2025-11-10 12:00:00,test,"MLP v3b [256,128,64] lr1e-4 patient",3786.46,3776.5176
2025-11-10 13:00:00,test,"MLP v3b [256,128,64] lr1e-4 patient",3504.13,3502.1145
2025-11-10 14:00:00,test,"MLP v3b [256,128,64] lr1e-4 patient",3504.66,3422.2002
2025-11-10 15:00:00,test,"MLP v3b [256,128,64] lr1e-4 patient",3524.7,3449.3718
2025-11-10 16:00:00,test,"MLP v3b [256,128,64] lr1e-4 patient",3477.01,3498.7825
2025-11-10 17:00:00,test,"MLP v3b [256,128,64] lr1e-4 patient",3696.95,3727.7314
2025-11-10 18:00:00,test,"MLP v3b [256,128,64] lr1e-4 patient",3737.41,3747.6062
2025-11-10 19:00:00,test,"MLP v3b [256,128,64] lr1e-4 patient",3655.74,3632.3594
2025-11-10 20:00:00,test,"MLP v3b [256,128,64] lr1e-4 patient",3428.0,3420.1602
2025-11-10 21:00:00,test,"MLP v3b [256,128,64] lr1e-4 patient",3030.87,3106.6133
2025-11-10 22:00:00,test,"MLP v3b [256,128,64] lr1e-4 patient",2829.86,2874.907
2025-11-10 23:00:00,test,"MLP v3b [256,128,64] lr1e-4 patient",2559.51,2585.3877
2025-11-11 00:00:00,test,"MLP v3b [256,128,64] lr1e-4 patient",2371.98,2333.257
2025-11-11 01:00:00,test,"MLP v3b [256,128,64] lr1e-4 patient",2086.66,2160.5166
2025-11-11 02:00:00,test,"MLP v3b [256,128,64] lr1e-4 patient",1955.91,2062.4368
2025-11-11 03:00:00,test,"MLP v3b [256,128,64] lr1e-4 patient",1896.24,2015.8002
2025-11-11 04:00:00,test,"MLP v3b [256,128,64] lr1e-4 patient",2041.74,2115.1716
2025-11-11 05:00:00,test,"MLP v3b [256,128,64] lr1e-4 patient",2644.44,2592.6443
2025-11-11 06:00:00,test,"MLP v3b [256,128,64] lr1e-4 patient",3483.37,3320.717
2025-11-11 07:00:00,test,"MLP v3b [256,128,64] lr1e-4 patient",3562.9,3651.202
2025-11-11 08:00:00,test,"MLP v3b [256,128,64] lr1e-4 patient",3637.33,3661.7751
2025-11-11 09:00:00,test,"MLP v3b [256,128,64] lr1e-4 patient",3853.73,3854.748
2025-11-11 10:00:00,test,"MLP v3b [256,128,64] lr1e-4 patient",3961.46,3923.7432
2025-11-11 11:00:00,test,"MLP v3b [256,128,64] lr1e-4 patient",3901.25,3906.8376
2025-11-11 12:00:00,test,"MLP v3b [256,128,64] lr1e-4 patient",3807.84,3791.4622
2025-11-11 13:00:00,test,"MLP v3b [256,128,64] lr1e-4 patient",3540.57,3533.6992
2025-11-11 14:00:00,test,"MLP v3b [256,128,64] lr1e-4 patient",3535.99,3478.6875
2025-11-11 15:00:00,test,"MLP v3b [256,128,64] lr1e-4 patient",3458.13,3518.6426
2025-11-11 16:00:00,test,"MLP v3b [256,128,64] lr1e-4 patient",3453.29,3489.0354
2025-11-11 17:00:00,test,"MLP v3b [256,128,64] lr1e-4 patient",3732.32,3739.3008
2025-11-11 18:00:00,test,"MLP v3b [256,128,64] lr1e-4 patient",3765.08,3764.29
2025-11-11 19:00:00,test,"MLP v3b [256,128,64] lr1e-4 patient",3671.31,3672.161
2025-11-11 20:00:00,test,"MLP v3b [256,128,64] lr1e-4 patient",3444.31,3420.502
2025-11-11 21:00:00,test,"MLP v3b [256,128,64] lr1e-4 patient",3074.27,3095.412
2025-11-11 22:00:00,test,"MLP v3b [256,128,64] lr1e-4 patient",2862.22,2894.1003
2025-11-11 23:00:00,test,"MLP v3b [256,128,64] lr1e-4 patient",2557.48,2622.1853
2025-11-12 00:00:00,test,"MLP v3b [256,128,64] lr1e-4 patient",2232.68,2373.76
2025-11-12 01:00:00,test,"MLP v3b [256,128,64] lr1e-4 patient",2064.72,2138.7815
2025-11-12 02:00:00,test,"MLP v3b [256,128,64] lr1e-4 patient",1940.04,2047.0973
2025-11-12 03:00:00,test,"MLP v3b [256,128,64] lr1e-4 patient",1902.26,1996.0752
2025-11-12 04:00:00,test,"MLP v3b [256,128,64] lr1e-4 patient",2044.99,2139.4375
2025-11-12 05:00:00,test,"MLP v3b [256,128,64] lr1e-4 patient",2648.17,2580.994
2025-11-12 06:00:00,test,"MLP v3b [256,128,64] lr1e-4 patient",3503.47,3307.5925
2025-11-12 07:00:00,test,"MLP v3b [256,128,64] lr1e-4 patient",3631.22,3671.8455
2025-11-12 08:00:00,test,"MLP v3b [256,128,64] lr1e-4 patient",3752.96,3708.1309
2025-11-12 09:00:00,test,"MLP v3b [256,128,64] lr1e-4 patient",4023.07,3994.7903
2025-11-12 10:00:00,test,"MLP v3b [256,128,64] lr1e-4 patient",4084.97,4096.8457
2025-11-12 11:00:00,test,"MLP v3b [256,128,64] lr1e-4 patient",3910.13,4065.3054
2025-11-12 12:00:00,test,"MLP v3b [256,128,64] lr1e-4 patient",3862.17,3829.5498
2025-11-12 13:00:00,test,"MLP v3b [256,128,64] lr1e-4 patient",3522.57,3573.3567
2025-11-12 14:00:00,test,"MLP v3b [256,128,64] lr1e-4 patient",3550.58,3444.4707
2025-11-12 15:00:00,test,"MLP v3b [256,128,64] lr1e-4 patient",3635.22,3479.1985
2025-11-12 16:00:00,test,"MLP v3b [256,128,64] lr1e-4 patient",3574.71,3586.8147
2025-11-12 17:00:00,test,"MLP v3b [256,128,64] lr1e-4 patient",3875.23,3817.1836
2025-11-12 18:00:00,test,"MLP v3b [256,128,64] lr1e-4 patient",3921.47,3874.5159
2025-11-12 19:00:00,test,"MLP v3b [256,128,64] lr1e-4 patient",3800.76,3782.0354
2025-11-12 20:00:00,test,"MLP v3b [256,128,64] lr1e-4 patient",3520.16,3525.9197
2025-11-12 21:00:00,test,"MLP v3b [256,128,64] lr1e-4 patient",3152.97,3163.3945
2025-11-12 22:00:00,test,"MLP v3b [256,128,64] lr1e-4 patient",2936.5,2952.6594
2025-11-12 23:00:00,test,"MLP v3b [256,128,64] lr1e-4 patient",2557.9,2678.834
2025-11-13 00:00:00,test,"MLP v3b [256,128,64] lr1e-4 patient",2279.23,2353.837
2025-11-13 01:00:00,test,"MLP v3b [256,128,64] lr1e-4 patient",2078.64,2104.3938
2025-11-13 02:00:00,test,"MLP v3b [256,128,64] lr1e-4 patient",1967.21,2037.9424
2025-11-13 03:00:00,test,"MLP v3b [256,128,64] lr1e-4 patient",1915.12,2001.502
2025-11-13 04:00:00,test,"MLP v3b [256,128,64] lr1e-4 patient",2030.34,2117.8772
2025-11-13 05:00:00,test,"MLP v3b [256,128,64] lr1e-4 patient",2594.86,2602.7537
2025-11-13 06:00:00,test,"MLP v3b [256,128,64] lr1e-4 patient",3403.52,3361.127
2025-11-13 07:00:00,test,"MLP v3b [256,128,64] lr1e-4 patient",3559.14,3625.6765
2025-11-13 08:00:00,test,"MLP v3b [256,128,64] lr1e-4 patient",3642.47,3677.7058
2025-11-13 09:00:00,test,"MLP v3b [256,128,64] lr1e-4 patient",3923.0,3884.7395
2025-11-13 10:00:00,test,"MLP v3b [256,128,64] lr1e-4 patient",4006.18,3995.6514
2025-11-13 11:00:00,test,"MLP v3b [256,128,64] lr1e-4 patient",3892.6,3937.53
2025-11-13 12:00:00,test,"MLP v3b [256,128,64] lr1e-4 patient",3791.66,3794.0273
2025-11-13 13:00:00,test,"MLP v3b [256,128,64] lr1e-4 patient",3564.08,3513.0515
2025-11-13 14:00:00,test,"MLP v3b [256,128,64] lr1e-4 patient",3626.34,3505.1624
2025-11-13 15:00:00,test,"MLP v3b [256,128,64] lr1e-4 patient",3512.41,3584.129
2025-11-13 16:00:00,test,"MLP v3b [256,128,64] lr1e-4 patient",3537.22,3543.4277
2025-11-13 17:00:00,test,"MLP v3b [256,128,64] lr1e-4 patient",3825.45,3789.3367
2025-11-13 18:00:00,test,"MLP v3b [256,128,64] lr1e-4 patient",3835.07,3831.9746
2025-11-13 19:00:00,test,"MLP v3b [256,128,64] lr1e-4 patient",3764.18,3745.825
2025-11-13 20:00:00,test,"MLP v3b [256,128,64] lr1e-4 patient",3472.53,3497.3557
2025-11-13 21:00:00,test,"MLP v3b [256,128,64] lr1e-4 patient",3104.24,3144.8054
2025-11-13 22:00:00,test,"MLP v3b [256,128,64] lr1e-4 patient",2893.3,2919.3298
2025-11-13 23:00:00,test,"MLP v3b [256,128,64] lr1e-4 patient",2606.35,2631.8982
2025-11-14 00:00:00,test,"MLP v3b [256,128,64] lr1e-4 patient",2340.74,2340.332
2025-11-14 01:00:00,test,"MLP v3b [256,128,64] lr1e-4 patient",2128.01,2153.3518
2025-11-14 02:00:00,test,"MLP v3b [256,128,64] lr1e-4 patient",1996.12,2065.6726
2025-11-14 03:00:00,test,"MLP v3b [256,128,64] lr1e-4 patient",1920.44,1994.9222
2025-11-14 04:00:00,test,"MLP v3b [256,128,64] lr1e-4 patient",2061.73,2127.754
2025-11-14 05:00:00,test,"MLP v3b [256,128,64] lr1e-4 patient",2679.94,2605.2322
2025-11-14 06:00:00,test,"MLP v3b [256,128,64] lr1e-4 patient",3496.85,3382.9211
2025-11-14 07:00:00,test,"MLP v3b [256,128,64] lr1e-4 patient",3699.08,3697.629
2025-11-14 08:00:00,test,"MLP v3b [256,128,64] lr1e-4 patient",3829.6,3760.4226
2025-11-14 09:00:00,test,"MLP v3b [256,128,64] lr1e-4 patient",4109.48,4118.22
2025-11-14 10:00:00,test,"MLP v3b [256,128,64] lr1e-4 patient",4172.8,4231.431
2025-11-14 11:00:00,test,"MLP v3b [256,128,64] lr1e-4 patient",4171.69,4162.3027
2025-11-14 12:00:00,test,"MLP v3b [256,128,64] lr1e-4 patient",4116.09,4096.2856
2025-11-14 13:00:00,test,"MLP v3b [256,128,64] lr1e-4 patient",3816.56,3786.616
2025-11-14 14:00:00,test,"MLP v3b [256,128,64] lr1e-4 patient",3675.05,3666.2292
2025-11-14 15:00:00,test,"MLP v3b [256,128,64] lr1e-4 patient",3605.0,3605.2683
2025-11-14 16:00:00,test,"MLP v3b [256,128,64] lr1e-4 patient",3541.11,3577.8538
2025-11-14 17:00:00,test,"MLP v3b [256,128,64] lr1e-4 patient",3790.39,3812.4514
2025-11-14 18:00:00,test,"MLP v3b [256,128,64] lr1e-4 patient",3840.2,3839.3699
2025-11-14 19:00:00,test,"MLP v3b [256,128,64] lr1e-4 patient",3723.68,3710.0413
2025-11-14 20:00:00,test,"MLP v3b [256,128,64] lr1e-4 patient",3431.51,3442.6638
2025-11-14 21:00:00,test,"MLP v3b [256,128,64] lr1e-4 patient",3122.21,3094.929
2025-11-14 22:00:00,test,"MLP v3b [256,128,64] lr1e-4 patient",2920.34,2922.9475
2025-11-14 23:00:00,test,"MLP v3b [256,128,64] lr1e-4 patient",2593.7,2645.211
2025-11-15 00:00:00,test,"MLP v3b [256,128,64] lr1e-4 patient",2325.52,2329.0706
2025-11-15 01:00:00,test,"MLP v3b [256,128,64] lr1e-4 patient",2109.43,2135.138
2025-11-15 02:00:00,test,"MLP v3b [256,128,64] lr1e-4 patient",1977.12,2045.0156
2025-11-15 03:00:00,test,"MLP v3b [256,128,64] lr1e-4 patient",1912.51,1988.4395
2025-11-15 04:00:00,test,"MLP v3b [256,128,64] lr1e-4 patient",2041.54,2108.615
2025-11-15 05:00:00,test,"MLP v3b [256,128,64] lr1e-4 patient",2515.76,2507.752
2025-11-15 06:00:00,test,"MLP v3b [256,128,64] lr1e-4 patient",3182.69,3084.0017
2025-11-15 07:00:00,test,"MLP v3b [256,128,64] lr1e-4 patient",3453.47,3468.951
2025-11-15 08:00:00,test,"MLP v3b [256,128,64] lr1e-4 patient",3597.93,3575.9094
2025-11-15 09:00:00,test,"MLP v3b [256,128,64] lr1e-4 patient",3831.81,3827.5637
2025-11-15 10:00:00,test,"MLP v3b [256,128,64] lr1e-4 patient",3907.26,3915.0159
2025-11-15 11:00:00,test,"MLP v3b [256,128,64] lr1e-4 patient",3885.99,3874.875
2025-11-15 12:00:00,test,"MLP v3b [256,128,64] lr1e-4 patient",3786.62,3785.6755
2025-11-15 13:00:00,test,"MLP v3b [256,128,64] lr1e-4 patient",3513.23,3521.1523
2025-11-15 14:00:00,test,"MLP v3b [256,128,64] lr1e-4 patient",3377.4,3397.4739
2025-11-15 15:00:00,test,"MLP v3b [256,128,64] lr1e-4 patient",3370.13,3316.9158
2025-11-15 16:00:00,test,"MLP v3b [256,128,64] lr1e-4 patient",3331.45,3335.9238
2025-11-15 17:00:00,test,"MLP v3b [256,128,64] lr1e-4 patient",3551.97,3597.0125
2025-11-15 18:00:00,test,"MLP v3b [256,128,64] lr1e-4 patient",3597.67,3630.4902
2025-11-15 19:00:00,test,"MLP v3b [256,128,64] lr1e-4 patient",3502.8,3509.3962
2025-11-15 20:00:00,test,"MLP v3b [256,128,64] lr1e-4 patient",3258.34,3268.7893
2025-11-15 21:00:00,test,"MLP v3b [256,128,64] lr1e-4 patient",2946.13,2994.866
2025-11-15 22:00:00,test,"MLP v3b [256,128,64] lr1e-4 patient",2718.57,2795.4207
2025-11-15 23:00:00,test,"MLP v3b [256,128,64] lr1e-4 patient",2459.01,2525.919
2025-11-16 00:00:00,test,"MLP v3b [256,128,64] lr1e-4 patient",2180.0,2241.6726
2025-11-16 01:00:00,test,"MLP v3b [256,128,64] lr1e-4 patient",1984.46,2022.67
2025-11-16 02:00:00,test,"MLP v3b [256,128,64] lr1e-4 patient",1867.9,1947.6576
2025-11-16 03:00:00,test,"MLP v3b [256,128,64] lr1e-4 patient",1795.83,1892.2709
2025-11-16 04:00:00,test,"MLP v3b [256,128,64] lr1e-4 patient",1859.28,1986.6725
2025-11-16 05:00:00,test,"MLP v3b [256,128,64] lr1e-4 patient",2110.59,2329.424
2025-11-16 06:00:00,test,"MLP v3b [256,128,64] lr1e-4 patient",2594.3,2718.9512
2025-11-16 07:00:00,test,"MLP v3b [256,128,64] lr1e-4 patient",3140.63,3055.3489
2025-11-16 08:00:00,test,"MLP v3b [256,128,64] lr1e-4 patient",3395.52,3334.7432
2025-11-16 09:00:00,test,"MLP v3b [256,128,64] lr1e-4 patient",3760.6,3687.8242
2025-11-16 10:00:00,test,"MLP v3b [256,128,64] lr1e-4 patient",3878.98,3840.6921
2025-11-16 11:00:00,test,"MLP v3b [256,128,64] lr1e-4 patient",3900.69,3855.967
2025-11-16 12:00:00,test,"MLP v3b [256,128,64] lr1e-4 patient",3843.36,3795.202
2025-11-16 13:00:00,test,"MLP v3b [256,128,64] lr1e-4 patient",3599.39,3527.8245
2025-11-16 14:00:00,test,"MLP v3b [256,128,64] lr1e-4 patient",3388.64,3388.3289
2025-11-16 15:00:00,test,"MLP v3b [256,128,64] lr1e-4 patient",3250.17,3251.1707
2025-11-16 16:00:00,test,"MLP v3b [256,128,64] lr1e-4 patient",3122.14,3169.4875
2025-11-16 17:00:00,test,"MLP v3b [256,128,64] lr1e-4 patient",3340.07,3367.1423
2025-11-16 18:00:00,test,"MLP v3b [256,128,64] lr1e-4 patient",3425.92,3416.0461
2025-11-16 19:00:00,test,"MLP v3b [256,128,64] lr1e-4 patient",3314.48,3318.1902
2025-11-16 20:00:00,test,"MLP v3b [256,128,64] lr1e-4 patient",3135.34,3115.5286
2025-11-16 21:00:00,test,"MLP v3b [256,128,64] lr1e-4 patient",2911.94,2876.2253
2025-11-16 22:00:00,test,"MLP v3b [256,128,64] lr1e-4 patient",2703.12,2717.3638
2025-11-16 23:00:00,test,"MLP v3b [256,128,64] lr1e-4 patient",2451.8,2461.3
2025-11-17 00:00:00,test,"MLP v3b [256,128,64] lr1e-4 patient",2169.68,2230.0486
2025-11-17 01:00:00,test,"MLP v3b [256,128,64] lr1e-4 patient",1962.6,2031.0487
2025-11-17 02:00:00,test,"MLP v3b [256,128,64] lr1e-4 patient",1855.07,1934.9994
2025-11-17 03:00:00,test,"MLP v3b [256,128,64] lr1e-4 patient",1772.08,1903.292
2025-11-17 04:00:00,test,"MLP v3b [256,128,64] lr1e-4 patient",1933.56,2021.2877
2025-11-17 05:00:00,test,"MLP v3b [256,128,64] lr1e-4 patient",2564.61,2469.828
2025-11-17 06:00:00,test,"MLP v3b [256,128,64] lr1e-4 patient",3399.47,3232.2637
2025-11-17 07:00:00,test,"MLP v3b [256,128,64] lr1e-4 patient",3602.56,3625.5056
2025-11-17 08:00:00,test,"MLP v3b [256,128,64] lr1e-4 patient",3742.27,3707.612
2025-11-17 09:00:00,test,"MLP v3b [256,128,64] lr1e-4 patient",3964.12,3976.6025
2025-11-17 10:00:00,test,"MLP v3b [256,128,64] lr1e-4 patient",4019.15,4015.695
2025-11-17 11:00:00,test,"MLP v3b [256,128,64] lr1e-4 patient",3979.21,3977.007
2025-11-17 12:00:00,test,"MLP v3b [256,128,64] lr1e-4 patient",3938.57,3851.1191
2025-11-17 13:00:00,test,"MLP v3b [256,128,64] lr1e-4 patient",3603.61,3632.8357
2025-11-17 14:00:00,test,"MLP v3b [256,128,64] lr1e-4 patient",3595.36,3498.286
2025-11-17 15:00:00,test,"MLP v3b [256,128,64] lr1e-4 patient",3491.62,3521.5312
2025-11-17 16:00:00,test,"MLP v3b [256,128,64] lr1e-4 patient",3498.73,3476.6082
2025-11-17 17:00:00,test,"MLP v3b [256,128,64] lr1e-4 patient",3736.05,3738.6946
2025-11-17 18:00:00,test,"MLP v3b [256,128,64] lr1e-4 patient",3741.36,3760.1572
2025-11-17 19:00:00,test,"MLP v3b [256,128,64] lr1e-4 patient",3652.2,3624.2454
2025-11-17 20:00:00,test,"MLP v3b [256,128,64] lr1e-4 patient",3395.62,3397.3127
2025-11-17 21:00:00,test,"MLP v3b [256,128,64] lr1e-4 patient",3058.35,3081.3499
2025-11-17 22:00:00,test,"MLP v3b [256,128,64] lr1e-4 patient",2879.06,2859.7734
2025-11-17 23:00:00,test,"MLP v3b [256,128,64] lr1e-4 patient",2577.57,2581.2263
2025-11-18 00:00:00,test,"MLP v3b [256,128,64] lr1e-4 patient",2271.07,2313.7102
2025-11-18 01:00:00,test,"MLP v3b [256,128,64] lr1e-4 patient",2061.61,2086.598
2025-11-18 02:00:00,test,"MLP v3b [256,128,64] lr1e-4 patient",1955.29,2012.724
2025-11-18 03:00:00,test,"MLP v3b [256,128,64] lr1e-4 patient",1900.08,1963.4235
2025-11-18 04:00:00,test,"MLP v3b [256,128,64] lr1e-4 patient",2047.28,2090.3137
2025-11-18 05:00:00,test,"MLP v3b [256,128,64] lr1e-4 patient",2654.97,2570.652
2025-11-18 06:00:00,test,"MLP v3b [256,128,64] lr1e-4 patient",3499.91,3369.8867
2025-11-18 07:00:00,test,"MLP v3b [256,128,64] lr1e-4 patient",3749.01,3689.6826
2025-11-18 08:00:00,test,"MLP v3b [256,128,64] lr1e-4 patient",3837.43,3777.2898
2025-11-18 09:00:00,test,"MLP v3b [256,128,64] lr1e-4 patient",4045.72,4085.6902
2025-11-18 10:00:00,test,"MLP v3b [256,128,64] lr1e-4 patient",4075.24,4111.7476
2025-11-18 11:00:00,test,"MLP v3b [256,128,64] lr1e-4 patient",4022.8,4048.538
2025-11-18 12:00:00,test,"MLP v3b [256,128,64] lr1e-4 patient",3942.38,3909.2473
2025-11-18 13:00:00,test,"MLP v3b [256,128,64] lr1e-4 patient",3703.18,3661.6755
2025-11-18 14:00:00,test,"MLP v3b [256,128,64] lr1e-4 patient",3606.38,3617.5896
2025-11-18 15:00:00,test,"MLP v3b [256,128,64] lr1e-4 patient",3602.46,3556.082
2025-11-18 16:00:00,test,"MLP v3b [256,128,64] lr1e-4 patient",3574.3,3574.346
2025-11-18 17:00:00,test,"MLP v3b [256,128,64] lr1e-4 patient",3830.9,3810.8416
2025-11-18 18:00:00,test,"MLP v3b [256,128,64] lr1e-4 patient",3854.39,3819.1318
2025-11-18 19:00:00,test,"MLP v3b [256,128,64] lr1e-4 patient",3722.74,3725.1094
2025-11-18 20:00:00,test,"MLP v3b [256,128,64] lr1e-4 patient",3465.39,3448.51
2025-11-18 21:00:00,test,"MLP v3b [256,128,64] lr1e-4 patient",3086.85,3116.8997
2025-11-18 22:00:00,test,"MLP v3b [256,128,64] lr1e-4 patient",2908.82,2900.6199
2025-11-18 23:00:00,test,"MLP v3b [256,128,64] lr1e-4 patient",2558.96,2623.8381
2025-11-19 00:00:00,test,"MLP v3b [256,128,64] lr1e-4 patient",2236.91,2334.041
2025-11-19 01:00:00,test,"MLP v3b [256,128,64] lr1e-4 patient",2060.74,2067.132
2025-11-19 02:00:00,test,"MLP v3b [256,128,64] lr1e-4 patient",1930.17,1995.206
2025-11-19 03:00:00,test,"MLP v3b [256,128,64] lr1e-4 patient",1859.72,1955.8784
2025-11-19 04:00:00,test,"MLP v3b [256,128,64] lr1e-4 patient",2024.31,2091.9504
2025-11-19 05:00:00,test,"MLP v3b [256,128,64] lr1e-4 patient",2678.79,2574.1067
2025-11-19 06:00:00,test,"MLP v3b [256,128,64] lr1e-4 patient",3514.38,3453.382
2025-11-19 07:00:00,test,"MLP v3b [256,128,64] lr1e-4 patient",3803.03,3751.4211
2025-11-19 08:00:00,test,"MLP v3b [256,128,64] lr1e-4 patient",3878.3,3868.6104
2025-11-19 09:00:00,test,"MLP v3b [256,128,64] lr1e-4 patient",4156.28,4164.5503
2025-11-19 10:00:00,test,"MLP v3b [256,128,64] lr1e-4 patient",4215.36,4236.2837
2025-11-19 11:00:00,test,"MLP v3b [256,128,64] lr1e-4 patient",4183.65,4197.316
2025-11-19 12:00:00,test,"MLP v3b [256,128,64] lr1e-4 patient",4055.28,4076.9695
2025-11-19 13:00:00,test,"MLP v3b [256,128,64] lr1e-4 patient",3779.66,3732.6848
2025-11-19 14:00:00,test,"MLP v3b [256,128,64] lr1e-4 patient",3667.24,3660.1497
2025-11-19 15:00:00,test,"MLP v3b [256,128,64] lr1e-4 patient",3625.93,3608.2969
2025-11-19 16:00:00,test,"MLP v3b [256,128,64] lr1e-4 patient",3579.25,3592.2305
2025-11-19 17:00:00,test,"MLP v3b [256,128,64] lr1e-4 patient",3814.77,3831.252
2025-11-19 18:00:00,test,"MLP v3b [256,128,64] lr1e-4 patient",3913.19,3860.7039
2025-11-19 19:00:00,test,"MLP v3b [256,128,64] lr1e-4 patient",3827.01,3757.5066
2025-11-19 20:00:00,test,"MLP v3b [256,128,64] lr1e-4 patient",3541.58,3534.7148
2025-11-19 21:00:00,test,"MLP v3b [256,128,64] lr1e-4 patient",3147.73,3172.6787
2025-11-19 22:00:00,test,"MLP v3b [256,128,64] lr1e-4 patient",2976.04,2945.0046
2025-11-19 23:00:00,test,"MLP v3b [256,128,64] lr1e-4 patient",2582.36,2663.3528
2025-11-20 00:00:00,test,"MLP v3b [256,128,64] lr1e-4 patient",2294.29,2332.3533
2025-11-20 01:00:00,test,"MLP v3b [256,128,64] lr1e-4 patient",2111.46,2103.3303
2025-11-20 02:00:00,test,"MLP v3b [256,128,64] lr1e-4 patient",2043.71,2019.5863
2025-11-20 03:00:00,test,"MLP v3b [256,128,64] lr1e-4 patient",1960.23,2011.349
2025-11-20 04:00:00,test,"MLP v3b [256,128,64] lr1e-4 patient",2033.35,2143.701
2025-11-20 05:00:00,test,"MLP v3b [256,128,64] lr1e-4 patient",2660.71,2600.9436
2025-11-20 06:00:00,test,"MLP v3b [256,128,64] lr1e-4 patient",3505.3,3389.7742
2025-11-20 07:00:00,test,"MLP v3b [256,128,64] lr1e-4 patient",3709.19,3719.3484
2025-11-20 08:00:00,test,"MLP v3b [256,128,64] lr1e-4 patient",3831.52,3772.9177
2025-11-20 09:00:00,test,"MLP v3b [256,128,64] lr1e-4 patient",3925.23,4104.643
2025-11-20 10:00:00,test,"MLP v3b [256,128,64] lr1e-4 patient",4102.18,4053.2246
2025-11-20 11:00:00,test,"MLP v3b [256,128,64] lr1e-4 patient",4057.31,4060.6375
2025-11-20 12:00:00,test,"MLP v3b [256,128,64] lr1e-4 patient",3966.61,3939.6882
2025-11-20 13:00:00,test,"MLP v3b [256,128,64] lr1e-4 patient",3668.06,3683.7317
2025-11-20 14:00:00,test,"MLP v3b [256,128,64] lr1e-4 patient",3621.91,3603.9182
2025-11-20 15:00:00,test,"MLP v3b [256,128,64] lr1e-4 patient",3644.26,3583.1387
2025-11-20 16:00:00,test,"MLP v3b [256,128,64] lr1e-4 patient",3612.68,3616.5125
2025-11-20 17:00:00,test,"MLP v3b [256,128,64] lr1e-4 patient",3929.42,3827.4314
2025-11-20 18:00:00,test,"MLP v3b [256,128,64] lr1e-4 patient",3933.7,3909.6755
2025-11-20 19:00:00,test,"MLP v3b [256,128,64] lr1e-4 patient",3819.39,3798.1223
2025-11-20 20:00:00,test,"MLP v3b [256,128,64] lr1e-4 patient",3539.1,3545.7832
2025-11-20 21:00:00,test,"MLP v3b [256,128,64] lr1e-4 patient",3142.66,3199.3958
2025-11-20 22:00:00,test,"MLP v3b [256,128,64] lr1e-4 patient",2913.32,2945.665
2025-11-20 23:00:00,test,"MLP v3b [256,128,64] lr1e-4 patient",2578.94,2632.3225
2025-11-21 00:00:00,test,"MLP v3b [256,128,64] lr1e-4 patient",2304.61,2317.8818
2025-11-21 01:00:00,test,"MLP v3b [256,128,64] lr1e-4 patient",2066.71,2102.7344
2025-11-21 02:00:00,test,"MLP v3b [256,128,64] lr1e-4 patient",1990.95,2012.917
2025-11-21 03:00:00,test,"MLP v3b [256,128,64] lr1e-4 patient",1960.06,1995.2582
2025-11-21 04:00:00,test,"MLP v3b [256,128,64] lr1e-4 patient",2053.01,2131.3518
2025-11-21 05:00:00,test,"MLP v3b [256,128,64] lr1e-4 patient",2662.47,2619.9478
2025-11-21 06:00:00,test,"MLP v3b [256,128,64] lr1e-4 patient",3581.46,3411.5938
2025-11-21 07:00:00,test,"MLP v3b [256,128,64] lr1e-4 patient",3771.77,3794.7363
2025-11-21 08:00:00,test,"MLP v3b [256,128,64] lr1e-4 patient",3934.72,3857.8928
2025-11-21 09:00:00,test,"MLP v3b [256,128,64] lr1e-4 patient",4252.02,4251.605
2025-11-21 10:00:00,test,"MLP v3b [256,128,64] lr1e-4 patient",4314.22,4372.2715
2025-11-21 11:00:00,test,"MLP v3b [256,128,64] lr1e-4 patient",4256.25,4317.2856
2025-11-21 12:00:00,test,"MLP v3b [256,128,64] lr1e-4 patient",4175.47,4216.9233
2025-11-21 13:00:00,test,"MLP v3b [256,128,64] lr1e-4 patient",3867.41,3863.5374
2025-11-21 14:00:00,test,"MLP v3b [256,128,64] lr1e-4 patient",3718.23,3690.9211
2025-11-21 15:00:00,test,"MLP v3b [256,128,64] lr1e-4 patient",3650.9,3639.714
2025-11-21 16:00:00,test,"MLP v3b [256,128,64] lr1e-4 patient",3576.41,3599.411
2025-11-21 17:00:00,test,"MLP v3b [256,128,64] lr1e-4 patient",3933.71,3835.4658
2025-11-21 18:00:00,test,"MLP v3b [256,128,64] lr1e-4 patient",3939.59,3935.071
2025-11-21 19:00:00,test,"MLP v3b [256,128,64] lr1e-4 patient",3827.52,3791.9988
2025-11-21 20:00:00,test,"MLP v3b [256,128,64] lr1e-4 patient",3546.8,3536.6624
2025-11-21 21:00:00,test,"MLP v3b [256,128,64] lr1e-4 patient",3181.74,3172.747
2025-11-21 22:00:00,test,"MLP v3b [256,128,64] lr1e-4 patient",2967.82,2964.8235
2025-11-21 23:00:00,test,"MLP v3b [256,128,64] lr1e-4 patient",2625.36,2657.3616
2025-11-22 00:00:00,test,"MLP v3b [256,128,64] lr1e-4 patient",2355.89,2351.9778
2025-11-22 01:00:00,test,"MLP v3b [256,128,64] lr1e-4 patient",2096.09,2123.6917
2025-11-22 02:00:00,test,"MLP v3b [256,128,64] lr1e-4 patient",1986.62,2029.5331
2025-11-22 03:00:00,test,"MLP v3b [256,128,64] lr1e-4 patient",1900.72,1987.8375
2025-11-22 04:00:00,test,"MLP v3b [256,128,64] lr1e-4 patient",2046.01,2098.3557
2025-11-22 05:00:00,test,"MLP v3b [256,128,64] lr1e-4 patient",2521.24,2516.793
2025-11-22 06:00:00,test,"MLP v3b [256,128,64] lr1e-4 patient",3164.99,3155.8508
2025-11-22 07:00:00,test,"MLP v3b [256,128,64] lr1e-4 patient",3473.42,3522.9812
2025-11-22 08:00:00,test,"MLP v3b [256,128,64] lr1e-4 patient",3641.68,3632.3914
2025-11-22 09:00:00,test,"MLP v3b [256,128,64] lr1e-4 patient",3948.9,3873.585
2025-11-22 10:00:00,test,"MLP v3b [256,128,64] lr1e-4 patient",4012.22,4066.385
2025-11-22 11:00:00,test,"MLP v3b [256,128,64] lr1e-4 patient",4006.09,3988.5994
2025-11-22 12:00:00,test,"MLP v3b [256,128,64] lr1e-4 patient",3886.62,3876.8313
2025-11-22 13:00:00,test,"MLP v3b [256,128,64] lr1e-4 patient",3587.29,3597.472
2025-11-22 14:00:00,test,"MLP v3b [256,128,64] lr1e-4 patient",3484.93,3447.6328
2025-11-22 15:00:00,test,"MLP v3b [256,128,64] lr1e-4 patient",3404.45,3397.1516
2025-11-22 16:00:00,test,"MLP v3b [256,128,64] lr1e-4 patient",3308.96,3377.33
2025-11-22 17:00:00,test,"MLP v3b [256,128,64] lr1e-4 patient",3619.63,3598.7493
2025-11-22 18:00:00,test,"MLP v3b [256,128,64] lr1e-4 patient",3627.74,3669.654
2025-11-22 19:00:00,test,"MLP v3b [256,128,64] lr1e-4 patient",3590.94,3553.7214
2025-11-22 20:00:00,test,"MLP v3b [256,128,64] lr1e-4 patient",3314.39,3336.3176
2025-11-22 21:00:00,test,"MLP v3b [256,128,64] lr1e-4 patient",3019.15,3030.3596
2025-11-22 22:00:00,test,"MLP v3b [256,128,64] lr1e-4 patient",2806.85,2828.9697
2025-11-22 23:00:00,test,"MLP v3b [256,128,64] lr1e-4 patient",2505.15,2585.3928
2025-11-23 00:00:00,test,"MLP v3b [256,128,64] lr1e-4 patient",2253.96,2258.6472
2025-11-23 01:00:00,test,"MLP v3b [256,128,64] lr1e-4 patient",2016.96,2066.6511
2025-11-23 02:00:00,test,"MLP v3b [256,128,64] lr1e-4 patient",1901.76,1961.9453
2025-11-23 03:00:00,test,"MLP v3b [256,128,64] lr1e-4 patient",1821.68,1912.3878
2025-11-23 04:00:00,test,"MLP v3b [256,128,64] lr1e-4 patient",1888.99,1999.3954
2025-11-23 05:00:00,test,"MLP v3b [256,128,64] lr1e-4 patient",2187.97,2332.9944
2025-11-23 06:00:00,test,"MLP v3b [256,128,64] lr1e-4 patient",2659.08,2750.6394
2025-11-23 07:00:00,test,"MLP v3b [256,128,64] lr1e-4 patient",3196.53,3120.1484
2025-11-23 08:00:00,test,"MLP v3b [256,128,64] lr1e-4 patient",3516.99,3394.4238
2025-11-23 09:00:00,test,"MLP v3b [256,128,64] lr1e-4 patient",3954.66,3815.4167
2025-11-23 10:00:00,test,"MLP v3b [256,128,64] lr1e-4 patient",4063.46,4028.8606
2025-11-23 11:00:00,test,"MLP v3b [256,128,64] lr1e-4 patient",4080.13,4044.2615
2025-11-23 12:00:00,test,"MLP v3b [256,128,64] lr1e-4 patient",4036.14,3957.2073
2025-11-23 13:00:00,test,"MLP v3b [256,128,64] lr1e-4 patient",3730.32,3693.6096
2025-11-23 14:00:00,test,"MLP v3b [256,128,64] lr1e-4 patient",3517.27,3505.116
2025-11-23 15:00:00,test,"MLP v3b [256,128,64] lr1e-4 patient",3390.65,3338.3474
2025-11-23 16:00:00,test,"MLP v3b [256,128,64] lr1e-4 patient",3270.93,3255.296
2025-11-23 17:00:00,test,"MLP v3b [256,128,64] lr1e-4 patient",3441.07,3473.5793
2025-11-23 18:00:00,test,"MLP v3b [256,128,64] lr1e-4 patient",3475.22,3486.8125
2025-11-23 19:00:00,test,"MLP v3b [256,128,64] lr1e-4 patient",3445.66,3373.03
2025-11-23 20:00:00,test,"MLP v3b [256,128,64] lr1e-4 patient",3220.47,3193.155
2025-11-23 21:00:00,test,"MLP v3b [256,128,64] lr1e-4 patient",2933.34,2934.655
2025-11-23 22:00:00,test,"MLP v3b [256,128,64] lr1e-4 patient",2742.58,2740.709
2025-11-23 23:00:00,test,"MLP v3b [256,128,64] lr1e-4 patient",2414.6,2464.6687
2025-11-24 00:00:00,test,"MLP v3b [256,128,64] lr1e-4 patient",2170.54,2232.2502
2025-11-24 01:00:00,test,"MLP v3b [256,128,64] lr1e-4 patient",1945.77,2013.9668
2025-11-24 02:00:00,test,"MLP v3b [256,128,64] lr1e-4 patient",1845.38,1938.3975
2025-11-24 03:00:00,test,"MLP v3b [256,128,64] lr1e-4 patient",1778.22,1877.0826
2025-11-24 04:00:00,test,"MLP v3b [256,128,64] lr1e-4 patient",1913.85,2006.3076
2025-11-24 05:00:00,test,"MLP v3b [256,128,64] lr1e-4 patient",2541.76,2495.1897
2025-11-24 06:00:00,test,"MLP v3b [256,128,64] lr1e-4 patient",3348.99,3260.1023
2025-11-24 07:00:00,test,"MLP v3b [256,128,64] lr1e-4 patient",3641.68,3654.0544
2025-11-24 08:00:00,test,"MLP v3b [256,128,64] lr1e-4 patient",3825.4,3754.4133
2025-11-24 09:00:00,test,"MLP v3b [256,128,64] lr1e-4 patient",4163.15,4093.902
2025-11-24 10:00:00,test,"MLP v3b [256,128,64] lr1e-4 patient",4232.92,4255.3105
2025-11-24 11:00:00,test,"MLP v3b [256,128,64] lr1e-4 patient",4072.58,4205.974
2025-11-24 12:00:00,test,"MLP v3b [256,128,64] lr1e-4 patient",3982.85,3954.4172
2025-11-24 13:00:00,test,"MLP v3b [256,128,64] lr1e-4 patient",3684.0,3673.3157
2025-11-24 14:00:00,test,"MLP v3b [256,128,64] lr1e-4 patient",3564.9,3581.903
2025-11-24 15:00:00,test,"MLP v3b [256,128,64] lr1e-4 patient",3515.54,3512.4187
2025-11-24 16:00:00,test,"MLP v3b [256,128,64] lr1e-4 patient",3463.73,3485.7996
2025-11-24 17:00:00,test,"MLP v3b [256,128,64] lr1e-4 patient",3756.32,3736.404
2025-11-24 18:00:00,test,"MLP v3b [256,128,64] lr1e-4 patient",3859.61,3762.8015
2025-11-24 19:00:00,test,"MLP v3b [256,128,64] lr1e-4 patient",3721.36,3709.8271
2025-11-24 20:00:00,test,"MLP v3b [256,128,64] lr1e-4 patient",3443.86,3462.8528
2025-11-24 21:00:00,test,"MLP v3b [256,128,64] lr1e-4 patient",3050.02,3105.4714
2025-11-24 22:00:00,test,"MLP v3b [256,128,64] lr1e-4 patient",2864.61,2874.1375
2025-11-24 23:00:00,test,"MLP v3b [256,128,64] lr1e-4 patient",2556.13,2583.7842
2025-11-25 00:00:00,test,"MLP v3b [256,128,64] lr1e-4 patient",2269.26,2291.2917
2025-11-25 01:00:00,test,"MLP v3b [256,128,64] lr1e-4 patient",2039.73,2066.8347
2025-11-25 02:00:00,test,"MLP v3b [256,128,64] lr1e-4 patient",1911.44,1979.2035
2025-11-25 03:00:00,test,"MLP v3b [256,128,64] lr1e-4 patient",1831.44,1927.4757
2025-11-25 04:00:00,test,"MLP v3b [256,128,64] lr1e-4 patient",1953.37,2032.0065
2025-11-25 05:00:00,test,"MLP v3b [256,128,64] lr1e-4 patient",2368.35,2521.8154
2025-11-25 06:00:00,test,"MLP v3b [256,128,64] lr1e-4 patient",3008.49,3181.0735
2025-11-25 07:00:00,test,"MLP v3b [256,128,64] lr1e-4 patient",3655.5,3486.7034
2025-11-25 08:00:00,test,"MLP v3b [256,128,64] lr1e-4 patient",3893.08,3739.4805
2025-11-25 09:00:00,test,"MLP v3b [256,128,64] lr1e-4 patient",4193.99,4198.7773
2025-11-25 10:00:00,test,"MLP v3b [256,128,64] lr1e-4 patient",4310.59,4242.2837
2025-11-25 11:00:00,test,"MLP v3b [256,128,64] lr1e-4 patient",4313.79,4265.8286
2025-11-25 12:00:00,test,"MLP v3b [256,128,64] lr1e-4 patient",4162.95,4167.262
2025-11-25 13:00:00,test,"MLP v3b [256,128,64] lr1e-4 patient",3848.4,3820.2878
2025-11-25 14:00:00,test,"MLP v3b [256,128,64] lr1e-4 patient",3660.6,3707.3772
2025-11-25 15:00:00,test,"MLP v3b [256,128,64] lr1e-4 patient",3477.17,3603.0618
2025-11-25 16:00:00,test,"MLP v3b [256,128,64] lr1e-4 patient",3539.98,3490.371
2025-11-25 17:00:00,test,"MLP v3b [256,128,64] lr1e-4 patient",3896.49,3791.9421
2025-11-25 18:00:00,test,"MLP v3b [256,128,64] lr1e-4 patient",3897.88,3881.08
2025-11-25 19:00:00,test,"MLP v3b [256,128,64] lr1e-4 patient",3806.51,3750.5852
2025-11-25 20:00:00,test,"MLP v3b [256,128,64] lr1e-4 patient",3475.28,3525.2083
2025-11-25 21:00:00,test,"MLP v3b [256,128,64] lr1e-4 patient",3106.74,3129.2253
2025-11-25 22:00:00,test,"MLP v3b [256,128,64] lr1e-4 patient",2891.46,2900.0254
2025-11-25 23:00:00,test,"MLP v3b [256,128,64] lr1e-4 patient",2525.85,2593.9358
2025-11-26 00:00:00,test,"MLP v3b [256,128,64] lr1e-4 patient",2233.11,2271.2776
2025-11-26 01:00:00,test,"MLP v3b [256,128,64] lr1e-4 patient",1994.52,2034.9233
2025-11-26 02:00:00,test,"MLP v3b [256,128,64] lr1e-4 patient",1866.44,1954.3783
2025-11-26 03:00:00,test,"MLP v3b [256,128,64] lr1e-4 patient",1814.55,1904.2788
2025-11-26 04:00:00,test,"MLP v3b [256,128,64] lr1e-4 patient",1957.75,2037.5941
2025-11-26 05:00:00,test,"MLP v3b [256,128,64] lr1e-4 patient",2619.37,2507.589
2025-11-26 06:00:00,test,"MLP v3b [256,128,64] lr1e-4 patient",3496.62,3334.166
2025-11-26 07:00:00,test,"MLP v3b [256,128,64] lr1e-4 patient",3804.97,3796.2637
2025-11-26 08:00:00,test,"MLP v3b [256,128,64] lr1e-4 patient",3897.16,3915.8523
2025-11-26 09:00:00,test,"MLP v3b [256,128,64] lr1e-4 patient",4192.98,4202.5005
2025-11-26 10:00:00,test,"MLP v3b [256,128,64] lr1e-4 patient",4209.37,4261.068
2025-11-26 11:00:00,test,"MLP v3b [256,128,64] lr1e-4 patient",4186.54,4241.4976
2025-11-26 12:00:00,test,"MLP v3b [256,128,64] lr1e-4 patient",4048.82,4067.9424
2025-11-26 13:00:00,test,"MLP v3b [256,128,64] lr1e-4 patient",3733.09,3759.8662
2025-11-26 14:00:00,test,"MLP v3b [256,128,64] lr1e-4 patient",3612.31,3604.8691
2025-11-26 15:00:00,test,"MLP v3b [256,128,64] lr1e-4 patient",3550.23,3536.0125
2025-11-26 16:00:00,test,"MLP v3b [256,128,64] lr1e-4 patient",3559.16,3515.283
2025-11-26 17:00:00,test,"MLP v3b [256,128,64] lr1e-4 patient",3892.77,3788.8623
2025-11-26 18:00:00,test,"MLP v3b [256,128,64] lr1e-4 patient",3919.95,3899.5881
2025-11-26 19:00:00,test,"MLP v3b [256,128,64] lr1e-4 patient",3781.12,3782.5447
2025-11-26 20:00:00,test,"MLP v3b [256,128,64] lr1e-4 patient",3512.63,3514.467
2025-11-26 21:00:00,test,"MLP v3b [256,128,64] lr1e-4 patient",3165.44,3156.5107
2025-11-26 22:00:00,test,"MLP v3b [256,128,64] lr1e-4 patient",2932.45,2941.223
2025-11-26 23:00:00,test,"MLP v3b [256,128,64] lr1e-4 patient",2592.96,2610.485
2025-11-27 00:00:00,test,"MLP v3b [256,128,64] lr1e-4 patient",2265.98,2308.9658
2025-11-27 01:00:00,test,"MLP v3b [256,128,64] lr1e-4 patient",2009.92,2055.7566
2025-11-27 02:00:00,test,"MLP v3b [256,128,64] lr1e-4 patient",1879.83,1964.335
2025-11-27 03:00:00,test,"MLP v3b [256,128,64] lr1e-4 patient",1801.75,1912.3721
2025-11-27 04:00:00,test,"MLP v3b [256,128,64] lr1e-4 patient",1958.09,2038.9303
2025-11-27 05:00:00,test,"MLP v3b [256,128,64] lr1e-4 patient",2621.63,2511.472
2025-11-27 06:00:00,test,"MLP v3b [256,128,64] lr1e-4 patient",3513.46,3358.589
2025-11-27 07:00:00,test,"MLP v3b [256,128,64] lr1e-4 patient",3735.21,3749.3079
2025-11-27 08:00:00,test,"MLP v3b [256,128,64] lr1e-4 patient",3837.65,3811.5422
2025-11-27 09:00:00,test,"MLP v3b [256,128,64] lr1e-4 patient",4119.03,4126.098
2025-11-27 10:00:00,test,"MLP v3b [256,128,64] lr1e-4 patient",4158.84,4200.814
2025-11-27 11:00:00,test,"MLP v3b [256,128,64] lr1e-4 patient",4180.26,4151.9937
2025-11-27 12:00:00,test,"MLP v3b [256,128,64] lr1e-4 patient",4037.72,4052.1917
2025-11-27 13:00:00,test,"MLP v3b [256,128,64] lr1e-4 patient",3739.38,3744.4658
2025-11-27 14:00:00,test,"MLP v3b [256,128,64] lr1e-4 patient",3647.95,3647.504
2025-11-27 15:00:00,test,"MLP v3b [256,128,64] lr1e-4 patient",3597.27,3591.2656
2025-11-27 16:00:00,test,"MLP v3b [256,128,64] lr1e-4 patient",3577.89,3580.8528
2025-11-27 17:00:00,test,"MLP v3b [256,128,64] lr1e-4 patient",3909.38,3838.5889
2025-11-27 18:00:00,test,"MLP v3b [256,128,64] lr1e-4 patient",3947.78,3909.4434
2025-11-27 19:00:00,test,"MLP v3b [256,128,64] lr1e-4 patient",3832.42,3808.14
2025-11-27 20:00:00,test,"MLP v3b [256,128,64] lr1e-4 patient",3508.57,3552.7568
2025-11-27 21:00:00,test,"MLP v3b [256,128,64] lr1e-4 patient",3140.96,3151.4075
2025-11-27 22:00:00,test,"MLP v3b [256,128,64] lr1e-4 patient",2902.72,2924.0195
2025-11-27 23:00:00,test,"MLP v3b [256,128,64] lr1e-4 patient",2605.91,2616.117
2025-11-28 00:00:00,test,"MLP v3b [256,128,64] lr1e-4 patient",2300.89,2313.8308
2025-11-28 01:00:00,test,"MLP v3b [256,128,64] lr1e-4 patient",2075.34,2070.845
2025-11-28 02:00:00,test,"MLP v3b [256,128,64] lr1e-4 patient",2025.35,1985.3888
2025-11-28 03:00:00,test,"MLP v3b [256,128,64] lr1e-4 patient",1964.22,1987.5035
2025-11-28 04:00:00,test,"MLP v3b [256,128,64] lr1e-4 patient",2107.19,2104.9346
2025-11-28 05:00:00,test,"MLP v3b [256,128,64] lr1e-4 patient",2572.42,2613.8972
2025-11-28 06:00:00,test,"MLP v3b [256,128,64] lr1e-4 patient",3215.3,3364.1055
2025-11-28 07:00:00,test,"MLP v3b [256,128,64] lr1e-4 patient",3446.74,3628.8984
2025-11-28 08:00:00,test,"MLP v3b [256,128,64] lr1e-4 patient",3781.21,3674.5662
2025-11-28 09:00:00,test,"MLP v3b [256,128,64] lr1e-4 patient",3933.42,4095.3972
2025-11-28 10:00:00,test,"MLP v3b [256,128,64] lr1e-4 patient",4389.33,4118.2407
2025-11-28 11:00:00,test,"MLP v3b [256,128,64] lr1e-4 patient",4343.32,4344.944
2025-11-28 12:00:00,test,"MLP v3b [256,128,64] lr1e-4 patient",4305.88,4316.709
2025-11-28 13:00:00,test,"MLP v3b [256,128,64] lr1e-4 patient",3940.14,3967.9424
2025-11-28 14:00:00,test,"MLP v3b [256,128,64] lr1e-4 patient",3759.49,3767.0637
2025-11-28 15:00:00,test,"MLP v3b [256,128,64] lr1e-4 patient",3656.49,3670.4883
2025-11-28 16:00:00,test,"MLP v3b [256,128,64] lr1e-4 patient",3646.87,3604.5713
2025-11-28 17:00:00,test,"MLP v3b [256,128,64] lr1e-4 patient",3895.66,3877.9443
2025-11-28 18:00:00,test,"MLP v3b [256,128,64] lr1e-4 patient",3921.49,3927.2043
2025-11-28 19:00:00,test,"MLP v3b [256,128,64] lr1e-4 patient",3853.63,3786.1902
2025-11-28 20:00:00,test,"MLP v3b [256,128,64] lr1e-4 patient",3691.81,3548.068
2025-11-28 21:00:00,test,"MLP v3b [256,128,64] lr1e-4 patient",3422.51,3273.8594
2025-11-28 22:00:00,test,"MLP v3b [256,128,64] lr1e-4 patient",3270.51,3140.5408
2025-11-28 23:00:00,test,"MLP v3b [256,128,64] lr1e-4 patient",2694.71,2877.7385
2025-11-29 00:00:00,test,"MLP v3b [256,128,64] lr1e-4 patient",2471.15,2415.6182
2025-11-29 01:00:00,test,"MLP v3b [256,128,64] lr1e-4 patient",2211.18,2192.8806
2025-11-29 02:00:00,test,"MLP v3b [256,128,64] lr1e-4 patient",2121.81,2088.7976
2025-11-29 03:00:00,test,"MLP v3b [256,128,64] lr1e-4 patient",2062.01,2054.0146
2025-11-29 04:00:00,test,"MLP v3b [256,128,64] lr1e-4 patient",2162.6,2183.65
2025-11-29 05:00:00,test,"MLP v3b [256,128,64] lr1e-4 patient",2545.72,2552.845
2025-11-29 06:00:00,test,"MLP v3b [256,128,64] lr1e-4 patient",3127.65,3094.486
2025-11-29 07:00:00,test,"MLP v3b [256,128,64] lr1e-4 patient",3410.63,3432.9402
2025-11-29 08:00:00,test,"MLP v3b [256,128,64] lr1e-4 patient",3879.68,3571.8708
2025-11-29 09:00:00,test,"MLP v3b [256,128,64] lr1e-4 patient",4045.21,4101.805
2025-11-29 10:00:00,test,"MLP v3b [256,128,64] lr1e-4 patient",4188.1,4220.272
2025-11-29 11:00:00,test,"MLP v3b [256,128,64] lr1e-4 patient",4113.91,4153.5747
2025-11-29 12:00:00,test,"MLP v3b [256,128,64] lr1e-4 patient",3977.9,4016.1572
2025-11-29 13:00:00,test,"MLP v3b [256,128,64] lr1e-4 patient",3617.46,3709.9812
2025-11-29 14:00:00,test,"MLP v3b [256,128,64] lr1e-4 patient",3487.09,3514.384
2025-11-29 15:00:00,test,"MLP v3b [256,128,64] lr1e-4 patient",3400.47,3434.6426
2025-11-29 16:00:00,test,"MLP v3b [256,128,64] lr1e-4 patient",3350.62,3390.8904
2025-11-29 17:00:00,test,"MLP v3b [256,128,64] lr1e-4 patient",3721.36,3635.379
2025-11-29 18:00:00,test,"MLP v3b [256,128,64] lr1e-4 patient",3736.51,3725.7927
2025-11-29 19:00:00,test,"MLP v3b [256,128,64] lr1e-4 patient",3628.89,3638.1433
2025-11-29 20:00:00,test,"MLP v3b [256,128,64] lr1e-4 patient",3360.5,3403.2031
2025-11-29 21:00:00,test,"MLP v3b [256,128,64] lr1e-4 patient",3008.81,3092.363
2025-11-29 22:00:00,test,"MLP v3b [256,128,64] lr1e-4 patient",2786.24,2891.0154
2025-11-29 23:00:00,test,"MLP v3b [256,128,64] lr1e-4 patient",2510.36,2578.5457
2025-11-30 00:00:00,test,"MLP v3b [256,128,64] lr1e-4 patient",2221.69,2291.469
2025-11-30 01:00:00,test,"MLP v3b [256,128,64] lr1e-4 patient",1979.71,2055.2866
2025-11-30 02:00:00,test,"MLP v3b [256,128,64] lr1e-4 patient",1851.66,1939.8315
2025-11-30 03:00:00,test,"MLP v3b [256,128,64] lr1e-4 patient",1764.02,1878.3607
2025-11-30 04:00:00,test,"MLP v3b [256,128,64] lr1e-4 patient",1860.14,1989.6738
2025-11-30 05:00:00,test,"MLP v3b [256,128,64] lr1e-4 patient",2188.68,2308.1992
2025-11-30 06:00:00,test,"MLP v3b [256,128,64] lr1e-4 patient",2680.36,2737.4785
2025-11-30 07:00:00,test,"MLP v3b [256,128,64] lr1e-4 patient",3301.09,3111.5442
2025-11-30 08:00:00,test,"MLP v3b [256,128,64] lr1e-4 patient",3589.65,3518.429
2025-11-30 09:00:00,test,"MLP v3b [256,128,64] lr1e-4 patient",4097.22,3881.1055
2025-11-30 10:00:00,test,"MLP v3b [256,128,64] lr1e-4 patient",4197.75,4206.136
2025-11-30 11:00:00,test,"MLP v3b [256,128,64] lr1e-4 patient",4209.72,4201.102
2025-11-30 12:00:00,test,"MLP v3b [256,128,64] lr1e-4 patient",4142.64,4095.573
2025-11-30 13:00:00,test,"MLP v3b [256,128,64] lr1e-4 patient",3809.98,3788.8906
2025-11-30 14:00:00,test,"MLP v3b [256,128,64] lr1e-4 patient",3532.41,3578.1287
2025-11-30 15:00:00,test,"MLP v3b [256,128,64] lr1e-4 patient",3334.56,3367.8906
2025-11-30 16:00:00,test,"MLP v3b [256,128,64] lr1e-4 patient",3162.11,3238.7507
2025-11-30 17:00:00,test,"MLP v3b [256,128,64] lr1e-4 patient",3396.51,3430.958
2025-11-30 18:00:00,test,"MLP v3b [256,128,64] lr1e-4 patient",3452.9,3477.7878
2025-11-30 19:00:00,test,"MLP v3b [256,128,64] lr1e-4 patient",3384.46,3372.961
2025-11-30 20:00:00,test,"MLP v3b [256,128,64] lr1e-4 patient",3177.97,3168.1472
2025-11-30 21:00:00,test,"MLP v3b [256,128,64] lr1e-4 patient",3014.51,2922.4473
2025-11-30 22:00:00,test,"MLP v3b [256,128,64] lr1e-4 patient",2761.34,2776.6777
2025-11-30 23:00:00,test,"MLP v3b [256,128,64] lr1e-4 patient",2524.69,2475.212
2025-12-01 00:00:00,test,"MLP v3b [256,128,64] lr1e-4 patient",2117.3,2283.478
2025-12-01 01:00:00,test,"MLP v3b [256,128,64] lr1e-4 patient",2000.74,1963.3125
2025-12-01 02:00:00,test,"MLP v3b [256,128,64] lr1e-4 patient",1897.67,1925.4899
2025-12-01 03:00:00,test,"MLP v3b [256,128,64] lr1e-4 patient",1829.73,1896.686
2025-12-01 04:00:00,test,"MLP v3b [256,128,64] lr1e-4 patient",1993.2,2021.3802
2025-12-01 05:00:00,test,"MLP v3b [256,128,64] lr1e-4 patient",2650.08,2553.3613
2025-12-01 06:00:00,test,"MLP v3b [256,128,64] lr1e-4 patient",3528.59,3404.6345
2025-12-01 07:00:00,test,"MLP v3b [256,128,64] lr1e-4 patient",3815.35,3791.795
2025-12-01 08:00:00,test,"MLP v3b [256,128,64] lr1e-4 patient",3882.17,3906.7668
2025-12-01 09:00:00,test,"MLP v3b [256,128,64] lr1e-4 patient",4136.57,4149.666
2025-12-01 10:00:00,test,"MLP v3b [256,128,64] lr1e-4 patient",4198.75,4190.6665
2025-12-01 11:00:00,test,"MLP v3b [256,128,64] lr1e-4 patient",4163.67,4184.4067
2025-12-01 12:00:00,test,"MLP v3b [256,128,64] lr1e-4 patient",4020.72,4012.711
2025-12-01 13:00:00,test,"MLP v3b [256,128,64] lr1e-4 patient",3692.44,3709.8264
2025-12-01 14:00:00,test,"MLP v3b [256,128,64] lr1e-4 patient",3553.38,3576.2236
2025-12-01 15:00:00,test,"MLP v3b [256,128,64] lr1e-4 patient",3508.03,3518.5935
2025-12-01 16:00:00,test,"MLP v3b [256,128,64] lr1e-4 patient",3487.79,3476.6472
2025-12-01 17:00:00,test,"MLP v3b [256,128,64] lr1e-4 patient",3734.44,3747.7786
2025-12-01 18:00:00,test,"MLP v3b [256,128,64] lr1e-4 patient",3805.82,3781.431
2025-12-01 19:00:00,test,"MLP v3b [256,128,64] lr1e-4 patient",3825.03,3700.164
2025-12-01 20:00:00,test,"MLP v3b [256,128,64] lr1e-4 patient",3507.77,3551.3054
2025-12-01 21:00:00,test,"MLP v3b [256,128,64] lr1e-4 patient",3166.21,3210.797
2025-12-01 22:00:00,test,"MLP v3b [256,128,64] lr1e-4 patient",2982.49,2938.6575
2025-12-01 23:00:00,test,"MLP v3b [256,128,64] lr1e-4 patient",2557.17,2612.0713
2025-12-02 00:00:00,test,"MLP v3b [256,128,64] lr1e-4 patient",2301.76,2254.2156
2025-12-02 01:00:00,test,"MLP v3b [256,128,64] lr1e-4 patient",1978.89,2053.3748
2025-12-02 02:00:00,test,"MLP v3b [256,128,64] lr1e-4 patient",1854.75,1940.7877
2025-12-02 03:00:00,test,"MLP v3b [256,128,64] lr1e-4 patient",1780.56,1881.9062
2025-12-02 04:00:00,test,"MLP v3b [256,128,64] lr1e-4 patient",1969.74,2000.4766
2025-12-02 05:00:00,test,"MLP v3b [256,128,64] lr1e-4 patient",2662.89,2587.241
2025-12-02 06:00:00,test,"MLP v3b [256,128,64] lr1e-4 patient",3585.96,3508.9072
2025-12-02 07:00:00,test,"MLP v3b [256,128,64] lr1e-4 patient",3849.55,3876.9768
2025-12-02 08:00:00,test,"MLP v3b [256,128,64] lr1e-4 patient",3976.16,3933.996
2025-12-02 09:00:00,test,"MLP v3b [256,128,64] lr1e-4 patient",4238.87,4197.901
2025-12-02 10:00:00,test,"MLP v3b [256,128,64] lr1e-4 patient",4318.65,4242.9194
2025-12-02 11:00:00,test,"MLP v3b [256,128,64] lr1e-4 patient",4250.91,4229.8755
2025-12-02 12:00:00,test,"MLP v3b [256,128,64] lr1e-4 patient",4068.96,4070.388
2025-12-02 13:00:00,test,"MLP v3b [256,128,64] lr1e-4 patient",3740.46,3748.5762
2025-12-02 14:00:00,test,"MLP v3b [256,128,64] lr1e-4 patient",3653.05,3603.238
2025-12-02 15:00:00,test,"MLP v3b [256,128,64] lr1e-4 patient",3632.72,3596.6174
2025-12-02 16:00:00,test,"MLP v3b [256,128,64] lr1e-4 patient",3545.23,3598.7166
2025-12-02 17:00:00,test,"MLP v3b [256,128,64] lr1e-4 patient",3733.62,3801.2568
2025-12-02 18:00:00,test,"MLP v3b [256,128,64] lr1e-4 patient",3786.01,3807.4324
2025-12-02 19:00:00,test,"MLP v3b [256,128,64] lr1e-4 patient",3745.72,3728.3125
2025-12-02 20:00:00,test,"MLP v3b [256,128,64] lr1e-4 patient",3484.77,3512.3066
2025-12-02 21:00:00,test,"MLP v3b [256,128,64] lr1e-4 patient",3186.26,3166.6768
2025-12-02 22:00:00,test,"MLP v3b [256,128,64] lr1e-4 patient",3002.78,2955.885
2025-12-02 23:00:00,test,"MLP v3b [256,128,64] lr1e-4 patient",2708.08,2614.051
2025-12-03 00:00:00,test,"MLP v3b [256,128,64] lr1e-4 patient",2486.74,2329.8232
2025-12-03 01:00:00,test,"MLP v3b [256,128,64] lr1e-4 patient",2189.61,2130.6418
2025-12-03 02:00:00,test,"MLP v3b [256,128,64] lr1e-4 patient",2091.77,2025.2311
2025-12-03 03:00:00,test,"MLP v3b [256,128,64] lr1e-4 patient",2040.3,1993.3345
2025-12-03 04:00:00,test,"MLP v3b [256,128,64] lr1e-4 patient",2228.61,2161.2678
2025-12-03 05:00:00,test,"MLP v3b [256,128,64] lr1e-4 patient",2857.13,2732.2507
2025-12-03 06:00:00,test,"MLP v3b [256,128,64] lr1e-4 patient",3710.79,3682.7253
2025-12-03 07:00:00,test,"MLP v3b [256,128,64] lr1e-4 patient",3882.32,3990.9226
2025-12-03 08:00:00,test,"MLP v3b [256,128,64] lr1e-4 patient",3973.17,3973.763
2025-12-03 09:00:00,test,"MLP v3b [256,128,64] lr1e-4 patient",4192.72,4191.476
2025-12-03 10:00:00,test,"MLP v3b [256,128,64] lr1e-4 patient",4279.74,4235.7964
2025-12-03 11:00:00,test,"MLP v3b [256,128,64] lr1e-4 patient",4211.28,4237.9844
2025-12-03 12:00:00,test,"MLP v3b [256,128,64] lr1e-4 patient",4057.44,4069.1086
2025-12-03 13:00:00,test,"MLP v3b [256,128,64] lr1e-4 patient",3755.5,3749.8066
2025-12-03 14:00:00,test,"MLP v3b [256,128,64] lr1e-4 patient",3690.55,3624.6926
2025-12-03 15:00:00,test,"MLP v3b [256,128,64] lr1e-4 patient",3635.71,3637.0605
2025-12-03 16:00:00,test,"MLP v3b [256,128,64] lr1e-4 patient",3602.91,3599.8665
2025-12-03 17:00:00,test,"MLP v3b [256,128,64] lr1e-4 patient",3895.13,3824.3362
2025-12-03 18:00:00,test,"MLP v3b [256,128,64] lr1e-4 patient",3905.84,3882.9402
2025-12-03 19:00:00,test,"MLP v3b [256,128,64] lr1e-4 patient",3850.43,3782.3489
2025-12-03 20:00:00,test,"MLP v3b [256,128,64] lr1e-4 patient",3603.16,3583.6133
2025-12-03 21:00:00,test,"MLP v3b [256,128,64] lr1e-4 patient",3309.21,3285.8992
2025-12-03 22:00:00,test,"MLP v3b [256,128,64] lr1e-4 patient",3130.56,3085.5898
2025-12-03 23:00:00,test,"MLP v3b [256,128,64] lr1e-4 patient",2779.13,2756.3108
2025-12-04 00:00:00,test,"MLP v3b [256,128,64] lr1e-4 patient",2456.1,2432.6287
2025-12-04 01:00:00,test,"MLP v3b [256,128,64] lr1e-4 patient",2259.73,2183.9834
2025-12-04 02:00:00,test,"MLP v3b [256,128,64] lr1e-4 patient",2132.69,2115.3076
2025-12-04 03:00:00,test,"MLP v3b [256,128,64] lr1e-4 patient",2070.21,2040.1315
2025-12-04 04:00:00,test,"MLP v3b [256,128,64] lr1e-4 patient",2230.88,2207.048
2025-12-04 05:00:00,test,"MLP v3b [256,128,64] lr1e-4 patient",2866.83,2753.8027
2025-12-04 06:00:00,test,"MLP v3b [256,128,64] lr1e-4 patient",3679.75,3666.7812
2025-12-04 07:00:00,test,"MLP v3b [256,128,64] lr1e-4 patient",3881.69,3866.8652
2025-12-04 08:00:00,test,"MLP v3b [256,128,64] lr1e-4 patient",3964.62,3898.4797
2025-12-04 09:00:00,test,"MLP v3b [256,128,64] lr1e-4 patient",4168.59,4189.269
2025-12-04 10:00:00,test,"MLP v3b [256,128,64] lr1e-4 patient",4382.68,4214.643
2025-12-04 11:00:00,test,"MLP v3b [256,128,64] lr1e-4 patient",4339.0,4265.9233
2025-12-04 12:00:00,test,"MLP v3b [256,128,64] lr1e-4 patient",4159.96,4174.715
2025-12-04 13:00:00,test,"MLP v3b [256,128,64] lr1e-4 patient",3782.97,3802.7932
2025-12-04 14:00:00,test,"MLP v3b [256,128,64] lr1e-4 patient",3689.95,3693.9421
2025-12-04 15:00:00,test,"MLP v3b [256,128,64] lr1e-4 patient",3682.5,3647.069
2025-12-04 16:00:00,test,"MLP v3b [256,128,64] lr1e-4 patient",3705.17,3655.6833
2025-12-04 17:00:00,test,"MLP v3b [256,128,64] lr1e-4 patient",4047.7,3896.6868
2025-12-04 18:00:00,test,"MLP v3b [256,128,64] lr1e-4 patient",4050.42,4008.5212
2025-12-04 19:00:00,test,"MLP v3b [256,128,64] lr1e-4 patient",3877.99,3906.3264
2025-12-04 20:00:00,test,"MLP v3b [256,128,64] lr1e-4 patient",3646.0,3636.1006
2025-12-04 21:00:00,test,"MLP v3b [256,128,64] lr1e-4 patient",3395.95,3317.8083
2025-12-04 22:00:00,test,"MLP v3b [256,128,64] lr1e-4 patient",3177.11,3150.2605
2025-12-04 23:00:00,test,"MLP v3b [256,128,64] lr1e-4 patient",2586.1,2806.8484
2025-12-05 00:00:00,test,"MLP v3b [256,128,64] lr1e-4 patient",2238.12,2362.0388
2025-12-05 01:00:00,test,"MLP v3b [256,128,64] lr1e-4 patient",1976.89,2065.844
2025-12-05 02:00:00,test,"MLP v3b [256,128,64] lr1e-4 patient",1848.18,1960.7316
2025-12-05 03:00:00,test,"MLP v3b [256,128,64] lr1e-4 patient",1764.94,1905.1802
2025-12-05 04:00:00,test,"MLP v3b [256,128,64] lr1e-4 patient",1922.03,2040.2269
2025-12-05 05:00:00,test,"MLP v3b [256,128,64] lr1e-4 patient",2616.82,2631.1748
2025-12-05 06:00:00,test,"MLP v3b [256,128,64] lr1e-4 patient",3610.14,3590.9563
2025-12-05 07:00:00,test,"MLP v3b [256,128,64] lr1e-4 patient",3944.54,3982.385
2025-12-05 08:00:00,test,"MLP v3b [256,128,64] lr1e-4 patient",4010.3,4076.3652
2025-12-05 09:00:00,test,"MLP v3b [256,128,64] lr1e-4 patient",4385.24,4296.043
2025-12-05 10:00:00,test,"MLP v3b [256,128,64] lr1e-4 patient",4413.3,4419.0425
2025-12-05 11:00:00,test,"MLP v3b [256,128,64] lr1e-4 patient",4476.92,4371.239
2025-12-05 12:00:00,test,"MLP v3b [256,128,64] lr1e-4 patient",4441.3,4323.2124
2025-12-05 13:00:00,test,"MLP v3b [256,128,64] lr1e-4 patient",4175.05,4044.4187
2025-12-05 14:00:00,test,"MLP v3b [256,128,64] lr1e-4 patient",3854.92,3892.9373
2025-12-05 15:00:00,test,"MLP v3b [256,128,64] lr1e-4 patient",3775.66,3738.1523
2025-12-05 16:00:00,test,"MLP v3b [256,128,64] lr1e-4 patient",3731.92,3677.8857
2025-12-05 17:00:00,test,"MLP v3b [256,128,64] lr1e-4 patient",4070.83,3995.213
2025-12-05 18:00:00,test,"MLP v3b [256,128,64] lr1e-4 patient",4087.97,4102.9497
2025-12-05 19:00:00,test,"MLP v3b [256,128,64] lr1e-4 patient",4006.41,3936.8398
2025-12-05 20:00:00,test,"MLP v3b [256,128,64] lr1e-4 patient",3682.68,3720.6511
2025-12-05 21:00:00,test,"MLP v3b [256,128,64] lr1e-4 patient",3299.33,3386.6184
2025-12-05 22:00:00,test,"MLP v3b [256,128,64] lr1e-4 patient",3084.81,3090.829
2025-12-05 23:00:00,test,"MLP v3b [256,128,64] lr1e-4 patient",2708.25,2673.6697
2025-12-06 00:00:00,test,"MLP v3b [256,128,64] lr1e-4 patient",2332.9,2346.095
2025-12-06 01:00:00,test,"MLP v3b [256,128,64] lr1e-4 patient",2040.87,2079.471
2025-12-06 02:00:00,test,"MLP v3b [256,128,64] lr1e-4 patient",1900.66,1958.4147
2025-12-06 03:00:00,test,"MLP v3b [256,128,64] lr1e-4 patient",1812.87,1892.8082
2025-12-06 04:00:00,test,"MLP v3b [256,128,64] lr1e-4 patient",1945.79,2033.0962
2025-12-06 05:00:00,test,"MLP v3b [256,128,64] lr1e-4 patient",2533.48,2520.246
2025-12-06 06:00:00,test,"MLP v3b [256,128,64] lr1e-4 patient",3375.41,3305.0378
2025-12-06 07:00:00,test,"MLP v3b [256,128,64] lr1e-4 patient",3809.26,3768.181
2025-12-06 08:00:00,test,"MLP v3b [256,128,64] lr1e-4 patient",3962.23,3906.0383
2025-12-06 09:00:00,test,"MLP v3b [256,128,64] lr1e-4 patient",4297.27,4219.974
2025-12-06 10:00:00,test,"MLP v3b [256,128,64] lr1e-4 patient",4331.82,4342.865
2025-12-06 11:00:00,test,"MLP v3b [256,128,64] lr1e-4 patient",4278.24,4252.519
2025-12-06 12:00:00,test,"MLP v3b [256,128,64] lr1e-4 patient",4062.78,4085.916
2025-12-06 13:00:00,test,"MLP v3b [256,128,64] lr1e-4 patient",3549.42,3738.1016
2025-12-06 14:00:00,test,"MLP v3b [256,128,64] lr1e-4 patient",3381.38,3392.8281
2025-12-06 15:00:00,test,"MLP v3b [256,128,64] lr1e-4 patient",3162.78,3329.8574
2025-12-06 16:00:00,test,"MLP v3b [256,128,64] lr1e-4 patient",3519.16,3248.2732
2025-12-06 17:00:00,test,"MLP v3b [256,128,64] lr1e-4 patient",3789.3,3748.832
2025-12-06 18:00:00,test,"MLP v3b [256,128,64] lr1e-4 patient",3858.84,3862.1855
2025-12-06 19:00:00,test,"MLP v3b [256,128,64] lr1e-4 patient",3792.96,3739.7273
2025-12-06 20:00:00,test,"MLP v3b [256,128,64] lr1e-4 patient",3582.78,3528.591
2025-12-06 21:00:00,test,"MLP v3b [256,128,64] lr1e-4 patient",3264.24,3249.4092
2025-12-06 22:00:00,test,"MLP v3b [256,128,64] lr1e-4 patient",3011.53,3008.3386
2025-12-06 23:00:00,test,"MLP v3b [256,128,64] lr1e-4 patient",2606.09,2662.584
2025-12-07 00:00:00,test,"MLP v3b [256,128,64] lr1e-4 patient",2294.48,2265.4404
2025-12-07 01:00:00,test,"MLP v3b [256,128,64] lr1e-4 patient",1993.76,2011.2614
2025-12-07 02:00:00,test,"MLP v3b [256,128,64] lr1e-4 patient",1851.41,1878.2465
2025-12-07 03:00:00,test,"MLP v3b [256,128,64] lr1e-4 patient",1741.64,1808.0775
2025-12-07 04:00:00,test,"MLP v3b [256,128,64] lr1e-4 patient",1834.85,1925.5465
2025-12-07 05:00:00,test,"MLP v3b [256,128,64] lr1e-4 patient",2177.76,2298.0764
2025-12-07 06:00:00,test,"MLP v3b [256,128,64] lr1e-4 patient",2790.99,2835.235
2025-12-07 07:00:00,test,"MLP v3b [256,128,64] lr1e-4 patient",3443.1,3394.666
2025-12-07 08:00:00,test,"MLP v3b [256,128,64] lr1e-4 patient",3839.88,3715.0999
2025-12-07 09:00:00,test,"MLP v3b [256,128,64] lr1e-4 patient",4385.42,4229.9478
2025-12-07 10:00:00,test,"MLP v3b [256,128,64] lr1e-4 patient",4486.75,4480.102
2025-12-07 11:00:00,test,"MLP v3b [256,128,64] lr1e-4 patient",4505.72,4474.5483
2025-12-07 12:00:00,test,"MLP v3b [256,128,64] lr1e-4 patient",4301.74,4313.5664
2025-12-07 13:00:00,test,"MLP v3b [256,128,64] lr1e-4 patient",3940.71,3892.8665
2025-12-07 14:00:00,test,"MLP v3b [256,128,64] lr1e-4 patient",3641.51,3634.78
2025-12-07 15:00:00,test,"MLP v3b [256,128,64] lr1e-4 patient",3370.41,3407.4915
2025-12-07 16:00:00,test,"MLP v3b [256,128,64] lr1e-4 patient",3236.49,3274.583
2025-12-07 17:00:00,test,"MLP v3b [256,128,64] lr1e-4 patient",3512.97,3538.2488
2025-12-07 18:00:00,test,"MLP v3b [256,128,64] lr1e-4 patient",3566.96,3621.7998
2025-12-07 19:00:00,test,"MLP v3b [256,128,64] lr1e-4 patient",3507.97,3517.4094
2025-12-07 20:00:00,test,"MLP v3b [256,128,64] lr1e-4 patient",3284.42,3316.579
2025-12-07 21:00:00,test,"MLP v3b [256,128,64] lr1e-4 patient",3059.73,3047.6816
2025-12-07 22:00:00,test,"MLP v3b [256,128,64] lr1e-4 patient",2861.84,2823.6511
2025-12-07 23:00:00,test,"MLP v3b [256,128,64] lr1e-4 patient",2463.19,2485.9368
2025-12-08 00:00:00,test,"MLP v3b [256,128,64] lr1e-4 patient",2178.26,2217.365
2025-12-08 01:00:00,test,"MLP v3b [256,128,64] lr1e-4 patient",1878.49,1971.0253
2025-12-08 02:00:00,test,"MLP v3b [256,128,64] lr1e-4 patient",1739.04,1842.6901
2025-12-08 03:00:00,test,"MLP v3b [256,128,64] lr1e-4 patient",1670.73,1777.5898
2025-12-08 04:00:00,test,"MLP v3b [256,128,64] lr1e-4 patient",1872.05,1925.1364
2025-12-08 05:00:00,test,"MLP v3b [256,128,64] lr1e-4 patient",2595.13,2522.6467
2025-12-08 06:00:00,test,"MLP v3b [256,128,64] lr1e-4 patient",3667.77,3520.1653
2025-12-08 07:00:00,test,"MLP v3b [256,128,64] lr1e-4 patient",3951.26,4108.861
2025-12-08 08:00:00,test,"MLP v3b [256,128,64] lr1e-4 patient",4013.02,4135.689
2025-12-08 09:00:00,test,"MLP v3b [256,128,64] lr1e-4 patient",4273.23,4320.543
2025-12-08 10:00:00,test,"MLP v3b [256,128,64] lr1e-4 patient",4319.47,4312.4507
2025-12-08 11:00:00,test,"MLP v3b [256,128,64] lr1e-4 patient",4293.05,4278.638
2025-12-08 12:00:00,test,"MLP v3b [256,128,64] lr1e-4 patient",4046.16,4105.691
2025-12-08 13:00:00,test,"MLP v3b [256,128,64] lr1e-4 patient",3914.28,3741.4553
2025-12-08 14:00:00,test,"MLP v3b [256,128,64] lr1e-4 patient",3623.92,3687.0032
2025-12-08 15:00:00,test,"MLP v3b [256,128,64] lr1e-4 patient",3670.78,3571.007
2025-12-08 16:00:00,test,"MLP v3b [256,128,64] lr1e-4 patient",3606.14,3581.1433
2025-12-08 17:00:00,test,"MLP v3b [256,128,64] lr1e-4 patient",3888.26,3861.4902
2025-12-08 18:00:00,test,"MLP v3b [256,128,64] lr1e-4 patient",3953.13,3900.1853
2025-12-08 19:00:00,test,"MLP v3b [256,128,64] lr1e-4 patient",3883.0,3818.1067
2025-12-08 20:00:00,test,"MLP v3b [256,128,64] lr1e-4 patient",3582.36,3648.1453
2025-12-08 21:00:00,test,"MLP v3b [256,128,64] lr1e-4 patient",3303.08,3321.452
2025-12-08 22:00:00,test,"MLP v3b [256,128,64] lr1e-4 patient",3124.2,3067.7683
2025-12-08 23:00:00,test,"MLP v3b [256,128,64] lr1e-4 patient",2724.27,2673.6335
2025-12-09 00:00:00,test,"MLP v3b [256,128,64] lr1e-4 patient",2303.25,2347.036
2025-12-09 01:00:00,test,"MLP v3b [256,128,64] lr1e-4 patient",2155.32,2043.2719
2025-12-09 02:00:00,test,"MLP v3b [256,128,64] lr1e-4 patient",2007.14,1950.2123
2025-12-09 03:00:00,test,"MLP v3b [256,128,64] lr1e-4 patient",1801.81,1918.6342
2025-12-09 04:00:00,test,"MLP v3b [256,128,64] lr1e-4 patient",2112.46,2020.3433
2025-12-09 05:00:00,test,"MLP v3b [256,128,64] lr1e-4 patient",2763.42,2652.2708
2025-12-09 06:00:00,test,"MLP v3b [256,128,64] lr1e-4 patient",3769.61,3678.3699
2025-12-09 07:00:00,test,"MLP v3b [256,128,64] lr1e-4 patient",4144.28,4090.0793
2025-12-09 08:00:00,test,"MLP v3b [256,128,64] lr1e-4 patient",4163.64,4174.643
2025-12-09 09:00:00,test,"MLP v3b [256,128,64] lr1e-4 patient",4351.9,4398.462
2025-12-09 10:00:00,test,"MLP v3b [256,128,64] lr1e-4 patient",4362.82,4354.0205
2025-12-09 11:00:00,test,"MLP v3b [256,128,64] lr1e-4 patient",4256.56,4303.272
2025-12-09 12:00:00,test,"MLP v3b [256,128,64] lr1e-4 patient",4183.71,4089.6855
2025-12-09 13:00:00,test,"MLP v3b [256,128,64] lr1e-4 patient",3786.75,3826.3357
2025-12-09 14:00:00,test,"MLP v3b [256,128,64] lr1e-4 patient",3758.28,3647.8066
2025-12-09 15:00:00,test,"MLP v3b [256,128,64] lr1e-4 patient",3665.08,3666.7917
2025-12-09 16:00:00,test,"MLP v3b [256,128,64] lr1e-4 patient",3630.83,3644.8157
2025-12-09 17:00:00,test,"MLP v3b [256,128,64] lr1e-4 patient",3888.65,3873.2166
2025-12-09 18:00:00,test,"MLP v3b [256,128,64] lr1e-4 patient",3963.56,3917.7002
2025-12-09 19:00:00,test,"MLP v3b [256,128,64] lr1e-4 patient",3834.14,3828.8281
2025-12-09 20:00:00,test,"MLP v3b [256,128,64] lr1e-4 patient",3647.8,3617.382
2025-12-09 21:00:00,test,"MLP v3b [256,128,64] lr1e-4 patient",3376.21,3308.9333
2025-12-09 22:00:00,test,"MLP v3b [256,128,64] lr1e-4 patient",3195.25,3112.972
2025-12-09 23:00:00,test,"MLP v3b [256,128,64] lr1e-4 patient",2817.84,2765.2507
2025-12-10 00:00:00,test,"MLP v3b [256,128,64] lr1e-4 patient",2505.01,2422.6355
2025-12-10 01:00:00,test,"MLP v3b [256,128,64] lr1e-4 patient",2210.76,2191.845
2025-12-10 02:00:00,test,"MLP v3b [256,128,64] lr1e-4 patient",2070.52,2065.7083
2025-12-10 03:00:00,test,"MLP v3b [256,128,64] lr1e-4 patient",2046.84,1983.9038
2025-12-10 04:00:00,test,"MLP v3b [256,128,64] lr1e-4 patient",2165.78,2182.0095
2025-12-10 05:00:00,test,"MLP v3b [256,128,64] lr1e-4 patient",2815.73,2737.1934
2025-12-10 06:00:00,test,"MLP v3b [256,128,64] lr1e-4 patient",3769.92,3716.5857
2025-12-10 07:00:00,test,"MLP v3b [256,128,64] lr1e-4 patient",4052.74,4111.5503
2025-12-10 08:00:00,test,"MLP v3b [256,128,64] lr1e-4 patient",4285.33,4140.109
2025-12-10 09:00:00,test,"MLP v3b [256,128,64] lr1e-4 patient",4458.08,4517.8315
2025-12-10 10:00:00,test,"MLP v3b [256,128,64] lr1e-4 patient",4500.6,4494.266
2025-12-10 11:00:00,test,"MLP v3b [256,128,64] lr1e-4 patient",4421.22,4415.943
2025-12-10 12:00:00,test,"MLP v3b [256,128,64] lr1e-4 patient",4252.04,4249.2334
2025-12-10 13:00:00,test,"MLP v3b [256,128,64] lr1e-4 patient",3902.5,3900.5635
2025-12-10 14:00:00,test,"MLP v3b [256,128,64] lr1e-4 patient",3732.24,3749.1643
2025-12-10 15:00:00,test,"MLP v3b [256,128,64] lr1e-4 patient",3698.8,3675.1191
2025-12-10 16:00:00,test,"MLP v3b [256,128,64] lr1e-4 patient",3668.63,3648.8115
2025-12-10 17:00:00,test,"MLP v3b [256,128,64] lr1e-4 patient",4021.28,3912.2773
2025-12-10 18:00:00,test,"MLP v3b [256,128,64] lr1e-4 patient",4016.18,4003.9265
2025-12-10 19:00:00,test,"MLP v3b [256,128,64] lr1e-4 patient",3915.52,3875.116
2025-12-10 20:00:00,test,"MLP v3b [256,128,64] lr1e-4 patient",3754.31,3664.6765
2025-12-10 21:00:00,test,"MLP v3b [256,128,64] lr1e-4 patient",3389.31,3411.1912
2025-12-10 22:00:00,test,"MLP v3b [256,128,64] lr1e-4 patient",3188.0,3161.9502
2025-12-10 23:00:00,test,"MLP v3b [256,128,64] lr1e-4 patient",2790.94,2791.679
2025-12-11 00:00:00,test,"MLP v3b [256,128,64] lr1e-4 patient",2531.03,2430.357
2025-12-11 01:00:00,test,"MLP v3b [256,128,64] lr1e-4 patient",2283.15,2210.3801
2025-12-11 02:00:00,test,"MLP v3b [256,128,64] lr1e-4 patient",2185.9,2130.922
2025-12-11 03:00:00,test,"MLP v3b [256,128,64] lr1e-4 patient",2131.56,2079.9675
2025-12-11 04:00:00,test,"MLP v3b [256,128,64] lr1e-4 patient",2239.86,2239.8755
2025-12-11 05:00:00,test,"MLP v3b [256,128,64] lr1e-4 patient",2805.89,2801.4902
2025-12-11 06:00:00,test,"MLP v3b [256,128,64] lr1e-4 patient",3576.43,3713.4285
2025-12-11 07:00:00,test,"MLP v3b [256,128,64] lr1e-4 patient",3777.46,3928.5237
2025-12-11 08:00:00,test,"MLP v3b [256,128,64] lr1e-4 patient",3994.06,3926.9338
2025-12-11 09:00:00,test,"MLP v3b [256,128,64] lr1e-4 patient",4188.24,4211.934
2025-12-11 10:00:00,test,"MLP v3b [256,128,64] lr1e-4 patient",4234.61,4249.228
2025-12-11 11:00:00,test,"MLP v3b [256,128,64] lr1e-4 patient",4205.43,4191.473
2025-12-11 12:00:00,test,"MLP v3b [256,128,64] lr1e-4 patient",4081.98,4059.3147
2025-12-11 13:00:00,test,"MLP v3b [256,128,64] lr1e-4 patient",3860.98,3752.6882
2025-12-11 14:00:00,test,"MLP v3b [256,128,64] lr1e-4 patient",3728.88,3740.4543
2025-12-11 15:00:00,test,"MLP v3b [256,128,64] lr1e-4 patient",3636.08,3696.9922
2025-12-11 16:00:00,test,"MLP v3b [256,128,64] lr1e-4 patient",3536.68,3637.577
2025-12-11 17:00:00,test,"MLP v3b [256,128,64] lr1e-4 patient",3620.92,3814.206
2025-12-11 18:00:00,test,"MLP v3b [256,128,64] lr1e-4 patient",3670.83,3777.4192
2025-12-11 19:00:00,test,"MLP v3b [256,128,64] lr1e-4 patient",3917.38,3658.5188
2025-12-11 20:00:00,test,"MLP v3b [256,128,64] lr1e-4 patient",3699.91,3645.8994
2025-12-11 21:00:00,test,"MLP v3b [256,128,64] lr1e-4 patient",3377.54,3386.1672
2025-12-11 22:00:00,test,"MLP v3b [256,128,64] lr1e-4 patient",3194.15,3139.079
2025-12-11 23:00:00,test,"MLP v3b [256,128,64] lr1e-4 patient",2737.73,2809.9475
2025-12-12 00:00:00,test,"MLP v3b [256,128,64] lr1e-4 patient",2379.97,2412.702
2025-12-12 01:00:00,test,"MLP v3b [256,128,64] lr1e-4 patient",2122.62,2145.4622
2025-12-12 02:00:00,test,"MLP v3b [256,128,64] lr1e-4 patient",1992.09,2029.7155
2025-12-12 03:00:00,test,"MLP v3b [256,128,64] lr1e-4 patient",1902.57,1979.9453
2025-12-12 04:00:00,test,"MLP v3b [256,128,64] lr1e-4 patient",2081.06,2095.1042
2025-12-12 05:00:00,test,"MLP v3b [256,128,64] lr1e-4 patient",2809.88,2689.64
2025-12-12 06:00:00,test,"MLP v3b [256,128,64] lr1e-4 patient",3829.4,3716.5833
2025-12-12 07:00:00,test,"MLP v3b [256,128,64] lr1e-4 patient",4139.74,4133.735
2025-12-12 08:00:00,test,"MLP v3b [256,128,64] lr1e-4 patient",4256.5,4201.805
2025-12-12 09:00:00,test,"MLP v3b [256,128,64] lr1e-4 patient",4543.44,4506.0054
2025-12-12 10:00:00,test,"MLP v3b [256,128,64] lr1e-4 patient",4607.86,4571.5806
2025-12-12 11:00:00,test,"MLP v3b [256,128,64] lr1e-4 patient",4556.3,4512.3066
2025-12-12 12:00:00,test,"MLP v3b [256,128,64] lr1e-4 patient",4396.07,4390.611
2025-12-12 13:00:00,test,"MLP v3b [256,128,64] lr1e-4 patient",4058.21,4018.1072
2025-12-12 14:00:00,test,"MLP v3b [256,128,64] lr1e-4 patient",3781.63,3811.5417
2025-12-12 15:00:00,test,"MLP v3b [256,128,64] lr1e-4 patient",3674.38,3697.161
2025-12-12 16:00:00,test,"MLP v3b [256,128,64] lr1e-4 patient",3699.74,3609.712
2025-12-12 17:00:00,test,"MLP v3b [256,128,64] lr1e-4 patient",3940.96,3905.3416
2025-12-12 18:00:00,test,"MLP v3b [256,128,64] lr1e-4 patient",4078.59,3986.0383
2025-12-12 19:00:00,test,"MLP v3b [256,128,64] lr1e-4 patient",4019.96,3934.8918
2025-12-12 20:00:00,test,"MLP v3b [256,128,64] lr1e-4 patient",3762.02,3738.5378
2025-12-12 21:00:00,test,"MLP v3b [256,128,64] lr1e-4 patient",3443.17,3424.6807
2025-12-12 22:00:00,test,"MLP v3b [256,128,64] lr1e-4 patient",3036.0,3176.5754
2025-12-12 23:00:00,test,"MLP v3b [256,128,64] lr1e-4 patient",2714.9,2687.0505
2025-12-13 00:00:00,test,"MLP v3b [256,128,64] lr1e-4 patient",2293.62,2347.828
2025-12-13 01:00:00,test,"MLP v3b [256,128,64] lr1e-4 patient",2149.17,2078.9128
2025-12-13 02:00:00,test,"MLP v3b [256,128,64] lr1e-4 patient",1876.28,2000.7505
2025-12-13 03:00:00,test,"MLP v3b [256,128,64] lr1e-4 patient",1787.51,1914.2949
2025-12-13 04:00:00,test,"MLP v3b [256,128,64] lr1e-4 patient",1928.83,2010.1234
2025-12-13 05:00:00,test,"MLP v3b [256,128,64] lr1e-4 patient",2403.0,2520.2566
2025-12-13 06:00:00,test,"MLP v3b [256,128,64] lr1e-4 patient",3008.63,3277.1716
2025-12-13 07:00:00,test,"MLP v3b [256,128,64] lr1e-4 patient",3641.55,3633.3262
2025-12-13 08:00:00,test,"MLP v3b [256,128,64] lr1e-4 patient",3865.03,3826.9778
2025-12-13 09:00:00,test,"MLP v3b [256,128,64] lr1e-4 patient",4232.28,4203.552
2025-12-13 10:00:00,test,"MLP v3b [256,128,64] lr1e-4 patient",4303.52,4293.6167
2025-12-13 11:00:00,test,"MLP v3b [256,128,64] lr1e-4 patient",4278.89,4226.5864
2025-12-13 12:00:00,test,"MLP v3b [256,128,64] lr1e-4 patient",4123.4,4070.7083
2025-12-13 13:00:00,test,"MLP v3b [256,128,64] lr1e-4 patient",3768.98,3743.4062
2025-12-13 14:00:00,test,"MLP v3b [256,128,64] lr1e-4 patient",3523.24,3517.6543
2025-12-13 15:00:00,test,"MLP v3b [256,128,64] lr1e-4 patient",3421.76,3396.052
2025-12-13 16:00:00,test,"MLP v3b [256,128,64] lr1e-4 patient",3413.05,3376.286
2025-12-13 17:00:00,test,"MLP v3b [256,128,64] lr1e-4 patient",3724.55,3681.2312
2025-12-13 18:00:00,test,"MLP v3b [256,128,64] lr1e-4 patient",3756.38,3772.5105
2025-12-13 19:00:00,test,"MLP v3b [256,128,64] lr1e-4 patient",3666.21,3700.5645
2025-12-13 20:00:00,test,"MLP v3b [256,128,64] lr1e-4 patient",3434.07,3444.515
2025-12-13 21:00:00,test,"MLP v3b [256,128,64] lr1e-4 patient",3163.91,3163.0566
2025-12-13 22:00:00,test,"MLP v3b [256,128,64] lr1e-4 patient",2911.08,2930.789
2025-12-13 23:00:00,test,"MLP v3b [256,128,64] lr1e-4 patient",2638.84,2589.8855
2025-12-14 00:00:00,test,"MLP v3b [256,128,64] lr1e-4 patient",2350.81,2275.4163
2025-12-14 01:00:00,test,"MLP v3b [256,128,64] lr1e-4 patient",1954.87,2049.676
2025-12-14 02:00:00,test,"MLP v3b [256,128,64] lr1e-4 patient",1945.27,1876.1045
2025-12-14 03:00:00,test,"MLP v3b [256,128,64] lr1e-4 patient",1798.49,1835.1606
2025-12-14 04:00:00,test,"MLP v3b [256,128,64] lr1e-4 patient",1846.29,1963.4193
2025-12-14 05:00:00,test,"MLP v3b [256,128,64] lr1e-4 patient",2265.56,2303.7112
2025-12-14 06:00:00,test,"MLP v3b [256,128,64] lr1e-4 patient",2750.65,2866.1875
2025-12-14 07:00:00,test,"MLP v3b [256,128,64] lr1e-4 patient",3437.86,3383.8625
2025-12-14 08:00:00,test,"MLP v3b [256,128,64] lr1e-4 patient",3772.25,3712.3972
2025-12-14 09:00:00,test,"MLP v3b [256,128,64] lr1e-4 patient",4263.42,4177.668
2025-12-14 10:00:00,test,"MLP v3b [256,128,64] lr1e-4 patient",4402.62,4376.3535
2025-12-14 11:00:00,test,"MLP v3b [256,128,64] lr1e-4 patient",4388.08,4365.6772
2025-12-14 12:00:00,test,"MLP v3b [256,128,64] lr1e-4 patient",4269.23,4240.6333
2025-12-14 13:00:00,test,"MLP v3b [256,128,64] lr1e-4 patient",3974.7,3876.572
2025-12-14 14:00:00,test,"MLP v3b [256,128,64] lr1e-4 patient",3777.34,3685.0212
2025-12-14 15:00:00,test,"MLP v3b [256,128,64] lr1e-4 patient",3567.87,3522.5447
2025-12-14 16:00:00,test,"MLP v3b [256,128,64] lr1e-4 patient",3496.57,3393.944
2025-12-14 17:00:00,test,"MLP v3b [256,128,64] lr1e-4 patient",3682.37,3699.6758
2025-12-14 18:00:00,test,"MLP v3b [256,128,64] lr1e-4 patient",3708.52,3711.8352
2025-12-14 19:00:00,test,"MLP v3b [256,128,64] lr1e-4 patient",3702.84,3642.3337
2025-12-14 20:00:00,test,"MLP v3b [256,128,64] lr1e-4 patient",3452.96,3446.515
2025-12-14 21:00:00,test,"MLP v3b [256,128,64] lr1e-4 patient",3325.45,3176.2441
2025-12-14 22:00:00,test,"MLP v3b [256,128,64] lr1e-4 patient",3023.85,2999.8145
2025-12-14 23:00:00,test,"MLP v3b [256,128,64] lr1e-4 patient",2644.02,2621.413
2025-12-15 00:00:00,test,"MLP v3b [256,128,64] lr1e-4 patient",2449.69,2327.827
2025-12-15 01:00:00,test,"MLP v3b [256,128,64] lr1e-4 patient",2062.45,2092.0134
2025-12-15 02:00:00,test,"MLP v3b [256,128,64] lr1e-4 patient",2048.84,1966.6771
2025-12-15 03:00:00,test,"MLP v3b [256,128,64] lr1e-4 patient",1998.07,1937.2513
2025-12-15 04:00:00,test,"MLP v3b [256,128,64] lr1e-4 patient",2033.34,2096.6538
2025-12-15 05:00:00,test,"MLP v3b [256,128,64] lr1e-4 patient",2708.78,2627.1692
2025-12-15 06:00:00,test,"MLP v3b [256,128,64] lr1e-4 patient",3653.66,3531.3826
2025-12-15 07:00:00,test,"MLP v3b [256,128,64] lr1e-4 patient",4048.92,4005.4246
2025-12-15 08:00:00,test,"MLP v3b [256,128,64] lr1e-4 patient",4250.63,4125.8125
2025-12-15 09:00:00,test,"MLP v3b [256,128,64] lr1e-4 patient",4565.62,4574.0806
2025-12-15 10:00:00,test,"MLP v3b [256,128,64] lr1e-4 patient",4624.46,4591.131
2025-12-15 11:00:00,test,"MLP v3b [256,128,64] lr1e-4 patient",4520.72,4507.5522
2025-12-15 12:00:00,test,"MLP v3b [256,128,64] lr1e-4 patient",4254.32,4327.1997
2025-12-15 13:00:00,test,"MLP v3b [256,128,64] lr1e-4 patient",3955.11,3918.043
2025-12-15 14:00:00,test,"MLP v3b [256,128,64] lr1e-4 patient",3779.93,3761.2969
2025-12-15 15:00:00,test,"MLP v3b [256,128,64] lr1e-4 patient",3692.96,3715.4377
2025-12-15 16:00:00,test,"MLP v3b [256,128,64] lr1e-4 patient",3601.04,3656.7493
2025-12-15 17:00:00,test,"MLP v3b [256,128,64] lr1e-4 patient",3928.51,3892.8948
2025-12-15 18:00:00,test,"MLP v3b [256,128,64] lr1e-4 patient",3980.57,3981.8242
2025-12-15 19:00:00,test,"MLP v3b [256,128,64] lr1e-4 patient",3884.13,3863.2058
2025-12-15 20:00:00,test,"MLP v3b [256,128,64] lr1e-4 patient",3685.0,3665.4558
2025-12-15 21:00:00,test,"MLP v3b [256,128,64] lr1e-4 patient",3363.39,3406.6365
2025-12-15 22:00:00,test,"MLP v3b [256,128,64] lr1e-4 patient",3115.62,3164.6755
2025-12-15 23:00:00,test,"MLP v3b [256,128,64] lr1e-4 patient",2720.4,2721.0596
2025-12-16 00:00:00,test,"MLP v3b [256,128,64] lr1e-4 patient",2412.28,2404.8215
2025-12-16 01:00:00,test,"MLP v3b [256,128,64] lr1e-4 patient",2135.45,2117.2302
2025-12-16 02:00:00,test,"MLP v3b [256,128,64] lr1e-4 patient",1992.64,2045.62
2025-12-16 03:00:00,test,"MLP v3b [256,128,64] lr1e-4 patient",1900.06,1954.1855
2025-12-16 04:00:00,test,"MLP v3b [256,128,64] lr1e-4 patient",2088.64,2094.5732
2025-12-16 05:00:00,test,"MLP v3b [256,128,64] lr1e-4 patient",2730.7,2703.0437
2025-12-16 06:00:00,test,"MLP v3b [256,128,64] lr1e-4 patient",3589.64,3711.7063
2025-12-16 07:00:00,test,"MLP v3b [256,128,64] lr1e-4 patient",4127.5,4085.2441
2025-12-16 08:00:00,test,"MLP v3b [256,128,64] lr1e-4 patient",4321.47,4211.4585
2025-12-16 09:00:00,test,"MLP v3b [256,128,64] lr1e-4 patient",4562.73,4650.803
2025-12-16 10:00:00,test,"MLP v3b [256,128,64] lr1e-4 patient",4544.59,4581.5254
2025-12-16 11:00:00,test,"MLP v3b [256,128,64] lr1e-4 patient",4458.33,4436.684
2025-12-16 12:00:00,test,"MLP v3b [256,128,64] lr1e-4 patient",4339.88,4260.0938
2025-12-16 13:00:00,test,"MLP v3b [256,128,64] lr1e-4 patient",3971.34,3936.7878
2025-12-16 14:00:00,test,"MLP v3b [256,128,64] lr1e-4 patient",3775.73,3790.1414
2025-12-16 15:00:00,test,"MLP v3b [256,128,64] lr1e-4 patient",3666.04,3714.4695
2025-12-16 16:00:00,test,"MLP v3b [256,128,64] lr1e-4 patient",3656.75,3652.9568
2025-12-16 17:00:00,test,"MLP v3b [256,128,64] lr1e-4 patient",3993.46,3934.1418
2025-12-16 18:00:00,test,"MLP v3b [256,128,64] lr1e-4 patient",4051.88,4028.574
2025-12-16 19:00:00,test,"MLP v3b [256,128,64] lr1e-4 patient",3946.02,3912.5422
2025-12-16 20:00:00,test,"MLP v3b [256,128,64] lr1e-4 patient",3686.35,3701.3457
2025-12-16 21:00:00,test,"MLP v3b [256,128,64] lr1e-4 patient",3332.54,3385.5588
2025-12-16 22:00:00,test,"MLP v3b [256,128,64] lr1e-4 patient",3127.36,3106.3152
2025-12-16 23:00:00,test,"MLP v3b [256,128,64] lr1e-4 patient",2697.08,2719.7393
2025-12-17 00:00:00,test,"MLP v3b [256,128,64] lr1e-4 patient",2355.39,2398.761
2025-12-17 01:00:00,test,"MLP v3b [256,128,64] lr1e-4 patient",2038.31,2088.9453
2025-12-17 02:00:00,test,"MLP v3b [256,128,64] lr1e-4 patient",1901.95,1978.8107
2025-12-17 03:00:00,test,"MLP v3b [256,128,64] lr1e-4 patient",1820.79,1909.8379
2025-12-17 04:00:00,test,"MLP v3b [256,128,64] lr1e-4 patient",1997.22,2065.4158
2025-12-17 05:00:00,test,"MLP v3b [256,128,64] lr1e-4 patient",2668.19,2669.7603
2025-12-17 06:00:00,test,"MLP v3b [256,128,64] lr1e-4 patient",3538.58,3683.7756
2025-12-17 07:00:00,test,"MLP v3b [256,128,64] lr1e-4 patient",4187.51,4138.313
2025-12-17 08:00:00,test,"MLP v3b [256,128,64] lr1e-4 patient",4394.86,4375.5776
2025-12-17 09:00:00,test,"MLP v3b [256,128,64] lr1e-4 patient",4728.63,4747.6484
2025-12-17 10:00:00,test,"MLP v3b [256,128,64] lr1e-4 patient",4758.99,4763.3164
2025-12-17 11:00:00,test,"MLP v3b [256,128,64] lr1e-4 patient",4738.71,4664.669
2025-12-17 12:00:00,test,"MLP v3b [256,128,64] lr1e-4 patient",4515.06,4477.9727
2025-12-17 13:00:00,test,"MLP v3b [256,128,64] lr1e-4 patient",4103.83,4116.8906
2025-12-17 14:00:00,test,"MLP v3b [256,128,64] lr1e-4 patient",3921.07,3880.5652
2025-12-17 15:00:00,test,"MLP v3b [256,128,64] lr1e-4 patient",3847.47,3794.9465
2025-12-17 16:00:00,test,"MLP v3b [256,128,64] lr1e-4 patient",3771.59,3755.789
2025-12-17 17:00:00,test,"MLP v3b [256,128,64] lr1e-4 patient",4048.43,4061.8777
2025-12-17 18:00:00,test,"MLP v3b [256,128,64] lr1e-4 patient",4025.38,4130.455
2025-12-17 19:00:00,test,"MLP v3b [256,128,64] lr1e-4 patient",4001.63,3954.777
2025-12-17 20:00:00,test,"MLP v3b [256,128,64] lr1e-4 patient",3729.99,3744.0928
2025-12-17 21:00:00,test,"MLP v3b [256,128,64] lr1e-4 patient",3390.82,3407.2136
2025-12-17 22:00:00,test,"MLP v3b [256,128,64] lr1e-4 patient",3170.66,3152.2441
2025-12-17 23:00:00,test,"MLP v3b [256,128,64] lr1e-4 patient",2801.03,2739.4983
2025-12-18 00:00:00,test,"MLP v3b [256,128,64] lr1e-4 patient",2394.36,2402.4805
2025-12-18 01:00:00,test,"MLP v3b [256,128,64] lr1e-4 patient",2094.35,2104.7002
2025-12-18 02:00:00,test,"MLP v3b [256,128,64] lr1e-4 patient",1945.96,1973.0957
2025-12-18 03:00:00,test,"MLP v3b [256,128,64] lr1e-4 patient",1860.26,1914.3893
2025-12-18 04:00:00,test,"MLP v3b [256,128,64] lr1e-4 patient",2034.44,2062.033
2025-12-18 05:00:00,test,"MLP v3b [256,128,64] lr1e-4 patient",2683.9,2683.5715
2025-12-18 06:00:00,test,"MLP v3b [256,128,64] lr1e-4 patient",3585.55,3650.7664
2025-12-18 07:00:00,test,"MLP v3b [256,128,64] lr1e-4 patient",4208.06,4094.321
2025-12-18 08:00:00,test,"MLP v3b [256,128,64] lr1e-4 patient",4431.34,4286.935
2025-12-18 09:00:00,test,"MLP v3b [256,128,64] lr1e-4 patient",4736.2,4778.11
2025-12-18 10:00:00,test,"MLP v3b [256,128,64] lr1e-4 patient",4804.29,4783.191
2025-12-18 11:00:00,test,"MLP v3b [256,128,64] lr1e-4 patient",4731.85,4707.4727
2025-12-18 12:00:00,test,"MLP v3b [256,128,64] lr1e-4 patient",4544.88,4473.495
2025-12-18 13:00:00,test,"MLP v3b [256,128,64] lr1e-4 patient",4100.61,4139.1445
2025-12-18 14:00:00,test,"MLP v3b [256,128,64] lr1e-4 patient",3984.19,3918.4832
2025-12-18 15:00:00,test,"MLP v3b [256,128,64] lr1e-4 patient",3910.19,3869.538
2025-12-18 16:00:00,test,"MLP v3b [256,128,64] lr1e-4 patient",3794.75,3808.0007
2025-12-18 17:00:00,test,"MLP v3b [256,128,64] lr1e-4 patient",4156.18,4068.0144
2025-12-18 18:00:00,test,"MLP v3b [256,128,64] lr1e-4 patient",4201.74,4180.5425
2025-12-18 19:00:00,test,"MLP v3b [256,128,64] lr1e-4 patient",4097.07,4104.624
2025-12-18 20:00:00,test,"MLP v3b [256,128,64] lr1e-4 patient",3788.1,3817.0598
2025-12-18 21:00:00,test,"MLP v3b [256,128,64] lr1e-4 patient",3479.86,3480.9844
2025-12-18 22:00:00,test,"MLP v3b [256,128,64] lr1e-4 patient",3249.12,3220.2532
2025-12-18 23:00:00,test,"MLP v3b [256,128,64] lr1e-4 patient",2812.38,2813.8445
2025-12-19 00:00:00,test,"MLP v3b [256,128,64] lr1e-4 patient",2428.42,2404.897
2025-12-19 01:00:00,test,"MLP v3b [256,128,64] lr1e-4 patient",2103.48,2110.5486
2025-12-19 02:00:00,test,"MLP v3b [256,128,64] lr1e-4 patient",1962.75,1990.1078
2025-12-19 03:00:00,test,"MLP v3b [256,128,64] lr1e-4 patient",1869.54,1903.7817
2025-12-19 04:00:00,test,"MLP v3b [256,128,64] lr1e-4 patient",2042.56,2070.8923
2025-12-19 05:00:00,test,"MLP v3b [256,128,64] lr1e-4 patient",2718.67,2677.5369
2025-12-19 06:00:00,test,"MLP v3b [256,128,64] lr1e-4 patient",3648.57,3712.555
2025-12-19 07:00:00,test,"MLP v3b [256,128,64] lr1e-4 patient",4371.73,4314.5503
2025-12-19 08:00:00,test,"MLP v3b [256,128,64] lr1e-4 patient",4615.0,4539.432
2025-12-19 09:00:00,test,"MLP v3b [256,128,64] lr1e-4 patient",5142.72,5044.672
2025-12-19 10:00:00,test,"MLP v3b [256,128,64] lr1e-4 patient",5233.3,5178.3013
2025-12-19 11:00:00,test,"MLP v3b [256,128,64] lr1e-4 patient",5210.97,5149.886
2025-12-19 12:00:00,test,"MLP v3b [256,128,64] lr1e-4 patient",5018.75,4976.3228
2025-12-19 13:00:00,test,"MLP v3b [256,128,64] lr1e-4 patient",4573.01,4568.2954
2025-12-19 14:00:00,test,"MLP v3b [256,128,64] lr1e-4 patient",4191.99,4180.559
2025-12-19 15:00:00,test,"MLP v3b [256,128,64] lr1e-4 patient",4084.05,4062.403
2025-12-19 16:00:00,test,"MLP v3b [256,128,64] lr1e-4 patient",3968.56,3926.1165
2025-12-19 17:00:00,test,"MLP v3b [256,128,64] lr1e-4 patient",4319.41,4252.436
2025-12-19 18:00:00,test,"MLP v3b [256,128,64] lr1e-4 patient",4341.98,4385.9077
2025-12-20 00:00:00,test,"MLP v3b [256,128,64] lr1e-4 patient",2508.62,2318.36
2025-12-20 01:00:00,test,"MLP v3b [256,128,64] lr1e-4 patient",2190.41,2115.1675
2025-12-20 02:00:00,test,"MLP v3b [256,128,64] lr1e-4 patient",2031.03,2010.9662
2025-12-20 03:00:00,test,"MLP v3b [256,128,64] lr1e-4 patient",1935.42,1918.4235
2025-12-20 04:00:00,test,"MLP v3b [256,128,64] lr1e-4 patient",2074.39,2097.1418
2025-12-20 05:00:00,test,"MLP v3b [256,128,64] lr1e-4 patient",2656.54,2590.8596
2025-12-20 06:00:00,test,"MLP v3b [256,128,64] lr1e-4 patient",3470.86,3446.0
2025-12-20 07:00:00,test,"MLP v3b [256,128,64] lr1e-4 patient",4187.78,4160.039
2025-12-20 08:00:00,test,"MLP v3b [256,128,64] lr1e-4 patient",4431.85,4419.8384
2025-12-20 09:00:00,test,"MLP v3b [256,128,64] lr1e-4 patient",4853.6,4834.7427
2025-12-20 10:00:00,test,"MLP v3b [256,128,64] lr1e-4 patient",4959.42,4950.487
2025-12-20 11:00:00,test,"MLP v3b [256,128,64] lr1e-4 patient",5074.71,4915.266
2025-12-20 12:00:00,test,"MLP v3b [256,128,64] lr1e-4 patient",4741.54,4831.826
2025-12-20 13:00:00,test,"MLP v3b [256,128,64] lr1e-4 patient",4377.79,4346.729
2025-12-20 14:00:00,test,"MLP v3b [256,128,64] lr1e-4 patient",4050.0,4084.0996
2025-12-20 15:00:00,test,"MLP v3b [256,128,64] lr1e-4 patient",3902.55,3889.2273
2025-12-20 16:00:00,test,"MLP v3b [256,128,64] lr1e-4 patient",3789.05,3764.7078
2025-12-20 17:00:00,test,"MLP v3b [256,128,64] lr1e-4 patient",4154.64,4080.9534
2025-12-20 18:00:00,test,"MLP v3b [256,128,64] lr1e-4 patient",4198.59,4172.941
2025-12-20 19:00:00,test,"MLP v3b [256,128,64] lr1e-4 patient",4106.24,4055.831
2025-12-20 20:00:00,test,"MLP v3b [256,128,64] lr1e-4 patient",3911.39,3809.9707
2025-12-20 21:00:00,test,"MLP v3b [256,128,64] lr1e-4 patient",3580.96,3560.339
2025-12-20 22:00:00,test,"MLP v3b [256,128,64] lr1e-4 patient",3312.85,3273.1003
2025-12-20 23:00:00,test,"MLP v3b [256,128,64] lr1e-4 patient",2890.88,2834.0222
2025-12-21 00:00:00,test,"MLP v3b [256,128,64] lr1e-4 patient",2452.63,2429.281
2025-12-21 01:00:00,test,"MLP v3b [256,128,64] lr1e-4 patient",2097.55,2101.423
2025-12-21 02:00:00,test,"MLP v3b [256,128,64] lr1e-4 patient",1933.73,1948.5687
2025-12-21 03:00:00,test,"MLP v3b [256,128,64] lr1e-4 patient",1841.45,1845.3141
2025-12-21 04:00:00,test,"MLP v3b [256,128,64] lr1e-4 patient",1921.03,1988.0472
2025-12-21 05:00:00,test,"MLP v3b [256,128,64] lr1e-4 patient",2294.54,2402.1516
2025-12-21 06:00:00,test,"MLP v3b [256,128,64] lr1e-4 patient",2882.87,2990.2434
2025-12-21 07:00:00,test,"MLP v3b [256,128,64] lr1e-4 patient",3601.5,3638.4514
2025-12-21 08:00:00,test,"MLP v3b [256,128,64] lr1e-4 patient",4145.36,4043.3894
2025-12-21 09:00:00,test,"MLP v3b [256,128,64] lr1e-4 patient",4792.86,4740.354
2025-12-21 10:00:00,test,"MLP v3b [256,128,64] lr1e-4 patient",5018.95,4979.68
2025-12-21 11:00:00,test,"MLP v3b [256,128,64] lr1e-4 patient",5041.3,5051.029
2025-12-21 12:00:00,test,"MLP v3b [256,128,64] lr1e-4 patient",4909.37,4912.739
2025-12-21 13:00:00,test,"MLP v3b [256,128,64] lr1e-4 patient",4527.65,4459.9253
2025-12-21 14:00:00,test,"MLP v3b [256,128,64] lr1e-4 patient",4095.03,4136.2305
2025-12-21 15:00:00,test,"MLP v3b [256,128,64] lr1e-4 patient",3813.94,3841.9883
2025-12-21 16:00:00,test,"MLP v3b [256,128,64] lr1e-4 patient",3597.56,3650.8967
2025-12-21 17:00:00,test,"MLP v3b [256,128,64] lr1e-4 patient",3904.27,3847.9617
2025-12-21 18:00:00,test,"MLP v3b [256,128,64] lr1e-4 patient",3958.95,3994.0417
2025-12-21 19:00:00,test,"MLP v3b [256,128,64] lr1e-4 patient",3905.54,3890.4016
2025-12-21 20:00:00,test,"MLP v3b [256,128,64] lr1e-4 patient",3726.65,3737.7239
2025-12-21 21:00:00,test,"MLP v3b [256,128,64] lr1e-4 patient",3484.48,3488.6208
2025-12-21 22:00:00,test,"MLP v3b [256,128,64] lr1e-4 patient",3264.29,3206.6592
2025-12-21 23:00:00,test,"MLP v3b [256,128,64] lr1e-4 patient",2914.5,2760.9133
2025-12-22 00:00:00,test,"MLP v3b [256,128,64] lr1e-4 patient",2596.53,2470.471
2025-12-22 01:00:00,test,"MLP v3b [256,128,64] lr1e-4 patient",2326.88,2200.549
2025-12-22 02:00:00,test,"MLP v3b [256,128,64] lr1e-4 patient",2199.59,2094.8257
2025-12-22 03:00:00,test,"MLP v3b [256,128,64] lr1e-4 patient",2144.65,2047.9066
2025-12-22 04:00:00,test,"MLP v3b [256,128,64] lr1e-4 patient",2240.03,2213.201
2025-12-22 05:00:00,test,"MLP v3b [256,128,64] lr1e-4 patient",2741.14,2790.3496
2025-12-22 06:00:00,test,"MLP v3b [256,128,64] lr1e-4 patient",3458.87,3688.0393
2025-12-22 07:00:00,test,"MLP v3b [256,128,64] lr1e-4 patient",3978.51,4102.1772
2025-12-22 08:00:00,test,"MLP v3b [256,128,64] lr1e-4 patient",4562.63,4263.8486
2025-12-22 09:00:00,test,"MLP v3b [256,128,64] lr1e-4 patient",4850.1,4971.9165
2025-12-22 10:00:00,test,"MLP v3b [256,128,64] lr1e-4 patient",5064.8,5000.196
2025-12-22 11:00:00,test,"MLP v3b [256,128,64] lr1e-4 patient",5072.32,5011.404
2025-12-22 12:00:00,test,"MLP v3b [256,128,64] lr1e-4 patient",4804.97,4876.2607
2025-12-22 13:00:00,test,"MLP v3b [256,128,64] lr1e-4 patient",4410.12,4409.223
2025-12-22 14:00:00,test,"MLP v3b [256,128,64] lr1e-4 patient",4089.03,4142.5366
2025-12-22 15:00:00,test,"MLP v3b [256,128,64] lr1e-4 patient",3973.34,4016.9988
2025-12-22 16:00:00,test,"MLP v3b [256,128,64] lr1e-4 patient",3902.6,3873.9355
2025-12-22 17:00:00,test,"MLP v3b [256,128,64] lr1e-4 patient",4259.88,4214.736
2025-12-22 18:00:00,test,"MLP v3b [256,128,64] lr1e-4 patient",4273.58,4319.178
2025-12-22 19:00:00,test,"MLP v3b [256,128,64] lr1e-4 patient",4167.01,4186.4316
2025-12-22 20:00:00,test,"MLP v3b [256,128,64] lr1e-4 patient",3987.67,3934.2546
2025-12-22 21:00:00,test,"MLP v3b [256,128,64] lr1e-4 patient",3657.67,3714.488
2025-12-22 22:00:00,test,"MLP v3b [256,128,64] lr1e-4 patient",3439.79,3467.1228
2025-12-22 23:00:00,test,"MLP v3b [256,128,64] lr1e-4 patient",3005.87,2960.3923
2025-12-23 00:00:00,test,"MLP v3b [256,128,64] lr1e-4 patient",2519.39,2536.227
2025-12-23 01:00:00,test,"MLP v3b [256,128,64] lr1e-4 patient",2156.89,2221.7844
2025-12-23 02:00:00,test,"MLP v3b [256,128,64] lr1e-4 patient",1997.61,2052.9055
2025-12-23 03:00:00,test,"MLP v3b [256,128,64] lr1e-4 patient",1897.36,1994.9625
2025-12-23 04:00:00,test,"MLP v3b [256,128,64] lr1e-4 patient",2062.96,2131.1472
2025-12-23 05:00:00,test,"MLP v3b [256,128,64] lr1e-4 patient",2699.54,2701.08
2025-12-23 06:00:00,test,"MLP v3b [256,128,64] lr1e-4 patient",3706.45,3659.9407
2025-12-23 07:00:00,test,"MLP v3b [256,128,64] lr1e-4 patient",4381.46,4325.6655
2025-12-23 08:00:00,test,"MLP v3b [256,128,64] lr1e-4 patient",4636.64,4639.92
2025-12-23 09:00:00,test,"MLP v3b [256,128,64] lr1e-4 patient",5013.88,5009.339
2025-12-23 10:00:00,test,"MLP v3b [256,128,64] lr1e-4 patient",5011.76,5082.767
2025-12-23 11:00:00,test,"MLP v3b [256,128,64] lr1e-4 patient",4907.56,4970.644
2025-12-23 12:00:00,test,"MLP v3b [256,128,64] lr1e-4 patient",4731.92,4682.266
2025-12-23 13:00:00,test,"MLP v3b [256,128,64] lr1e-4 patient",4238.25,4326.8003
2025-12-23 14:00:00,test,"MLP v3b [256,128,64] lr1e-4 patient",4014.33,4042.545
2025-12-23 15:00:00,test,"MLP v3b [256,128,64] lr1e-4 patient",3928.24,3931.4963
2025-12-23 16:00:00,test,"MLP v3b [256,128,64] lr1e-4 patient",3831.75,3844.3093
2025-12-23 17:00:00,test,"MLP v3b [256,128,64] lr1e-4 patient",4205.8,4191.105
2025-12-23 18:00:00,test,"MLP v3b [256,128,64] lr1e-4 patient",4249.6,4289.844
2025-12-23 19:00:00,test,"MLP v3b [256,128,64] lr1e-4 patient",4160.17,4171.897
2025-12-23 20:00:00,test,"MLP v3b [256,128,64] lr1e-4 patient",3942.32,3906.4856
2025-12-23 21:00:00,test,"MLP v3b [256,128,64] lr1e-4 patient",3641.1,3641.4148
2025-12-23 22:00:00,test,"MLP v3b [256,128,64] lr1e-4 patient",3399.63,3400.502
2025-12-23 23:00:00,test,"MLP v3b [256,128,64] lr1e-4 patient",2941.28,2906.8796
2025-12-24 00:00:00,test,"MLP v3b [256,128,64] lr1e-4 patient",2486.91,2502.3215
2025-12-24 01:00:00,test,"MLP v3b [256,128,64] lr1e-4 patient",2147.95,2153.5215
2025-12-24 02:00:00,test,"MLP v3b [256,128,64] lr1e-4 patient",1974.42,2013.56
2025-12-24 03:00:00,test,"MLP v3b [256,128,64] lr1e-4 patient",1887.43,1948.4928
2025-12-24 04:00:00,test,"MLP v3b [256,128,64] lr1e-4 patient",2045.11,2093.9573
2025-12-24 05:00:00,test,"MLP v3b [256,128,64] lr1e-4 patient",2626.02,2657.1726
2025-12-24 06:00:00,test,"MLP v3b [256,128,64] lr1e-4 patient",3586.17,3617.0652
2025-12-24 07:00:00,test,"MLP v3b [256,128,64] lr1e-4 patient",4351.21,4312.393
2025-12-24 08:00:00,test,"MLP v3b [256,128,64] lr1e-4 patient",4640.72,4625.8257
2025-12-24 09:00:00,test,"MLP v3b [256,128,64] lr1e-4 patient",4985.06,5036.9106
2025-12-24 10:00:00,test,"MLP v3b [256,128,64] lr1e-4 patient",4993.13,5044.2485
2025-12-24 11:00:00,test,"MLP v3b [256,128,64] lr1e-4 patient",4928.74,4950.1704
2025-12-24 12:00:00,test,"MLP v3b [256,128,64] lr1e-4 patient",4735.96,4680.6753
2025-12-24 13:00:00,test,"MLP v3b [256,128,64] lr1e-4 patient",4241.09,4295.586
2025-12-24 14:00:00,test,"MLP v3b [256,128,64] lr1e-4 patient",4028.18,4016.7703
2025-12-24 15:00:00,test,"MLP v3b [256,128,64] lr1e-4 patient",3898.8,3931.1204
2025-12-24 16:00:00,test,"MLP v3b [256,128,64] lr1e-4 patient",3872.56,3813.5183
2025-12-24 17:00:00,test,"MLP v3b [256,128,64] lr1e-4 patient",4174.92,4175.8423
2025-12-24 18:00:00,test,"MLP v3b [256,128,64] lr1e-4 patient",4239.61,4275.27
2025-12-24 19:00:00,test,"MLP v3b [256,128,64] lr1e-4 patient",4212.97,4176.8813
2025-12-24 20:00:00,test,"MLP v3b [256,128,64] lr1e-4 patient",3881.81,3967.7883
2025-12-24 21:00:00,test,"MLP v3b [256,128,64] lr1e-4 patient",3616.55,3613.0078
2025-12-24 22:00:00,test,"MLP v3b [256,128,64] lr1e-4 patient",3419.59,3360.9941
2025-12-24 23:00:00,test,"MLP v3b [256,128,64] lr1e-4 patient",2989.55,2917.3875
2025-12-25 00:00:00,test,"MLP v3b [256,128,64] lr1e-4 patient",2521.4,2459.6619
2025-12-25 01:00:00,test,"MLP v3b [256,128,64] lr1e-4 patient",2173.82,2138.036
2025-12-25 02:00:00,test,"MLP v3b [256,128,64] lr1e-4 patient",2025.33,1979.5021
2025-12-25 03:00:00,test,"MLP v3b [256,128,64] lr1e-4 patient",1914.64,1873.403
2025-12-25 04:00:00,test,"MLP v3b [256,128,64] lr1e-4 patient",2012.97,1996.8822
2025-12-25 05:00:00,test,"MLP v3b [256,128,64] lr1e-4 patient",2442.59,2497.7573
2025-12-25 06:00:00,test,"MLP v3b [256,128,64] lr1e-4 patient",3141.99,3307.0417
2025-12-25 07:00:00,test,"MLP v3b [256,128,64] lr1e-4 patient",3855.65,3841.8235
2025-12-25 08:00:00,test,"MLP v3b [256,128,64] lr1e-4 patient",4219.42,4213.834
2025-12-25 09:00:00,test,"MLP v3b [256,128,64] lr1e-4 patient",4745.04,4682.237
2025-12-25 10:00:00,test,"MLP v3b [256,128,64] lr1e-4 patient",4823.36,4882.98
2025-12-25 11:00:00,test,"MLP v3b [256,128,64] lr1e-4 patient",4845.83,4804.1177
2025-12-25 12:00:00,test,"MLP v3b [256,128,64] lr1e-4 patient",4613.63,4627.0967
2025-12-25 13:00:00,test,"MLP v3b [256,128,64] lr1e-4 patient",4191.73,4208.175
2025-12-25 14:00:00,test,"MLP v3b [256,128,64] lr1e-4 patient",3870.14,3953.8591
2025-12-25 15:00:00,test,"MLP v3b [256,128,64] lr1e-4 patient",3718.25,3724.7039
2025-12-25 16:00:00,test,"MLP v3b [256,128,64] lr1e-4 patient",3670.71,3596.4824
2025-12-25 17:00:00,test,"MLP v3b [256,128,64] lr1e-4 patient",4074.73,3891.9495
2025-12-25 18:00:00,test,"MLP v3b [256,128,64] lr1e-4 patient",4111.77,4122.2954
2025-12-25 19:00:00,test,"MLP v3b [256,128,64] lr1e-4 patient",4053.67,3972.1074
2025-12-25 20:00:00,test,"MLP v3b [256,128,64] lr1e-4 patient",3811.5,3752.7263
2025-12-25 21:00:00,test,"MLP v3b [256,128,64] lr1e-4 patient",3504.52,3478.7336
2025-12-25 22:00:00,test,"MLP v3b [256,128,64] lr1e-4 patient",3320.51,3239.7625
2025-12-25 23:00:00,test,"MLP v3b [256,128,64] lr1e-4 patient",2900.14,2864.802
2025-12-26 00:00:00,test,"MLP v3b [256,128,64] lr1e-4 patient",2498.78,2450.6482
2025-12-26 01:00:00,test,"MLP v3b [256,128,64] lr1e-4 patient",2171.46,2134.6594
2025-12-26 02:00:00,test,"MLP v3b [256,128,64] lr1e-4 patient",1991.01,1982.6217
2025-12-26 03:00:00,test,"MLP v3b [256,128,64] lr1e-4 patient",1896.77,1911.3947
2025-12-26 04:00:00,test,"MLP v3b [256,128,64] lr1e-4 patient",2052.88,2059.1995
2025-12-26 05:00:00,test,"MLP v3b [256,128,64] lr1e-4 patient",2689.89,2601.246
2025-12-26 06:00:00,test,"MLP v3b [256,128,64] lr1e-4 patient",3603.61,3587.2253
2025-12-26 07:00:00,test,"MLP v3b [256,128,64] lr1e-4 patient",4328.8,4209.3804
2025-12-26 08:00:00,test,"MLP v3b [256,128,64] lr1e-4 patient",4571.77,4502.7993
2025-12-26 09:00:00,test,"MLP v3b [256,128,64] lr1e-4 patient",5012.35,4977.353
2025-12-26 10:00:00,test,"MLP v3b [256,128,64] lr1e-4 patient",5062.14,5064.5425
2025-12-26 11:00:00,test,"MLP v3b [256,128,64] lr1e-4 patient",5068.27,4985.353
2025-12-26 12:00:00,test,"MLP v3b [256,128,64] lr1e-4 patient",4786.01,4856.156
2025-12-26 13:00:00,test,"MLP v3b [256,128,64] lr1e-4 patient",4430.56,4382.446
2025-12-26 14:00:00,test,"MLP v3b [256,128,64] lr1e-4 patient",4051.42,4087.213
2025-12-26 15:00:00,test,"MLP v3b [256,128,64] lr1e-4 patient",3922.16,3919.9094
2025-12-26 16:00:00,test,"MLP v3b [256,128,64] lr1e-4 patient",3846.73,3771.1375
2025-12-26 17:00:00,test,"MLP v3b [256,128,64] lr1e-4 patient",4202.09,4144.751
2025-12-26 18:00:00,test,"MLP v3b [256,128,64] lr1e-4 patient",4230.55,4289.222
2025-12-26 19:00:00,test,"MLP v3b [256,128,64] lr1e-4 patient",4150.55,4125.5337
2025-12-26 20:00:00,test,"MLP v3b [256,128,64] lr1e-4 patient",3937.33,3850.4436
2025-12-26 21:00:00,test,"MLP v3b [256,128,64] lr1e-4 patient",3589.85,3598.6106
2025-12-26 22:00:00,test,"MLP v3b [256,128,64] lr1e-4 patient",3278.54,3305.8113
2025-12-26 23:00:00,test,"MLP v3b [256,128,64] lr1e-4 patient",2944.34,2831.036
2025-12-27 00:00:00,test,"MLP v3b [256,128,64] lr1e-4 patient",2544.57,2455.1484
2025-12-27 01:00:00,test,"MLP v3b [256,128,64] lr1e-4 patient",2213.25,2174.0369
2025-12-27 02:00:00,test,"MLP v3b [256,128,64] lr1e-4 patient",2007.64,2027.8784
2025-12-27 03:00:00,test,"MLP v3b [256,128,64] lr1e-4 patient",1895.48,1936.7523
2025-12-27 04:00:00,test,"MLP v3b [256,128,64] lr1e-4 patient",2053.68,2050.2693
2025-12-27 05:00:00,test,"MLP v3b [256,128,64] lr1e-4 patient",2604.7,2533.6204
2025-12-27 06:00:00,test,"MLP v3b [256,128,64] lr1e-4 patient",3363.05,3358.7024
2025-12-27 07:00:00,test,"MLP v3b [256,128,64] lr1e-4 patient",3796.51,3978.237
2025-12-27 08:00:00,test,"MLP v3b [256,128,64] lr1e-4 patient",4213.77,4109.095
2025-12-27 09:00:00,test,"MLP v3b [256,128,64] lr1e-4 patient",4545.15,4602.3477
2025-12-27 10:00:00,test,"MLP v3b [256,128,64] lr1e-4 patient",4590.65,4648.9517
2025-12-27 11:00:00,test,"MLP v3b [256,128,64] lr1e-4 patient",4515.63,4537.8887
2025-12-27 12:00:00,test,"MLP v3b [256,128,64] lr1e-4 patient",4397.76,4308.5005
2025-12-27 13:00:00,test,"MLP v3b [256,128,64] lr1e-4 patient",4096.75,4013.18
2025-12-27 14:00:00,test,"MLP v3b [256,128,64] lr1e-4 patient",3774.84,3839.748
2025-12-27 15:00:00,test,"MLP v3b [256,128,64] lr1e-4 patient",3684.58,3677.746
2025-12-27 16:00:00,test,"MLP v3b [256,128,64] lr1e-4 patient",3659.66,3596.5427
2025-12-27 17:00:00,test,"MLP v3b [256,128,64] lr1e-4 patient",3932.86,3915.3582
2025-12-27 18:00:00,test,"MLP v3b [256,128,64] lr1e-4 patient",4012.99,4006.0457
2025-12-27 19:00:00,test,"MLP v3b [256,128,64] lr1e-4 patient",3904.96,3899.2703
2025-12-27 20:00:00,test,"MLP v3b [256,128,64] lr1e-4 patient",3740.57,3672.532
2025-12-27 21:00:00,test,"MLP v3b [256,128,64] lr1e-4 patient",3466.11,3444.3528
2025-12-27 22:00:00,test,"MLP v3b [256,128,64] lr1e-4 patient",3255.2,3184.1252
2025-12-27 23:00:00,test,"MLP v3b [256,128,64] lr1e-4 patient",2830.66,2827.3477
2025-12-28 00:00:00,test,"MLP v3b [256,128,64] lr1e-4 patient",2419.18,2408.2307
2025-12-28 01:00:00,test,"MLP v3b [256,128,64] lr1e-4 patient",2105.28,2098.913
2025-12-28 02:00:00,test,"MLP v3b [256,128,64] lr1e-4 patient",1923.66,1954.0117
2025-12-28 03:00:00,test,"MLP v3b [256,128,64] lr1e-4 patient",1836.43,1864.0327
2025-12-28 04:00:00,test,"MLP v3b [256,128,64] lr1e-4 patient",1911.6,1980.2002
2025-12-28 05:00:00,test,"MLP v3b [256,128,64] lr1e-4 patient",2301.11,2349.9934
2025-12-28 06:00:00,test,"MLP v3b [256,128,64] lr1e-4 patient",2892.03,2920.0427
2025-12-28 07:00:00,test,"MLP v3b [256,128,64] lr1e-4 patient",3635.47,3528.5986
2025-12-28 08:00:00,test,"MLP v3b [256,128,64] lr1e-4 patient",4090.18,3945.2178
2025-12-28 09:00:00,test,"MLP v3b [256,128,64] lr1e-4 patient",4613.92,4586.102
2025-12-28 10:00:00,test,"MLP v3b [256,128,64] lr1e-4 patient",4782.82,4787.81
2025-12-28 11:00:00,test,"MLP v3b [256,128,64] lr1e-4 patient",4772.2,4835.6147
2025-12-28 12:00:00,test,"MLP v3b [256,128,64] lr1e-4 patient",4665.63,4629.4033
2025-12-28 13:00:00,test,"MLP v3b [256,128,64] lr1e-4 patient",4239.18,4217.6997
2025-12-28 14:00:00,test,"MLP v3b [256,128,64] lr1e-4 patient",3929.23,3940.3574
2025-12-28 15:00:00,test,"MLP v3b [256,128,64] lr1e-4 patient",3593.37,3697.3093
2025-12-28 16:00:00,test,"MLP v3b [256,128,64] lr1e-4 patient",3440.19,3467.9834
2025-12-28 17:00:00,test,"MLP v3b [256,128,64] lr1e-4 patient",3776.65,3721.4207
2025-12-28 18:00:00,test,"MLP v3b [256,128,64] lr1e-4 patient",3838.79,3820.2747
2025-12-28 19:00:00,test,"MLP v3b [256,128,64] lr1e-4 patient",3810.67,3775.6865
2025-12-28 20:00:00,test,"MLP v3b [256,128,64] lr1e-4 patient",3647.24,3645.1511
2025-12-28 21:00:00,test,"MLP v3b [256,128,64] lr1e-4 patient",3451.19,3399.5486
2025-12-28 22:00:00,test,"MLP v3b [256,128,64] lr1e-4 patient",3226.94,3180.2178
2025-12-28 23:00:00,test,"MLP v3b [256,128,64] lr1e-4 patient",2792.0,2767.8704
2025-12-29 00:00:00,test,"MLP v3b [256,128,64] lr1e-4 patient",2380.47,2424.7544
2025-12-29 01:00:00,test,"MLP v3b [256,128,64] lr1e-4 patient",2063.94,2111.1848
2025-12-29 02:00:00,test,"MLP v3b [256,128,64] lr1e-4 patient",1910.75,1971.5449
2025-12-29 03:00:00,test,"MLP v3b [256,128,64] lr1e-4 patient",1809.81,1896.7472
2025-12-29 04:00:00,test,"MLP v3b [256,128,64] lr1e-4 patient",1970.45,2036.9437
2025-12-29 05:00:00,test,"MLP v3b [256,128,64] lr1e-4 patient",2667.56,2606.9202
2025-12-29 06:00:00,test,"MLP v3b [256,128,64] lr1e-4 patient",3668.79,3572.3767
2025-12-29 07:00:00,test,"MLP v3b [256,128,64] lr1e-4 patient",4277.89,4246.3257
2025-12-29 08:00:00,test,"MLP v3b [256,128,64] lr1e-4 patient",4531.79,4506.787
2025-12-29 09:00:00,test,"MLP v3b [256,128,64] lr1e-4 patient",4963.8,4914.856
2025-12-29 10:00:00,test,"MLP v3b [256,128,64] lr1e-4 patient",5097.68,5023.2305
2025-12-29 11:00:00,test,"MLP v3b [256,128,64] lr1e-4 patient",5023.77,5026.0234
2025-12-29 12:00:00,test,"MLP v3b [256,128,64] lr1e-4 patient",4868.23,4801.936
2025-12-29 13:00:00,test,"MLP v3b [256,128,64] lr1e-4 patient",4472.61,4380.9165
2025-12-29 14:00:00,test,"MLP v3b [256,128,64] lr1e-4 patient",4134.21,4150.8394
2025-12-29 15:00:00,test,"MLP v3b [256,128,64] lr1e-4 patient",3998.75,4017.1677
2025-12-29 16:00:00,test,"MLP v3b [256,128,64] lr1e-4 patient",3940.48,3880.1106
2025-12-29 17:00:00,test,"MLP v3b [256,128,64] lr1e-4 patient",4217.0,4238.9995
2025-12-29 18:00:00,test,"MLP v3b [256,128,64] lr1e-4 patient",4340.03,4288.738
2025-12-29 19:00:00,test,"MLP v3b [256,128,64] lr1e-4 patient",4229.21,4234.1875
2025-12-29 20:00:00,test,"MLP v3b [256,128,64] lr1e-4 patient",4020.09,4025.3328
2025-12-29 21:00:00,test,"MLP v3b [256,128,64] lr1e-4 patient",3785.11,3755.0889
2025-12-29 22:00:00,test,"MLP v3b [256,128,64] lr1e-4 patient",3584.11,3590.1375
2025-12-29 23:00:00,test,"MLP v3b [256,128,64] lr1e-4 patient",3064.52,3051.8757
2025-12-30 00:00:00,test,"MLP v3b [256,128,64] lr1e-4 patient",2546.17,2552.1055
2025-12-30 01:00:00,test,"MLP v3b [256,128,64] lr1e-4 patient",2221.95,2181.7205
2025-12-30 02:00:00,test,"MLP v3b [256,128,64] lr1e-4 patient",2029.84,2038.1449
2025-12-30 03:00:00,test,"MLP v3b [256,128,64] lr1e-4 patient",1890.91,1954.3325
2025-12-30 04:00:00,test,"MLP v3b [256,128,64] lr1e-4 patient",2078.57,2082.5144
2025-12-30 05:00:00,test,"MLP v3b [256,128,64] lr1e-4 patient",2723.91,2710.5237
2025-12-30 06:00:00,test,"MLP v3b [256,128,64] lr1e-4 patient",3723.77,3747.972
2025-12-30 07:00:00,test,"MLP v3b [256,128,64] lr1e-4 patient",4386.01,4444.0444
2025-12-30 08:00:00,test,"MLP v3b [256,128,64] lr1e-4 patient",4743.04,4624.4487
2025-12-30 09:00:00,test,"MLP v3b [256,128,64] lr1e-4 patient",5100.17,5110.8467
2025-12-30 10:00:00,test,"MLP v3b [256,128,64] lr1e-4 patient",5188.84,5179.542
2025-12-30 11:00:00,test,"MLP v3b [256,128,64] lr1e-4 patient",5176.58,5111.9893
2025-12-30 12:00:00,test,"MLP v3b [256,128,64] lr1e-4 patient",4998.29,4939.8604
2025-12-30 13:00:00,test,"MLP v3b [256,128,64] lr1e-4 patient",4444.49,4557.7524
2025-12-30 14:00:00,test,"MLP v3b [256,128,64] lr1e-4 patient",4168.46,4206.12
2025-12-30 15:00:00,test,"MLP v3b [256,128,64] lr1e-4 patient",4017.97,4091.1846
2025-12-30 16:00:00,test,"MLP v3b [256,128,64] lr1e-4 patient",3934.21,3952.792
2025-12-30 17:00:00,test,"MLP v3b [256,128,64] lr1e-4 patient",4285.36,4271.931
2025-12-30 18:00:00,test,"MLP v3b [256,128,64] lr1e-4 patient",4335.47,4375.4565
2025-12-30 19:00:00,test,"MLP v3b [256,128,64] lr1e-4 patient",4265.45,4274.798
2025-12-30 20:00:00,test,"MLP v3b [256,128,64] lr1e-4 patient",4066.72,4052.7664
2025-12-30 21:00:00,test,"MLP v3b [256,128,64] lr1e-4 patient",3764.26,3775.5583
2025-12-30 22:00:00,test,"MLP v3b [256,128,64] lr1e-4 patient",3612.35,3581.6143
2025-12-30 23:00:00,test,"MLP v3b [256,128,64] lr1e-4 patient",3114.74,3058.4011
2025-12-31 00:00:00,test,"MLP v3b [256,128,64] lr1e-4 patient",2576.98,2589.0403
2025-12-31 01:00:00,test,"MLP v3b [256,128,64] lr1e-4 patient",2216.11,2230.1091
2025-12-31 02:00:00,test,"MLP v3b [256,128,64] lr1e-4 patient",2032.14,2044.4899
2025-12-31 03:00:00,test,"MLP v3b [256,128,64] lr1e-4 patient",1928.06,1954.3618
2025-12-31 04:00:00,test,"MLP v3b [256,128,64] lr1e-4 patient",2066.28,2132.7795
2025-12-31 05:00:00,test,"MLP v3b [256,128,64] lr1e-4 patient",2689.36,2682.7844
2025-12-31 06:00:00,test,"MLP v3b [256,128,64] lr1e-4 patient",3615.94,3719.749
2025-12-31 07:00:00,test,"MLP v3b [256,128,64] lr1e-4 patient",4371.89,4461.3853
2025-12-31 08:00:00,test,"MLP v3b [256,128,64] lr1e-4 patient",4776.82,4679.814
2025-12-31 09:00:00,test,"MLP v3b [256,128,64] lr1e-4 patient",5316.63,5208.8745
2025-12-31 10:00:00,test,"MLP v3b [256,128,64] lr1e-4 patient",5489.49,5384.3657
2025-12-31 11:00:00,test,"MLP v3b [256,128,64] lr1e-4 patient",5464.15,5400.4243
2025-12-31 12:00:00,test,"MLP v3b [256,128,64] lr1e-4 patient",5365.02,5219.2856
2025-12-31 13:00:00,test,"MLP v3b [256,128,64] lr1e-4 patient",5013.05,4874.6724
2025-12-31 14:00:00,test,"MLP v3b [256,128,64] lr1e-4 patient",4734.83,4670.799
2025-12-31 15:00:00,test,"MLP v3b [256,128,64] lr1e-4 patient",4565.32,4490.3516
2025-12-31 16:00:00,test,"MLP v3b [256,128,64] lr1e-4 patient",4363.63,4315.306
2025-12-31 17:00:00,test,"MLP v3b [256,128,64] lr1e-4 patient",4542.53,4463.4224
2025-12-31 18:00:00,test,"MLP v3b [256,128,64] lr1e-4 patient",4567.0,4557.2476
2025-12-31 19:00:00,test,"MLP v3b [256,128,64] lr1e-4 patient",4524.36,4444.432
2025-12-31 20:00:00,test,"MLP v3b [256,128,64] lr1e-4 patient",4171.43,4266.739
2025-12-31 21:00:00,test,"MLP v3b [256,128,64] lr1e-4 patient",3918.25,3930.093
2025-12-31 22:00:00,test,"MLP v3b [256,128,64] lr1e-4 patient",3721.85,3696.6738
2025-12-31 23:00:00,test,"MLP v3b [256,128,64] lr1e-4 patient",3215.63,3182.7288
2026-01-01 00:00:00,test,"MLP v3b [256,128,64] lr1e-4 patient",2788.7,2619.9575
2026-01-01 01:00:00,test,"MLP v3b [256,128,64] lr1e-4 patient",2389.69,2300.2773
2026-01-01 02:00:00,test,"MLP v3b [256,128,64] lr1e-4 patient",2132.8,2125.0684
2026-01-01 03:00:00,test,"MLP v3b [256,128,64] lr1e-4 patient",2089.59,1965.9615
2026-01-01 04:00:00,test,"MLP v3b [256,128,64] lr1e-4 patient",2241.86,2115.5332
2026-01-01 05:00:00,test,"MLP v3b [256,128,64] lr1e-4 patient",2590.44,2646.9382
2026-01-01 06:00:00,test,"MLP v3b [256,128,64] lr1e-4 patient",3470.09,3455.0461
2026-01-01 07:00:00,test,"MLP v3b [256,128,64] lr1e-4 patient",4359.92,4268.4043
2026-01-01 08:00:00,test,"MLP v3b [256,128,64] lr1e-4 patient",4837.53,4697.962
2026-01-01 09:00:00,test,"MLP v3b [256,128,64] lr1e-4 patient",5468.57,5270.1167
2026-01-01 10:00:00,test,"MLP v3b [256,128,64] lr1e-4 patient",5572.05,5573.344
2026-01-01 11:00:00,test,"MLP v3b [256,128,64] lr1e-4 patient",5567.43,5550.153
2026-01-01 12:00:00,test,"MLP v3b [256,128,64] lr1e-4 patient",5389.21,5342.7285
2026-01-01 13:00:00,test,"MLP v3b [256,128,64] lr1e-4 patient",4944.48,4982.0015
2026-01-01 14:00:00,test,"MLP v3b [256,128,64] lr1e-4 patient",4536.61,4634.77
2026-01-01 15:00:00,test,"MLP v3b [256,128,64] lr1e-4 patient",4276.8,4366.3203
2026-01-01 16:00:00,test,"MLP v3b [256,128,64] lr1e-4 patient",4030.54,4153.2188
2026-01-01 17:00:00,test,"MLP v3b [256,128,64] lr1e-4 patient",4131.91,4319.2407
2026-01-01 18:00:00,test,"MLP v3b [256,128,64] lr1e-4 patient",4169.77,4306.8833
2026-01-01 19:00:00,test,"MLP v3b [256,128,64] lr1e-4 patient",4069.78,4175.276
2026-01-01 20:00:00,test,"MLP v3b [256,128,64] lr1e-4 patient",3883.53,3897.081
2026-01-01 21:00:00,test,"MLP v3b [256,128,64] lr1e-4 patient",3685.31,3630.7031
2026-01-01 22:00:00,test,"MLP v3b [256,128,64] lr1e-4 patient",3527.06,3495.932
2026-01-01 23:00:00,test,"MLP v3b [256,128,64] lr1e-4 patient",3033.66,3050.111
2026-01-02 00:00:00,test,"MLP v3b [256,128,64] lr1e-4 patient",2545.88,2574.3928
2026-01-02 01:00:00,test,"MLP v3b [256,128,64] lr1e-4 patient",2166.86,2188.5776
2026-01-02 02:00:00,test,"MLP v3b [256,128,64] lr1e-4 patient",1966.67,2009.2476
2026-01-02 03:00:00,test,"MLP v3b [256,128,64] lr1e-4 patient",1844.11,1933.7943
2026-01-02 04:00:00,test,"MLP v3b [256,128,64] lr1e-4 patient",1982.36,2071.4053
2026-01-02 05:00:00,test,"MLP v3b [256,128,64] lr1e-4 patient",2485.09,2647.8335
2026-01-02 06:00:00,test,"MLP v3b [256,128,64] lr1e-4 patient",3320.99,3580.9812
2026-01-02 07:00:00,test,"MLP v3b [256,128,64] lr1e-4 patient",4223.31,4375.046
2026-01-02 08:00:00,test,"MLP v3b [256,128,64] lr1e-4 patient",4761.0,4662.183
2026-01-02 09:00:00,test,"MLP v3b [256,128,64] lr1e-4 patient",5298.62,5194.512
2026-01-02 10:00:00,test,"MLP v3b [256,128,64] lr1e-4 patient",5508.58,5366.889
2026-01-02 11:00:00,test,"MLP v3b [256,128,64] lr1e-4 patient",5545.99,5413.945
2026-01-02 12:00:00,test,"MLP v3b [256,128,64] lr1e-4 patient",5381.37,5278.3237
2026-01-02 13:00:00,test,"MLP v3b [256,128,64] lr1e-4 patient",4979.8,4933.2954
2026-01-02 14:00:00,test,"MLP v3b [256,128,64] lr1e-4 patient",4546.12,4576.857
2026-01-02 15:00:00,test,"MLP v3b [256,128,64] lr1e-4 patient",4384.87,4333.395
2026-01-02 16:00:00,test,"MLP v3b [256,128,64] lr1e-4 patient",4207.85,4195.0137
2026-01-02 17:00:00,test,"MLP v3b [256,128,64] lr1e-4 patient",4502.09,4412.646
2026-01-02 18:00:00,test,"MLP v3b [256,128,64] lr1e-4 patient",4527.5,4525.504
2026-01-02 19:00:00,test,"MLP v3b [256,128,64] lr1e-4 patient",4385.59,4406.024
2026-01-02 20:00:00,test,"MLP v3b [256,128,64] lr1e-4 patient",4169.17,4160.1763
2026-01-02 21:00:00,test,"MLP v3b [256,128,64] lr1e-4 patient",3890.24,3873.4746
2026-01-02 22:00:00,test,"MLP v3b [256,128,64] lr1e-4 patient",3676.42,3655.1848
2026-01-02 23:00:00,test,"MLP v3b [256,128,64] lr1e-4 patient",3179.73,3108.0872
2026-01-03 00:00:00,test,"MLP v3b [256,128,64] lr1e-4 patient",2639.08,2604.109
2026-01-03 01:00:00,test,"MLP v3b [256,128,64] lr1e-4 patient",2313.14,2234.804
2026-01-03 02:00:00,test,"MLP v3b [256,128,64] lr1e-4 patient",2061.43,2064.8367
2026-01-03 03:00:00,test,"MLP v3b [256,128,64] lr1e-4 patient",1946.48,1952.124
2026-01-03 04:00:00,test,"MLP v3b [256,128,64] lr1e-4 patient",2050.83,2090.2283
2026-01-03 05:00:00,test,"MLP v3b [256,128,64] lr1e-4 patient",2554.39,2551.0144
2026-01-03 06:00:00,test,"MLP v3b [256,128,64] lr1e-4 patient",3337.55,3388.0234
2026-01-03 07:00:00,test,"MLP v3b [256,128,64] lr1e-4 patient",4156.25,4134.1597
2026-01-03 08:00:00,test,"MLP v3b [256,128,64] lr1e-4 patient",4560.02,4525.5347
2026-01-03 09:00:00,test,"MLP v3b [256,128,64] lr1e-4 patient",5019.01,5007.1743
2026-01-03 10:00:00,test,"MLP v3b [256,128,64] lr1e-4 patient",5151.57,5128.284
2026-01-03 11:00:00,test,"MLP v3b [256,128,64] lr1e-4 patient",5143.87,5116.6055
2026-01-03 12:00:00,test,"MLP v3b [256,128,64] lr1e-4 patient",4929.64,4925.0884
2026-01-03 13:00:00,test,"MLP v3b [256,128,64] lr1e-4 patient",4557.86,4521.355
2026-01-03 14:00:00,test,"MLP v3b [256,128,64] lr1e-4 patient",4308.31,4203.0156
2026-01-03 15:00:00,test,"MLP v3b [256,128,64] lr1e-4 patient",4148.12,4143.6035
2026-01-03 16:00:00,test,"MLP v3b [256,128,64] lr1e-4 patient",3889.09,3994.4443
2026-01-03 17:00:00,test,"MLP v3b [256,128,64] lr1e-4 patient",4244.54,4185.928
2026-01-03 18:00:00,test,"MLP v3b [256,128,64] lr1e-4 patient",4304.75,4279.9863
2026-01-03 19:00:00,test,"MLP v3b [256,128,64] lr1e-4 patient",4181.55,4216.573
2026-01-03 20:00:00,test,"MLP v3b [256,128,64] lr1e-4 patient",4026.47,3970.0244
2026-01-03 21:00:00,test,"MLP v3b [256,128,64] lr1e-4 patient",3809.9,3741.087
2026-01-03 22:00:00,test,"MLP v3b [256,128,64] lr1e-4 patient",3544.94,3552.5344
2026-01-03 23:00:00,test,"MLP v3b [256,128,64] lr1e-4 patient",3096.45,3024.5793
2026-01-04 00:00:00,test,"MLP v3b [256,128,64] lr1e-4 patient",2561.74,2515.7937
2026-01-04 01:00:00,test,"MLP v3b [256,128,64] lr1e-4 patient",2179.56,2178.7156
2026-01-04 02:00:00,test,"MLP v3b [256,128,64] lr1e-4 patient",1980.8,1964.8402
2026-01-04 03:00:00,test,"MLP v3b [256,128,64] lr1e-4 patient",1865.38,1841.8734
2026-01-04 04:00:00,test,"MLP v3b [256,128,64] lr1e-4 patient",1939.91,1967.5653
2026-01-04 05:00:00,test,"MLP v3b [256,128,64] lr1e-4 patient",2311.97,2370.6064
2026-01-04 06:00:00,test,"MLP v3b [256,128,64] lr1e-4 patient",2971.33,2997.756
2026-01-04 07:00:00,test,"MLP v3b [256,128,64] lr1e-4 patient",3733.06,3731.3367
2026-01-04 08:00:00,test,"MLP v3b [256,128,64] lr1e-4 patient",4251.98,4241.9487
2026-01-04 09:00:00,test,"MLP v3b [256,128,64] lr1e-4 patient",4859.5,4824.6445
2026-01-04 10:00:00,test,"MLP v3b [256,128,64] lr1e-4 patient",5034.0,5037.066
2026-01-04 11:00:00,test,"MLP v3b [256,128,64] lr1e-4 patient",5063.18,5054.8315
2026-01-04 12:00:00,test,"MLP v3b [256,128,64] lr1e-4 patient",5026.56,4908.256
2026-01-04 13:00:00,test,"MLP v3b [256,128,64] lr1e-4 patient",4670.29,4570.39
2026-01-04 14:00:00,test,"MLP v3b [256,128,64] lr1e-4 patient",4354.35,4268.696
2026-01-04 15:00:00,test,"MLP v3b [256,128,64] lr1e-4 patient",4013.31,4078.1726
2026-01-04 16:00:00,test,"MLP v3b [256,128,64] lr1e-4 patient",3772.15,3779.011
2026-01-04 17:00:00,test,"MLP v3b [256,128,64] lr1e-4 patient",4060.32,3976.7874
2026-01-04 18:00:00,test,"MLP v3b [256,128,64] lr1e-4 patient",4153.79,4187.3745
2026-01-04 19:00:00,test,"MLP v3b [256,128,64] lr1e-4 patient",4127.88,4103.257
2026-01-04 20:00:00,test,"MLP v3b [256,128,64] lr1e-4 patient",4024.58,3963.3054
2026-01-04 21:00:00,test,"MLP v3b [256,128,64] lr1e-4 patient",3809.53,3792.5754
2026-01-04 22:00:00,test,"MLP v3b [256,128,64] lr1e-4 patient",3586.63,3554.6887
2026-01-04 23:00:00,test,"MLP v3b [256,128,64] lr1e-4 patient",3094.4,3024.3132
2026-01-05 00:00:00,test,"MLP v3b [256,128,64] lr1e-4 patient",2563.17,2575.1055
2026-01-05 01:00:00,test,"MLP v3b [256,128,64] lr1e-4 patient",2168.62,2205.7664
2026-01-05 02:00:00,test,"MLP v3b [256,128,64] lr1e-4 patient",1966.0,1993.6357
2026-01-05 03:00:00,test,"MLP v3b [256,128,64] lr1e-4 patient",1868.51,1902.909
2026-01-05 04:00:00,test,"MLP v3b [256,128,64] lr1e-4 patient",2004.87,2060.0627
2026-01-05 05:00:00,test,"MLP v3b [256,128,64] lr1e-4 patient",2577.95,2642.8655
2026-01-05 06:00:00,test,"MLP v3b [256,128,64] lr1e-4 patient",3515.03,3604.9353
2026-01-05 07:00:00,test,"MLP v3b [256,128,64] lr1e-4 patient",4452.67,4348.1284
2026-01-05 08:00:00,test,"MLP v3b [256,128,64] lr1e-4 patient",4873.9,4728.8975
2026-01-05 09:00:00,test,"MLP v3b [256,128,64] lr1e-4 patient",5316.71,5286.091
2026-01-05 10:00:00,test,"MLP v3b [256,128,64] lr1e-4 patient",5514.95,5401.61
2026-01-05 11:00:00,test,"MLP v3b [256,128,64] lr1e-4 patient",5451.7,5443.821
2026-01-05 12:00:00,test,"MLP v3b [256,128,64] lr1e-4 patient",5111.53,5219.8345
2026-01-05 13:00:00,test,"MLP v3b [256,128,64] lr1e-4 patient",4697.87,4663.8945
2026-01-05 14:00:00,test,"MLP v3b [256,128,64] lr1e-4 patient",4369.2,4318.141
2026-01-05 15:00:00,test,"MLP v3b [256,128,64] lr1e-4 patient",4269.43,4240.2363
2026-01-05 16:00:00,test,"MLP v3b [256,128,64] lr1e-4 patient",4245.92,4135.7856
2026-01-05 17:00:00,test,"MLP v3b [256,128,64] lr1e-4 patient",4539.83,4437.162
2026-01-05 18:00:00,test,"MLP v3b [256,128,64] lr1e-4 patient",4636.01,4557.9
2026-01-05 19:00:00,test,"MLP v3b [256,128,64] lr1e-4 patient",4580.53,4509.721
2026-01-05 20:00:00,test,"MLP v3b [256,128,64] lr1e-4 patient",4338.1,4320.5586
2026-01-05 21:00:00,test,"MLP v3b [256,128,64] lr1e-4 patient",4068.88,4093.2568
2026-01-05 22:00:00,test,"MLP v3b [256,128,64] lr1e-4 patient",3880.53,3847.131
2026-01-05 23:00:00,test,"MLP v3b [256,128,64] lr1e-4 patient",3311.26,3310.2898
2026-01-06 00:00:00,test,"MLP v3b [256,128,64] lr1e-4 patient",2819.38,2670.3103
2026-01-06 01:00:00,test,"MLP v3b [256,128,64] lr1e-4 patient",2502.43,2325.8542
2026-01-06 02:00:00,test,"MLP v3b [256,128,64] lr1e-4 patient",2333.94,2179.1885
2026-01-06 03:00:00,test,"MLP v3b [256,128,64] lr1e-4 patient",1912.82,2066.6184
2026-01-06 04:00:00,test,"MLP v3b [256,128,64] lr1e-4 patient",2095.48,2087.7454
2026-01-06 05:00:00,test,"MLP v3b [256,128,64] lr1e-4 patient",2637.85,2551.0225
2026-01-06 06:00:00,test,"MLP v3b [256,128,64] lr1e-4 patient",3620.81,3546.3186
2026-01-06 07:00:00,test,"MLP v3b [256,128,64] lr1e-4 patient",4603.86,4537.7085
2026-01-06 08:00:00,test,"MLP v3b [256,128,64] lr1e-4 patient",4986.17,4897.25
2026-01-06 09:00:00,test,"MLP v3b [256,128,64] lr1e-4 patient",5551.26,5394.016
2026-01-06 10:00:00,test,"MLP v3b [256,128,64] lr1e-4 patient",5771.58,5623.7954
2026-01-06 11:00:00,test,"MLP v3b [256,128,64] lr1e-4 patient",5736.69,5722.8384
2026-01-06 12:00:00,test,"MLP v3b [256,128,64] lr1e-4 patient",5498.43,5530.3164
2026-01-06 13:00:00,test,"MLP v3b [256,128,64] lr1e-4 patient",5145.76,5059.054
2026-01-06 14:00:00,test,"MLP v3b [256,128,64] lr1e-4 patient",4840.46,4843.9526
2026-01-06 15:00:00,test,"MLP v3b [256,128,64] lr1e-4 patient",4704.77,4610.158
2026-01-06 16:00:00,test,"MLP v3b [256,128,64] lr1e-4 patient",4428.92,4406.266
2026-01-06 17:00:00,test,"MLP v3b [256,128,64] lr1e-4 patient",4656.32,4540.9805
2026-01-06 18:00:00,test,"MLP v3b [256,128,64] lr1e-4 patient",4790.99,4586.531
2026-01-06 19:00:00,test,"MLP v3b [256,128,64] lr1e-4 patient",4693.94,4639.471
2026-01-06 20:00:00,test,"MLP v3b [256,128,64] lr1e-4 patient",4488.92,4473.4097
2026-01-06 21:00:00,test,"MLP v3b [256,128,64] lr1e-4 patient",4227.18,4190.7104
2026-01-06 22:00:00,test,"MLP v3b [256,128,64] lr1e-4 patient",3998.42,4034.885
2026-01-06 23:00:00,test,"MLP v3b [256,128,64] lr1e-4 patient",3415.59,3450.1921
2026-01-07 00:00:00,test,"MLP v3b [256,128,64] lr1e-4 patient",2746.08,2786.2463
2026-01-07 01:00:00,test,"MLP v3b [256,128,64] lr1e-4 patient",2303.76,2339.747
2026-01-07 02:00:00,test,"MLP v3b [256,128,64] lr1e-4 patient",2096.74,2129.401
2026-01-07 03:00:00,test,"MLP v3b [256,128,64] lr1e-4 patient",1986.9,1983.4014
2026-01-07 04:00:00,test,"MLP v3b [256,128,64] lr1e-4 patient",2107.45,2151.9246
2026-01-07 05:00:00,test,"MLP v3b [256,128,64] lr1e-4 patient",2673.52,2724.1536
2026-01-07 06:00:00,test,"MLP v3b [256,128,64] lr1e-4 patient",3654.02,3730.9814
2026-01-07 07:00:00,test,"MLP v3b [256,128,64] lr1e-4 patient",4628.53,4649.4966
2026-01-07 08:00:00,test,"MLP v3b [256,128,64] lr1e-4 patient",5031.06,4909.939
2026-01-07 09:00:00,test,"MLP v3b [256,128,64] lr1e-4 patient",5669.6,5456.3286
2026-01-07 10:00:00,test,"MLP v3b [256,128,64] lr1e-4 patient",5795.03,5745.5723
2026-01-07 11:00:00,test,"MLP v3b [256,128,64] lr1e-4 patient",5737.2,5729.733
2026-01-07 12:00:00,test,"MLP v3b [256,128,64] lr1e-4 patient",5532.37,5492.523
2026-01-07 13:00:00,test,"MLP v3b [256,128,64] lr1e-4 patient",5080.71,5065.9272
2026-01-07 14:00:00,test,"MLP v3b [256,128,64] lr1e-4 patient",4675.74,4769.1167
2026-01-07 15:00:00,test,"MLP v3b [256,128,64] lr1e-4 patient",4585.07,4484.0327
2026-01-09 00:00:00,test,"MLP v3b [256,128,64] lr1e-4 patient",2890.28,2570.059
2026-01-09 01:00:00,test,"MLP v3b [256,128,64] lr1e-4 patient",2428.48,2323.5327
2026-01-09 02:00:00,test,"MLP v3b [256,128,64] lr1e-4 patient",2199.79,2139.4854
2026-01-09 03:00:00,test,"MLP v3b [256,128,64] lr1e-4 patient",2047.46,2039.684
2026-01-09 04:00:00,test,"MLP v3b [256,128,64] lr1e-4 patient",2195.66,2164.3772
2026-01-09 05:00:00,test,"MLP v3b [256,128,64] lr1e-4 patient",2844.82,2701.714
2026-01-09 06:00:00,test,"MLP v3b [256,128,64] lr1e-4 patient",3775.99,3763.9688
2026-01-09 07:00:00,test,"MLP v3b [256,128,64] lr1e-4 patient",4767.2,4643.1577
2026-01-09 08:00:00,test,"MLP v3b [256,128,64] lr1e-4 patient",5237.66,4967.6646
2026-01-09 09:00:00,test,"MLP v3b [256,128,64] lr1e-4 patient",5861.45,5615.465
2026-01-09 10:00:00,test,"MLP v3b [256,128,64] lr1e-4 patient",5980.83,5912.4224
2026-01-09 11:00:00,test,"MLP v3b [256,128,64] lr1e-4 patient",5931.41,5898.7695
2026-01-09 12:00:00,test,"MLP v3b [256,128,64] lr1e-4 patient",5744.01,5674.321
2026-01-09 13:00:00,test,"MLP v3b [256,128,64] lr1e-4 patient",5377.38,5300.644
2026-01-09 14:00:00,test,"MLP v3b [256,128,64] lr1e-4 patient",4975.45,5111.248
2026-01-09 15:00:00,test,"MLP v3b [256,128,64] lr1e-4 patient",4758.34,4720.9536
2026-01-09 16:00:00,test,"MLP v3b [256,128,64] lr1e-4 patient",4595.97,4404.0107
2026-01-09 17:00:00,test,"MLP v3b [256,128,64] lr1e-4 patient",4815.18,4565.3467
2026-01-09 18:00:00,test,"MLP v3b [256,128,64] lr1e-4 patient",4897.03,4737.8765
2026-01-09 19:00:00,test,"MLP v3b [256,128,64] lr1e-4 patient",4785.38,4702.233
2026-01-09 20:00:00,test,"MLP v3b [256,128,64] lr1e-4 patient",4584.94,4501.4253
2026-01-09 21:00:00,test,"MLP v3b [256,128,64] lr1e-4 patient",4324.6,4270.693
2026-01-09 22:00:00,test,"MLP v3b [256,128,64] lr1e-4 patient",4122.4,4087.3586
2026-01-09 23:00:00,test,"MLP v3b [256,128,64] lr1e-4 patient",3559.89,3474.132
2026-01-10 00:00:00,test,"MLP v3b [256,128,64] lr1e-4 patient",2928.55,2863.14
2026-01-10 01:00:00,test,"MLP v3b [256,128,64] lr1e-4 patient",2455.93,2432.583
2026-01-10 02:00:00,test,"MLP v3b [256,128,64] lr1e-4 patient",2192.95,2221.3643
2026-01-10 03:00:00,test,"MLP v3b [256,128,64] lr1e-4 patient",2049.4,2056.4727
2026-01-10 04:00:00,test,"MLP v3b [256,128,64] lr1e-4 patient",2182.61,2181.2
2026-01-10 05:00:00,test,"MLP v3b [256,128,64] lr1e-4 patient",2674.29,2668.5735
2026-01-10 06:00:00,test,"MLP v3b [256,128,64] lr1e-4 patient",3520.53,3581.9016
2026-01-10 07:00:00,test,"MLP v3b [256,128,64] lr1e-4 patient",4337.25,4503.4536
2026-01-10 08:00:00,test,"MLP v3b [256,128,64] lr1e-4 patient",4808.54,4731.111
2026-01-10 09:00:00,test,"MLP v3b [256,128,64] lr1e-4 patient",5358.38,5229.9683
2026-01-10 10:00:00,test,"MLP v3b [256,128,64] lr1e-4 patient",5512.06,5461.2866
2026-01-10 11:00:00,test,"MLP v3b [256,128,64] lr1e-4 patient",5497.69,5468.2124
2026-01-10 12:00:00,test,"MLP v3b [256,128,64] lr1e-4 patient",5212.48,5261.5854
2026-01-10 13:00:00,test,"MLP v3b [256,128,64] lr1e-4 patient",4691.77,4818.463
2026-01-10 14:00:00,test,"MLP v3b [256,128,64] lr1e-4 patient",4330.08,4350.9
2026-01-10 15:00:00,test,"MLP v3b [256,128,64] lr1e-4 patient",4145.69,4221.9497
2026-01-10 16:00:00,test,"MLP v3b [256,128,64] lr1e-4 patient",4124.99,4052.174
2026-01-10 17:00:00,test,"MLP v3b [256,128,64] lr1e-4 patient",4422.44,4341.142
2026-01-10 18:00:00,test,"MLP v3b [256,128,64] lr1e-4 patient",4582.56,4464.2134
2026-01-10 19:00:00,test,"MLP v3b [256,128,64] lr1e-4 patient",4492.46,4451.6426
2026-01-10 20:00:00,test,"MLP v3b [256,128,64] lr1e-4 patient",4397.52,4260.867
2026-01-10 21:00:00,test,"MLP v3b [256,128,64] lr1e-4 patient",4078.63,4115.908
2026-01-10 22:00:00,test,"MLP v3b [256,128,64] lr1e-4 patient",3904.51,3856.9788
2026-01-10 23:00:00,test,"MLP v3b [256,128,64] lr1e-4 patient",3389.14,3317.2207
2026-01-11 00:00:00,test,"MLP v3b [256,128,64] lr1e-4 patient",2845.0,2730.949
2026-01-11 01:00:00,test,"MLP v3b [256,128,64] lr1e-4 patient",2379.57,2347.1921
2026-01-11 02:00:00,test,"MLP v3b [256,128,64] lr1e-4 patient",2102.69,2093.3586
2026-01-11 03:00:00,test,"MLP v3b [256,128,64] lr1e-4 patient",1964.22,1946.8428
2026-01-11 04:00:00,test,"MLP v3b [256,128,64] lr1e-4 patient",2049.54,2045.5806
2026-01-11 05:00:00,test,"MLP v3b [256,128,64] lr1e-4 patient",2427.29,2470.5403
2026-01-11 06:00:00,test,"MLP v3b [256,128,64] lr1e-4 patient",3140.09,3165.1843
2026-01-11 07:00:00,test,"MLP v3b [256,128,64] lr1e-4 patient",3970.86,3958.793
2026-01-11 08:00:00,test,"MLP v3b [256,128,64] lr1e-4 patient",4652.12,4501.598
2026-01-11 09:00:00,test,"MLP v3b [256,128,64] lr1e-4 patient",5190.07,5132.5864
2026-01-11 10:00:00,test,"MLP v3b [256,128,64] lr1e-4 patient",5501.87,5357.1875
2026-01-11 11:00:00,test,"MLP v3b [256,128,64] lr1e-4 patient",5528.2,5492.7993
2026-01-11 12:00:00,test,"MLP v3b [256,128,64] lr1e-4 patient",5367.77,5376.947
2026-01-11 13:00:00,test,"MLP v3b [256,128,64] lr1e-4 patient",4923.83,4947.352
2026-01-11 14:00:00,test,"MLP v3b [256,128,64] lr1e-4 patient",4443.99,4548.4336
2026-01-11 15:00:00,test,"MLP v3b [256,128,64] lr1e-4 patient",4211.51,4180.658
2026-01-11 16:00:00,test,"MLP v3b [256,128,64] lr1e-4 patient",3992.02,3994.4521
2026-01-11 17:00:00,test,"MLP v3b [256,128,64] lr1e-4 patient",4220.85,4246.2837
2026-01-11 18:00:00,test,"MLP v3b [256,128,64] lr1e-4 patient",4370.52,4385.1074
2026-01-11 19:00:00,test,"MLP v3b [256,128,64] lr1e-4 patient",4354.89,4367.111
2026-01-11 20:00:00,test,"MLP v3b [256,128,64] lr1e-4 patient",4324.15,4260.2305
2026-01-11 21:00:00,test,"MLP v3b [256,128,64] lr1e-4 patient",4257.2,4120.8057
2026-01-11 22:00:00,test,"MLP v3b [256,128,64] lr1e-4 patient",3904.08,4044.906
2026-01-11 23:00:00,test,"MLP v3b [256,128,64] lr1e-4 patient",3410.22,3349.4424
2026-01-12 00:00:00,test,"MLP v3b [256,128,64] lr1e-4 patient",2843.69,2787.341
2026-01-12 01:00:00,test,"MLP v3b [256,128,64] lr1e-4 patient",2398.11,2370.7842
2026-01-12 02:00:00,test,"MLP v3b [256,128,64] lr1e-4 patient",2165.66,2158.8948
2026-01-12 03:00:00,test,"MLP v3b [256,128,64] lr1e-4 patient",2034.45,2029.733
2026-01-12 04:00:00,test,"MLP v3b [256,128,64] lr1e-4 patient",2190.21,2177.568
2026-01-12 05:00:00,test,"MLP v3b [256,128,64] lr1e-4 patient",2782.79,2749.985
2026-01-12 06:00:00,test,"MLP v3b [256,128,64] lr1e-4 patient",3853.52,3762.6848
2026-01-12 07:00:00,test,"MLP v3b [256,128,64] lr1e-4 patient",4736.48,4665.1323
2026-01-12 08:00:00,test,"MLP v3b [256,128,64] lr1e-4 patient",5164.8,4982.72
2026-01-12 09:00:00,test,"MLP v3b [256,128,64] lr1e-4 patient",5582.44,5569.4414
2026-01-12 10:00:00,test,"MLP v3b [256,128,64] lr1e-4 patient",5752.89,5701.9155
2026-01-12 11:00:00,test,"MLP v3b [256,128,64] lr1e-4 patient",5616.81,5724.234
2026-01-12 12:00:00,test,"MLP v3b [256,128,64] lr1e-4 patient",5388.55,5447.2915
2026-01-12 13:00:00,test,"MLP v3b [256,128,64] lr1e-4 patient",4896.01,4950.267
2026-01-12 14:00:00,test,"MLP v3b [256,128,64] lr1e-4 patient",4526.68,4565.5493
2026-01-12 15:00:00,test,"MLP v3b [256,128,64] lr1e-4 patient",4468.91,4357.279
2026-01-12 16:00:00,test,"MLP v3b [256,128,64] lr1e-4 patient",4384.43,4277.175
2026-01-12 17:00:00,test,"MLP v3b [256,128,64] lr1e-4 patient",4666.79,4523.482
2026-01-12 18:00:00,test,"MLP v3b [256,128,64] lr1e-4 patient",4832.27,4648.761
2026-01-12 19:00:00,test,"MLP v3b [256,128,64] lr1e-4 patient",4752.1,4734.4155
2026-01-12 20:00:00,test,"MLP v3b [256,128,64] lr1e-4 patient",4639.44,4538.6167
2026-01-12 21:00:00,test,"MLP v3b [256,128,64] lr1e-4 patient",4455.12,4395.3594
2026-01-12 22:00:00,test,"MLP v3b [256,128,64] lr1e-4 patient",4298.97,4251.055
2026-01-12 23:00:00,test,"MLP v3b [256,128,64] lr1e-4 patient",3709.12,3709.0964
