round,lr_0.01_train,lr_0.01_val,lr_0.02_train,lr_0.02_val,lr_0.1_train,lr_0.1_val
0,207.088919716227,191.1821884584497,205.41764788192626,189.93137819866632,192.16714879763123,180.12723329847273
1,205.29629610210466,189.6675828139805,201.86930142992702,186.931473495779,175.56117025452363,165.669048570375
2,203.54776320162972,188.19980139163602,198.440826503857,184.04778084988757,161.52462628930468,154.21621501831285
3,201.8750673389742,186.77041314444037,195.1949414176095,181.28048669851313,149.0382620231467,143.67116001492437
4,200.16579989741848,185.35033927531816,191.91956774636319,178.5552752833064,137.61715976302898,134.1708438294818
5,198.4628833927671,183.86069495158003,188.68512687860996,175.76261763640784,127.11663245916596,124.9871318919075
6,196.99675703001498,182.80060463172455,185.93029945561625,173.81524833557435,119.13976891019988,119.65867737790508
7,195.40766823577,181.4676845124643,182.96730494299285,171.28021802695946,111.20211107069514,112.35868517629542
8,193.66750568952594,179.98827351686685,179.7428365629732,168.5466119712113,102.89762463289465,105.23067078486254
9,192.18138195932104,178.81899578926294,177.03618342064158,166.48276120501873,96.48717373548028,100.43377479101018
10,190.53317534099008,177.46822817272522,174.04608172599927,164.02318027128646,89.77641536899651,94.89703633063283
11,189.3372875002253,176.60014200653663,171.9682212928054,162.61042120936335,85.8394711031664,92.34977113584769
12,187.8069753781056,175.32259533516452,169.25915831620617,160.37160620840595,80.99289016462983,88.41566140748833
13,186.2000220284397,173.96209998707317,166.4327440040818,157.95778081670923,76.4420112953722,84.53768580313341
14,184.54143647990963,172.5379615888932,163.51523150535914,155.46269270175648,71.89230491960734,80.74138135541541
15,182.9323095834643,171.16402820988094,160.75496124937644,153.02113600615343,68.13510585064421,77.6331358543718
16,181.5802832275368,170.06448980260927,158.45859955707837,151.14569111808615,65.42497558810052,75.81813450442398
17,180.29657808491967,169.09593057131778,156.31516737115993,149.5226166363976,63.38374132019971,74.5039693978793
18,178.77447658153687,167.83068678322482,153.7458342359652,147.32919484754913,60.61687152037798,72.36115738345214
19,177.21124559250697,166.49124173530257,151.12682714278756,145.129973560459,58.09433229789576,70.52503897391763
20,175.66682136633537,165.14143744873329,148.57081897087377,142.88238329193462,56.01232862108454,69.09362957338384
21,174.47154023358547,164.1516942600651,146.66132162159698,141.32109337957502,54.81821795740463,68.35140153746903
22,172.95607696265986,162.83847419012,144.216038621988,139.10936327776153,53.01814512734108,67.06016882414178
23,171.5054587996172,161.6285278129257,141.9124944312982,137.21355362481202,51.48105368522068,66.01518873425402
24,170.02454587169146,160.33105463303346,139.56834502391752,135.18561540992758,50.25773091401628,65.03814195925726
25,168.63046275025783,159.1491158327001,137.4016661240642,133.34480509105623,49.294215668377745,64.40520789957708
26,167.27485356084958,158.02308133949205,135.322797382497,131.6225479368601,48.369089812866484,63.80155141848769
27,165.92174780255075,156.90247643739923,133.20701650682545,129.82462064301652,47.46966674206824,63.250954302530836
28,164.58588592818444,155.7845685832994,131.22695301519457,128.15317133808776,46.79375517034279,62.86354356541047
29,163.15506815207482,154.4978121395924,129.0782771517746,126.24483356106336,46.02451706265582,62.44680049107987
30,161.75737971466737,153.33877389704364,127.00969970441588,124.55855275392031,45.63189551710267,62.34898410810737
31,160.408422311972,152.261715609053,125.14619619697136,122.99347398615043,45.0563610727999,62.035126399813656
32,159.4119978621468,151.61240579452598,123.81090787934518,122.12519049734591,44.81914605655748,62.03856619492843
33,158.15168735128512,150.54214151703675,122.0243726672852,120.55472989905437,44.43598679718058,61.85728834126988
34,156.83536594867934,149.41908148966232,120.1680231454971,118.98797100970145,44.0675564881749,61.65543769648575
35,155.77049721472193,148.60188590881955,118.69102031524501,117.86356284191808,43.84969959399372,61.613068376755024
36,154.44869435237305,147.47338805059482,116.8275701915605,116.29309312656916,43.46768550184413,61.56484806482555
37,153.19560775161506,146.4070994409129,115.13592696446668,114.82908455357237,43.15655208074945,61.491771952287834
38,151.87339319987026,145.24737927218737,113.31638955866894,113.23276453809746,42.76503840172533,61.379317018876606
39,150.6500052356225,144.2055954168645,111.68847505676386,111.86783521138335,42.54235785583352,61.256743579552186
40,149.40179432493133,143.16311875740453,109.97564977864522,110.40438324931488,42.42081512520969,61.22863560220315
41,148.14038007665542,142.0838760549108,108.32893890949282,109.04694242321709,42.18455793534123,61.211091262159705
42,146.92995020824256,141.03594486626292,106.80151933909256,107.83571886172669,41.97531549843737,61.25747559832605
43,145.95435523913858,140.29606198708782,105.5144869774512,106.9173325224866,41.849434965464816,61.20388129903007
44,144.7711710382535,139.27614043485914,104.02859601552255,105.61413696739965,41.68820957389039,61.10660909279611
45,143.63837512746073,138.2953896171553,102.57510839992786,104.34013376780189,41.41031583129723,61.14897768966093
46,142.4847300201386,137.3216464784605,101.14833153144632,103.14997435146797,41.31424166919317,61.13572874747871
47,141.43960086378848,136.5061407218406,99.86027367670769,102.22445632669417,41.21783363103838,61.11240127050591
48,140.2865792527092,135.52466203399388,98.45390091339867,101.05749636413495,41.001009810654665,61.08962354195413
49,139.16439180387272,134.5370463280055,97.11469255174718,99.94939723336762,40.916486003247826,61.116784968380166
50,138.04521320260804,133.56881674539636,95.82048641419719,98.85284407193397,40.83368406902123,61.12907354419144
51,136.98319532885589,132.69302697358938,94.53434747011167,97.76096782189666,40.76128723050429,61.11660628116516
52,136.090430828382,132.032014786371,93.54367310464647,97.09460083625237,40.704857921219094,61.15441940652879
53,134.97471723040584,131.0693975699043,92.23378599691252,95.97211132648862,40.61807119906428,61.194503171060425
54,133.8656910837133,130.09415467883898,90.94062822945948,94.89210320602992,40.50033970150529,61.223266479199
55,132.81061281697112,129.21048919767054,89.73098031332638,93.92168074396918,40.41180286388301,61.270720393754814
56,131.8148223792757,128.36315381466866,88.63975948596915,93.00189626367089,40.36884451567676,61.256467452924426
57,130.73326748135847,127.44823328905974,87.41709048633857,92.01618201178896,40.301738731853675,61.23224310327207
58,129.72833901633382,126.59613638417854,86.29337523519442,91.10607679069969,40.24609870825454,61.21885373135767
59,128.77497330774685,125.78450230859198,85.2639558152979,90.26922076116936,40.18028561430262,61.22035063229304
60,127.78492914726222,124.93681398803875,84.20853990050485,89.37795409566462,40.12876424429784,61.19838009727747
61,126.79561538646148,124.0977536752313,83.17826705068782,88.58125876944789,40.07993363275486,61.23001797857128
62,125.77698967545298,123.2634043387133,82.1201635299468,87.77305377062906,40.022392132996686,61.25514616629798
63,124.85008102039909,122.49291580477366,81.13838693667657,86.92132253541209,39.964274849237036,61.295533826199964
64,123.89375022852154,121.67730876549308,80.20713121220327,86.17005859754107,39.90018522374079,61.28548900092765
65,123.13004081706733,121.05939795909835,79.46268572073332,85.58122556412836,39.83494711506986,61.318076818442954
66,122.18236320511849,120.28190152618075,78.56978532723787,84.845470913565,39.763607670146996,61.31480915984002
67,121.22186397047834,119.47777280578188,77.64006732130457,84.08518513427568,39.58592251384157,61.331428078932205
68,120.41541238038118,118.87995565868836,76.8546981118556,83.55936457053396,39.5301454777293,61.317273156876226
69,119.52286196278236,118.13460121496242,75.96933664679956,82.81958718331909,39.36910144050739,61.20803600376967
70,118.6317557966446,117.37764313355157,75.1002583838798,82.08224659334557,39.302162176976466,61.26799981887478
71,117.82501810680206,116.76977218333937,74.35789093479637,81.59066423855124,39.14830295890516,61.33094529522812
72,117.10753384821915,116.26001474217475,73.71711645610019,81.09566137894318,39.10838340398974,61.31285730373554
73,116.17271472782444,115.45844487531102,72.82925120454568,80.39098489815224,39.073128892438945,61.254921214913985
74,115.27612019524284,114.65950965065257,72.00264995396817,79.6951299680476,39.02154577272673,61.32199911268155
75,114.41329142550532,113.92088741206763,71.23530886616152,79.03151773750557,38.96519838217196,61.304672354512334
76,113.54080372844189,113.22793463344385,70.46482876059775,78.41781022677849,38.89742188675126,61.32979665209095
77,112.70444970471736,112.57058629055939,69.7504448512837,77.89853483395935,38.81360211884376,61.31309610297328
78,111.89109341160659,111.8797063556152,69.03339668435308,77.31557804648989,38.75310465033624,61.353709054313654
79,111.08580147050483,111.15459992614227,68.3189862585434,76.73467987107409,38.69251854987215,61.36029348754923
80,110.22454775265967,110.44318190842854,67.60939125440765,76.17560138966746,38.59725034310582,61.37875688251253
81,109.36809234471684,109.73875585194648,66.87675809616675,75.62689046897792,38.56244368271626,61.43526691200852
82,108.57538896414265,109.0902600763526,66.22046946207115,75.13741932752401,38.517113062130306,61.45268841532788
83,107.726130549524,108.35509230741579,65.51839249856215,74.60907229762375,38.4264984699725,61.49651422865097
84,107.09509279489424,107.84552019927142,65.03058527595468,74.27509621930993,38.37821123929895,61.46428227354528
85,106.28316628001295,107.16174804763801,64.36709640100625,73.76274803755214,38.359528040122,61.49324173478708
86,105.551370549428,106.56915328764005,63.79145527188552,73.299136034434,38.23615365329587,61.461897892493354
87,104.80719158703054,105.9037567893781,63.23910392495202,72.85369850354053,38.15556677229963,61.50516693735263
88,104.18080735221267,105.47477294539064,62.76276773975224,72.56631576124984,38.00008043287382,61.46472145228364
89,103.3892178306499,104.77874169284333,62.16038616783233,72.11107914180427,37.90475303734692,61.45186180320671
90,102.62525408982972,104.13059398231512,61.58595502900502,71.67221782503886,37.87090670228805,61.41612007525577
91,101.88508122623124,103.51038556430505,61.05154577447675,71.2538572489239,37.80591379497127,61.38005670607215
92,101.40575430603477,103.25353793144626,60.717048159327156,71.10429999278604,37.754564404984734,61.385020995380394
93,100.71708540380588,102.67237271345347,60.230731564599985,70.75461429835667,37.72599001380628,61.3972116748809
94,100.06215391858748,102.0965010669303,59.79202920720598,70.41540659763191,37.6814782101682,61.385287845650424
95,99.31580783796205,101.47627715368398,59.25907507280578,70.00792174487492,37.646783471028805,61.371351091263925
96,98.67097491556308,100.93424158444779,58.82802074421257,69.71016494279547,37.57041324720325,61.33404152321245
97,98.07796392461682,100.47497186897083,58.45687490887023,69.47710113984003,37.54112041437167,61.33158525850832
98,97.42410661033918,99.92923144309624,58.02465454541208,69.13351789135635,37.51059300910521,61.34046296886114
99,96.89974496112241,99.5653548345802,57.70883121140562,68.94536004117535,37.4770672426681,61.35075326398459
100,96.25405639580077,98.9882517867557,57.26755012409621,68.64375013148069,37.41344670737675,61.33501072102162
101,95.59471112704644,98.44287139472718,56.86728248067024,68.35596011917615,37.37845154411865,61.34588810484833
102,94.9605934566901,97.92652638423648,56.47383352777945,68.09710700448848,37.32690764410533,61.32845412481988
103,94.48230398563182,97.59778573101481,56.19312509460551,67.95091490971346,37.29649460169071,61.33609809874487
104,93.91206667216674,97.13414314513145,55.84496555130379,67.76264873125733,37.24224913419974,61.286673017932
105,93.23779426895098,96.56702298178787,55.41331358009507,67.47568476330278,37.15460089908761,61.359557987210735
106,92.57236334804182,96.01194529165895,54.98750834266965,67.16982592198589,37.135082143356314,61.33753158649643
107,92.13123275845489,95.71027151690166,54.733378065808346,67.05783339342317,37.08751976059062,61.3732855005056
108,91.56215471367611,95.23170100418473,54.417893193140905,66.86894740952208,37.04161650786433,61.38818986798374
109,91.00763368817934,94.79127559334928,54.09277866258064,66.68081791347838,37.002550268307694,61.4058014260576
110,90.41885033092134,94.30859164954333,53.76870389602972,66.44049148965613,36.99647455765937,61.405269118078316
111,89.85138430705409,93.85044433088275,53.45091401640857,66.21038357553638,36.965708225303864,61.3918152621993
112,89.3123959351613,93.38637310296535,53.16787944225708,66.0222629344248,36.95050377946905,61.38764353486381
113,88.73580718119862,92.91159042251655,52.85617338726605,65.78973346315277,36.92352159255323,61.397514704194
114,88.17500617481802,92.4480061115011,52.55992747668915,65.58836030073898,36.89160551353761,61.41782491435428
115,87.60548995213678,91.99071839911154,52.26192046041522,65.41702006772906,36.839417170891025,61.42617713624016
116,87.01011418445792,91.50801955477023,51.925486252064125,65.23075104311754,36.813658628138434,61.41072382315124
117,86.6178475506635,91.25018330473502,51.733674838529204,65.16782071048699,36.73872684644548,61.43225309639506
118,86.08658925337579,90.8196942917455,51.432505150237866,64.9659939191012,36.691455185556414,61.399109463088905
119,85.56418855914073,90.378353159313,51.170557927630405,64.79910640633192,36.64613346046837,61.40353080200979
120,85.06354912842978,90.03469235169342,50.889533552297465,64.63750916365213,36.590210031757806,61.443979056279034
121,84.56647184866503,89.62500106149339,50.65338223419398,64.51044746697674,36.51786233827902,61.459040695306186
122,84.05093952091777,89.20720670955214,50.41891942622352,64.32961824811692,36.43764992760507,61.529956847667094
123,83.54539815484797,88.7929992807332,50.16464816977479,64.16819849448864,36.381693664646285,61.53424716611612
124,83.03197008743659,88.37470339862602,49.92562294647242,64.00785317913117,36.341013804923925,61.56398997017437
125,82.57297088256063,88.0005226582101,49.71400934489252,63.899479385335525,36.3035335789905,61.5730914131827
126,82.09629271842775,87.60351843347773,49.48765380989385,63.745964884507664,36.270440832708516,61.57514197888469
127,81.59253406852616,87.21387969491262,49.26712178283417,63.6149037706907,36.23367395718802,61.53337811197067
128,81.18130155164312,86.94809215061808,49.08031082490935,63.53879617903724,36.1746911519675,61.54838073534006
129,80.66828953955162,86.54374760952581,48.845028260955,63.42500788186188,36.158879123967004,61.54998623063113
130,80.14814623799428,86.0966977906898,48.59387622180856,63.28037243643412,36.093312603509915,61.55985656649763
131,79.6864081667735,85.70237982268095,48.397503535286596,63.145059025723214,36.04660288858468,61.54511704233603
132,79.21338123796968,85.3243232038731,48.19421113565247,63.01606953917607,35.998071278266714,61.59692730857564
133,78.87633238442588,85.07552932901875,48.06806549751414,62.95831250782676,35.96171351500123,61.602533119684104
134,78.48591157191014,84.79192503111446,47.92695253068883,62.90964896781061,35.9089318880668,61.58821880401858
135,78.02507707552078,84.43442460730616,47.71114681430986,62.74942784178462,35.87071189955261,61.59503608716731
136,77.53813903600194,83.99713687954807,47.51992539958652,62.639221207490245,35.810920762716044,61.54858343872089
137,77.17241939296773,83.73832205612587,47.36660519439347,62.580536587205266,35.78617670865466,61.581150440177666
138,76.69570267663974,83.34519962791833,47.15842268927736,62.468487316059594,35.75093683292496,61.64416678494538
139,76.2587068226212,82.98392507340016,46.99194871142576,62.32544073896817,35.743501394118034,61.64063058297257
140,75.82338465529016,82.63985509323703,46.82148532121104,62.23677957195637,35.68687403308813,61.60445823322971
141,75.38804235742914,82.25092332230952,46.629912549767276,62.1415266401249,35.6300437113814,61.64885624678683
142,74.97307928608028,81.89616891547743,46.481132220187625,62.04510996173575,35.59398653978104,61.623563648021204
143,74.57509469634041,81.59084948773446,46.32322691912613,61.95855157992911,35.54318765738167,61.63350801676174
144,74.15809696305489,81.24742028223572,46.185084751362446,61.89195473451466,35.48155624610163,61.659051814033226
145,73.70646520246338,80.92186186334658,45.99720714606687,61.80100123568624,35.44463248399788,61.62829526368934
146,73.30632561229936,80.6152564562053,45.82680660788071,61.709844008232054,35.38277129825532,61.62551504521248
147,72.9087753415959,80.30816455460156,45.66120980225962,61.637580827460575,35.32641429909992,61.63237761700169
148,72.6006418944378,80.07028841421615,45.554372204204114,61.57614212240656,35.243150675002084,61.677343800106954
149,72.22908395297041,79.76008571310736,45.41762528225438,61.478540753402015,35.198055456326415,61.71024197833171
150,71.81616562828788,79.42435797259168,45.29159761235506,61.39345796082086,35.15841831010629,61.730348518394415
151,71.57275458525423,79.28375466107221,45.21487500897035,61.36920908014597,35.13360677727643,61.74374478120405
152,71.24218200256814,79.01189111752052,45.09005461375167,61.30882968353354,35.07979019289327,61.78712355604897
153,70.84711896945325,78.70691267575901,44.96364987767016,61.24997056390447,35.0225613789943,61.834548558271614
154,70.48547307165225,78.4226912431785,44.85425104748569,61.18908155164715,34.99314623839369,61.83455030570657
155,70.11304898564339,78.12005336291647,44.74419301673886,61.13552216157248,34.93349390342916,61.85261610639741
156,69.75691581594619,77.85130989246136,44.6325752531425,61.09387321218829,34.91594538404835,61.87403930720538
157,69.37005339043418,77.53940193956512,44.4915080183582,61.03053935011712,34.89566201384322,61.88698202414154
158,69.02265516589073,77.2571580559203,44.381361704647404,60.94931581955605,34.8596221811271,61.8744999095203
159,68.70050308137657,77.02322106769935,44.29805432146664,60.89552678535186,34.80997599067486,61.87911863964879
160,68.3442953798746,76.73859355951348,44.19593345143279,60.83407681281704,34.7598060149184,61.882757892132005
161,68.0410519479475,76.50352125876795,44.09157721928248,60.77596153646194,34.71964235458428,61.926677866174316
162,67.71469616759056,76.2367294216196,43.98730409084556,60.71571830799979,34.687120033343355,61.92111951400632
163,67.35712980097846,75.96560317255378,43.892336715357466,60.66098897950783,34.65364206050405,61.920152702535816
164,67.13658627769347,75.81981745551285,43.829256832676535,60.64371861123778,34.61311269403004,61.94479724851189
165,66.90659112766069,75.661816025321,43.76792298333886,60.61869130751407,34.573218604045714,61.98888064612365
166,66.58130081693737,75.38275254498706,43.68244242320702,60.586914390438196,34.54780188110229,61.96065480025162
167,66.28267963113124,75.12394536187398,43.597547584636565,60.55874070246046,34.52256932970886,61.96572428418528
168,65.97019479927947,74.86712299460676,43.49414545094303,60.51402317070751,34.45838335935743,61.967328408444345
169,65.64146192544408,74.60269515417244,43.398549129026115,60.48096004938288,34.396050620043994,62.009326847998445
170,65.35258538789799,74.41290643274259,43.30408676019253,60.4459793329339,34.34972676983132,62.047090701123636
171,65.04820286587808,74.1584992810289,43.216450793169045,60.395286943370785,34.2990195514288,62.08931965589623
172,64.74818943097756,73.89711588573576,43.15517228129358,60.36015656734404,34.28156836152248,62.107354390425925
173,64.44212444205108,73.64981606686531,43.07029796384841,60.339593028581625,34.239314966501915,62.10777204009676
174,64.23875777119207,73.53653897732458,43.01689639329538,60.33096578460639,34.20131011964407,62.14631086615443
175,63.96719200479073,73.35938216056807,42.926851484056826,60.32271646091488,34.12572476383333,62.15549202357857
176,63.788234927188476,73.26229930574881,42.87992025911629,60.303984219564306,34.08896356381876,62.14740208045418
177,63.573088247664735,73.10601607304268,42.83397051577206,60.29054762965639,34.01546648535356,62.1682304934462
178,63.369052297532825,73.01697499829147,42.781291429401804,60.288894258192336,33.98994028729654,62.177705909864386
179,63.15571602969042,72.8836802887546,42.7298790570011,60.27106028302083,33.92353630386902,62.13714727059676
180,62.88154866210298,72.68316716689215,42.63883002308556,60.23383832128045,33.914773504406334,62.13276306023772
181,62.614805614041295,72.47105678106145,42.57224442269512,60.20391837532207,33.89310323226682,62.115666722009685
182,62.35504794752384,72.26448804417963,42.50088009110207,60.17259849674909,33.844490780673596,62.12000959272997
183,62.097319605476955,72.06161624931678,42.44003717066803,60.13530175959248,33.798615931770776,62.10263094387351
184,61.904774523805656,71.9381421352324,42.395621157105225,60.11853134747265,33.77284209977947,62.11253484403922
185,61.66797951450371,71.74051787441691,42.34690483282283,60.10066443679214,33.70509489667984,62.12872644694399
186,61.387492103442476,71.53298171564893,42.27942590226464,60.06968789519206,33.6664204160041,62.1287828012456
187,61.210170874236,71.4039206626985,42.23830871471591,60.06151706959109,33.61732953302245,62.159526662233745
188,60.97971492368434,71.23443235704148,42.18681408798052,60.043833065914136,33.55554274728637,62.201334528840924
189,60.715615170343604,71.02907608357461,42.13400702031666,60.02138060413955,33.52585225461927,62.224647904483774
190,60.54106544915416,70.93140553917418,42.09579072375337,60.02153854037673,33.487613520730406,62.218004170209106
191,60.265474155171496,70.71532178115365,42.02896079823212,59.98132942564995,33.42310900476733,62.19641270150862
192,60.08835857093055,70.60114350022512,41.991765735725686,59.981677248617125,33.357516932162746,62.214104385548204
193,59.85130995448348,70.40817652635843,41.937757506000956,59.953013398275814,33.346443221032025,62.215958655155895
194,59.61601762718389,70.22182746326057,41.861494244087375,59.93285391642135,33.31046781380194,62.216366655733445
195,59.39399591889771,70.05940225654066,41.802813990834906,59.91205586339685,33.29673350439929,62.24192781640621
196,59.15697261879213,69.87284037717397,41.74721013467688,59.88812946942813,33.264107071826196,62.25343856527144
197,58.89827596318689,69.69086703549209,41.69102605557357,59.8555719314729,33.250229756600085,62.25072319694849
198,58.65856026292749,69.50273695306485,41.61941206323439,59.84488381021717,33.19512187342719,62.27631314829186
199,58.40523368133426,69.29460548954017,41.57170272745227,59.834366286717156,33.16612061303117,62.28815201018749
200,58.197047977727614,69.13843320538545,41.52665429664884,59.82358909664611,33.13089780278256,62.28963610486091
201,57.99091754492686,68.99368767636206,41.487414607699286,59.81885028936842,33.11001027671498,62.28043930493499
202,57.757689999776574,68.8213062885177,41.44834540170824,59.794345389289646,33.08590498375289,62.28273156248987
203,57.51619484476664,68.6504689606735,41.404058658553105,59.771757976390994,33.04148810194218,62.29594907255946
204,57.4905000360061,68.64214749909009,41.38767163981399,59.76898451764661,32.981458263549285,62.34557583661502
205,57.27234782500097,68.47822372726111,41.312848632302476,59.754873007798786,32.96435988585617,62.35773590020601
206,57.04695752646819,68.31983619264973,41.24819342168127,59.731432967003734,32.91781851111391,62.34405048110815
207,56.810604321367244,68.15231781604659,41.19090375321746,59.71501585977611,32.88078483129469,62.360234575479886
208,56.58456669795217,67.99398433526291,41.15231018729904,59.69993939754193,32.831295450459315,62.36288326700812
209,56.52273612003516,67.96402968933782,41.129950299764275,59.706362344997366,32.76524419970448,62.430650474944066
210,56.3000995197331,67.79710960538384,41.065600871675,59.698881172322764,32.75323987059357,62.413922589148655
211,56.103780656176774,67.6673789954596,41.019970420826226,59.68208743683784,32.704319968091816,62.44607153783972
212,55.95935597704994,67.57355757162182,40.987372389142145,59.67499257295585,32.69674607092459,62.4562217076753
213,55.745928845799845,67.42919035130116,40.94921975386761,59.653007708192625,32.661443905753565,62.46340110451171
214,55.56448643125006,67.32610933583406,40.91079266206973,59.66233329200184,32.64286346702813,62.467921174108255
215,55.34887798526601,67.17391278532462,40.82929163654694,59.66851650572084,32.60594884744215,62.46538512970108
216,55.16561457214343,67.04063929984771,40.79123897873313,59.65948301441075,32.521645663137356,62.52750543064052
217,54.9720999750966,66.91295316158248,40.753899335811134,59.649997281407366,32.45624306994327,62.56553963901916
218,54.815638205979134,66.82155189730449,40.73110255271064,59.64285649516311,32.41926758094494,62.5666482481622
219,54.68503665530308,66.75014970253517,40.71610877899746,59.644517067248756,32.38580827653537,62.544554244565745
220,54.47363012458659,66.62066939186519,40.661176326567634,59.62659996249805,32.358170838401364,62.56910116659498
221,54.28452128306752,66.48976115457454,40.61957197502876,59.615993644048665,32.29974132470476,62.57233851419583
222,54.153064933549054,66.41807485728242,40.59344577298085,59.61788771984608,32.28047685378971,62.59283130762708
223,53.98822417865813,66.29133377932341,40.57264639942189,59.616481005369444,32.23081462924276,62.577950653334916
224,53.814836137201496,66.15827307817266,40.52655056755747,59.60962616240763,32.18509590842315,62.580295166014025
225,53.630856785735034,66.03516711251469,40.49848558443653,59.60260501122184,32.14335381409264,62.55805843690522
226,53.44008441718954,65.91211953127099,40.45915945977255,59.61246848506919,32.11389045410156,62.5597415915661
227,53.29202742239629,65.83813231434956,40.43494129928738,59.616045467896605,32.08258110347572,62.55188286059146
228,53.14139300952449,65.72628936973854,40.41040427628026,59.61047051995304,32.032995891902935,62.53939546861853
229,52.963343456206914,65.60982150412667,40.39061039200346,59.60442105595278,32.012671889092374,62.528259004078606
230,52.79220698750435,65.48918357810669,40.358049427661506,59.600858763955515,31.96869159236391,62.564740191933886
231,52.674735497812485,65.41620644858183,40.33267315914976,59.588907631942575,31.94441102117168,62.56172182388738
232,52.52710655512221,65.31482262242896,40.29947424910406,59.58899945013166,31.924903485106345,62.58374480748567
233,52.3807780209973,65.19816274074185,40.25597907745665,59.586924432256254,31.866085337302156,62.571681691187365
234,52.27430532861411,65.14426930908995,40.238722377656444,59.57977208366218,31.80683516531907,62.58174626129308
235,52.1321331907775,65.04728970113095,40.20650797129772,59.57914844023886,31.7476207110814,62.54420306751679
236,51.991879718076646,64.94988052898073,40.174413538261305,59.578262836880064,31.711780992094155,62.54445943828392
237,51.849646190835635,64.84671611817932,40.1479218730878,59.565784279712354,31.686673427907042,62.54383345323168
238,51.74509456111048,64.79910189401498,40.1170415238331,59.56641252438394,31.658855841380987,62.53182095011359
239,51.65272012101521,64.75358529313178,40.10123215653749,59.56369337420762,31.631772432667173,62.54080874075763
240,51.54573250963495,64.68021821354878,40.08257844872736,59.561316738805566,31.601368477439504,62.52207521198678
241,51.41669769650402,64.6391568317077,40.058193111332415,59.56039565874217,31.587909183331387,62.510768036840346
242,51.26821869768209,64.53878381681862,40.02164247190875,59.53924273042707,31.554287954379884,62.506193189048204
243,51.111173374891514,64.42235187661092,40.00052926492594,59.53521402530037,31.506115041244907,62.54569683561601
244,50.975160418696355,64.32996147613173,39.98468703958549,59.52057929081057,31.43592683517617,62.58220767854693
245,50.87145248717856,64.29001680636095,39.96159805252846,59.51524825278374,31.415252184998042,62.573910987061744
246,50.745060342674606,64.20080468805834,39.92143890792749,59.50489556714298,31.38891196041516,62.59035264339231
247,50.61079577593962,64.1177057871444,39.90720271854631,59.50445139433145,31.36150672020037,62.59703174943135
248,50.48974405628757,64.03759384465688,39.883233703350115,59.49597006583104,31.320642165014412,62.59711512664145
249,50.367453133746615,63.945948390387926,39.858410287147294,59.488713366201274,31.288919631761477,62.58273852427233
250,50.2441622903907,63.85013159800357,39.839856287389615,59.4811764256086,31.259044721198656,62.56642636788187
251,50.096184698495776,63.757626315016346,39.81129786989475,59.48568215294077,31.235919062510895,62.60876031825143
252,49.95544330588422,63.65249386999297,39.797187693868594,59.48371476307981,31.210834968845397,62.626054328211914
253,49.86250700279006,63.60617239867775,39.78637308551547,59.476639823621184,31.202884799102183,62.627480019445635
254,49.74410503270027,63.524379993276106,39.75841641238324,59.473000679332536,31.18910954434138,62.65580431927357
255,49.65597421241385,63.46543296151479,39.7491344215113,59.485939458957596,31.15662578787428,62.676244297131724
256,49.548988551052965,63.391514833411065,39.71854267012139,59.49410232802691,31.111926125313115,62.693003468631645
257,49.41050979790282,63.31584980887357,39.67577494406391,59.496598425556364,31.067823995957564,62.69897129214245
258,49.272994351532944,63.240800972998215,39.626075108140284,59.480665880108724,31.03962143446741,62.730387260111776
259,49.161560590649074,63.17035071752693,39.608750155000905,59.47290725770091,30.96949175603533,62.72909674350077
260,49.055182807602606,63.09785244751257,39.5969248779228,59.47431556150123,30.954834158158697,62.72055080326502
261,48.95388661073198,63.03211365593226,39.586498434787806,59.46845304400217,30.92000844804634,62.71731240626195
262,48.83181421624846,62.95158482864593,39.57123096523115,59.462952637061605,30.879312680845327,62.70765534272368
263,48.73796268896683,62.88838250674104,39.551089988727036,59.46454435544373,30.83934028757644,62.71962090311607
264,48.63834159722652,62.81981739212815,39.53054284840933,59.45645132649601,30.80321872878458,62.71716505596989
265,48.52035756531661,62.7524886920341,39.50731706393233,59.44274574986329,30.705975544298166,62.70144606617908
266,48.44607220870506,62.722696633861624,39.48884106891382,59.455946890760096,30.674204045414683,62.69324373227616
267,48.35150994442168,62.66413744924851,39.45995283356348,59.463288214165644,30.642510935794718,62.679328471760144
268,48.248940711015955,62.597325921208856,39.42716927668685,59.45436058786425,30.593396708349584,62.67497046191068
269,48.17628707564347,62.55834328011773,39.40840984426719,59.45311857461429,30.546332045833445,62.69444258069852
270,48.05625116003957,62.492183040340926,39.39433057994262,59.45183887981357,30.506309111207297,62.713103784827915
271,47.95966360791865,62.44012506751141,39.371303371272354,59.446279816094794,30.48667488103965,62.73549820484608
272,47.868844584657886,62.371859792449406,39.350316627424306,59.438297213550776,30.444340056468498,62.7295955049546
273,47.7706295575926,62.31927890298948,39.33934083115499,59.42837874281562,30.431947219492322,62.7244987914363
274,47.70471955955048,62.282902719142406,39.329311265667044,59.42964305551249,30.41267715331552,62.73494480137863
275,47.61005240874954,62.2224586532177,39.31168945687495,59.43926118863125,30.396955489014342,62.72231773306772
276,47.56924254784389,62.19818890320058,39.29110329866152,59.425811070446606,30.354764525184795,62.72694083774155
277,47.50860477620051,62.17266073045687,39.28621309331867,59.42382743447731,30.34203707333889,62.73944059734032
278,47.39860394138914,62.10631250964649,39.262118172634125,59.41733721833628,30.326056471352214,62.745326769146686
279,47.32201319178313,62.068714230564254,39.250374193929275,59.41773835724515,30.29887271223378,62.74425045295405
280,47.20980261489579,62.00856953826786,39.23984856627632,59.41955815769453,30.26250650257598,62.780156036626884
281,47.13061507018863,61.965086985014906,39.22032429624631,59.410066191261926,30.203973575164028,62.81606021582304
282,47.05334418678032,61.918509819136105,39.19185160974001,59.402666499964184,30.15433298563143,62.831101319610646
283,46.97048429536974,61.89300888764262,39.1819106722549,59.402440831421906,30.13954645719124,62.82466747779798
284,46.91002638482624,61.86326111048923,39.17780663617573,59.40280025939589,30.114692266937936,62.81408478912312
285,46.85537529731303,61.84350620804089,39.17080062999025,59.405018951751664,30.082212032205515,62.783156063715886
286,46.77265138305222,61.79343938907622,39.15533124752853,59.41012166779064,30.043617548900936,62.766949047365394
287,46.677077261744664,61.735864068970166,39.14335353983474,59.40648549647453,30.025306480211697,62.74811593060456
288,46.597709148439144,61.68165309371091,39.12028086400041,59.402860692948266,30.000895859747608,62.7565694350948
289,46.51364611168805,61.63272956077515,39.10203574166698,59.40140445084193,29.972860593269612,62.76838437492534
290,46.431154221793435,61.58668697826605,39.09134000223624,59.39783204007379,29.91276362145289,62.76864690175581
291,46.38051372167802,61.56654598746967,39.080182951140856,59.390281327679,29.849386225771134,62.766329908309324
292,46.32187482990037,61.539840439145976,39.07202810981788,59.39353120066648,29.82007577124083,62.78936778165397
293,46.22799763638161,61.4800957162958,39.060951085407794,59.39303896017607,29.78343449887588,62.80145577040604
294,46.15265385466264,61.43408572683811,39.03711374020156,59.393429519798715,29.747171068808818,62.8204800422479
295,46.082808351589684,61.4020633033122,39.01562777011746,59.398755577570846,29.715081879464744,62.78537352400034
296,46.01958014586171,61.366875682393825,39.0012443347966,59.40657879924734,29.68595773256313,62.81189261670375
297,45.92279293441864,61.300171620552405,38.99255920698216,59.40855362244085,29.65737801050097,62.807366647223674
298,45.86125763502568,61.278981853963344,38.98740611065053,59.408185079186865,29.641638061524574,62.80623939617098
299,45.80325328266221,61.25593541185178,38.98208628137987,59.40535566166938,29.61858127800218,62.80833940433885
300,45.743107305666875,61.236122504996935,38.9711041903812,59.412907806578325,29.605409676325998,62.79716700428126
301,45.681695132052845,61.20833007100749,38.961222597763886,59.40772168979781,29.56369357942805,62.7845260956767
302,45.620557806811014,61.17485272348653,38.94109200035397,59.41112406791533,29.52740509293059,62.797305335121365
303,45.54517083260373,61.13806202640958,38.935687766775544,59.41064103808237,29.508232884487228,62.80184090923532
304,45.47305892371951,61.09665112773794,38.926400545009486,59.40600946549356,29.502813386835573,62.81675116498147
305,45.42395960162714,61.07079909274379,38.91612081885781,59.405151553135966,29.480149061220914,62.79707477444212
306,45.337614868216676,61.02657758764037,38.88352317772435,59.4094098903511,29.432612696580065,62.84563536445717
307,45.286695281165024,61.00108858288361,38.87842307619498,59.40566724070678,29.42449502524073,62.855624421360815
308,45.223202366334945,60.967644143434995,38.86103740112415,59.410754417682185,29.400900369424445,62.863420033745285
309,45.13823906406197,60.9393605236144,38.83526738051119,59.417677795521506,29.367560627633434,62.87571902737704
310,45.071264513351046,60.90422340998475,38.821740075618614,59.40908768065884,29.353150208257016,62.882295870670795
311,45.00904165272179,60.86649163442217,38.81238973479046,59.40510490480364,29.301544344585782,62.92217672344317
312,44.93076555931767,60.82238819939857,38.801210323959985,59.41127012007279,29.274977950712977,62.94620768696458
313,44.854753721669475,60.78303534944035,38.79829999632292,59.41388305952849,29.25400908955124,62.95593286867354
314,44.79909675287325,60.755637657612326,38.78548812076537,59.41591984711991,29.238239683757147,62.95663993178872
315,44.73458551168871,60.70958347645491,38.76863903250712,59.402127925912055,29.200971612484818,62.93975718701802
316,44.65885283796638,60.67395373048626,38.75690284711136,59.40522906946465,29.170827676887118,62.940635707687804
317,44.60359751631715,60.64544244442903,38.74752425820218,59.41305788771939,29.140314524634093,62.93455129228485
318,44.53411037066354,60.606314294143466,38.7250009092852,59.41682811266031,29.100175720284454,62.94532523061087
319,44.45623262724241,60.56010299951702,38.705818063445946,59.41601415042965,29.071253496358214,62.94766519331021
320,44.379574193711846,60.5288126383044,38.678530257644525,59.41461080054884,29.019203116294932,62.92083332379392
321,44.3284114457387,60.50476968280912,38.664320656146145,59.408980877646776,28.989193720708414,62.91754538108701
322,44.26461720705876,60.47768913217574,38.653435876841776,59.41286472926767,28.95738418361662,62.900834832557955
323,44.200986765254434,60.448635191451295,38.641490088864046,59.41707349634631,28.93674463086786,62.90626719883138
324,44.14674107800129,60.42054978342229,38.62517681351557,59.417310214553346,28.871123621461773,62.91532327196569
325,44.10208743515778,60.38858168035533,38.61439174210451,59.41026618099173,28.833238075836128,62.91998625567659
326,44.04361004891207,60.3649520847488,38.60034593361921,59.41325377867233,28.794347894273283,62.902001212094824
327,43.99581699149671,60.3541219755663,38.586076530838135,59.41994168031421,28.775790302053615,62.922922953894435
328,43.94709766600279,60.32724115714362,38.57216463585182,59.42190271368151,28.763149720737232,62.91824595115106
329,43.89348202817912,60.30758515219386,38.55337526710125,59.41893116694847,28.73876292494813,62.92743099031204
330,43.84822051845635,60.285992777107246,38.54530269159506,59.422464675935366,28.68926536746848,62.89927716387365
331,43.788648669375355,60.25737555056548,38.53495223034112,59.43307496423934,28.676865303375475,62.89263303812589
332,43.73621755772588,60.23147628736416,38.52296966003346,59.4295472266643,28.6364935953749,62.88664909082018
333,43.68786427769915,60.205094507565676,38.507226998991186,59.44053332327995,28.60845011844471,62.88819949659967
334,43.62840052594032,60.17180115309947,38.49694798398595,59.43979967736937,28.554923320906862,62.903898789821575
335,43.57093982068585,60.145496464486584,38.480270417597374,59.439285136731115,28.507595185724668,62.9409784133171
336,43.51284578577405,60.12149906353708,38.442232788445985,59.43523973424311,28.48716976960767,62.9202722623938
337,43.462778675074084,60.10012764076584,38.43536657933269,59.44065476615406,28.471807881626464,62.91204728643617
338,43.42246900229384,60.0767991303246,38.40989141075548,59.42700534926298,28.441509286781955,62.889787945012394
339,43.378596850901,60.055378838854146,38.40069725483988,59.42516701049236,28.407646984180225,62.893179187149826
340,43.33534665999615,60.04073421872999,38.3849006342556,59.42234499521588,28.375530317048415,62.871090766964016
341,43.28705791753158,60.02315179258272,38.37707384405453,59.42178496649565,28.34208705477335,62.86263565259138
342,43.235530982886374,59.99965157883351,38.36227497399089,59.422073037320956,28.32058624140887,62.8728089079242
343,43.17298341091943,59.97399119615355,38.331227591447465,59.40560265590743,28.24037136172713,62.84955410409604
344,43.128217258236134,59.9598983687946,38.30591557642627,59.40424172150293,28.200288585521847,62.86414184083662
345,43.09009547987062,59.94741920611779,38.297640608994456,59.40428920795516,28.170049630968307,62.86211830645437
346,43.054074835470786,59.92544705784656,38.27551705688042,59.40306575475546,28.142064426703627,62.84879607174988
347,43.015155855506805,59.91444481638288,38.24779100634393,59.40931610528384,28.119409609077703,62.841984679447606
348,42.9764389889868,59.8916891982254,38.2416546456413,59.41037013009034,28.09461185522087,62.84373626124203
349,42.931850069979795,59.864545087361726,38.23075826620406,59.39748285228292,28.065648427499767,62.86715804549237
350,42.884877714218604,59.843328184913254,38.2183304042157,59.398355573228,28.037211943803147,62.90533431414445
351,42.840545702448026,59.829473394748796,38.20957879518441,59.39896941425319,28.03615783077222,62.900866877226605
352,42.806584793810984,59.81213014719617,38.1840382339387,59.39363199670191,27.997355728393757,62.969375089255266
353,42.769561577747915,59.812301193851724,38.17421844195707,59.398465303050926,27.9737936188397,62.99159909436203
354,42.7406471714558,59.81192184350712,38.16670609432495,59.404696099050206,27.951059168507097,63.014840674170024
355,42.7048608899746,59.79411964669843,38.16204029073109,59.40149841955458,27.919643419134108,63.01345367834178
356,42.66629233514112,59.78054508538068,38.15512090233298,59.40670541813773,27.908663878957434,63.00490241999989
357,42.631548911984886,59.769349149624276,38.13512064367586,59.411602656413706,27.88889272234369,62.993145052097965
358,42.59643449642629,59.75374897013988,38.122249990383374,59.414366010956684,27.862278929159277,63.01047588706467
359,42.54543328184541,59.73834427494003,38.11571221450136,59.41611482945874,27.837977800508884,62.99327645448014
360,42.51250663780585,59.72612621112312,38.109228347300174,59.42135411338214,27.833813853639665,62.988473216709295
361,42.482164699626715,59.71023905422446,38.095107978652656,59.42931231857598,27.806993969415153,63.033922759288004
362,42.45920043621518,59.6997494310053,38.08878487861505,59.426853990715024,27.79105096919531,63.05890747820916
363,42.429172097356265,59.68565388669091,38.077285631971634,59.43226336381456,27.771614124430023,63.0884828301149
364,42.393869110949396,59.67391124331415,38.061135372088174,59.427175949421915,27.760257031844112,63.09093702905872
365,42.36014745452317,59.66221486015112,38.042413817241844,59.435738469311694,27.74096970812164,63.10458259790798
366,42.32732466999457,59.65266623200613,38.03678299674578,59.43543673853372,27.710326189595254,63.112692581610936
367,42.29081363104606,59.63923389137617,38.02819806620967,59.43645981438568,27.672819386549417,63.10166361370992
368,42.26709724598453,59.63444255535866,38.01274942456567,59.43753519663036,27.640307348103967,63.12645654646302
369,42.232231309272855,59.62520321168503,38.001416657357375,59.44143206239097,27.634401463602508,63.12035359739506
370,42.2098595262518,59.61879746561439,37.99169113370146,59.43599601244536,27.597442340689177,63.12753935673316
371,42.16871446458343,59.60367328767164,37.96803013259561,59.456266700695764,27.568035334713475,63.1134785616513
372,42.14559802775278,59.60412681232927,37.94719778397755,59.47642457129724,27.533877778540393,63.16072137533041
373,42.11150129349538,59.58902454856863,37.93207709019344,59.48398253788522,27.491824400628097,63.14501468156977
374,42.08890325723684,59.58411098723149,37.913617581926616,59.48409495940483,27.48124136908149,63.15160484065633
375,42.0601911092454,59.57675668107817,37.896587495720574,59.483511533220494,27.48012830765325,63.14278466137754
376,42.02479449921469,59.56250200873411,37.867549630397654,59.472111698360514,27.45385201346698,63.14929976056774
377,41.992249616852156,59.54907952312259,37.86138987844837,59.4744991078591,27.433913892584087,63.15281208619907
378,41.965233205228984,59.52887636525748,37.854905671440626,59.47547045028395,27.404065174078234,63.15276491176376
379,41.941860572692796,59.51720563842689,37.844823832391306,59.47517992437812,27.383045860438678,63.15511313870593
380,41.912562162524495,59.503084149544904,37.835849724195874,59.467507331023846,27.358833965070104,63.153043798917686
381,41.889689575452046,59.49206286676287,37.82193185370266,59.46472542539258,27.339697222930035,63.16013007362266
382,41.873057730015795,59.4897941937721,37.8106905707188,59.461653948531136,27.31015692137161,63.15832738764193
383,41.84704749049952,59.477551372098304,37.80156386235489,59.45670171847418,27.28697965675995,63.17152578977916
384,41.829620494428234,59.469095193403504,37.790652949877554,59.44983701343448,27.249333038520202,63.175377697966674
385,41.798618635484814,59.46973337259978,37.78421115055528,59.44083842366045,27.21263306014187,63.1549066479894
386,41.77434440627542,59.461537163681164,37.78102389329567,59.44316862261331,27.206041647657997,63.183368317072556
387,41.75342262676751,59.45739795119259,37.777109607040245,59.45193315663792,27.19858131559491,63.18827745905447
388,41.733929233037884,59.45793902488478,37.770050912626964,59.45248858080547,27.195702242379884,63.20527162235457
389,41.6972166228971,59.4472478146515,37.7664119427221,59.45640595537031,27.18163733263913,63.17287044573211
390,41.66201503007807,59.441131543006684,37.758163753687285,59.45389028278433,27.170882429407666,63.166693280995865
391,41.63326505284328,59.4377353783542,37.752502865407145,59.45488545234741,27.145699377847752,63.16047412835465
392,41.611576362516246,59.42841069596197,37.7454065585979,59.45687502414827,27.12970480509527,63.18350482407561
393,41.581232091056314,59.41956088447561,37.73981718730271,59.45496266181606,27.102198328184908,63.18907025199836
394,41.553654488936544,59.40550626508332,37.722398911622356,59.46313892338067,27.0815677839597,63.19300456449596
395,41.51992966537428,59.3983347867903,37.71307109512919,59.45755526229445,27.059375100317915,63.192604736438675
396,41.48678912411578,59.397245639928094,37.69687430765294,59.459424909449886,27.044608195385525,63.20392553899429
397,41.45994402142392,59.397153080129314,37.68271252107768,59.45543407823097,27.01079886453243,63.20364600567696
398,41.43458969340481,59.380259280367994,37.6657287984305,59.4647583725171,26.98114482465303,63.24854552931067
399,41.41779319609927,59.37532117032845,37.662541196474464,59.473365470673144,26.961724104743094,63.26611684521223
400,41.39986139230656,59.3632627047445,37.65867483897026,59.46774430767622,26.93690416113134,63.27338687996061
401,41.38200283374918,59.3602140821964,37.651693376355865,59.46536034298063,26.901686552988444,63.27463307294561
402,41.34787594603631,59.35535512897759,37.63497204201127,59.473154502473726,26.86849045757413,63.28636956144811
403,41.32045136821287,59.34626917927168,37.62788324225254,59.47406346134056,26.83805597263711,63.279703114424265
404,41.29886920670566,59.33635705952282,37.616899847751846,59.46907441719196,26.831881011060258,63.288468140205985
405,41.27681688986541,59.330172407056345,37.605563904623814,59.478163711667214,26.808138351290648,63.286207458843755
406,41.25071295206213,59.3210281907686,37.60121150095931,59.48138440040819,26.796218521470113,63.27827043164833
407,41.23088346504155,59.31328503318766,37.5918646084866,59.4780631709229,26.755434851732687,63.26520207287734
408,41.209147340876136,59.30383905322799,37.56730736413523,59.4745416998713,26.742494014611154,63.257313118317406
409,41.17465312186873,59.297654006321956,37.552728267648305,59.46962382041421,26.714364796848297,63.24765287192616
410,41.15516510111014,59.29028518642512,37.54704386492272,59.46641877938198,26.69505303028779,63.258738683582806
411,41.12960188305923,59.284031098402636,37.538916961161526,59.46056982019978,26.666150899057442,63.25844802019327
412,41.10079777017942,59.27942191800967,37.530072215970904,59.473785613174954,26.657531303542154,63.270155029104615
413,41.07890957565664,59.27164857232836,37.524237406853935,59.46749715302382,26.625627646261826,63.25174249775617
414,41.053045827808226,59.26603405989303,37.5030073388744,59.460402561355565,26.607643823895895,63.25594351142457
415,41.01490076108882,59.25777944543191,37.4982249669263,59.47084541292763,26.594001368770048,63.27346417183938
416,40.99605953846818,59.25364019324027,37.48856480408191,59.46670143862624,26.586855093267346,63.25578533426547
417,40.977898331617205,59.26046707519009,37.48444230109006,59.470829422060355,26.562990562667313,63.26516342163086
418,40.95174138012817,59.25539672134404,37.47276404349798,59.47929202243592,26.52392153713893,63.262314385899174
419,40.928279028582025,59.25692865519101,37.46102833772541,59.492446659643676,26.49375331933281,63.26287637343681
420,40.90988188991487,59.251269472341285,37.45617299995888,59.49636349333579,26.486071061182464,63.26440050600958
421,40.884157254632086,59.24053364253655,37.44849573660338,59.49342567852594,26.480161771280173,63.262482346330856
422,40.865424907985,59.234835757697546,37.439780164477376,59.4947007540543,26.460004104928323,63.2695494020551
423,40.84355700966635,59.23342526569831,37.42534574088423,59.49620749078244,26.425800248368954,63.29735621480769
424,40.82636057916744,59.22747883980438,37.4181790674604,59.501214296614506,26.40006603615654,63.300629050928926
425,40.80437608346652,59.22036734404858,37.407673936366294,59.5008060050982,26.377564577535324,63.31019844842628
426,40.78577837700262,59.21256208474873,37.39038677130386,59.49397125067905,26.3646989342017,63.30972269741941
427,40.76830613713984,59.206945624485684,37.37504009106187,59.49248704415617,26.334751231214316,63.33029907423626
428,40.75451059072233,59.203527746907504,37.367361884221275,59.497088217424874,26.29817463303977,63.32380992231725
429,40.73833909086981,59.196216869133956,37.36249667078124,59.492828691371194,26.27614046724979,63.3313074282166
430,40.71717077395137,59.19829505278953,37.35222935321078,59.49588905973927,26.252910693463882,63.34929689395733
431,40.68489946365235,59.19094552477084,37.34951359065772,59.493949076449454,26.235363874117265,63.35517587034906
432,40.67361965632075,59.190275524805095,37.339342858415684,59.4997104652686,26.214825816628643,63.366610024066496
433,40.655072379799186,59.194029228369864,37.33090476993036,59.499180952874816,26.18653110224746,63.387231981889485
434,40.6392310884558,59.20004625367498,37.305211527978734,59.50912625566344,26.168687932862966,63.38350565380431
435,40.612244666178846,59.194642406309015,37.290037733666196,59.51793109799873,26.130910853592557,63.385249380402485
436,40.59297244160291,59.18759293237788,37.26774261877,59.511241166494514,26.10046258888138,63.35462294572144
437,40.581725803432214,59.187947688959866,37.255273419183,59.5202476336945,26.07688131501777,63.34081137075188
438,40.56843730176245,59.18743738207883,37.249308297546285,59.52341711285834,26.048853248672497,63.356765811756745
439,40.55285327072946,59.189925982540565,37.24096228272978,59.51791091322749,26.008088760189718,63.34749929247059
440,40.5352655530895,59.186870608145526,37.226334099021116,59.51686977443951,25.98266522440249,63.338789708371024
441,40.51949785073436,59.187382508455734,37.20503038713716,59.50897374532644,25.96163083212181,63.37407197175232
442,40.505345569478926,59.19286415467789,37.20175668859373,59.51108021072258,25.946805214949492,63.37095981263053
443,40.49620484489647,59.19152725153438,37.18361724027062,59.517337451307576,25.932590758306603,63.35175751618406
444,40.47541450911798,59.188323984622755,37.173608841693486,59.50608184952438,25.891347111181652,63.33737527317783
445,40.45142932650165,59.18701833263759,37.16467862406098,59.50842885383284,25.841998491467983,63.34819473793706
446,40.43228488758548,59.18521556649975,37.155373374293234,59.50684622589754,25.817118097393077,63.359096760611635
447,40.41058071503154,59.179396649710725,37.142169681922105,59.49607023217507,25.788108399121985,63.36672394118455
448,40.38441809712741,59.176741962871446,37.124429926084865,59.50656815793824,25.76216606433854,63.377536272211564
449,40.362663374391836,59.16902249931338,37.1130288770959,59.500610364279495,25.716347875381796,63.39353039664213
450,40.35162666416048,59.1732107365597,37.104381400962616,59.49365172802726,25.6999602121393,63.38366299664859
451,40.32560934268003,59.16655858383615,37.08769878899938,59.49743417895476,25.647625739525363,63.40067151713301
452,40.305096476953615,59.16140093011347,37.07201565294782,59.500536411612636,25.624635377864614,63.39893783595771
453,40.28585859337596,59.1636735138799,37.050575981388484,59.48907557684351,25.56815064113981,63.384129845059654
454,40.27396958237466,59.16339577866522,37.03747785331021,59.492680739300035,25.564677810001584,63.40417092510353
455,40.26263736278091,59.16132662662785,37.028650429931766,59.49098417400713,25.536644116009175,63.421717676181146
456,40.25370093266421,59.165411736773926,37.014221749235055,59.49265253661511,25.495041307293036,63.430285275157686
457,40.24471471063479,59.16455948472974,37.00536649377066,59.497202750190574,25.47031981795919,63.42945694012183
458,40.22843344294882,59.167531756231234,36.98521970106776,59.503971981406465,25.433478379190024,63.42136149945153
459,40.21090039425246,59.166583736670816,36.97438838938111,59.498155147976256,25.418072254315053,63.435468186855516
460,40.195911426177176,59.168767215974285,36.95765237330847,59.48309055214818,25.388647835222912,63.436005284935426
461,40.17726486099091,59.15893883662082,36.93625850531143,59.48053044428699,25.351691159873138,63.420922918411826
462,40.164065688728684,59.148619305281414,36.928491957853154,59.477527985198314,25.326513629796967,63.41291264754692
463,40.14239927968257,59.14967148136762,36.91753093010807,59.47732132851001,25.288268667637595,63.410566214601914
464,40.129429861661784,59.15160206389597,36.90266711557668,59.47475946182365,25.25988342839101,63.38439341664865
465,40.09861592887101,59.14355757435747,36.8855009271391,59.474144277103,25.231388391237306,63.38527607707505
466,40.09026729624254,59.1360473037517,36.875843424020545,59.471451013491766,25.20747584426416,63.39296706671076
467,40.07084921763093,59.12675157914087,36.86497082602115,59.46496413942897,25.182665799064797,63.38326965545917
468,40.058142778010236,59.125122519562794,36.83791311640106,59.455093373575416,25.128954852959925,63.403259016595335
469,40.041468322892214,59.11622672544613,36.8305782524836,59.4603033478973,25.095210991121206,63.41327418924529
470,40.02507959845743,59.12122784518034,36.81156582676422,59.45274436575232,25.065662486168655,63.39925218079081
471,39.99986470128313,59.12499003037841,36.7941429315187,59.445585025603506,25.034540791704234,63.42471789262316
472,39.9892065781699,59.126775697368075,36.78398009771198,59.45190733427738,25.01763935770348,63.41684876806042
473,39.9782504215756,59.12998912620825,36.772299248009446,59.44821337112005,25.011571391413767,63.42123151065822
474,39.96018494241996,59.13205267806256,36.765715167489674,59.44168799512279,24.98563857480113,63.439007991604925
475,39.95029515088084,59.13012811077187,36.76397699545758,59.44508975138438,24.961898638580394,63.42426607579756
476,39.94214654674796,59.12793071672527,36.74611413304322,59.43601697412973,24.94922126321236,63.41698893215015
477,39.92486066298512,59.12631229996831,36.733993130365114,59.44422425837239,24.91005876326667,63.41035823930166
478,39.907358010912745,59.11746172096888,36.718985795359586,59.44631698516075,24.87307374998185,63.39488716738307
479,39.8915135105532,59.117380058149585,36.71176249280949,59.4451024662492,24.861418476671815,63.403209540284216
480,39.88254158222617,59.1111693564006,36.708263389080436,59.438383380788956,24.849226074052517,63.40993857994544
481,39.8629463358857,59.12423723132507,36.69977167683977,59.44859497169645,24.8314741787455,63.441369585908795
482,39.84845857416813,59.12114265029143,36.69337907140064,59.44475517339038,24.80451992764259,63.454470750014856
483,39.840175413983815,59.121156190534144,36.684548445177384,59.44158827652705,24.785934973554166,63.45465252220205
484,39.818990460939084,59.11817321017328,36.67533906264085,59.44588409632707,24.76420622371467,63.446960088136265
485,39.803076138755905,59.11568336910383,36.660203566295706,59.44348537711625,24.749486894998018,63.441770320377245
486,39.796388426984926,59.113636757585496,36.65012343723019,59.441692906885976,24.73707676749262,63.449288992058676
487,39.78725809120665,59.115788500732556,36.64382627408616,59.44224661986701,24.701317033323296,63.47187489794363
488,39.77739277586107,59.11375953969912,36.63976609737636,59.43897189131708,24.675289243642098,63.468259686033846
489,39.76485956403283,59.105826093188256,36.634697097504855,59.43745984849886,24.66136952216823,63.46113074201338
490,39.75579228959678,59.10749314302959,36.623916097946505,59.43314734971208,24.63854027051042,63.448343995938224
491,39.74710163028103,59.102978319442855,36.61072913254279,59.43809279860793,24.611636632874376,63.43739564145427
492,39.73729075578514,59.10348630912762,36.60057354921498,59.441509555738946,24.585034160831533,63.42428872426084
493,39.71760900854192,59.098673202269524,36.58327916242003,59.45646711228926,24.57077056919128,63.42114232418568
494,39.6987427903884,59.092981007759036,36.57335811860919,59.45249439182025,24.549661109558134,63.44805591339727
495,39.68843563325005,59.08937247056813,36.56222375983109,59.46481396650277,24.53258878041806,63.45189103615579
496,39.674341657868986,59.07821344047572,36.55947365207745,59.46521795216552,24.518765941002954,63.44188489076822
497,39.663828670499306,59.07561369404879,36.552250482913585,59.46139621574405,24.49838966476335,63.45067372946917
498,39.6537996664148,59.07039958406326,36.53957146563179,59.461802589748146,24.474954474425452,63.451855419964815
499,39.6456487933499,59.06141226905477,36.52938928863631,59.450460935780505,24.459981496258184,63.47065823441641
500,39.63379825192254,59.06053220720063,36.525648474804164,59.449476635816566,24.43208757202751,63.49908487269078
501,39.61774140280949,59.05662239173639,36.51039968428671,59.44186928323816,24.408723862824512,63.50148007490213
502,39.60654458233707,59.053437851097144,36.495729170669016,59.43794839756922,24.389864752405074,63.52083035108173
503,39.598182638088055,59.050501932270734,36.47462184463073,59.43475167691733,24.378128100450795,63.525130588935234
504,39.583796377136515,59.04676085267433,36.462420197748045,59.435184374532994,24.35179581180113,63.54461318742623
505,39.57585095166874,59.047260596741154,36.453786444752694,59.43289372846891,24.33615217718288,63.57786063685331
506,39.572610404230204,59.04443183289712,36.4453272962862,59.4371453482581,24.313766849206573,63.57459366717092
507,39.563516994062255,59.043784146747484,36.424958672376725,59.424051144502585,24.300405784257602,63.56436611493562
508,39.55420998845025,59.037572180358666,36.40933636527208,59.41873235389096,24.28115643678014,63.57387364186043
509,39.525616706415455,59.02828330144518,36.37369332859443,59.423985067934915,24.220976387026194,63.58020631158517
510,39.51923276559654,59.03162801821459,36.36907322035107,59.42335183477262,24.20101527339139,63.588388363687194
511,39.511819298586666,59.03330876110282,36.34670646703431,59.41380422709119,24.194665684046992,63.60906404699913
512,39.496725391164254,59.03655625546194,36.33989463213482,59.4239245548763,24.185131998044,63.62561443341674
513,39.48544116512962,59.03940306942486,36.33794127879996,59.42989677949294,24.16219184414441,63.669000449475
514,39.47777161824021,59.04319823749523,36.32107305954474,59.43468246561096,24.143847404565758,63.677589800917566
515,39.469182786167735,59.043433314659474,36.31567201633299,59.43746441019427,24.124722740531226,63.698493067530315
516,39.45797048279336,59.04411120151382,36.302122096152104,59.42941103137776,24.112241155627636,63.71725567225297
517,39.45241234697501,59.04096285323544,36.29114191885199,59.423487058861426,24.099408757063603,63.720122283769726
518,39.44081102570008,59.047691187854575,36.28530490640531,59.43139903293042,24.07335871497752,63.70954752188678
519,39.43098407074653,59.052904703395804,36.27156135833279,59.431279280164674,24.047527358645826,63.72276506069476
520,39.42445395259415,59.05571319395031,36.26043427315963,59.42314951673169,24.016237638287222,63.73327348753966
521,39.409691604112474,59.05173973419345,36.237340384752514,59.41805623930475,23.9795513402013,63.727183727595246
522,39.383143437068945,59.05421877708419,36.21663891217666,59.41889685159569,23.94417258345246,63.709454171750686
523,39.37518396244378,59.044976201792416,36.210421950043454,59.42358706409017,23.92616180551806,63.70937520293116
524,39.36299053220049,59.040089510259186,36.201761916120645,59.425537890418646,23.90853638348764,63.71274338555607
525,39.356556945783844,59.03709381676081,36.195345641752546,59.430748925094896,23.885170272510013,63.75626381992643
526,39.35004772493193,59.041293203004614,36.17919365516104,59.42332814942384,23.84539372512849,63.75103047794276
527,39.339402064589855,59.045473610438606,36.16482152516324,59.42137594034771,23.81906953945731,63.74622334546775
528,39.33028811435947,59.053909638808186,36.15143478108056,59.43941047601167,23.80357158105225,63.76313036472444
529,39.30707066100313,59.05437442951971,36.13488690872503,59.43228651950561,23.775718088559632,63.76171888648237
530,39.300040354787924,59.0604026300073,36.126301043362346,59.434750094277575,23.762713217043164,63.75479203600285
531,39.28501867883906,59.063349572013074,36.11290909152679,59.42979038748006,23.745111384463797,63.75528969758702
532,39.26285596489262,59.06038815806964,36.105885805655795,59.439422068902296,23.735002464455768,63.753302528496704
533,39.25545011242083,59.06088165173456,36.09236622539786,59.44335226374782,23.723114642101482,63.76473844246622
534,39.231166803062884,59.059461312001616,36.0780135736658,59.44126878221312,23.703600967567798,63.765461895056305
535,39.21295044059644,59.053508382041834,36.06985985550734,59.4401509403832,23.67705937948216,63.754036106116025
536,39.19978320331801,59.055815598084514,36.06445147076189,59.44130493437027,23.66193186224301,63.756540332507406
537,39.19429167034703,59.0528535312687,36.05564939433195,59.442974135285915,23.644241532681228,63.746510939956565
538,39.18322570545253,59.05473706698228,36.05136483183474,59.44103256031927,23.624716351797396,63.74071776621585
539,39.173984042632256,59.05481244720666,36.0394656091882,59.43905399993206,23.59596885201343,63.7575522573592
540,39.165164849272614,59.056802505757915,36.02562512723635,59.44274667690202,23.573776281306998,63.772065896238914
541,39.15527712748029,59.05481646978169,36.014032326607406,59.445702200975305,23.551754895373723,63.76287896279676
542,39.14122728130961,59.05448961833704,35.9980297894677,59.45103674368516,23.527035840843656,63.75691170303925
543,39.1306870827351,59.05089725435706,35.98728297484332,59.448423591745545,23.511538079448584,63.758775705351944
544,39.12491759875664,59.05012669291931,35.981965474220196,59.45502636178308,23.49205476983704,63.75577810630734
545,39.118622954153835,59.054388098484424,35.9665993726491,59.46551578823932,23.453600621571795,63.77082265249474
546,39.1116098883443,59.054285747721536,35.95634945235332,59.47453690381273,23.427608433150162,63.77002642025521
547,39.10459464438663,59.05376768908246,35.940706400432525,59.46927909083048,23.400265520767807,63.779785844569744
548,39.096371008992755,59.054643855631625,35.933494375849435,59.46900564254407,23.38937009927156,63.77380444501839
549,39.088237179537344,59.048504538868514,35.926962650363706,59.47348480878483,23.375060326114546,63.784552219133325
550,39.07861316563144,59.048805109446214,35.91524875034208,59.46897140469485,23.350360904900622,63.79080428850846
551,39.07536973541816,59.048535528627575,35.90999114325635,59.47277920013814,23.338899242753502,63.78614622837653
552,39.06949621959707,59.04937528227118,35.89406155463056,59.484377722487835,23.325634216889963,63.79125036276073
553,39.066287602308805,59.04878114497446,35.89086329001747,59.48742937055369,23.30499290810918,63.820590739788905
554,39.04437976854554,59.04691946907035,35.87444987914563,59.48494954967339,23.29027676880789,63.822679512944354
555,39.037742962438664,59.04443519994623,35.86590594919836,59.48592206616704,23.273566353076806,63.819684665676725
556,39.027289337611464,59.043057852660546,35.85111785590556,59.49233121503456,23.260903767357135,63.81526982959505
557,39.01885928925125,59.04390064321211,35.845903735790706,59.49102286128926,23.24527385326246,63.81532263455397
558,39.01267438514685,59.04506210778151,35.83810949830195,59.492348349479904,23.206862333088623,63.8162625695116
559,39.00688031396988,59.051288655954764,35.831248908841594,59.50492143836256,23.17841698802971,63.81888124443112
560,38.99622132496203,59.053571207290034,35.82485856706822,59.51457233225683,23.147520743722634,63.82455155474956
561,38.989025864533325,59.05125148779001,35.81484187434347,59.516020776693786,23.123297110963495,63.83418873851162
562,38.97746287732798,59.05599689333442,35.806186627504076,59.52150293725321,23.10384821545587,63.81686511428003
563,38.970327220550466,59.05105651611543,35.7948359332529,59.51278791248373,23.07878128584659,63.82992007471042
564,38.95765808203577,59.04657607732426,35.78292629900606,59.50721695357038,23.0401271373967,63.82230568998554
565,38.9541619175782,59.04889837381771,35.77353001923731,59.5090359684701,23.011164697646006,63.835802142733236
566,38.94428489679737,59.050110520108916,35.75421727904964,59.51027121492816,22.984922992822632,63.83075800351564
567,38.938223766355,59.05109508134697,35.74809889192629,59.50958628275974,22.966656599234494,63.82932227537042
568,38.9345258579926,59.04944412465959,35.724508039346624,59.50405027660088,22.946166303114747,63.82606574483701
569,38.927803034579554,59.04795706877935,35.7098503396439,59.506949127296195,22.92360284872649,63.811448929891625
570,38.92178958370436,59.04454669342578,35.69980394685024,59.50381634707012,22.872104601833296,63.80028166694834
571,38.91178809718812,59.04207673988038,35.68121524199666,59.496777032263786,22.860506016474503,63.84314839767839
572,38.90630956541858,59.03976511539706,35.67204312811189,59.49754035898439,22.847583128279975,63.84188168908007
573,38.8951620737373,59.03791837545064,35.66221978188949,59.50452502381646,22.81631938994224,63.842846365685425
574,38.88907984263554,59.03796090122433,35.65642224810682,59.50034517547955,22.793681664819065,63.85332893993563
575,38.876549268697296,59.03961826126799,35.64382854905876,59.5059153915503,22.77659836505536,63.86143369846913
576,38.866166410341165,59.039371182016346,35.632770971273814,59.511600547055146,22.76189131347569,63.885042560571186
577,38.851436088033104,59.046515252248724,35.61343040302723,59.51139656073504,22.737911202094857,63.91595984566667
578,38.84378406832831,59.04392120403585,35.606673307043586,59.51632600083966,22.718981511117487,63.91038468513905
579,38.83683825529853,59.047955004445946,35.595185695029414,59.51633554954881,22.680478759581167,63.90898513563638
580,38.83304822060808,59.048747651394756,35.59007874859362,59.520988905144456,22.664398121598474,63.88884671176997
581,38.81824218662478,59.04018657057789,35.58404405839401,59.52071889269908,22.632651552963868,63.90694471428946
582,38.80807294945578,59.04655480377317,35.56762812686012,59.51720088512544,22.60652487485131,63.91343317608631
583,38.7999629529673,59.04982707611606,35.5604064068838,59.521577119727134,22.588681591461217,63.911317200883005
584,38.79682169849097,59.05163312471499,35.556179318789404,59.52895708586778,22.570290123888473,63.91856310829201
585,38.79335866971676,59.05297754166107,35.5548972044939,59.52815912892367,22.563810696206886,63.92270103831694
586,38.78842063873852,59.05553303682118,35.54406489335831,59.532370283592655,22.549852369552784,63.91688392824207
587,38.78423816078667,59.052468274006166,35.534537673000095,59.538890713756196,22.521829053367956,63.924078618463774
588,38.77061376756342,59.056479658150764,35.52078631715544,59.54895908854579,22.514596169290744,63.929827002505704
589,38.76587855971104,59.05568035164084,35.49956545454749,59.54037734947501,22.493015207685545,63.93279207538827
590,38.76001871203684,59.053384729289846,35.49409348727145,59.54151922326687,22.474037890365313,63.94723523619394
591,38.747725199847665,59.05276642378665,35.48935601830869,59.539811638462,22.469169465516718,63.94571345075746
592,38.74101341807169,59.05808619723656,35.48523449517592,59.54444908309714,22.4497177304411,63.95375932099087
593,38.731653704021525,59.05454155531114,35.478994883553085,59.53993944348732,22.432549728285604,63.94608451307746
594,38.71794024346242,59.05425659156882,35.470418316057206,59.541649443068856,22.412822499390224,63.94881586615952
595,38.71240106276872,59.05166402739989,35.45682314940966,59.5424169726554,22.3961002742609,63.97369907123609
596,38.70646680128842,59.05144782883813,35.44844872196453,59.53270941950203,22.37113746884103,63.97282993377932
597,38.698081970121855,59.04949146433131,35.44668454447171,59.52934279826347,22.352412126412073,63.982120635378315
598,38.68638961650337,59.051267964512746,35.43666422962928,59.52089450745861,22.3241092635098,63.9783002954729
599,38.68124324430956,59.0509666417538,35.4214961914066,59.521185201589226,22.313370195965685,63.98164538634219
600,38.67878280663196,59.05106734569323,35.41897702184199,59.51882065604185,22.300915138555233,63.98510940172051
601,38.65978268136873,59.04983192470421,35.41313216349493,59.52586892336069,22.27217073720514,63.98841965664139
602,38.65306909129669,59.052745848431,35.40544792218653,59.52905515380789,22.2415003897183,63.99637904401489
603,38.64115907439061,59.045350127019134,35.39465535905529,59.53875275426229,22.232061790494406,63.976454917145894
604,38.62869571222487,59.038738849845465,35.37508548386855,59.54100580372664,22.210702795667206,63.98043382102729
605,38.616969081722615,59.04177496092553,35.368151277933144,59.54264816237517,22.18877455036737,63.95986540294505
606,38.61163493527036,59.039603426270205,35.36001016961903,59.54585152796866,22.172052994976664,63.96578942342548
607,38.59258409680459,59.04639171730103,35.35071965814939,59.54553382835284,22.150739852715894,63.96816862866139
608,38.587138238172635,59.04095988937821,35.346783249851434,59.54273765325446,22.138084140170683,63.9668608926415
609,38.58376723384851,59.04070139976577,35.339956878982754,59.549465054025774,22.118229068943567,63.98010199844011
610,38.57427658652624,59.039752707467365,35.33214166512956,59.55278500330043,22.093472759169746,63.98143969899914
611,38.57054792111566,59.03617901722707,35.325678057141566,59.54701459037312,22.07137723416394,63.98706387542266
612,38.56758183790229,59.03964874915018,35.319260488766865,59.54351185595774,22.04760909313688,63.975765835482854
613,38.56029135462303,59.04134029968603,35.31525499120732,59.54418509745488,22.03004293186845,63.98311948575977
614,38.5513586164608,59.04194198836053,35.30815872377627,59.54606694531311,22.00386514094187,64.00673330215685
615,38.54961227003758,59.042056415675944,35.30311128803981,59.545695093438084,21.998441280236296,64.01404760395565
616,38.547069181067506,59.041043494411475,35.28910496582379,59.549972992642296,21.992356499310347,64.0000063175416
617,38.54242162393033,59.04156107215797,35.28038240829879,59.55785003548558,21.97357521550818,64.02044141167404
618,38.53408572377813,59.03708085419312,35.275112312537885,59.56120784825409,21.95590205521883,64.01657701399786
619,38.52912173212669,59.04129425895622,35.263397512828035,59.57630139792081,21.934494246047297,64.03452581369991
620,38.51977710365233,59.037979255612285,35.25156731457752,59.569340309091395,21.918101583153177,64.04937744140625
621,38.51467429442121,59.043441361618214,35.24266381065527,59.57365281756612,21.90185443015355,64.04546995465368
622,38.50821598203732,59.04887737602884,35.2295882914349,59.571283041129135,21.884848482782537,64.04910526702204
623,38.50338563268301,59.05122621799907,35.2108948219585,59.580994322889744,21.87841106512052,64.05759916181376
624,38.4990822310767,59.05143142080718,35.20876163152691,59.57857957070538,21.869945730028487,64.0679669448279
625,38.49532428624521,59.05173147819758,35.20647294107468,59.57587338950843,21.859230007012894,64.0696354292862
626,38.48418913645918,59.05169821742426,35.190016343991154,59.57965331921704,21.839531041798,64.06968615977317
627,38.47226074960614,59.042702217429486,35.1858501076541,59.57820856165656,21.824918930837118,64.06808715165037
628,38.46878082138085,59.040909703190415,35.17875768542361,59.58229053230758,21.805247440833146,64.06953693467597
629,38.460712849349946,59.04086967330177,35.171129848173685,59.575917449832616,21.78897702530944,64.06126874787924
630,38.45735695626603,59.04067618775673,35.15977571157723,59.57860512059559,21.75673984688012,64.06365967017169
631,38.4504266633473,59.03986806212504,35.1536881832906,59.58034677056894,21.74678723762105,64.0559415235984
632,38.44480813122534,59.0425800871431,35.13912732337512,59.582165842194456,21.725943524275568,64.0563083840538
633,38.43631217893283,59.045069495665835,35.12927077261609,59.58848743271497,21.7110647237136,64.06208268627806
634,38.431894928964404,59.044951434322684,35.120478431671074,59.593052832031894,21.700739197523298,64.06395531812169
635,38.429961240972546,59.043911635900734,35.10749612546376,59.59364302185392,21.671612356165213,64.06012178458671
636,38.421159717904466,59.03567348149633,35.09821086188517,59.59057604580654,21.659674616541043,64.06606290241291
637,38.4121614327726,59.0350623732227,35.09173990893905,59.59159268766128,21.64603131866986,64.06555851884671
638,38.39999189360952,59.03475644359665,35.08637642335394,59.592276601268686,21.62724986460856,64.05675185672979
639,38.3964626224233,59.03477225901699,35.072204568420986,59.599907980902465,21.58954969650054,64.06811660370472
640,38.39366247812611,59.03230832332525,35.0648004053936,59.59824400601994,21.58057754285715,64.09147796456627
641,38.391695300020345,59.031625638484755,35.05665463852193,59.59879472119525,21.56839248413379,64.09325884170565
642,38.38350783410256,59.02825162846068,35.050870818292395,59.59459186451418,21.54671511394693,64.06872052607642
643,38.37599366419773,59.026346670835274,35.0441212694885,59.5966811875544,21.531542485100832,64.06916452435473
644,38.371021395418865,59.02901299785336,35.037594670839106,59.59960131157551,21.521256660075373,64.07283558348857
645,38.36503404480462,59.02780201273874,35.030609685941485,59.59670398379013,21.494947805592997,64.09332310642729
646,38.35578820854336,59.02654356728177,35.01750089652138,59.600633955287215,21.48586143904998,64.09599467497421
647,38.352807496076984,59.02518936697548,35.005011845397505,59.60484108675533,21.475924005520262,64.10582908788983
648,38.34871821024832,59.02384065340067,35.00035725307396,59.599406904229994,21.460372632187227,64.10784732128882
649,38.33537548348409,59.019050180987115,34.987512537547694,59.598133508871705,21.432274947168015,64.09559559972283
650,38.32518592810525,59.01710454585771,34.97936010607133,59.6039259613862,21.403831036057518,64.1018487083992
651,38.32130361040371,59.016815266492536,34.97398327627017,59.600892920946684,21.392716457591856,64.11373540540043
652,38.317568415963436,59.016894211254915,34.969040394941615,59.599349655045124,21.37626644569858,64.11403358197923
653,38.3152876765405,59.02241446144788,34.96441437767703,59.60492610788706,21.369874171881378,64.11074323551037
654,38.31286525243502,59.021339004803785,34.954970123851396,59.605013056769685,21.36162096884991,64.1092738821846
655,38.297583478897344,59.02230336970514,34.95054610552628,59.61034168133411,21.35270567272307,64.1135644050067
656,38.28990981464524,59.02388438631235,34.936412664595935,59.60761120488593,21.315927792948063,64.11024272567032
657,38.281590721028685,59.02357007807816,34.930160636108894,59.60552767441084,21.308161833557236,64.11181888881725
658,38.271838937453204,59.01931826092525,34.920954449500385,59.59828791914743,21.294151400863143,64.0897479848369
659,38.267950166699464,59.019956255599965,34.91060473061146,59.58969954989228,21.27023613147485,64.09105808096041
660,38.26066169716024,59.022722763907055,34.89582231269225,59.58986681752323,21.2484589359754,64.10572544505044
661,38.251954445135944,59.02308119086847,34.891974939528055,59.59244680850259,21.227930195796795,64.11876250860422
662,38.24597086023629,59.02740749520246,34.877571357980315,59.592577490810086,21.19994258053389,64.12262079597821
663,38.23669909883716,59.029348139250196,34.865028116413484,59.59735011986853,21.16523640531388,64.09639952303932
664,38.23253928164424,59.03501630995966,34.85975132518694,59.602882405531,21.150434434388874,64.10691613737448
665,38.227913626334995,59.0355954090871,34.85369728653854,59.605775732720716,21.12629321794056,64.10105010387728
666,38.21940873476204,59.030028147814605,34.84261687732066,59.60301771007732,21.100459038528175,64.07934220675308
667,38.21648698224035,59.03321702549909,34.833833631076665,59.60071440025419,21.084095053561636,64.08208404129066
668,38.198823494276304,59.0256392874922,34.814813228453474,59.60738468670835,21.072708054946048,64.09829693279163
669,38.191980047056,59.02525235348917,34.80570258986087,59.600407086666365,21.06306524794528,64.11493170006042
670,38.18968601310781,59.02319937851789,34.79608329539037,59.61307239121922,21.041886329232437,64.12553780212066
671,38.17827931996741,59.021692047195245,34.78171555558974,59.60910197718211,21.016470046367704,64.12611826033914
672,38.16975036325338,59.016354818696584,34.76972439497455,59.601020751756465,20.997609703931776,64.14795012115582
673,38.162467127664314,59.01985295178859,34.76344381052664,59.60171692709821,20.98495179395079,64.15318541384605
674,38.15379940450628,59.017088871225496,34.75396531490909,59.598700544004025,20.964166698969528,64.16960442912323
675,38.14640717294398,59.0172997648002,34.74849306816072,59.59610906737735,20.947025921316,64.17574684883256
676,38.14091675463636,59.01984283888805,34.74410308361211,59.59422622589142,20.92392466364181,64.18281573640454
677,38.12987755715568,59.02168937277163,34.72820076675786,59.594149976355446,20.90087066475625,64.19635549346623
678,38.12177045565185,59.02436033498335,34.7128242463156,59.59179504575573,20.8689588729458,64.19532848656152
679,38.115247471112525,59.02740214775711,34.70483127014986,59.5939445112093,20.852539016475028,64.19515754134152
680,38.11144136783815,59.028734262026646,34.700996768978136,59.595542540824596,20.84427876091155,64.20690807771503
681,38.1073669596092,59.02485030789377,34.68375688531627,59.588797170391906,20.83705806094144,64.20472956855274
682,38.10043119768356,59.02767669949297,34.66941442304222,59.589582087712245,20.8216230497703,64.2123267247065
683,38.089814275277845,59.02644187058035,34.6628874000647,59.593297122757455,20.807947575330704,64.20320690404162
684,38.07927929764247,59.02404467556868,34.65927309760609,59.592701819803175,20.795636626157844,64.20809596899626
685,38.071011564997114,59.02382904058342,34.64830814897978,59.588329489168025,20.78237838255076,64.20095665381767
686,38.06039716888988,59.02380774562872,34.63109431641737,59.588374463463474,20.75914643853849,64.2063912927779
687,38.056073589348124,59.02624024360033,34.61932986683953,59.57930775021165,20.738472395422193,64.20814119552875
688,38.054756660321516,59.02540193413647,34.614709578169276,59.57861909471806,20.721108808822024,64.20662107301429
689,38.0482002192795,59.02368437803277,34.60564180502625,59.58120011432188,20.70838273515918,64.21038543241758
690,38.04478630678545,59.03139264691983,34.589959985589644,59.57646504523923,20.700378873648692,64.23674260653752
691,38.04012831874245,59.02987919933703,34.580024182617656,59.57364931040479,20.689317345313416,64.24259805248747
692,38.03150715891459,59.02907971398813,34.5713127677994,59.569808609542704,20.67963604049302,64.2534955472117
693,38.028528190382985,59.032813514833535,34.55670097219576,59.56121228137771,20.65486886962349,64.26639307591655
694,38.02649042799624,59.025200926246185,34.554072845630195,59.55871242187144,20.624796803415244,64.26449770188442
695,38.02201292693765,59.024192137184485,34.54597537173925,59.55437645037001,20.60247706448876,64.26196831357123
696,38.01834868987068,59.023402995281685,34.543372513837895,59.55226492866755,20.596605000793254,64.26287615113978
697,38.01034567347669,59.02215249224377,34.53597075695553,59.560116324090295,20.57583389399855,64.25894708805653
698,38.00313968700935,59.026525640815606,34.528424999607466,59.557117105181206,20.54407646685935,64.2553468176118
699,37.9927193325464,59.02255210749796,34.515178444719425,59.555078443535635,20.51579425034654,64.26432510696004
700,37.98141615811079,59.02038665316101,34.50547170637608,59.55659834235118,20.499447773890335,64.26898032434345
701,37.976317188282856,59.02034923243377,34.48724378415635,59.55388965059959,20.48730897031153,64.26957051656868
702,37.97376779355909,59.0208541326278,34.474599986327846,59.56279750548206,20.47296332668696,64.2573005357043
703,37.96935672601503,59.014506784733584,34.45410943247327,59.56272962057305,20.446955108821758,64.25754009891287
704,37.964681779610125,59.014612560504276,34.44455154668408,59.55930191030627,20.42282259630031,64.24950918766793
705,37.95349771018276,59.01003903130532,34.43133048258465,59.55435617447701,20.410180837293282,64.24682199659591
706,37.9493170645033,59.009993058100115,34.425517009691674,59.55413911143354,20.377666270787955,64.24082849166915
707,37.946170668234046,59.013616602249826,34.41824241081778,59.56056577465405,20.365504882175582,64.27419020718058
708,37.94244006780048,59.013014077733466,34.40517250186582,59.56028371265785,20.35004997481594,64.27067408757969
709,37.93876432881097,59.01936091619071,34.3991146095157,59.55855388322932,20.34255034822448,64.30371978071646
710,37.934047351088914,59.01909733814622,34.38559941293154,59.56590169099938,20.310442366282665,64.35496107959186
711,37.930184954921984,59.019422282633386,34.38129957428889,59.56320494866481,20.28905805899797,64.35490913513277
712,37.92784273669483,59.018360620512404,34.37587783290289,59.568110807459675,20.281006124532695,64.36884417622994
713,37.92566979061609,59.02105846807692,34.37378259483655,59.57520182129717,20.268765481540054,64.37133681203376
714,37.91726680885883,59.025327604403266,34.36359684680184,59.57808232322454,20.256120477781483,64.3624836792219
715,37.90774797630041,59.02318291261586,34.3539967814099,59.584528441140755,20.24088951562628,64.36850527278118
716,37.905358796415534,59.01781636455238,34.35010268459883,59.58337570067866,20.232522039997555,64.36275663104492
717,37.903421373637975,59.01643512760677,34.34595408282131,59.58948352716391,20.220849176672317,64.36477764566021
718,37.8980155826459,59.01242403107148,34.339077074380675,59.59020877555357,20.20632004643079,64.36265072828579
719,37.89108837635795,59.012052249459096,34.31669326066313,59.59730648894312,20.19573191541105,64.37324207032343
720,37.888087900999885,59.01309469321579,34.30448987140499,59.59487237899256,20.182961730292963,64.37064983883809
721,37.882868493918,59.0183837456908,34.29264632214322,59.58798505087351,20.166890747375767,64.3742820453063
722,37.87559690333695,59.01649422320885,34.281856273679935,59.599294658320034,20.146726472164907,64.37873785243421
723,37.87015067111197,59.02094700500676,34.271190607553486,59.59873768413132,20.130907174287888,64.377140899057
724,37.86620682998678,59.02297893580845,34.26107720623536,59.605270821925025,20.105699166675212,64.3783043342596
725,37.85915798319355,59.019065414217025,34.249349430609364,59.60695552865981,20.093329215137725,64.38119723715737
726,37.854349898223354,59.02079198673111,34.24286931493868,59.60990780754682,20.071893456584334,64.38477933702225
727,37.852195012337674,59.01569583142119,34.23490529935586,59.61075753216381,20.055577598302058,64.39455868931489
728,37.84410216014211,59.02051718531162,34.22568824391583,59.62034802184491,20.035344269965773,64.39406066544663
729,37.84171891605155,59.01787601020195,34.223453536184415,59.61621108009053,20.020725932809594,64.3791578845385
730,37.83563671615048,59.02453058900477,34.21628687260647,59.62345006054362,19.99308859058986,64.39588553777315
731,37.834589137881366,59.024632217953155,34.212314593535176,59.631154516373094,19.97854097371526,64.40458392250794
732,37.830041901630814,59.021734791072866,34.20825139437706,59.629633868056054,19.959037321835282,64.39777144275259
733,37.82549892051386,59.01973418650483,34.202882210446994,59.626334208392734,19.948241441147275,64.40048455921655
734,37.821736958373656,59.018574410579326,34.19477607140832,59.62655106265722,19.929358859059978,64.39438272933157
735,37.819203014736,59.019087094323865,34.18845972528939,59.62697059694632,19.914592068231535,64.40973636643169
736,37.80474279921953,59.02736012495551,34.18006542502053,59.62691028365464,19.90595170712644,64.40850725086584
737,37.8025342068952,59.027617424739006,34.17481842695358,59.62632664218263,19.889667060054983,64.41472562887196
738,37.795377915845144,59.024635708855264,34.164960260943005,59.630118121423926,19.85873523027109,64.40842974006955
739,37.791368527331876,59.023816501278176,34.159619098195044,59.63279504557709,19.840026121511904,64.4160478204952
740,37.78584242260114,59.024648534017466,34.15494726426058,59.6312761357831,19.829765563532327,64.41345810731235
741,37.781374460002404,59.02510014846013,34.14263897833097,59.630279098424225,19.811616280711057,64.41230253397742
742,37.77880650577061,59.027606980057634,34.13561392264264,59.62726629506335,19.789382470279243,64.4208015246158
743,37.77347078166216,59.025764786373514,34.132402781967095,59.62978405273547,19.764763806676445,64.42365751256216
744,37.76654344262817,59.02255043593939,34.119941089278605,59.62759278352298,19.74928519492581,64.43271447243134
745,37.763593723193004,59.020983275647225,34.10423686774598,59.62841985597174,19.71736409397031,64.45231627319001
746,37.75654105432792,59.014873611518986,34.0901642976067,59.63139498058561,19.698595404226168,64.47046607908632
747,37.75261182004587,59.01484129846672,34.08486494728458,59.63781449335155,19.682511562293538,64.47565911933685
748,37.7508864702797,59.01757605390131,34.06927160188586,59.64074421850186,19.664116429957854,64.4760819486288
749,37.743940874056186,59.020636963573935,34.06085447852786,59.64892794664344,19.63235890622934,64.47377636116225
750,37.73757819542933,59.02680328579722,34.05203615594823,59.65479000122394,19.626554092520404,64.48693825932222
751,37.73174769839333,59.02768730307417,34.044269479259526,59.65569561732411,19.60779077472266,64.48153809855737
752,37.726769823151365,59.032780175597566,34.02155785100394,59.64672099908126,19.5881049043757,64.4865399577046
753,37.72303582085405,59.0319341244266,34.01707737994168,59.649980414169065,19.563154136182867,64.47919598801303
754,37.71854623300638,59.03632773343178,34.00609728220086,59.64745878912931,19.533810335790054,64.48144943956466
755,37.71459363681864,59.039661301128604,33.99985501935155,59.64473334514309,19.522046034249254,64.47806692252335
756,37.71136544049895,59.04050805068277,33.99503587685784,59.6463649913775,19.50213032429793,64.46668158194339
757,37.70689535966072,59.04014700528505,33.987233821525734,59.64428142958557,19.484527723388727,64.46671840730008
758,37.701521229113794,59.03862332568004,33.97831674143144,59.645997127731626,19.46830395235136,64.45594928350732
759,37.69560056202383,59.03885652770119,33.9676036625353,59.65118581755028,19.454958972148173,64.4595042320922
760,37.68565672855982,59.042201429104814,33.95788605092568,59.660674962913326,19.436107376146673,64.45843387946819
761,37.68298379976924,59.04561604969344,33.94830350732869,59.66297204561566,19.411996141988077,64.46367106103236
762,37.6777478971645,59.04507400226262,33.931170458383356,59.66943680333871,19.381784541107027,64.47136416919889
763,37.671119839757715,59.04424335023076,33.92276401065498,59.66623937307612,19.362981647558822,64.47197793502359
764,37.66378688531149,59.03958005117975,33.913384839096636,59.66437451391849,19.352980851865997,64.46609560825503
765,37.65310977055119,59.04293780978839,33.906990474303,59.67146377611541,19.34595930912508,64.4710444726147
766,37.64615523819804,59.044473214166494,33.88977346305628,59.66827968552752,19.325366326310363,64.4706297568642
767,37.63827335107774,59.048669558458094,33.88040503476485,59.674974147735746,19.303459159385238,64.4854202448746
768,37.63181535849033,59.04693295385145,33.868369991322545,59.68605031730847,19.29910376775269,64.5001671914041
769,37.62742933289037,59.04663146609821,33.860082199142774,59.682402499780494,19.290520032873378,64.50150795876104
770,37.62214688175111,59.05202406599761,33.84957945142976,59.68827321328119,19.27670841437778,64.5105134272265
771,37.618272705648494,59.048993138869434,33.843779571507284,59.69013994068521,19.27008309820706,64.51486353601842
772,37.614225365023906,59.05617332357111,33.83666727457186,59.68672232916254,19.256118311360435,64.51045228432628
773,37.60922573322825,59.063411734700956,33.82589667534093,59.688644433912735,19.23983791444241,64.51864735572491
774,37.60499923808669,59.06195976435262,33.821655627714264,59.68964066559504,19.224341813934018,64.52622429566541
775,37.59452215458299,59.06626384584206,33.81044703430164,59.69447741624639,19.20958301087545,64.52984905052665
776,37.57941601804063,59.06444121295792,33.80304057013298,59.689769060959186,19.19953059134264,64.516034196075
777,37.57640087567685,59.06727201142065,33.79935809697379,59.69416882670361,19.191863360830954,64.53120639253093
778,37.56770092752656,59.061891520789366,33.789177270581796,59.69042090997131,19.181451567023416,64.52816122802852
779,37.55806427562092,59.05994147978526,33.78086868786131,59.690148929846686,19.174249950994856,64.53135588047935
780,37.55543646801495,59.059711720226495,33.77831580338323,59.693315864260185,19.136957668793094,64.51639280295181
781,37.54912727818717,59.06145387387286,33.77448591373912,59.69517824811026,19.128835079108956,64.51494940676042
782,37.54035729201676,59.06688420144714,33.767176909137284,59.69648753470205,19.10813384383763,64.52340309562827
783,37.5343067415562,59.06620614378956,33.76207662965232,59.70204019095907,19.088823674946976,64.55075612382596
784,37.526801029175296,59.06328367753872,33.757607653638715,59.702758181751,19.069608778027902,64.55200278563741
785,37.52098705959155,59.06719829774814,33.74832310132279,59.71151019354319,19.058413491565027,64.54667303132591
786,37.511354241362355,59.07229467511728,33.745498517656706,59.71540589569898,19.039608499673854,64.54550174823683
787,37.50444084017142,59.068732193466595,33.7437587986416,59.71904711511044,19.02573108815169,64.54030691611071
788,37.50054180210052,59.06626009250178,33.724537146850516,59.72196129018246,19.008238471512474,64.5419187606858
789,37.492056508676974,59.06331452267954,33.71465602897883,59.71984357460363,19.00080174686749,64.53579750345415
790,37.489485345352016,59.062881735681934,33.70267031082992,59.716298353967424,18.98527770411399,64.53395090459625
791,37.48655957261734,59.063769290848775,33.69690877426723,59.717459493702776,18.974273005054947,64.52428585158232
792,37.47388789293418,59.05946048679897,33.68090322519567,59.71791884920167,18.959066486521014,64.51589271322312
793,37.46631483952352,59.06346640898269,33.672676157403444,59.718986302151094,18.942851305158143,64.50507863255821
794,37.461983489856834,59.07239480245919,33.66895931348523,59.72490117771192,18.932949333789324,64.50374859063278
795,37.45411513219425,59.076470743353156,33.659931740141154,59.73233324462053,18.924272134732,64.49928786242924
796,37.45067714901969,59.078268051197526,33.647392191846706,59.73238499572126,18.90522288317463,64.49170971597658
797,37.442166367908506,59.076909461225696,33.63787543593399,59.72407442989694,18.886089943067716,64.49467958957395
798,37.43231590782789,59.07774878564576,33.61662630004198,59.724125577841725,18.87294774901734,64.51341840050291
799,37.42683620207646,59.08085846550472,33.60426184605482,59.72224934854111,18.86363751574909,64.50678259552352
800,37.42233458871632,59.08686458969356,33.592719037355344,59.725375712043046,18.853088861775042,64.50860717055278
801,37.41345798047446,59.08422078164072,33.58054881696797,59.72779455779731,18.841684033178876,64.49981800521536
802,37.404340346359795,59.088406252440464,33.56854984242204,59.723666759660794,18.823209446458687,64.49943104605373
803,37.3935831967671,59.08262029379068,33.55569571878756,59.71793996311445,18.8103326144935,64.49948558332738
804,37.39030282089229,59.08500503677623,33.5500239349958,59.71715443302533,18.793293392309174,64.49343716933015
805,37.38741223024468,59.08813104655552,33.54350146052933,59.72211920684348,18.78517827703846,64.48922961141722
806,37.386263429657205,59.09741685341407,33.53875903388067,59.72514475568509,18.77294093056428,64.49325818256489
807,37.380240229011065,59.094511013129136,33.53013927508921,59.7218591748842,18.76149371163364,64.49516710329837
808,37.37068569540019,59.091483479835865,33.51871746317487,59.72879875467285,18.74172768384651,64.49267942511901
809,37.36393193261657,59.08691771878559,33.509795571602396,59.723534899617086,18.734248959909436,64.49319756426564
810,37.36240735258802,59.086816595562965,33.50705708664362,59.72245507839096,18.730961827533765,64.49944349038205
811,37.35292324723494,59.08353147317461,33.49693376372717,59.72392425262743,18.703849683031233,64.50275334677042
812,37.34834567412643,59.07892259077984,33.49172176651904,59.72312957351321,18.695763548369612,64.5056319034485
813,37.344284465186206,59.08138517673053,33.484235428791365,59.726322512824915,18.663585670452424,64.49660775261934
814,37.33932328899768,59.08556089544937,33.47765053662592,59.72338369217103,18.650166947944932,64.48690954810779
815,37.337490034202816,59.08729349663157,33.47230761720041,59.72535491305106,18.634324009501746,64.479361579279
816,37.32498767100419,59.09522687142159,33.459570775520014,59.730841900610415,18.621653388485136,64.4879158809875
817,37.31589053851079,59.09692043381446,33.44844526055336,59.73676924728536,18.608985623940477,64.48211563429578
818,37.31027331182568,59.090052187117344,33.44324682530816,59.73229894378715,18.602326147517125,64.47221497395918
819,37.29811893512432,59.090159266673936,33.43664972907024,59.74013336282575,18.589111546978316,64.47490757135522
820,37.29237801267164,59.08533867616605,33.42631621532376,59.73702869456338,18.567204687103754,64.4714367377663
821,37.290291201109135,59.081449200955824,33.422199924413746,59.73786347556244,18.549544059560034,64.469948525591
822,37.28389326764029,59.08049280372601,33.412931019742274,59.74585364997412,18.528190982696906,64.4722466178423
823,37.27575922346009,59.08002100232167,33.400584245189805,59.747704128215716,18.51020388287305,64.4789443660914
824,37.27337396567243,59.08015936585546,33.397552954993955,59.75109806300111,18.498598823997778,64.48142992553967
825,37.27119152518462,59.0794124778756,33.391026764813056,59.75061697656494,18.477926089363656,64.49754842065653
826,37.266311090847715,59.07901178366094,33.3851020874045,59.75361452634372,18.456638627524107,64.50250217084472
827,37.25990408975137,59.07742879364181,33.37936173913381,59.75445984477308,18.451846319707762,64.49808972876195
828,37.25833856679305,59.07721422403012,33.37776517371992,59.75642203333397,18.441286804114057,64.49635323092298
829,37.254353516806106,59.07779910192926,33.3749758059325,59.760145968922245,18.42386246471971,64.50052668766934
830,37.25248968937768,59.077093519893126,33.37238981991337,59.7603112290958,18.415614218215374,64.50213616598258
831,37.25050946716771,59.07932204295987,33.37005832554212,59.764686606602226,18.40344739992958,64.505248602475
832,37.23669580973798,59.074251661026295,33.36618824240384,59.758922563987035,18.3779101492827,64.51346559977141
833,37.23024930561145,59.080191348941824,33.36020683863148,59.765139780591284,18.368630867113012,64.51215689395566
834,37.2244420486253,59.0773184625029,33.35882380935563,59.76337465835389,18.356771874866624,64.50133547408397
835,37.220600558435244,59.07642308684869,33.354582280736004,59.762749372986576,18.33540269804719,64.49388066233331
836,37.21504692983816,59.074229728845125,33.34220134815498,59.757968878605844,18.31054850560512,64.5046290991838
837,37.20869237427721,59.07231153549641,33.33155434521881,59.764669387243416,18.289701349898273,64.51202045844813
838,37.20325596095004,59.073271054197185,33.32237574675747,59.75778758696076,18.27932793612896,64.51155016543434
839,37.196722888666145,59.07825530087282,33.3150903827075,59.768920832198994,18.26165914798747,64.52509594934921
840,37.19127261680128,59.07633341831953,33.30627907213724,59.76441348229873,18.247307025131295,64.53154342538016
841,37.188325172864445,59.07798930751031,33.29728614672577,59.76400922091755,18.22923681941243,64.52489447453502
842,37.18184197550559,59.070607933500945,33.2832382506974,59.76490593317025,18.200471400071933,64.51567638506162
843,37.17698316368524,59.0695444890077,33.27771800451743,59.77090869847089,18.188725517868466,64.5236320109089
844,37.16937194244066,59.07258293393128,33.27326551541824,59.77452443352971,18.17810759971898,64.53909455863732
845,37.16070434813037,59.06929707597254,33.258611070264664,59.77277121685073,18.15342506561748,64.5492997052338
846,37.15261008709287,59.07267595310639,33.25027953099549,59.7756895820717,18.127409365628534,64.55505105749192
847,37.14921240868523,59.07339424583302,33.2443930355209,59.77639717652186,18.10863997971244,64.54544524363438
848,37.146612181517455,59.075723238204866,33.23174935583771,59.781502711026924,18.096605297781103,64.54278783355626
849,37.14268887109163,59.07479310754791,33.22888417471167,59.7818349686454,18.09313488166726,64.54474089577236
850,37.13698420015815,59.07800769673231,33.2189131603995,59.786502449966086,18.068766709143063,64.53418515720873
851,37.13507608089229,59.084207588899844,33.2169551590325,59.78801137141348,18.054385494035316,64.52912084298292
852,37.12793686477045,59.08754161427072,33.20633483348714,59.787435359536275,18.037450616281816,64.51725454682915
853,37.123316427582125,59.085389215798,33.19478439864678,59.78797971941953,18.007949650632753,64.51218806130203
854,37.1129802855841,59.0909263473231,33.18172863806036,59.80049154353913,17.989363299515315,64.53098105943688
855,37.10909944177604,59.089686433778795,33.173771686057115,59.80296256851619,17.977241880445153,64.54557850670284
856,37.104407171549006,59.09425092667203,33.16790955908642,59.81024561284821,17.970040500806,64.54170383690085
857,37.09755622119974,59.09391893057801,33.15640032942679,59.81037328885113,17.95548234457953,64.53863126928192
858,37.08983259829677,59.08959294206603,33.140679202688624,59.81572237464371,17.93266582573596,64.56160203782714
859,37.08402411402752,59.09745132344854,33.13684255883257,59.81816120985825,17.92081932197788,64.56169512991843
860,37.07908992052121,59.09691433471474,33.130086639262785,59.81718872035066,17.908191436234464,64.5495136980748
861,37.07432144470973,59.09783501057553,33.124736047482756,59.82166472071111,17.887817661955793,64.57685658321917
862,37.06715118690483,59.09805401294785,33.11901985022214,59.81815011227947,17.871686435789748,64.58743054353104
863,37.05956908067306,59.10032741660984,33.11095826990333,59.82331233368056,17.85215933361639,64.59255795546912
864,37.0538691738588,59.09632139727129,33.10276331829879,59.826173191058544,17.82552058993876,64.59192090963727
865,37.051686775490516,59.09823231129324,33.100155177586196,59.827542248917744,17.81961381796255,64.60218268309957
866,37.044003201242,59.102844127383065,33.0907960773716,59.829803324957346,17.80972414951314,64.60990621932461
867,37.0389465900811,59.10217512555104,33.084844408019684,59.835185135026684,17.77939851769455,64.59585129568828
868,37.03277796132788,59.10550010175527,33.07667882238904,59.83196341170327,17.74600019438719,64.59961041438885
869,37.02775168037101,59.10842365485838,33.06971577283759,59.829541381393746,17.71538747888209,64.60659778143167
870,37.02222176773464,59.109357559020054,33.063715228209844,59.83318278525167,17.70792212736295,64.61071091897846
871,37.01815455978684,59.11207794664988,33.05600479549539,59.833238226833686,17.682542866514567,64.6476347382356
872,37.01626285600888,59.11205080374356,33.05302249335247,59.83340719671422,17.662377507939397,64.64026660330403
873,37.00632743282606,59.11999294114859,33.04603252737917,59.83301016053749,17.642258702589228,64.64293043065702
874,37.00222482989776,59.12201788913848,33.03355464167946,59.831012705653116,17.631088168952527,64.64550540818732
875,36.991747670505966,59.12324004394543,33.02187204389931,59.836112046582215,17.615194171549078,64.66228099151701
876,36.983692957543674,59.122406480593725,33.01407398444957,59.83305862439575,17.608194427899807,64.6707923486422
877,36.980935466310264,59.12437172113272,33.00971974275285,59.83286142033822,17.599821104234998,64.67643245645353
878,36.97140708214865,59.12808774710202,33.00200835550932,59.83957151528518,17.58350004104668,64.7018585820901
879,36.96951593267135,59.13009212376039,32.999412601418705,59.840695402843515,17.56636704127714,64.70421525772156
880,36.96818425036143,59.12996651972607,32.99499664715926,59.840578649685895,17.55574560897521,64.70353764868844
881,36.96728765945553,59.13221485479095,32.988448426891,59.843396359108816,17.55015715780728,64.7062929772069
882,36.96443114511881,59.134086616346686,32.9790325946708,59.84306365559453,17.5240654756306,64.7044614378718
883,36.96184797219321,59.13441737926792,32.967837736598874,59.8388223799774,17.50105456283302,64.71818619092839
884,36.95558402491949,59.130269314300506,32.95783828023486,59.831373224785125,17.495149839964075,64.72527170091153
885,36.94824033415891,59.128734422451004,32.95232359295516,59.83294243168701,17.488379051730252,64.73181383162174
886,36.94515971361081,59.13094975283946,32.94523565773559,59.829670838276314,17.474079526970684,64.73869336317287
887,36.930846849928294,59.132364981417794,32.9424025295062,59.831936516114915,17.467419570911403,64.73307810716898
888,36.92119077180995,59.13566736321848,32.93054206831521,59.83646203404162,17.453725187350447,64.74561391042992
889,36.9157943881661,59.133479896637134,32.9263289313914,59.83874269525126,17.44016319568487,64.74680636270564
890,36.905158424272294,59.13151630102111,32.91275212201597,59.84097635650875,17.4234689971604,64.75023683796707
891,36.897100440994194,59.131932683924276,32.90602581846561,59.85095615293839,17.41460028809777,64.7401138611673
892,36.89353847483634,59.13273566127675,32.90296777464842,59.84559975677756,17.40028939568616,64.73535076903977
893,36.88956107483696,59.13298274243093,32.89118905064869,59.847694049207966,17.390944275071135,64.73909141285387
894,36.88731497226465,59.13572728053104,32.88935436592888,59.84379529802802,17.37445204994243,64.74012501246786
895,36.88057319867672,59.137925507415495,32.88316866301638,59.840312924419116,17.36391761660626,64.75350278127799
896,36.87857011568213,59.13839542650466,32.876903756900404,59.84342351484479,17.347743228489175,64.75538627864032
897,36.87444838600028,59.13521538417613,32.86517512483942,59.84343321610779,17.315406334068644,64.75176116690221
898,36.870576062859655,59.13465402758157,32.86197453557365,59.84427540410421,17.307189747173467,64.74314251050184
899,36.86468752258024,59.13280683262715,32.85537637218871,59.846442421861475,17.30235227256688,64.73908690593163
900,36.859319805519554,59.130753762278424,32.85300419305347,59.846681069196244,17.29527334200117,64.74507835110613
901,36.85737922886733,59.13314737646783,32.8448072675109,59.846220608069984,17.276767879467002,64.73066172525694
902,36.850115972865346,59.1331578370955,32.839536440818804,59.847459874950204,17.265190389041752,64.72717434395666
903,36.8464134279225,59.135423498712434,32.83291724538096,59.8484290512306,17.231836505027704,64.73137378422265
904,36.843753880253075,59.13515329586263,32.82393056522623,59.84202273660024,17.216577481769036,64.72904587773303
905,36.83891244147357,59.133426163638156,32.82120036245193,59.8440274530877,17.205045051232215,64.74139430662105
906,36.83056421086709,59.13290744151252,32.8185175061512,59.84428685054915,17.19456576331994,64.7507769516765
907,36.82297830687599,59.1270908265993,32.807319850999164,59.838858663009425,17.17590308986934,64.74512227810216
908,36.820826839985116,59.125750755773076,32.79483767475928,59.83936830390056,17.164496552255006,64.74012241339493
909,36.81781103507491,59.12362025140565,32.7918248538902,59.84299932138001,17.16208459848182,64.73457693653114
910,36.810407743199484,59.12674238029922,32.78876821154751,59.841515637455444,17.146486661553055,64.74048044860788
911,36.80727801569138,59.12679780275568,32.78510224035947,59.84368131221818,17.126810703093547,64.74707188450053
912,36.80461057943699,59.12545244846961,32.78020585949833,59.83924869687955,17.116279329657985,64.74454414589172
913,36.79943879898765,59.12937910799117,32.771822727622066,59.83783539244729,17.10332645495356,64.74962411733897
914,36.79772094361324,59.13164452748457,32.769311632870284,59.837550359180824,17.091588342571036,64.75058829288731
915,36.795317450065966,59.13134919565698,32.762824653259464,59.83282707384382,17.084226405800827,64.75523572667012
916,36.787843871106624,59.13432300616492,32.751705271705895,59.83007699278712,17.06449290005282,64.75790020979937
917,36.773383723095115,59.13447362907991,32.741574166452814,59.83811379039753,17.044146646080176,64.76417263482409
918,36.771245351554995,59.13563089914454,32.73758785980426,59.83914407317952,17.02975055063585,64.77618234120513
919,36.76056908132019,59.136081437161366,32.72766482120128,59.83619448308532,17.017312679580606,64.77038164571373
920,36.75827347231229,59.14030306973111,32.72035587306041,59.830933977254844,16.998638618533157,64.76210354687235
921,36.75476685065504,59.14323155257142,32.70540543037718,59.83705388713614,16.967368111913835,64.75684033958214
922,36.747285246398434,59.147587312264186,32.69710177101251,59.85340260488053,16.95421552047586,64.75360449739286
923,36.74226199592074,59.145245824977664,32.68855209639847,59.853820220505874,16.9444503861037,64.76718966252962
924,36.73321356899481,59.14593803757432,32.676351709927275,59.85638923066246,16.932593105962823,64.76599273697661
925,36.72687578689833,59.15063636015564,32.66514807111588,59.856689014388756,16.91310238840878,64.7752410781729
926,36.71798264740338,59.153775630604066,32.655922783775864,59.861788761961215,16.897800971124333,64.78361484855226
927,36.713870400106664,59.156863973702464,32.64875244213606,59.86543449490374,16.88701455763955,64.78092271167158
928,36.69952777975478,59.15850978125949,32.64123094359767,59.86730032200475,16.879310964150374,64.77976737188622
929,36.695115567441036,59.15417699035803,32.63764072599337,59.86357684262607,16.871672621266182,64.77133966313346
930,36.69359762342726,59.15493963661939,32.62875238391949,59.86118747616255,16.856165499466993,64.7698485235465
931,36.68955970989274,59.15342481588927,32.6203239076756,59.86209518270601,16.839067087095998,64.77812129076365
932,36.68202672517702,59.14948785980926,32.61550374712662,59.866198649831,16.816265134492458,64.76868950404423
933,36.67138292565432,59.14967129196454,32.60261791854378,59.871160241847576,16.78794355301007,64.76061047900879
934,36.66433516389022,59.153914663281974,32.590114080121246,59.87301146813873,16.78217775563039,64.76065696732731
935,36.662282243762625,59.15185468129779,32.58456471484062,59.8715810380729,16.7723440392003,64.75581309325752
936,36.659999922960445,59.15342375176737,32.57969184968561,59.86985364309733,16.75864790250177,64.7555398434363
937,36.65772955212061,59.15715635779123,32.56624798764598,59.86719455915757,16.748900750821612,64.74868582798021
938,36.65436075183791,59.15939365275414,32.55516456502455,59.86439384231544,16.72791861232469,64.7666806606924
939,36.65227282847675,59.15884559688224,32.5527329083613,59.86035314311204,16.71273514730696,64.74539100618134
940,36.64983270669146,59.16225152534379,32.54645932912934,59.863311927842275,16.70873920257375,64.74729411284596
941,36.64050174790185,59.15676448386239,32.540319602212726,59.86037788787643,16.69585912248803,64.74993691210084
942,36.63272299295025,59.151922293091864,32.53327488498493,59.86000158270083,16.68080865236894,64.74868778309268
943,36.62978785650707,59.1522995212007,32.52654782610146,59.85862156079127,16.670552685914043,64.76334030434946
944,36.62525364966162,59.14971332307725,32.52157952931803,59.864011708952106,16.656924799284944,64.75757174539946
945,36.622744257218635,59.148900162768136,32.51487359370767,59.86092523715417,16.64483814371007,64.74554840550108
946,36.61902906529746,59.145844454326735,32.51024286414443,59.86227684149167,16.631783311725464,64.74264220007825
947,36.615713729343966,59.14509184202293,32.506851794753175,59.86063293657699,16.608650994646148,64.73480770068227
948,36.611328786226736,59.14614072170442,32.50090065426641,59.86128410027339,16.590570515130985,64.74714225633261
949,36.607743130477125,59.14528320627721,32.49709348997677,59.85748106929646,16.58380369344304,64.74744994336945
950,36.60214469022401,59.15050175960001,32.488701883123646,59.85972479735538,16.574980061195927,64.74852900112542
951,36.59677414272951,59.1528167207919,32.48647666936853,59.859207636966566,16.55605134978617,64.75075939321458
952,36.58700708797624,59.15581099849847,32.47343182841312,59.86644098484331,16.536058823960847,64.76075102761232
953,36.58317448766195,59.15546662418946,32.468103952962466,59.86889449066096,16.518452054420955,64.75515327379514
954,36.575604311539806,59.15352221518592,32.45602571457842,59.8698087870599,16.504788155104308,64.75870450476246
955,36.57414774275707,59.153427244083865,32.45372028584299,59.86694431029564,16.493144698699425,64.77255223489318
956,36.56515803653825,59.15462184147592,32.44345589433271,59.8699365730598,16.484175902080395,64.77940525812343
957,36.5598099296489,59.149397287434866,32.4367620689209,59.867996829089776,16.46502663347131,64.79338176257467
958,36.55119646703168,59.15335810309646,32.42925828184584,59.86859354893733,16.447701058644327,64.81090567483466
959,36.546955872612756,59.148626703266736,32.425233122208574,59.87160415015567,16.442143232640664,64.82090278249586
960,36.5453262079968,59.14878032093336,32.42319356223,59.873248136379,16.434243302533467,64.8254248148651
961,36.536010186129026,59.152987790878754,32.416716319793956,59.87470582391674,16.428920017838564,64.82321414793304
962,36.52684839349341,59.1526118872397,32.4095144508556,59.87488021789504,16.418472811998146,64.82238870628838
963,36.52388812536654,59.15156610024071,32.40638367724772,59.87385842540794,16.41238346030149,64.82284243632044
964,36.52139769423184,59.150844548640755,32.40477997410609,59.87069892738107,16.40609319203007,64.813982167273
965,36.5159805616196,59.15270681403255,32.400732306249644,59.87120302406393,16.397094643830926,64.79810986962953
966,36.51114362603431,59.155731851891375,32.37575138554551,59.873209288319536,16.378384510351804,64.80209063542385
967,36.50076899831212,59.15400258206059,32.36696457701021,59.87281777457198,16.355085298320645,64.81039952450767
968,36.49428318166066,59.15543033625087,32.357358809090684,59.88307078482473,16.344678505749087,64.80432773577671
969,36.48365938427439,59.15671464476652,32.34635582292307,59.88636950147798,16.335304764139543,64.80004773972065
970,36.47939038072101,59.15502822384119,32.338896748978996,59.88470629211836,16.33095918411784,64.80300108678499
971,36.474123941611715,59.15253740376357,32.32389282288635,59.888708780413666,16.322074008468288,64.79801306420141
972,36.46638494782927,59.15188302492104,32.319095926655024,59.88925529627778,16.312826329242935,64.80316637719895
973,36.461309203266254,59.15067025014003,32.305459832565404,59.88748728187582,16.299797222155934,64.81998657274026
974,36.45429826246638,59.15166246645694,32.29726254790538,59.88362789594642,16.289277587875905,64.82536658761082
975,36.45170142944085,59.15115910060062,32.29320803873145,59.88166406824528,16.275040922388943,64.82766431282168
976,36.44944734757121,59.15153959036775,32.28734669854314,59.88763434898949,16.26304421033212,64.83816339452945
977,36.44737993692359,59.153288306483,32.2820004793464,59.88600359264415,16.255509732578332,64.8396780533432
978,36.44546816699662,59.1534727515918,32.27964510036648,59.88784207640852,16.250104129972485,64.85111258221194
979,36.43582002665693,59.15407692600028,32.271110048449856,59.88776816965301,16.233789123826334,64.86872983261699
980,36.42442246554108,59.1598475488581,32.25586727922466,59.89038269673011,16.21346478293573,64.86664230297313
981,36.41977334487099,59.1585019105425,32.251316182166036,59.88985836971512,16.206205106074464,64.88489708791306
982,36.41511886128855,59.15727942403451,32.23884505184418,59.88702686861352,16.192591671849677,64.88397151241779
983,36.40626491517719,59.15924129371931,32.23332793065212,59.89174873345242,16.181646379945402,64.88175895688715
984,36.39973376177946,59.15375682572665,32.22344975064571,59.89204322375554,16.17336889387579,64.88336425201075
985,36.3929987950341,59.152249437177545,32.21087240146715,59.89301326799573,16.162379832118194,64.89709146198781
986,36.38772663782728,59.15505290592182,32.2055768020139,59.88705585744891,16.153118955209937,64.89305174698704
987,36.38335999437673,59.15592908458718,32.19468595716442,59.88942939295883,16.13816691722265,64.90632634532646
988,36.381339489991646,59.15757483506793,32.18841907158843,59.88931511240514,16.125290423951757,64.911174605094
989,36.374987583586424,59.1585210060082,32.178521994633236,59.89196289016238,16.106647275457085,64.91239595935156
990,36.36982483766838,59.15853811436869,32.165223248127695,59.88541115617011,16.098510288606025,64.9088397803601
991,36.36470894975621,59.15950173026921,32.162684054032,59.88398485857616,16.093432124700993,64.90092185296115
992,36.353546508517596,59.15445778691333,32.14938945183302,59.89567999282038,16.080677460772243,64.8995454063039
993,36.3477653534447,59.15346979699381,32.13972171317962,59.8947913938588,16.066605167262026,64.89993508118184
994,36.340338141201755,59.14893821351221,32.13302150444153,59.88976415277078,16.04576536628231,64.91042123475229
995,36.335152259568815,59.15100583590564,32.124583474799074,59.892511936257435,16.029034526461416,64.91048647806906
996,36.33145649880475,59.152198040800805,32.120305964061366,59.893848243104166,16.0203239882277,64.91119866146354
997,36.3259864282196,59.14836222461571,32.109205040506254,59.89958066626889,16.00504962942415,64.91104599157585
998,36.320830806283325,59.1520840139361,32.10099493488392,59.906140555508344,15.996290496742398,64.92094987806078
999,36.31237818304122,59.154210352787494,32.090058920775576,59.9113184500021,15.974995547298914,64.9202151366614
1000,36.307050031694665,59.15371374971774,32.08146887055597,59.913763484700496,15.952429426715295,64.92569127747713
1001,36.30201782123619,59.15501774739238,32.07648443746907,59.91501764508167,15.942481531653959,64.93522807741707
1002,36.300269834315465,59.15324154945544,32.06246939055075,59.9123846496268,15.919985379720169,64.95323647601872
1003,36.295507196252494,59.15498365248416,32.053158057504206,59.91656772112055,15.896620284204907,64.965960000078
1004,36.29055377510892,59.15729578800033,32.04729150094921,59.91595414715222,15.88276419572315,64.97180646062148
1005,36.283976093655255,59.15138840865608,32.04159237525049,59.919712184307606,15.870456760468695,64.97249601231258
1006,36.28055690608934,59.15132784553057,32.03421848792425,59.91556161274083,15.858635660120093,64.98104080457689
1007,36.277195311709924,59.15197218385678,32.0242457827371,59.91118272639583,15.848444006046899,64.97959117769744
1008,36.26803811922174,59.15629395248008,32.0204472236025,59.910888551714436,15.83685884346027,64.98432591999344
1009,36.25910228899972,59.15095020457007,32.00830271125169,59.908787869545954,15.828854532453473,64.98622379459188
1010,36.25569106955839,59.151940577023176,32.00514457631509,59.911359489740114,15.822735333251707,64.98260539627435
1011,36.249613375326426,59.15068212075175,31.997646316118807,59.91651697581378,15.814474448708301,64.99234663654104
1012,36.24701373503873,59.15456954449578,31.99277675561683,59.91580853693528,15.798534526053016,64.99369039970104
1013,36.243045397813646,59.156609762671216,31.984061964284496,59.9116579635661,15.79125883395283,64.99710788455444
1014,36.24198020206956,59.15952625579065,31.976300746384865,59.91627644130734,15.778897938918384,65.00121368034104
1015,36.23809852868186,59.16090736670536,31.973519315871815,59.91389134249633,15.758767195982076,65.00549040632757
1016,36.22789429438067,59.159492910283795,31.962959356662335,59.913372431768686,15.745142705802026,65.00050762394605
1017,36.217094302148816,59.15432028773451,31.951374823733364,59.9180755600715,15.73701289397363,65.0008567231936
1018,36.213072146628924,59.15687960849395,31.945253490786527,59.92024367859963,15.729500215084387,64.99949628064634
1019,36.206942070450346,59.15797881747634,31.93505846131868,59.916040127791064,15.72106107120774,64.99837469664105
1020,36.204863977020246,59.158703523090736,31.930933557795,59.919596128882304,15.706559196488277,65.00304316127566
1021,36.19835442461258,59.16605017056039,31.92225688895472,59.92062038491124,15.683476125102834,65.0047110705654
1022,36.19301629995622,59.16603292526692,31.91714251663531,59.91904462855786,15.666885808151365,65.01583577715665
1023,36.18974728940072,59.165514450321574,31.90939578321334,59.921056408083075,15.646236281120004,65.02464274797356
1024,36.18141294816784,59.16992579108274,31.901752848612237,59.92997536009372,15.639506625149926,65.03487780503694
1025,36.17336156639205,59.16910836537412,31.898108954053537,59.93182015989769,15.627990144466876,65.03987724884425
1026,36.163499028259544,59.166786915511956,31.887224515106496,59.92781386957205,15.61918386872413,65.043045368504
1027,36.1597764458202,59.16936091813957,31.88387326696984,59.928280686591165,15.616520384927192,65.04309454692957
1028,36.15839501622772,59.17238488782108,31.87531318504899,59.93063962759965,15.604732692731638,65.038901614159
1029,36.149650614165495,59.18274495397381,31.865736390989852,59.93808440203829,15.593382367456316,65.04596819730178
1030,36.14715198427349,59.18356574853395,31.86171743414199,59.93939954245206,15.58556556952725,65.05340416247556
1031,36.144590975892626,59.18513538526017,31.85540551593538,59.936761657964375,15.576278233961242,65.06069054252107
1032,36.13904566359552,59.18609328707543,31.847590807117644,59.93736954027742,15.563547671864074,65.05001109948633
1033,36.131923851683034,59.18607562362322,31.84009131985285,59.943040565401006,15.55362820166629,65.04971559917111
1034,36.12667627273366,59.184471069489746,31.830807986080586,59.94679052801705,15.543918761495467,65.04576980941239
1035,36.12517567329242,59.18578038021378,31.82586741716207,59.94883482844726,15.528422676754623,65.06318347525917
1036,36.11933428589127,59.18214726523159,31.819128375366645,59.95093574062309,15.517123699288373,65.0720600830262
1037,36.112278045218034,59.18063244755555,31.811512801015198,59.94966056581207,15.501397197207998,65.07840439162801
1038,36.10555125756323,59.183152953900496,31.802211533657438,59.949474379476605,15.490038977510986,65.07835742768647
1039,36.09768625317423,59.1799551238537,31.791312224114197,59.952554475555196,15.478253430058,65.08847390903189
1040,36.091715734860166,59.181555971584615,31.790943642144985,59.95223627061415,15.466750974223405,65.10188870687087
1041,36.08642070978383,59.18323381995514,31.779291534145226,59.95528413623834,15.456224337844278,65.1105746890331
1042,36.07814814890474,59.18044730311229,31.77352775352407,59.95829594105244,15.439122524347166,65.11790675723418
1043,36.07353724116368,59.178231478087895,31.76965262151188,59.95904936143602,15.425247867800788,65.10844762263454
1044,36.06730744387513,59.17498830485274,31.766597621656974,59.965377412789614,15.404873286030465,65.11412148296533
1045,36.06141804065164,59.172055154075046,31.76454824349409,59.96335752827187,15.385582502976508,65.1169992445873
1046,36.05012524565714,59.17278235106847,31.76239426394163,59.963008281176755,15.37176441630939,65.10485991730454
1047,36.04782270265058,59.17244724874885,31.754535493992478,59.968266138881255,15.357428068196546,65.11032582326303
1048,36.043729642895855,59.17731984710053,31.744441617251187,59.96828513774287,15.345826318165871,65.11173734376781
1049,36.04011690788276,59.175819278364166,31.739897843001913,59.97064360514352,15.338660763976069,65.10771310279371
1050,36.03583507265748,59.18107513067653,31.733022980081724,59.973110941754626,15.328586475260902,65.1133775248942
1051,36.03290999178896,59.18137816039017,31.72437454342885,59.974498945642345,15.315739218838988,65.12584400640746
1052,36.025353757885625,59.18390825930287,31.717191188316892,59.97577953259768,15.295798453698279,65.11838654373334
1053,36.02238483406352,59.187791254579494,31.709244637320584,59.977830556562,15.276285638473235,65.11252803308831
1054,36.01154980843456,59.19553116728708,31.69906646807583,59.97759835049666,15.26784946465033,65.11979912151963
1055,36.00733713648492,59.19226827870793,31.690244219878004,59.98032825730869,15.256366058273874,65.11699946107657
1056,36.00382550893161,59.19482801387111,31.680340879381625,59.98019448768837,15.241079055925356,65.12160617586245
1057,35.99742258313208,59.195003211072695,31.674311864838142,59.9825927347433,15.225579362237896,65.12574313701776
1058,35.988223556645075,59.19810574808726,31.663215680953822,59.985805571454755,15.207871542981332,65.11722702879408
1059,35.98089034791526,59.19979572371243,31.65889865728103,59.98795591379253,15.178870545223411,65.1381734488442
1060,35.975234316009924,59.202115415525455,31.65248001608888,59.98934356518425,15.167085850916889,65.13335403415748
1061,35.965222341851515,59.20585219787981,31.637831361339142,59.994373966169576,15.152320053040818,65.1208990093341
1062,35.9639932944625,59.21047731934851,31.63480075933446,59.99877854978923,15.146846376313864,65.1200828222806
1063,35.953121855617155,59.21222252402171,31.62531506956575,60.001908419200824,15.118199109117352,65.12066309770482
1064,35.945718908537394,59.21142440756446,31.617221406409396,60.0054038877324,15.101154730517896,65.12882593971298
1065,35.9383955823049,59.20313278059657,31.607774929805462,60.00111402151265,15.083903529829128,65.14996186363152
1066,35.93106039444768,59.20629797448435,31.605397712707976,60.00434664440025,15.06874341955709,65.14669010419898
1067,35.92648129812684,59.20417470152966,31.59700581776871,60.00687936579215,15.052438132387099,65.17655374121635
1068,35.924068546575555,59.20501387264487,31.58766857963013,60.00706980626206,15.04340062132978,65.18268156156776
1069,35.920470145116916,59.208237507172065,31.58037778915055,60.011747185633695,15.04171088615071,65.1929254382661
1070,35.91331130334857,59.204030961711986,31.570543181874037,60.01020765169385,15.018870217665953,65.19102339572338
1071,35.906997135567316,59.20773237115042,31.558979651739257,60.00919898289284,15.00826464579999,65.19227987420203
1072,35.90506613258123,59.207939874570144,31.5564100101946,60.01027500709532,15.000510524204195,65.18392072160522
1073,35.90018020944551,59.20929572332912,31.546721576056417,60.01112994577944,14.990108989421437,65.18342188725397
1074,35.89643224684342,59.21051471817148,31.54366286297985,60.01337716119823,14.979279118587487,65.17616515983708
1075,35.8906347559349,59.214434509165194,31.541410805479355,60.01463318521964,14.96443784150895,65.1667499259108
1076,35.879714849236116,59.21189940070866,31.532318891854356,60.01180205090814,14.95105767693001,65.172678134913
1077,35.875114765091986,59.20770332573943,31.529364217998573,60.00986960443916,14.933632414652552,65.16311851500564
1078,35.864342202076486,59.204122507086524,31.516217054202606,60.008419178955094,14.923784701501667,65.16563595638011
1079,35.859928186137495,59.2027719687234,31.510967547243617,60.004686412566954,14.909351340386529,65.15919068782382
1080,35.859260898026676,59.202852391936304,31.503898656620034,60.0063653238077,14.901815658798455,65.15646858785594
1081,35.854315248211506,59.202978640932436,31.49633843582546,60.00977033719652,14.884392208842316,65.16594108544268
1082,35.850344874393066,59.204372478102194,31.485393563299553,60.01488112126614,14.871836773277789,65.17229587591932
1083,35.84521903540927,59.206361268258604,31.480424612156128,60.01724199996381,14.855854955232617,65.18879944664347
1084,35.84190203858698,59.204195476890064,31.474205226001157,60.01479139081674,14.84562665624098,65.1873589671244
1085,35.8327865940346,59.203188116437296,31.4602791251762,60.015851836553,14.83321576516239,65.18746344799607
1086,35.828165545049266,59.2043092887675,31.455321400824765,60.01772008303683,14.826889378414654,65.19412696421622
1087,35.82591384963287,59.20303190380322,31.451178635252518,60.013459657030616,14.81782237785204,65.19069833485257
1088,35.81059659317048,59.19780908432992,31.443504075457266,60.01650577315459,14.800506505948448,65.19403752382314
1089,35.80806694302713,59.1967844660169,31.438279038322197,60.015615046049355,14.7903347715072,65.19173490785215
1090,35.80525925583475,59.19580262616521,31.434219779665554,60.02055295647217,14.787953758715767,65.18752553644725
1091,35.79803586579823,59.195249598249575,31.42596192978216,60.02524679045575,14.772393196207856,65.18732500400478
1092,35.79557128547978,59.195342694846886,31.41901396849598,60.020045021410404,14.764502094576414,65.19484637672036
1093,35.78443173685953,59.191431656849076,31.41229390713557,60.01746035778738,14.756359340593292,65.18676716466003
1094,35.780869128637406,59.189839922145154,31.403155998624015,60.016793270113084,14.749829115783069,65.18963950103269
1095,35.777096291743135,59.184897054598544,31.397590428580045,60.01295057348422,14.743152589103003,65.19305671377249
1096,35.77186443786954,59.18617542227593,31.39334840399298,60.016694771998175,14.733988838312106,65.18739907914778
1097,35.763797983858005,59.187606813626246,31.386190696672763,60.02740626263048,14.72525499566726,65.19026299366075
1098,35.75758784426427,59.186737403304875,31.374182910070434,60.02560600985103,14.714713671739457,65.18610749501032
1099,35.75099783071475,59.18999078683321,31.365667801475976,60.026098156165595,14.701948650477242,65.18398836999819
1100,35.7470847447923,59.18847814641646,31.357668038220247,60.03013728216685,14.690556920098325,65.18354764401738
1101,35.74428954364643,59.1892005694308,31.35102474191288,60.027532165063526,14.672275227402332,65.18418634468544
1102,35.73718923473364,59.18751380514668,31.34459288665245,60.02835838922879,14.668024113317948,65.18474494434615
1103,35.73412080532389,59.18774849514359,31.33010973599039,60.02741334123904,14.6603501379869,65.17878545422056
1104,35.72925820476394,59.19024293305542,31.321074449338646,60.02541621384226,14.642913962732369,65.17772277602624
1105,35.72629847466323,59.19383461552475,31.31852320225016,60.02714687793608,14.63469167326044,65.18179852841833
1106,35.72008311345084,59.193853869251924,31.31483421181697,60.026878322637764,14.621279143756368,65.17334785518001
1107,35.7169120008528,59.19357908778409,31.30880462681991,60.032730438938565,14.601368896574673,65.19082085678728
1108,35.71427487331351,59.191698178479975,31.304117459163194,60.03219954304613,14.586902243595627,65.18556497622467
1109,35.70700088785316,59.19513634962477,31.300085332865592,60.03771432589603,14.575388171409095,65.18871172653031
1110,35.698641621206725,59.19704455710519,31.282420402426943,60.04132572170668,14.562248238181203,65.18543059860443
1111,35.69538384336935,59.20025692622935,31.274749835588544,60.05362415333747,14.552122888465425,65.18847965170285
1112,35.688786449473,59.20277848828495,31.258574861142154,60.05665422857734,14.538744362985604,65.17355516567945
1113,35.674805861803776,59.20191220429103,31.252131567050842,60.05812093091081,14.52911127827991,65.1871171239568
1114,35.66532898785386,59.19851071330891,31.243476442800453,60.060442086780135,14.51966570004093,65.1880479917362
1115,35.65833412866325,59.19986436302949,31.23358626171748,60.06295682441682,14.501208527318774,65.18976505423032
1116,35.65012984533034,59.202321828187685,31.227570187372418,60.0670500655777,14.491880602931671,65.1898445766646
1117,35.64447176594501,59.1979481463971,31.224706737992715,60.07035062879837,14.483080912398846,65.19712895057323
1118,35.63590896708988,59.19693081782476,31.213998735348003,60.07265723257293,14.477482977858916,65.19230385714847
1119,35.63137206950566,59.19680949471068,31.20456095165198,60.07668844384839,14.459827044016457,65.19121506643715
1120,35.62244991343176,59.19349754953124,31.1968036289048,60.081393644320066,14.444504588043062,65.1887820151512
1121,35.61855967075159,59.19074767199648,31.18880766317951,60.08588705153988,14.43072032372691,65.19613098792797
1122,35.61656226352757,59.19149105381635,31.187115371552718,60.08692082048013,14.419038532131234,65.19307310828538
1123,35.61286939399291,59.19285455154601,31.183782290517534,60.08593086002755,14.402508109697099,65.20792053522857
1124,35.60993348803967,59.195972601038626,31.179687729674228,60.09303486807814,14.390305546485088,65.20612955188511
1125,35.60275286629208,59.19544693203044,31.16883714608495,60.08762101364056,14.381203020298866,65.21274335878279
1126,35.599580565477986,59.195768780940625,31.164682467183646,60.089412163106,14.370382191826785,65.21367899005226
1127,35.59149891697429,59.195446531645445,31.15851315870375,60.09013848513027,14.354129378678389,65.22239094227865
1128,35.583502216984584,59.19200737498378,31.155321046010823,60.0910275101111,14.343477900352896,65.23496354412302
1129,35.57849293509466,59.19058014063813,31.152321082352877,60.0897567923056,14.33669582826528,65.234852028589
1130,35.576049491528856,59.18615128847793,31.14517351477394,60.08712571846843,14.32326110363629,65.23814134663365
1131,35.56882906809841,59.18439557811684,31.14071438450902,60.08601136820399,14.317829374577567,65.22977848345369
1132,35.56537232152357,59.187035799076554,31.13620862311033,60.08617145771842,14.30267550637209,65.22642800288259
1133,35.55744499325051,59.1814002488051,31.129128589938272,60.08385944441555,14.294822439969796,65.22896357225501
1134,35.55263145483085,59.18291442031772,31.125069178346234,60.08694256373385,14.284130182412726,65.24019656657973
1135,35.55140866228874,59.18206557094525,31.11806372122576,60.08715628230837,14.269712808998953,65.2473560657285
1136,35.54780021063437,59.18324652140203,31.114697997773565,60.08517892748205,14.261890617722182,65.25810724724646
1137,35.535272214763324,59.184255705917145,31.10531490751717,60.092294901521804,14.254389201448156,65.25408526360113
1138,35.532505036087066,59.184512355982484,31.103448481649806,60.08989973646009,14.24200005536783,65.26779579916004
1139,35.529555212088056,59.18768261751674,31.100077072176113,60.08818517998956,14.23687664504442,65.2719223261981
1140,35.524029688862036,59.18625953707161,31.09469505625227,60.08761123727721,14.229830891852417,65.27763804804623
1141,35.51796033984542,59.185639082859765,31.088529297423708,60.08781189509972,14.225718948821568,65.26933700975276
1142,35.50986309448425,59.1812063452077,31.084243401772376,60.08829791042195,14.213823024928748,65.27454296504185
1143,35.50461790401595,59.182791166623964,31.079963105881927,60.09148744673651,14.195140165252573,65.2795150399158
1144,35.50035198705044,59.181415706309686,31.074506047567255,60.09492709325272,14.186711829603183,65.27896152069367
1145,35.49554138405761,59.18172999196371,31.06848804943275,60.0948623067839,14.178536573113563,65.273477078886
1146,35.49211490888863,59.181349639730364,31.064181073221512,60.09779352312677,14.166858990124032,65.28060824692825
1147,35.483230277647365,59.17815069997576,31.056080240870273,60.10456772223084,14.15207767324918,65.28182897298389
1148,35.473942124942305,59.183791510601196,31.049556095885812,60.10276945565539,14.141464757771605,65.27884075337225
1149,35.47127864956069,59.182425061302595,31.043432054318085,60.10689246409183,14.138186638094963,65.27878467538987
1150,35.46904530317632,59.18454417269653,31.04010961593077,60.10823834027527,14.12394651837292,65.29733668375997
1151,35.46120192039547,59.18562648212244,31.03303024975332,60.1082534914205,14.109991385874721,65.29612947882148
1152,35.45724925446393,59.182382984629,31.026236207805933,60.10945205846688,14.095405528559471,65.29930577714721
1153,35.454342629004536,59.18302410442956,31.02059282787161,60.116684837733835,14.086365756330965,65.29709143280132
1154,35.444479443554,59.18315649996381,31.00550574199801,60.11990511893025,14.074183422208618,65.3081744417129
1155,35.4416262854137,59.18710038007082,30.993186485823873,60.1203527129132,14.063566687139444,65.315504086313
1156,35.43385850772714,59.18478350762508,30.98774757544977,60.12383902208087,14.056885612030582,65.31908554672344
1157,35.4301307809556,59.187250565801634,30.982145615800952,60.12729923828266,14.054659799507366,65.3186454811
1158,35.423790230508416,59.193969482060794,30.969474861126308,60.1329552520478,14.04375814121866,65.32486787897757
1159,35.420476023720674,59.20029631441053,30.963467430348846,60.14036518753401,14.033090793141298,65.333440056472
1160,35.41583042687032,59.203601091862325,30.961151955062054,60.13990303980408,14.02332984297917,65.33507860913491
1161,35.41035173756298,59.20476045161924,30.955600216031634,60.14207469470758,14.010544722126618,65.33661246630186
1162,35.408032417404655,59.208128388515796,30.951747362126284,60.14616627785299,14.005017259941766,65.33781068257953
1163,35.40365197660899,59.207375221120266,30.948063990008453,60.14294147050866,13.994211636390682,65.33554533187805
1164,35.39745936476496,59.210547035103936,30.93584376953021,60.14481408603048,13.975211380088256,65.33145771733555
1165,35.3951824088815,59.209706598998416,30.933178590334123,60.13858245581651,13.959969319667827,65.34046035191433
1166,35.391252008918435,59.213056664414786,30.919539101392328,60.137210825920505,13.949408632935928,65.33484470699075
1167,35.38574563216279,59.212366244213165,30.91202376181161,60.13790448349797,13.94016978946323,65.33809835967874
1168,35.37817457271455,59.21176179125749,30.909880352860007,60.1398270596781,13.929259936005273,65.32790041250223
1169,35.3721555058272,59.21045636837846,30.905592480180616,60.13738102784732,13.912642782650817,65.33975979351587
1170,35.36745612985101,59.21211502728268,30.8999666003431,60.135406873547595,13.900551052907785,65.34257820092145
1171,35.360917972042024,59.211278385246864,30.897537666398996,60.13220794207906,13.893647928446706,65.3425275812826
1172,35.35945009726029,59.21212246502112,30.895348863342466,60.130455639821946,13.886393321062227,65.34566602823064
1173,35.35795559975961,59.211128109195364,30.89266003254695,60.127667091514624,13.876955948377534,65.3435400005951
1174,35.352867459494085,59.21109645835295,30.88594163945496,60.12313525239143,13.858269669035968,65.35596112061428
1175,35.350498106089674,59.21349727256315,30.882109076614412,60.12245295909912,13.847652753325308,65.35364216438415
1176,35.34128734902519,59.209671308142156,30.874230026866183,60.12163670250269,13.833446631400966,65.34923802439478
1177,35.33524957385424,59.20947184711883,30.871328350416285,60.12657053006992,13.822490266914643,65.34887131959738
1178,35.330572914443465,59.20518372450392,30.863084781599778,60.13189520759775,13.813860162237848,65.34892431846541
1179,35.329489221868144,59.20675365602404,30.859693693360775,60.13352819212041,13.803101203018672,65.35306822707902
1180,35.32537958137874,59.206321210082166,30.85357745251964,60.13212024389521,13.794118202173966,65.3533704282105
1181,35.320978365338725,59.211597748385515,30.848980990192775,60.137322520168325,13.789901326231764,65.3582566093367
1182,35.31908140145443,59.21184815813743,30.840300602560554,60.13290901726807,13.781454990514327,65.35533136208235
1183,35.31549964537072,59.209255970736,30.833135335489466,60.13561788770843,13.76730190927057,65.36264499031861
1184,35.311731960261895,59.20949646281075,30.823713716783402,60.13518233982168,13.754440771793814,65.3711829503661
1185,35.30791411283393,59.21250645148559,30.82084134786867,60.141572797263386,13.738439989641808,65.37419581554708
1186,35.30630686260795,59.215334860230136,30.815246293925444,60.1448979968536,13.732740704778019,65.38322820941573
1187,35.30402376422015,59.21393687854741,30.805311323646364,60.14573780942594,13.717733802067107,65.38303075436032
1188,35.30212964782562,59.21253576870978,30.803967584453396,60.14352522663387,13.712013286446217,65.38003333511847
1189,35.293283832855735,59.20929648860169,30.792992514879007,60.144943866245086,13.702607597891529,65.37732803719553
1190,35.2894196258964,59.20974093693763,30.7889247700817,60.14774314549128,13.69567701293829,65.37727794746475
1191,35.282679036944536,59.21270667350703,30.773901133602813,60.14633887798433,13.681320377669671,65.37658522083748
1192,35.2748602895652,59.214380964674355,30.76483637113453,60.15769627113294,13.669195080951855,65.40132894775338
1193,35.27200647641756,59.21152816535744,30.761581410995326,60.16171300246003,13.664350076814266,65.39563207949774
1194,35.26826424561785,59.2152789431878,30.75581809179874,60.168982798689704,13.657447616726948,65.3870529983285
1195,35.264118190467194,59.21427149444205,30.74784780310423,60.16899484248283,13.646266016570458,65.38722577814994
1196,35.257263921860186,59.2126397605405,30.736822788041994,60.177924177817864,13.642602102515163,65.40102717436847
1197,35.254948874510134,59.21729389722985,30.730572797816713,60.18270070750089,13.63145451374834,65.40234742761409
1198,35.2508322982732,59.2156338248369,30.726697456632127,60.182157355764744,13.619477219937744,65.40038581967904
1199,35.245078219051884,59.21646940582993,30.716703141431598,60.18695341554423,13.609179820794312,65.4083519702897
1200,35.24169498008939,59.21714024444129,30.712425484654283,60.186470063180295,13.600636714454268,65.41052966566458
1201,35.235741464077144,59.21826505300529,30.700263711422785,60.185336632770635,13.58343578174019,65.4238989157919
1202,35.2326213073204,59.21763711597525,30.693824052245596,60.186523618441775,13.575605530015293,65.42902007217118
1203,35.22889127131772,59.220146465184484,30.690334348586745,60.18860616758059,13.557498413602245,65.44173981070969
1204,35.2263472509902,59.221960454828746,30.687994609156046,60.187752109973786,13.549682815637778,65.45242226469271
1205,35.22235754377971,59.22145469820284,30.680738584693135,60.183287685230866,13.533511112131277,65.4455770590084
1206,35.217132897969556,59.21897263032005,30.674478492251282,60.18587679344283,13.518410331162459,65.44533289425115
1207,35.212097123413685,59.220143664726834,30.665999125367836,60.18407591978375,13.510428378351106,65.44359801277199
1208,35.20896309445374,59.224375631780696,30.660495621923722,60.185643371740646,13.498516945859743,65.44415483801167
1209,35.2011770962181,59.22905468617803,30.651216623899845,60.180740792928546,13.483330782614205,65.44791517644207
1210,35.19573273867472,59.229645182478336,30.642599820454095,60.182500313030275,13.476147021748261,65.45035166572193
1211,35.19360769652639,59.22914658552556,30.635811162198074,60.18586325895781,13.469005163796993,65.45298035662498
1212,35.190800958745236,59.23127118721511,30.630022889716876,60.19115768886824,13.456029297444882,65.44858363414701
1213,35.18593114866267,59.23400061566606,30.6213824099622,60.19917603091801,13.443543217141888,65.44819581703898
1214,35.18059984265463,59.23513284337178,30.61084396346597,60.20149963295595,13.432445410547402,65.44242145603617
1215,35.17783202895251,59.23533422469855,30.60600603531635,60.19891855958028,13.423850333590146,65.44672067002156
1216,35.1740488066588,59.23475646678161,30.596685759162582,60.198167323365226,13.4104332775414,65.45281779450661
1217,35.17203060470966,59.233939397342404,30.588389587083327,60.19965308206215,13.400457178562483,65.44953052299657
1218,35.16407183805863,59.234628533648,30.58317933961093,60.19461456550765,13.388516707844083,65.44999806793834
1219,35.16039844405017,59.23699056908194,30.577798953923832,60.20259421966197,13.375364886302414,65.45721837629145
1220,35.1541102607468,59.24013010582369,30.56796459305205,60.207613143035715,13.361822743715823,65.46028058471823
1221,35.15186326769553,59.23877435945622,30.564608704953667,60.2086575423805,13.350534955209277,65.45947145990142
1222,35.14703560047157,59.24016264093987,30.55620743573735,60.20813038017709,13.341069253033469,65.45331691453958
1223,35.14526965438454,59.23889333227824,30.553861870787717,60.209147134682354,13.325644512145685,65.44784690111138
1224,35.133961083250114,59.23746136517265,30.544734394172654,60.20571663128333,13.315172319316455,65.44816212271603
1225,35.12862084761081,59.240592068098785,30.535000524099715,60.21625039638566,13.310209604960793,65.45290120055525
1226,35.119912722646355,59.244426838036645,30.525408775740907,60.207035910327214,13.294679949682155,65.45710811641025
1227,35.11266823667131,59.238610687137204,30.519967431983755,60.20843451797136,13.278783342070215,65.46447176644904
1228,35.10387285545667,59.23652643578323,30.51465384370494,60.207838991017766,13.264389142195574,65.46711453716577
1229,35.09684740484912,59.24108637179061,30.5029522198797,60.20994564716879,13.248374942133553,65.475459129557
1230,35.08930809798539,59.24666762320072,30.498229662889653,60.212963287593034,13.241267568063982,65.47446893113644
1231,35.083480000045284,59.24855559675672,30.48639131974991,60.207396484032145,13.23060451451719,65.46741118049582
1232,35.08134786473679,59.24731606666385,30.47581290029956,60.20646311765156,13.219818938902185,65.47455714445863
1233,35.075533412412106,59.245822047289806,30.465814351491908,60.20298295159242,13.201286433564363,65.47959105761198
1234,35.07095475493968,59.2437552713712,30.459758114595882,60.20315045180916,13.187232708950281,65.4862863679535
1235,35.067879057261,59.24643726503584,30.456502866118406,60.20612297284408,13.179736136794663,65.4872081208159
1236,35.05797692017868,59.24631790015088,30.448683775009176,60.209579389168404,13.173076405171715,65.48969901574354
1237,35.05426396425068,59.2451779868036,30.445749494918722,60.20478943174299,13.168569317127096,65.48563426385051
1238,35.052010414194946,59.246753408797694,30.436666073567952,60.20772090903454,13.154702008033405,65.48958635710709
1239,35.0447442407913,59.2459165566311,30.43268873649214,60.20879468323052,13.147619793481018,65.49065630529068
1240,35.04149685319583,59.2437026311449,30.42104251716198,60.21120979224168,13.139257371835129,65.50039382783969
1241,35.04064322212486,59.244309067626,30.416850482467613,60.21293344892208,13.129391965782544,65.49559546087731
1242,35.03443986311918,59.246230828066125,30.410210338078613,60.211528052807054,13.123992255240317,65.49255550673708
1243,35.03059022806135,59.24612318558234,30.4040470987283,60.20873592401542,13.115608286860466,65.49176625342291
1244,35.02459109374545,59.24555499976245,30.397412163719444,60.2091237631529,13.10661275222581,65.48918512497364
1245,35.0219208004737,59.247616119817344,30.39237217791982,60.21406053305173,13.09921144014838,65.50030591727204
1246,35.02107062100735,59.24854250501956,30.38930785904179,60.213761070805006,13.092838141644728,65.50219390873947
1247,35.01708511830263,59.25022073454939,30.385069061617425,60.21254217819925,13.085304078448296,65.50409973418698
1248,35.012998081699905,59.251067123083644,30.38058256336539,60.21246235213426,13.079196194765963,65.50429768178805
1249,35.007815546109924,59.25075367314632,30.376570546793705,60.214667914345306,13.066941810331253,65.49769519898432
1250,35.00345281286857,59.25625757456877,30.368718439922116,60.22438630913547,13.054742416867857,65.51213592363476
1251,34.998849634089616,59.25489712119453,30.35903665783539,60.22675751318004,13.03414134144225,65.50917382828081
1252,34.99157816802527,59.25099082150313,30.35158437379594,60.22556173175586,13.025140798210447,65.51380700055715
1253,34.98905064882844,59.249846172427894,30.347961004886482,60.22685683109038,13.01208718208853,65.50944073672858
1254,34.982016173678545,59.24965424574708,30.34547292527411,60.23076035344565,13.003670736871053,65.5104090385405
1255,34.980819594734186,59.251686225914746,30.342174743691885,60.23137360988971,12.991911981780998,65.51956167560523
1256,34.97879197223267,59.25438383470709,30.336961016632937,60.23900507719063,12.983880545367725,65.51843938302814
1257,34.97462083589382,59.255863409115456,30.326740885387444,60.24467065283252,12.96439731008406,65.52103818819734
1258,34.96997360746557,59.25895966986857,30.323695582973276,60.24330633240355,12.956270431652872,65.52075568741482
1259,34.9641965422026,59.2607857666312,30.31570763048198,60.245340749527514,12.942668402540459,65.51979442175472
1260,34.95428135077321,59.26368379201122,30.310675716215602,60.24559642116045,12.934455370046104,65.52436922213352
1261,34.95044374511005,59.266586872621126,30.300629876626434,60.24879570279688,12.926629004387756,65.51740579848428
1262,34.94885289129712,59.267610248649184,30.29675227398634,60.24780181594778,12.920735289784277,65.51731917093102
1263,34.943935120841054,59.2708921546147,30.285838589496034,60.243517440189486,12.903687391059533,65.52608926333284
1264,34.94161257565873,59.271389653869456,30.280758036830967,60.24115395305638,12.891077533841749,65.5179350418686
1265,34.93799394414188,59.27183012001557,30.27390074097608,60.24167647505948,12.879143727608236,65.51614487186193
1266,34.93494897811879,59.273914780150136,30.264024539675074,60.24404503987748,12.86815834676291,65.50977434465135
1267,34.93070886008639,59.277327806164315,30.255870924789367,60.24506491855732,12.85629114091797,65.51800478526096
1268,34.922093124917815,59.27815899647168,30.247117114041327,60.241920129935416,12.842945116383538,65.5151343314851
1269,34.91714483094676,59.27847328928527,30.235109847375615,60.24493340412542,12.835276778085055,65.5182142240918
1270,34.91169158025161,59.27880237890812,30.226909981002244,60.24478016356268,12.823046850640276,65.51898860923886
1271,34.903427780311134,59.27821336151521,30.216650851352526,60.241793800631974,12.814784203877645,65.51521996288227
1272,34.90017516352929,59.281767637563924,30.213303678729275,60.24623165577212,12.79936993850618,65.51635897429938
1273,34.8939629158996,59.28611901659066,30.206825433130184,60.23982359540908,12.782047888564703,65.5187701952152
1274,34.89173476052687,59.287026935280096,30.203044909475576,60.23859653739256,12.776340065423172,65.51981092410546
1275,34.8871420721368,59.28778300506635,30.197114031597817,60.23665438014787,12.762210950573696,65.51778815159123
1276,34.885689044776946,59.28593537887321,30.19257744359581,60.23456661764287,12.752153611526145,65.51012340897725
1277,34.88224635155107,59.28821232240273,30.184711562575778,60.23198253554689,12.742946284663187,65.50889714236823
1278,34.874456507982536,59.28838870010672,30.176393967043605,60.22866365469989,12.733173908657506,65.5212785986693
1279,34.86986482586878,59.28843820593228,30.168452932098454,60.22898038512065,12.713795471551553,65.5377542855721
1280,34.865557732679946,59.28793030038495,30.161666747553216,60.22799132512127,12.706504170966937,65.54772233237668
1281,34.86468232210181,59.2890828742244,30.156127983062017,60.23164953728876,12.68909772730569,65.54735869893406
1282,34.86061258434348,59.293911279549576,30.150618865826715,60.234448590032294,12.677997404203172,65.56460431890295
1283,34.856429312182804,59.29409849040401,30.1422544860631,60.235992785413345,12.670863571105693,65.57472153785899
1284,34.84922562585535,59.29410161605556,30.129770618454685,60.23947418792465,12.658378075719323,65.5780668894767
1285,34.842164786461666,59.296128824547225,30.128458944514893,60.23528570860486,12.653585698071554,65.5801075704205
1286,34.83708886660749,59.292772054972644,30.11849757282585,60.229810041922676,12.64265337825576,65.57801580944766
1287,34.835293883108854,59.29269199023874,30.11071097605457,60.22953766957395,12.633717405389055,65.57153593204643
1288,34.83151585376522,59.29157574158764,30.106812219366255,60.229974529113356,12.625588384222565,65.57157751501032
1289,34.829446027570164,59.29238967763331,30.099645631798,60.231073240831286,12.61438687242631,65.57560513491192
1290,34.827662446927185,59.29228708344515,30.097793204349788,60.23229901613382,12.60921904789998,65.57818733519338
1291,34.82431906468869,59.294473436989236,30.08732168264325,60.23110894834429,12.598504745111192,65.58259213321202
1292,34.81893285231674,59.293763529097816,30.078572814524367,60.225936063344314,12.587874341800363,65.58432200194306
1293,34.81773547318379,59.292919362807964,30.07581605441885,60.225905813824376,12.579770152555298,65.57432909224124
1294,34.81075781487938,59.29527207614493,30.06615749065521,60.228361003191615,12.567674349834764,65.57305077095084
1295,34.805362586877536,59.29551583195574,30.05618225687351,60.231279862923365,12.555261912046754,65.57938552398433
1296,34.80041138975328,59.30005161695148,30.050165143914114,60.23448460004951,12.543471058748585,65.58637409163143
1297,34.797170816907844,59.30035435677776,30.040178893043915,60.23881910799532,12.53684571373045,65.59335463993793
1298,34.79557969321098,59.30092037154666,30.03619289956473,60.23991110534139,12.529830834886099,65.5956635624358
1299,34.78395653122201,59.3028302699365,30.029151767413612,60.24155400170844,12.519658803499919,65.59515014253259
1300,34.777970069083906,59.30639430085734,30.019018514622992,60.25228337939173,12.510117486333856,65.5942348964772
1301,34.77264369836621,59.306851678863886,30.01746069314914,60.25560386217927,12.495706045463436,65.60132690066303
1302,34.77070535948822,59.30589743648843,30.009274392958865,60.259228951687675,12.486321855579178,65.60866362363387
1303,34.76964853735627,59.30513339065694,30.006762701438195,60.25867053612297,12.481154818033723,65.60426744853734
1304,34.76609489529499,59.30926119745504,29.994573682235465,60.250749055000476,12.473921392293132,65.61189777322399
1305,34.76155405307494,59.30544848564241,29.986049029530417,60.24726982148742,12.465783404070805,65.61722607309204
1306,34.758982437141626,59.305679329700304,29.983852437095283,60.24954419264218,12.465252257389109,65.61506159452769
1307,34.757070175220626,59.30177475694146,29.981510970202812,60.246156867438636,12.455174104489728,65.61164617017756
1308,34.752957929415274,59.304932547486764,29.973181125998398,60.252255186620054,12.442006862086293,65.6023262982006
1309,34.747653340815525,59.306667620672094,29.964458717041538,60.25419304081493,12.43316946187884,65.60201456000053
1310,34.7418334725938,59.30804819932559,29.957984907253298,60.25419362139071,12.418075918757006,65.60505999040824
1311,34.73822941791392,59.30864399764178,29.951549991621512,60.26471204969974,12.411695251200868,65.60380019419637
1312,34.733793957578484,59.308935032577786,29.941957446136637,60.26128326780102,12.404566357518235,65.60388119122602
1313,34.72645188127548,59.30344887572845,29.935957405455103,60.26775246345411,12.386179780582413,65.60850211653775
1314,34.720117846950686,59.30114768563775,29.92862539469559,60.270902427291226,12.376917925706993,65.61423892636401
1315,34.711152451337064,59.301775649133624,29.922215095137,60.27310339776672,12.370204850042423,65.61548326266808
1316,34.70768366659101,59.2988957865105,29.918312101068437,60.27320277395493,12.358689580407303,65.6098506723017
1317,34.70538676987458,59.299177218564964,29.914063097567322,60.26671939915541,12.34902871154686,65.60665455414237
1318,34.69854539697173,59.29714638583052,29.905303333374427,60.26797276412374,12.342936194613245,65.61035827777306
1319,34.6876580169489,59.292228318021756,29.894931818955975,60.26804951678199,12.330540449156791,65.61534646687915
1320,34.685995978538294,59.2933511355503,29.892477107630278,60.27513310319483,12.326316994111407,65.60515395261218
1321,34.68000962575286,59.29641821343375,29.881507963589456,60.27313225813044,12.317426485816757,65.60808542669946
1322,34.67589315558544,59.29569712380109,29.876276375486917,60.27469514148268,12.305398382431575,65.59658708526327
1323,34.67288834744966,59.29566131715562,29.871082440159924,60.27987275219725,12.300576209113562,65.60059455651688
1324,34.669989151255386,59.29653530228994,29.860398207994894,60.28367560423507,12.296839902400755,65.60314678404823
1325,34.664045179704225,59.29919509735492,29.8521446463431,60.28682605882794,12.283710670774472,65.60440581348553
1326,34.65805619861361,59.302674708072,29.843452725289005,60.28568205368814,12.27523605123325,65.59461469572165
1327,34.65253171067585,59.30108441889962,29.835438387245603,60.28836566848146,12.261199782136773,65.58975214319338
1328,34.64519041918999,59.30126607302906,29.829054350178023,60.28834425416728,12.245189422904035,65.578780195684
1329,34.638259265115394,59.30309490965275,29.825395780925874,60.28640855445125,12.240781179599425,65.57959012272276
1330,34.632116995241326,59.30233922669588,29.81832925239474,60.28609066658389,12.231871273327915,65.57523338126816
1331,34.62992863444868,59.304179438519306,29.813199665886035,60.29285459025774,12.217629148563702,65.57589583995711
1332,34.624069515066275,59.30213485711365,29.80891579484347,60.294196909688594,12.20476395721111,65.58163764796203
1333,34.62259699691248,59.3012790402561,29.804234555534965,60.2979277044422,12.192611104219196,65.5818661556981
1334,34.616295638182265,59.29968578962657,29.79634776458611,60.30547982071288,12.181338390264136,65.58454130718259
1335,34.614197506944514,59.30079895726075,29.790711319809212,60.30083146239468,12.171894750234733,65.58689720837923
1336,34.608226243404296,59.301296538036944,29.789400979492054,60.29942893921854,12.167930197446813,65.58903953439295
1337,34.60322353355055,59.30521716344562,29.780244505135048,60.303596089838535,12.154618195231816,65.58902753706191
1338,34.599237627886815,59.30676961355678,29.775833417133853,60.30539602674591,12.13586375661991,65.58356681805306
1339,34.59760629875769,59.3073197661804,29.768658311362316,60.31003211036243,12.127700339963882,65.58322253421494
1340,34.595795665191574,59.31011768230517,29.76658310739845,60.31020690793002,12.124000885564426,65.58287505240362
1341,34.59206786973843,59.31027457454734,29.762660097259726,60.31222182409646,12.111768802134598,65.57753628394725
1342,34.589586365913895,59.311850571021566,29.75581729500059,60.32103231683192,12.099771766227418,65.58676683717493
1343,34.587783686027194,59.31218471631239,29.75120711172813,60.31918552992275,12.095831888954164,65.59078584003728
1344,34.58231615565639,59.31743450096704,29.745862313200558,60.32780164122231,12.091956604876096,65.58666325076094
1345,34.58004795405582,59.31918294997538,29.736946473334225,60.32862772555073,12.080841035069245,65.59581548363559
1346,34.57199387635902,59.32040817314013,29.72837682264157,60.327616242989926,12.070327510363656,65.59621238368041
1347,34.569898339171495,59.32064111079553,29.72504597024644,60.324502012700606,12.058661243805547,65.58689109621204
1348,34.56570127622486,59.319987593153755,29.721642778709587,60.325194121508574,12.046296789661026,65.5838614285668
1349,34.56258713428705,59.32031086992186,29.718040190348315,60.322045629638325,12.043493111912806,65.58402951476656
1350,34.5553041360794,59.318305793903995,29.71424395039447,60.32796752247576,12.035338479535113,65.59279638886802
1351,34.54668467460661,59.32091145283132,29.707062987488428,60.33150644915187,12.016353194462242,65.59420340760121
1352,34.54160519127198,59.32046089478773,29.699655479244235,60.33292631440081,12.003283337608014,65.59779655182376
1353,34.53878929992369,59.32117051058885,29.693423459746036,60.33382991711065,11.997888848387607,65.59598461262873
1354,34.535314307321336,59.31909124543816,29.68430567035208,60.32772095861279,11.989168077084994,65.6050946585324
1355,34.53231532231007,59.322605153984604,29.6734242417883,60.32970209053613,11.976757155454818,65.59677816468695
1356,34.52791931391027,59.33248312270025,29.664588438667742,60.325535770826406,11.96536169258269,65.60041761868945
1357,34.52334620446936,59.33473213346802,29.661149972901114,60.327436966036906,11.956497576533424,65.59639228952376
1358,34.517717943295565,59.34203160725337,29.654330077633972,60.32932260235735,11.944097380838832,65.60256043841287
1359,34.51465296272855,59.34132862731921,29.644559074493213,60.332041182271674,11.935820289885141,65.60584740556624
1360,34.51320823529939,59.344827118264384,29.641293456459852,60.334960129820765,11.930911379130565,65.60232002166379
1361,34.50598084945292,59.34683483160629,29.633487175742818,60.337328557155054,11.924422343370509,65.59722654166616
1362,34.498134724438174,59.34915463146368,29.621389768070838,60.35061994644335,11.912322904941888,65.61769211717835
1363,34.49522497322418,59.349126575675044,29.614813600219655,60.34678891064589,11.909080623207037,65.61920336816353
1364,34.492258119577585,59.35065455358602,29.613741185539812,60.349258225587974,11.89058471991083,65.62354921088004
1365,34.49016432605123,59.35013280341426,29.612692399334254,60.34796876378642,11.883408771879452,65.62399461183264
1366,34.4841408768563,59.35779174843139,29.608106446197507,60.3533130276859,11.873407779232188,65.63462482230696
1367,34.480081260942846,59.35919651390374,29.604613371253315,60.35678799670066,11.867152680519405,65.6424938158947
1368,34.477308550470234,59.35946419898926,29.601836716321912,60.355265606355886,11.858426839494124,65.63905472617247
1369,34.47507288653149,59.35993663016011,29.60030564822084,60.355510118877824,11.853591855178607,65.63351901065197
1370,34.46569308476203,59.35869424476287,29.588609246314682,60.354115995225264,11.84666348472336,65.64420693809873
1371,34.45850569584691,59.35986147553717,29.5785520490803,60.35710701507863,11.837048123673018,65.6497550429741
1372,34.454304569482545,59.36026455273602,29.57349309487677,60.35562706574429,11.826240687222128,65.64073395999426
1373,34.45095912371129,59.36367766319429,29.570050199549982,60.35638554593887,11.816479316995409,65.640227804961
1374,34.445516368290406,59.36470399049088,29.559955493838835,60.35976851692424,11.807932542587592,65.63661933260673
1375,34.43898354957481,59.36234911836931,29.55362896065988,60.36302815951604,11.803161193860667,65.63960289078969
1376,34.436911219217535,59.35919566547005,29.548229227046154,60.36246340147641,11.796577016070268,65.64562610546514
1377,34.4347701956078,59.36042196617463,29.541274760545665,60.36438992292828,11.784641875828763,65.64745070432625
1378,34.42668813059135,59.36082896801766,29.53572901416305,60.367691373084085,11.780066734256971,65.64243859490743
1379,34.423489048540574,59.35893844927323,29.529071470577936,60.36789134458953,11.765049598168693,65.63885947652646
1380,34.42226442807142,59.358339079284505,29.526870277726687,60.36678526452588,11.75625899589038,65.64164741436808
1381,34.41774895362003,59.35985116686254,29.52075647058422,60.373641541904384,11.745062408465648,65.64118543311059
1382,34.41072061446539,59.3603026193513,29.512642550495983,60.3745513539112,11.739302118134379,65.64767027612196
1383,34.40591313352065,59.35929011647714,29.502797602384042,60.37397516910292,11.730194724836934,65.65314800966593
1384,34.401727484420014,59.356958156571274,29.497658521655826,60.37649150257199,11.726202875534899,65.66283550692025
1385,34.39709962872802,59.35732637524154,29.488145579438317,60.388417435914015,11.713327091039265,65.66264379094599
1386,34.394091361856226,59.356318347447065,29.484335790213823,60.38839651495907,11.703318591261917,65.66441793393709
1387,34.38964748247022,59.358275834575814,29.480986903827617,60.39639674640913,11.696411897234201,65.6693532809346
1388,34.38727792772757,59.35832530913459,29.476349228858943,60.394649001241284,11.69116876992761,65.66766514621928
1389,34.379542015486656,59.359542380306515,29.471823386068536,60.39748602612386,11.68125429551355,65.66889533672149
1390,34.37613223669953,59.36048908671227,29.467961589577225,60.400477676720044,11.673023409554041,65.67272269245157
1391,34.36796296736165,59.366919936376775,29.458713018447725,60.40837103736746,11.663017844583011,65.66770585942098
1392,34.36400549866766,59.368145433006944,29.455246722413083,60.41011495201691,11.655094580590942,65.67675808150946
1393,34.360759751086874,59.36913191451089,29.452836265338643,60.40694969534523,11.646738596569014,65.67103584030004
1394,34.357811953949785,59.37265413060803,29.44957690604462,60.41033580732766,11.637839395570309,65.66479527790072
1395,34.35519019144788,59.37810049633777,29.444281959195184,60.41528760680928,11.634143314099752,65.66917987697919
1396,34.35172121923653,59.379859882160076,29.434706863258864,60.418130349932675,11.626595919410192,65.66765832825901
1397,34.345608721789546,59.381285252765366,29.424885016091622,60.42235053611973,11.618158322620275,65.67551100519414
1398,34.344457006162635,59.37854089145148,29.422549216740382,60.420963485217904,11.61401839109403,65.68259604514923
1399,34.34113307700829,59.37796403289292,29.414864299006354,60.420559707082454,11.601425615504883,65.69143305156273
1400,34.33424636793139,59.38132906911354,29.404449451458593,60.41814031925386,11.593039115876778,65.69780391837709
1401,34.33182791458749,59.38443790774844,29.396983795986518,60.41717767224799,11.578365128165917,65.69622997229263
1402,34.3238928182978,59.38463002260569,29.387220341295137,60.42049203946379,11.569842617962808,65.70152462437493
1403,34.31246480222697,59.380441123274686,29.384065400001226,60.41786344218585,11.555746863941378,65.70077520235904
1404,34.30842454105054,59.37596685407743,29.377957394303902,60.41649925653697,11.5481501474331,65.7041235732111
1405,34.30164855068419,59.37690807915895,29.371418134631565,60.41713228950677,11.538970638981647,65.70908809519274
1406,34.297785132933846,59.375865204201084,29.368400814751787,60.41808625561307,11.536100980107644,65.70890495873259
1407,34.29300839267515,59.37652362834901,29.36084019964062,60.41880879728597,11.529734589079913,65.70990485230799
1408,34.28857053776084,59.37564194597952,29.35507844635437,60.419802466644455,11.520299872215608,65.70799898880963
1409,34.28409333285858,59.370234790242854,29.350873661601597,60.41695158624789,11.512412014477366,65.70884183493546
1410,34.27978510895182,59.369562298447484,29.345621614963832,60.41983239143048,11.504840738280086,65.70691758817307
1411,34.27087560466654,59.3738921873212,29.337251913503884,60.42357895986115,11.497789126623154,65.70493167040479
1412,34.26615452294331,59.37569374769788,29.331395342736833,60.42373467903586,11.489223345241511,65.70536253573464
1413,34.262171268463135,59.38150057343063,29.32142508842322,60.423912370870816,11.474449853720492,65.71239871044511
1414,34.257165348624234,59.379654341362844,29.31294505626811,60.42755594157411,11.466672994143662,65.72020395014377
1415,34.25201887228502,59.38080173613193,29.308981690313956,60.43044150251143,11.454778023656928,65.72837331193878
1416,34.24902550107389,59.378740995684275,29.30500105967202,60.42987311412085,11.448963495314507,65.72810828690767
1417,34.246039664296134,59.38013602755041,29.30119285921611,60.430973436791376,11.441851768846073,65.73186693312691
1418,34.240834448083774,59.37958633624321,29.295444474974328,60.4349217643161,11.431938644983639,65.73570558009455
1419,34.23582511641721,59.37836290121779,29.292611946582394,60.437978932357844,11.428212057155791,65.7387453342175
1420,34.22839089094355,59.37630076936092,29.286590961302426,60.440615299417914,11.42242933121475,65.7488458135057
1421,34.22249727472743,59.378089324459715,29.278656827690693,60.445877433774456,11.413511317619847,65.74965160852318
1422,34.21896336405314,59.37947359129142,29.273790018635466,60.44536420599045,11.401172566362737,65.75532274950156
1423,34.21228534929194,59.38113502773203,29.27009040642998,60.44798352807472,11.382264609318185,65.74829094172625
1424,34.21009741780224,59.38254893872479,29.262091087172703,60.451138429109015,11.379687599481032,65.74965775578725
1425,34.20526693620259,59.385302252801516,29.254674516554772,60.44989577985921,11.370041192136727,65.7489509462359
1426,34.203556402607525,59.38873281908456,29.24669703171882,60.45297680848389,11.357141447505551,65.75472332028369
1427,34.20005519423295,59.39310723390463,29.24264846531323,60.453847736132744,11.351484775046984,65.75548977373228
1428,34.193748059434995,59.391726366965926,29.229489103184946,60.45234908681114,11.347541401088309,65.75773979374863
1429,34.19108337697885,59.392224491769056,29.22284373947692,60.4507588054492,11.326172302412798,65.7543003859514
1430,34.18371433009982,59.39082523600888,29.212992638946794,60.45522849492694,11.319500487570028,65.74859483269071
1431,34.179759191466054,59.38411641626586,29.210917429859705,60.453447158273555,11.311655932209234,65.7485867290625
1432,34.17292220661095,59.3886142224136,29.20239476385515,60.45113960067448,11.299436411579503,65.75863384079003
1433,34.169804399706344,59.385813128192204,29.197177581743905,60.45101691954579,11.297806785360013,65.75914212341621
1434,34.167035483879786,59.387753455291424,29.192001574285946,60.45044779266844,11.289586542080562,65.75372306737816
1435,34.161271345584275,59.38958418699735,29.18813353442894,60.453609591519715,11.28120890044442,65.74856422929791
1436,34.1564390972448,59.38596214476076,29.183715805194964,60.45515075264634,11.276956549533258,65.74756088230801
1437,34.15450526475656,59.38353869640642,29.18075427624711,60.45325135854251,11.26814023695093,65.7527001789266
1438,34.15251617395143,59.38325514922568,29.175998031924955,60.454248570434586,11.259904326117082,65.74056679758891
1439,34.14961543029223,59.38375717999804,29.171616756996873,60.45456846187917,11.252921315186109,65.74060365238495
1440,34.14753801192157,59.383712081987284,29.167720309335845,60.45215968182487,11.250018886725584,65.73625852985575
1441,34.141727521885926,59.38347013269038,29.160200508090323,60.45295910522849,11.243635767786268,65.73301170964744
1442,34.136897662161864,59.380013112308895,29.15775935010479,60.45286873437336,11.23905359873977,65.73328929065606
1443,34.13381183747375,59.37824214556196,29.154352019135153,60.455165396013065,11.235795746487787,65.7374278663938
1444,34.13152978493181,59.379754599629706,29.15115013163902,60.45693706604975,11.226181779884282,65.73052754706568
1445,34.12833382911711,59.379590082899554,29.141412262160937,60.455532144969474,11.21528473797214,65.73095833369034
1446,34.12454621555465,59.377660258484205,29.13223422886901,60.456708141757076,11.203897125156189,65.72931138651053
1447,34.12211013950012,59.378617194158494,29.129363419656833,60.45640149340816,11.196243720228155,65.73250085373277
1448,34.11889852545431,59.377129894502524,29.122893125487593,60.45391001855561,11.185298768227003,65.74508687489576
1449,34.11655119349696,59.37531922240059,29.11890117441937,60.453259355127685,11.175115427170626,65.7520149631292
1450,34.11435681076797,59.376407955785304,29.116747274131143,60.45394802173613,11.169359210626025,65.74457032857748
1451,34.10981211597993,59.37429895019491,29.109730047626996,60.45303633161975,11.157184585984352,65.73478667518764
1452,34.10772987135979,59.37335112804828,29.107314892970656,60.45734662030335,11.153969460241537,65.73323145026872
1453,34.10038910823882,59.374667248721885,29.098322490446353,60.458869502905884,11.143251992687878,65.73195156666573
1454,34.095186029288946,59.37795684859313,29.091284732014337,60.463015418551336,11.13467665017724,65.72236268212944
1455,34.091499545569754,59.378639682658026,29.086620183376137,60.46117626764553,11.12794517101531,65.7201715644194
1456,34.08755305784598,59.37918443456511,29.081856086810827,60.46194449997108,11.123106997846827,65.72514098855139
1457,34.08303566669897,59.37922651254044,29.077666305392697,60.46192224383204,11.121194939349117,65.72363967486962
1458,34.077244515223306,59.377693819529064,29.07220892098883,60.46311009926538,11.118157860838064,65.72180837785832
1459,34.075014197928674,59.377508081993305,29.06260465229636,60.464708903615886,11.113311151986533,65.72436990812014
1460,34.07097072019721,59.38074509845166,29.056305046007438,60.46562962309746,11.100152074904427,65.72274299991676
1461,34.065652294321595,59.38186741315833,29.04315304416762,60.45947580615896,11.092449298500657,65.72373419647104
1462,34.05625445141335,59.38431824510311,29.038891705161422,60.45989598981576,11.08425117189195,65.72261709698304
1463,34.05443804552042,59.3798968287788,29.034054419154753,60.46507819466909,11.074010864799655,65.72591254491859
1464,34.04784363607291,59.37959127754586,29.027960027514506,60.461951027293004,11.069339693036097,65.72139938485468
1465,34.03953825833059,59.38029890834459,29.022127823974568,60.45959456654869,11.059126793651552,65.72479141314257
1466,34.03294468962115,59.37862482175062,29.01428065069094,60.45867270283817,11.055049740462033,65.7262572687947
1467,34.02428171963848,59.37742999990865,29.008611123404926,60.4622621139725,11.04655870034545,65.73047572066433
1468,34.019231732683025,59.37656540382014,28.997645449451678,60.46581350950972,11.041413214832426,65.72969844360304
1469,34.013799903924394,59.377727508344655,28.991653893022683,60.46493656502106,11.028809770900606,65.72733410593342
1470,34.0106827140348,59.37646335516092,28.984093553508785,60.46253161848918,11.021631703791062,65.72760350460868
1471,34.00489724556481,59.378995700875834,28.976757807293446,60.462612746493846,11.016231179437645,65.72859438368874
1472,34.00359710236278,59.38062931724278,28.972489973623382,60.464357683709665,11.010584981086287,65.72152250617154
1473,33.99574068478715,59.378122525123025,28.962314604511214,60.47126393145946,11.00515371683364,65.7218442277616
1474,33.990676966088884,59.37880394584939,28.9576646193735,60.472611595131376,10.996106064356805,65.72642020941882
1475,33.98936866699655,59.37950454610378,28.954334179740357,60.479064065435765,10.981094267135706,65.72650874782539
1476,33.984306132068845,59.38750991682103,28.949708594393076,60.47968665014441,10.977335396053896,65.7253758110253
1477,33.98290993339601,59.388174170608636,28.944791912497855,60.48234720292186,10.963233758555832,65.75011999423842
1478,33.97790487361501,59.3896893382523,28.938738393326503,60.479365503122104,10.947924203093306,65.75067339119717
1479,33.97623872091386,59.38939447610231,28.936508958943104,60.48052812553864,10.938884995732003,65.76081941634455
1480,33.97287905980856,59.38871436858067,28.92819850121825,60.4826138491192,10.928718396537047,65.7684415409616
1481,33.96707452044515,59.386936745239076,28.92263215807618,60.48340261197801,10.918530045865134,65.7686945669594
1482,33.96293807669904,59.389125739611885,28.916771279348197,60.48894340037699,10.915348434511188,65.78166556057936
1483,33.957800600307124,59.39079556906739,28.90778050931379,60.495591503889905,10.907847002969417,65.78271059001608
1484,33.95423486263729,59.39056590713908,28.901389477469387,60.490690067003676,10.897092504756985,65.78061891578416
1485,33.95229136831517,59.39082308713752,28.899298022111452,60.49182330135135,10.890881483895386,65.78856902300735
1486,33.94805356533634,59.38969655779919,28.896017494280734,60.49254289538557,10.881129993835046,65.78985240087945
1487,33.94392087585669,59.3925190012478,28.8911075389544,60.49071169139857,10.875328493646881,65.79653514588094
1488,33.93760214642461,59.392211015061235,28.88558369553434,60.4915341413707,10.870071034160079,65.79781337547382
1489,33.93224279411011,59.3963325560869,28.877193283844463,60.49528026390556,10.857885251450936,65.80601506053475
1490,33.92541110080344,59.39446244411036,28.86606920601461,60.49846644233325,10.851209842960587,65.80577723522339
1491,33.92231687574016,59.39675964111543,28.85946729262093,60.496797304902444,10.842422479572065,65.80472443009664
1492,33.91907202640273,59.39602878788648,28.852112157542344,60.4929380176549,10.83457955567473,65.80172168082021
1493,33.91463218934965,59.39891792229873,28.846001456078685,60.49741136872533,10.82510670033177,65.7942090896637
1494,33.91026787783338,59.399944075412584,28.839528317937976,60.50420615083277,10.81714868720777,65.79412929621728
1495,33.90210216450302,59.40292285596158,28.831034966213718,60.50286520353539,10.804085420823485,65.79500953323047
1496,33.89775350336895,59.4023042583806,28.826582834568487,60.50193780733226,10.790772766579417,65.78795728889747
1497,33.89268240868351,59.403997509782926,28.816661067379417,60.50083340681285,10.780675950538035,65.78141170657517
1498,33.88839347110667,59.40338921637056,28.809892882451596,60.50564402324319,10.766695066569419,65.78308637409539
1499,33.88461579565354,59.40363850787826,28.803276435052176,60.50977616848839,10.753837388808611,65.7874612051216
