timestamp,hour,dow,month,dayofyear,hour_sin,hour_cos,dow_sin,dow_cos,month_sin,month_cos,is_weekend,is_festival,load_lag_1,load_lag_2,load_lag_3,load_lag_24,load_lag_48,load_lag_168,load_roll_mean_24,load_roll_std_24,load_roll_mean_168,load_ramp_1,temp_lag_1,humidity_lag_1,temp_roll_mean_24,weather_lag_1_cloudy,weather_lag_1_rain,weather_lag_1_storm
2025-07-31 13:00:00,-4.7089424,-0.21756436,0.003768413,2.1925988,-37.986416,1.403196,0.8248473,-1.9593754,-0.019456381,5.8818665,0.22962673,0.25496763,-7.5296435,-18.67236,-21.280098,14.60088,10.807186,6.2011886,30.049587,3.8523505,17.890766,16.358479,6.329672,0.18092386,9.525176,-0.024482833,0.041751377,-5.157329
2025-08-10 06:00:00,14.203128,-21.310818,0.61000985,-0.07356943,17.7066,-2.1248326,-8.014863,0.29757097,0.47797316,1.5271595,-3.4138377,0.38746554,0.66060317,-0.01588701,-3.695074,4.9654574,3.8990026,0.8899669,0.20886579,-1.9702321,1.0889475,-32.14308,-2.1798294,0.034848526,0.30319187,0.00784921,0.0038367494,0.094832286
2025-08-17 08:00:00,22.854084,-22.642887,0.28156212,2.0376558,8.547894,6.54606,-10.56976,0.14847271,0.42183942,0.34253734,-3.8595972,0.5443306,-0.37272745,0.3667978,-5.982521,-0.30823445,-1.2470073,-1.5821135,7.0604362,0.8628407,5.2535515,-8.551997,-0.72683626,0.7996119,3.679729,0.006597355,-0.0035393578,0.16456506
2025-10-12 03:00:00,-37.901733,-4.3234835,0.29020745,0.44209412,19.628036,-26.687393,-1.7666928,0.4699661,-0.15747806,-2.1289742,-0.6152961,0.3097898,22.06881,19.765076,5.748743,-16.780329,-8.445828,0.52343374,-4.7589374,5.013104,-0.0769934,-85.93207,-4.2929926,-0.37800804,4.7938666,0.03237764,0.03479176,0.069358535
2025-08-25 02:00:00,-75.77944,3.1605299,0.8257562,2.9729578,-24.301245,-25.80363,0.8838975,1.7972025,0.11303484,1.5725039,0.11745277,0.1971171,-11.447506,-19.376877,-30.47618,1.9157629,7.2994,0.9320263,4.034075,1.4975424,2.9298394,-131.80501,-6.032024,1.6331817,7.3665485,0.035186697,0.0006633545,0.11352614
2025-11-10 00:00:00,-64.48693,2.5582757,0.1291519,2.1915598,-37.120163,-53.901752,1.0303683,0.5688747,0.23746377,-2.795346,0.20064574,0.45530435,31.88273,20.762472,3.9937754,-22.49479,-10.103608,-8.0968485,-11.319722,9.444009,-3.9734807,-69.41957,-10.449955,0.904794,-6.0722494,0.020708803,-0.0019951868,0.050560396
2025-07-16 15:00:00,-29.482004,1.7886292,-0.40939507,-2.0302508,-15.634297,26.719013,0.75590795,-1.815098,0.029887613,2.7474728,0.584335,0.278599,-12.327388,-20.068365,-26.569317,16.300098,6.174094,4.3000293,11.201656,-0.76889664,3.8952408,80.599785,2.2079303,-0.26307055,3.1466675,-0.016884852,-0.0016568805,0.22982512
2025-07-23 03:00:00,-65.18898,0.6736942,1.151446,4.825619,7.490817,-28.967472,0.033570886,-1.0594708,0.4905959,3.692346,0.14844488,0.18216877,-11.838816,-12.755721,-29.69795,5.357451,1.9449611,0.9244457,7.9581876,2.1251209,3.4900522,-146.8841,-4.5426674,1.3624909,4.7339005,-0.010205542,0.04321673,0.12890224
2025-08-22 17:00:00,-22.994818,-0.12885976,0.025954526,1.1689818,-39.52766,-14.796893,1.4099056,-0.3593087,0.7406865,-5.5665765,0.33215377,0.28177312,-35.273663,-69.695435,-37.22968,11.323935,1.2992387,-5.3317204,9.590527,-2.1874986,-0.3904572,-53.261253,-0.2841205,-0.71466833,-1.5465779,-0.07912238,-0.041044407,0.7224469
2025-10-12 10:00:00,54.876762,-1.204512,-0.20161077,0.043518014,4.576537,43.2066,-0.33529523,0.27406907,-0.04682699,-4.9963274,-0.23852743,0.31761408,-0.79238874,6.7442536,4.450012,-1.9249784,1.3728415,3.2862976,-18.77984,1.0976133,-3.9499304,110.85562,6.3259897,-0.53901577,5.9268546,-0.015782665,0.011817497,0.036508758
2025-09-09 05:00:00,3.520702,3.3096676,1.5346167,2.9344432,5.807326,-7.8054705,1.2498287,0.4312403,0.40084863,1.6398997,0.47284698,0.4791585,-5.6838436,-9.148395,-25.78656,-3.2998672,-1.0602112,-2.4555044,5.233246,0.2508436,2.9549878,-108.73626,-1.3190969,0.70984,1.9699289,-0.005632771,0.036635283,0.09773837
2025-12-13 04:00:00,37.027798,-6.699808,-0.109461606,-1.2806038,29.219862,-10.520292,-3.7007484,-0.10941406,0.118070565,-0.7592408,-2.1956558,0.793085,32.79025,72.15592,59.659924,-10.178374,-7.7901716,-8.896177,-4.1589565,-0.054817993,-2.212133,-42.73523,-8.957835,-0.4383507,-4.903295,-0.024880994,0.006683108,0.08680529
2025-09-10 04:00:00,-29.266548,1.0668237,0.7643784,2.1666553,-3.4272373,-31.321775,0.21389131,-0.912451,0.036299057,1.1670763,0.25522202,0.23237205,-10.382991,-13.121852,-28.906351,-1.1158057,-2.2781348,-3.1913393,12.496643,1.0880989,3.5943146,-129.873,-3.9682453,0.7110643,4.376654,-0.020967795,0.12461077,0.12070062
2025-06-27 18:00:00,-46.626656,-0.7219451,-1.3784432,-2.2284472,-80.972305,-45.221855,1.0173066,-0.7483458,-0.7203034,0.7592344,0.20545395,0.17922024,-46.77557,-116.79305,-48.707764,7.5326347,1.9038305,4.0401344,13.518442,-5.1607394,7.8688188,-146.92271,0.020680968,0.06690565,-6.3104725,-1.0972072,0.048706476,0.41503707
2025-07-25 05:00:00,-8.770807,0.05525111,0.55875367,1.7935326,1.6121471,-14.212848,0.73488677,-0.6305344,0.20899597,1.7805467,0.3173179,0.32659075,-13.676939,-21.904448,-43.03909,-2.2260776,-0.25320175,-1.3816197,11.790847,-6.2358346,2.488619,-123.15371,-3.9924352,-0.061656244,1.2744784,0.062097594,0.051169597,0.17605756
2025-07-26 23:00:00,-2.4385684,-1.384976,-0.17703414,-6.2619615,-25.648172,-37.600327,1.103764,-1.1840234,-0.3547699,4.6495295,-0.08123534,0.09923845,-16.477285,-43.447784,-30.408474,25.235174,12.332291,5.2904787,23.254402,1.2802086,6.8376303,98.1265,-7.5744066,0.43107313,4.9654064,0.2843021,-0.09883229,0.035874642
2025-11-25 18:00:00,-2.7471364,0.7078029,-3.8811848,-7.9666686,-1.0515792,3.8836527,-0.17397134,0.47709504,-1.9913987,-3.2275712,0.27078184,0.30561486,-2.4714024,5.5800714,-0.20782831,-3.069553,-4.25257,0.24158432,-14.645077,-3.7887692,-6.5447435,85.947586,0.93462306,-0.30155042,0.5611608,0.0022633574,0.00519269,0.0391827
2025-12-03 23:00:00,-25.002283,0.020719865,-0.34811488,-0.5248906,-39.726906,-66.09746,-0.6025611,-0.29717174,-0.12447498,-5.229962,0.11593343,0.143981,3.496072,3.1799226,-6.370824,-21.857815,-12.841075,-11.985252,-15.914506,-1.1776004,-6.505877,-72.12382,-22.751026,0.2880447,-32.259693,-0.018681556,-0.005909801,0.059977286
2025-11-27 15:00:00,17.059881,3.2744317,-0.23246329,-0.59297764,-25.098494,47.614563,2.021968,-0.15776153,-0.051322054,-2.1487281,0.6367569,0.5134437,1.0136523,1.172688,-7.2986064,-9.340495,-5.128414,-1.45954,-20.756527,-4.017478,-7.5581093,-21.873096,1.5644749,-0.054413803,-8.4515505,0.0055091144,-0.00065314095,0.115533896
2025-09-15 16:00:00,-29.963823,4.7170563,-0.19851692,-2.242112,-56.111244,-17.601055,1.9365501,2.5533562,-0.3008137,-0.82011503,0.29967335,0.41626784,-19.465416,-40.838406,-28.939085,9.531384,4.330981,2.6876893,16.022667,-1.1123841,3.6224422,59.895042,4.5876575,-0.7004543,0.69313985,0.027248997,-0.15802218,0.3662796
2025-09-22 16:00:00,-27.333117,4.6928806,-0.305142,-0.64885104,-47.535297,-15.875384,1.8060583,1.9091734,-0.14208664,-1.0792637,0.29626667,-3.9570649,-21.277773,-44.869305,-30.360847,9.625827,2.65477,5.4939303,13.226678,-0.9060984,2.149836,32.36177,1.8707758,0.49616185,0.87116003,-0.047795705,-0.12993914,0.5044733
2025-12-12 03:00:00,-39.231926,0.9732095,-0.2303014,-2.1150594,16.855244,-31.36567,0.52521944,-0.2522217,0.09417606,-1.5780827,0.4904955,0.56699115,32.604015,58.54798,26.579853,-16.252485,-7.7212524,-9.046055,-8.670915,-0.8926283,-3.9688475,-71.213165,-11.091663,-0.2852611,-10.828648,-0.013223105,-0.00039648428,0.08081472
2025-06-26 17:00:00,-30.842268,0.81560403,-0.46450308,-2.6904416,-57.128853,-17.35396,0.9913131,-0.29631925,-0.1183549,-1.0565065,0.26160213,0.19931555,-50.32517,-105.229904,-41.119915,3.6187427,-1.1518658,4.9604297,9.49349,-0.66308695,6.0214815,-49.205803,-0.12664363,-2.143949,-5.498311,-1.3312304,-0.007037029,0.53154814
2025-08-25 21:00:00,46.84804,1.788234,0.24178089,-1.7451763,22.900938,7.894804,0.40744668,4.5840864,-1.1048616,1.148008,0.1470072,0.27312395,-2.7963254,-2.6566298,-12.374553,25.4197,14.045266,4.1352963,22.063314,-5.4736633,10.756483,-38.64841,1.6485316,-0.09052745,6.0891848,-0.033672027,-0.00038302265,0.13533387
2025-12-31 05:00:00,55.34822,7.7776113,0.91478777,2.957031,51.600304,14.07375,3.9865632,-0.13948822,0.038296286,-1.2651106,1.9023596,1.8213547,26.27659,109.9088,171.72789,-8.932136,-4.770318,-1.6123116,4.60017,11.233685,-0.10891573,97.50476,0.7115412,0.3745093,3.2488353,0.010640822,0.00443163,0.060989056
2025-09-18 04:00:00,-35.055267,0.5119315,0.89769447,2.2932184,-6.702921,-31.575682,0.74610394,-1.378943,0.10775988,0.8937065,0.32651222,0.20283927,-12.1970005,-19.768349,-33.182365,6.062843,0.8520379,-0.75340635,14.592769,2.0467377,3.0337226,-138.4501,-2.7573612,-0.61161643,3.509733,-0.010955313,0.026923617,0.18588889
2025-08-15 14:00:00,61.974545,3.280204,-0.75811434,-0.7208274,36.499775,54.7924,2.1081474,0.32627928,-0.897959,2.25755,0.75105745,0.4236813,-6.626161,-2.262599,-5.22718,17.945095,6.107597,4.6562896,12.559032,2.7165902,7.4165564,-4.966366,9.0850935,-1.0915382,10.567359,-0.020677477,-0.00038678834,0.12951672
2025-08-15 17:00:00,-0.49388447,1.0525078,-0.48677266,-0.33068308,-15.741726,11.187241,1.4638176,-0.5291557,0.52883327,-7.7931204,0.31750622,0.37154612,4.9398613,9.512958,4.5672283,12.295416,2.936216,4.4115524,-0.0646437,-2.1535676,1.8946792,-10.682965,-0.7340165,0.7656403,-1.3955371,0.025187522,-0.0029905732,0.19145848
2025-07-21 14:00:00,76.060265,8.079498,-0.49909183,0.9018546,58.21671,67.76342,3.402963,1.0594453,0.18219523,6.422439,0.797968,0.5287373,-3.1158354,-10.442812,-14.058566,16.273209,8.490028,5.237397,39.02348,3.486211,11.870459,60.049046,10.411771,-0.8868947,12.958977,-0.1429597,0.038676526,0.39049536
2025-07-03 20:00:00,45.619698,-1.9984721,0.21353963,2.347971,9.896542,11.149572,0.1816626,-4.3752985,-0.13917005,8.344783,0.01258363,0.11321668,-19.156147,-34.393692,-9.392395,28.517935,12.340431,9.528015,45.536987,3.4100847,7.599235,-57.641354,-0.77706695,-0.5094976,5.2765794,-0.1416778,-0.040827274,0.2101208
2026-01-09 21:00:00,9.558504,-2.3419325,-2.774933,-3.31059,0.779385,-10.236262,-0.112942845,-2.1499283,1.1269478,-6.5444922,0.017431658,0.13443677,-12.109798,-11.258076,-21.852556,-15.620432,-1.8418186,-1.7504271,-9.092421,-9.838905,-6.540703,-107.97821,-9.226684,0.16463757,-16.163416,0.0116491215,0.013358125,0.09451881
2025-08-14 07:00:00,8.0092325,2.955326,-0.53085136,-1.2202398,-0.5270911,2.8410769,1.7190917,-0.38972574,-0.37773126,-0.32148534,0.5360404,0.4586955,-2.27999,-7.740287,-16.025791,5.414805,2.4567935,2.1834233,23.666353,0.80258214,4.4193926,-49.244205,0.8576251,1.0261221,-1.3949189,-0.0038097089,0.110701576,0.15221438
2025-09-11 10:00:00,63.912502,0.5604329,-0.40716702,-4.3055916,6.457421,56.367233,0.7570263,-0.25157046,-0.34185874,-0.9626967,0.04225775,0.24458343,-3.3415349,-0.60434026,-9.241972,18.601011,7.815279,5.125941,33.383675,1.377144,14.545832,130.1798,9.467757,-1.2740184,1.9668702,0.21963647,0.047382277,0.02695214
2025-10-15 23:00:00,-4.783744,0.1552136,0.7541834,2.2447555,-33.21679,-38.67705,-0.76832265,-0.503383,0.008313989,-4.664445,0.18744846,0.22730586,-1.1839019,-0.39985344,-8.623188,-10.860387,-4.9131036,-2.3128674,-10.114757,4.2013516,-5.0120006,-23.982607,-0.06288505,-0.5589328,10.944379,-0.024500731,-0.04197024,0.065504655
2025-10-20 00:00:00,-47.62543,1.3560115,0.9810667,2.88777,-25.746405,-46.247414,1.7820785,1.1400384,-0.34687403,-3.4872825,0.11567329,-1.3382571,-0.16187377,3.7424078,-4.4363203,-8.402483,-3.8890753,-5.5012283,-8.482519,19.575602,-1.2081909,-49.57966,-0.42881373,1.2268959,13.04332,0.07771162,-0.008966632,0.056179248
2025-11-12 15:00:00,13.122227,3.8000617,-0.26532915,0.97652763,-26.27289,45.07025,1.388913,-0.38013646,0.122945905,-2.8454728,0.75020605,0.5573141,0.25865,3.5826087,-4.725069,-11.394879,-5.370444,0.72067887,-21.198315,-1.6108166,-7.891558,5.884664,2.2218041,-0.23900682,-8.858171,0.024414616,-0.00421481,0.09836443
2025-11-07 12:00:00,9.609436,0.8970419,-0.009634239,3.427326,-43.307735,1.4819205,1.2213054,-0.25605136,0.73314077,-4.3037567,0.28601572,0.3677583,-2.315907,-0.59822303,-0.561681,-1.470679,1.9788532,3.1807103,-19.288273,3.3238785,-7.2119966,-5.753452,4.967377,-0.57871586,-4.96988,0.00072992966,-0.013513562,0.1028065
2025-12-04 00:00:00,-83.54812,0.826571,0.52432704,-1.3815882,-42.635986,-66.38492,0.50348616,-0.28387564,0.030023243,-3.4200642,0.19094022,0.2821423,19.54328,7.2819805,-4.143134,-18.924273,-18.129663,-11.896383,-9.758635,-4.6229873,-4.312333,-65.808075,-17.407555,0.8149371,-39.9487,-0.024493892,0.010320611,0.055277847
2026-01-05 07:00:00,54.353706,5.228706,6.9245095,34.087887,36.561806,32.667828,2.3762429,0.9237527,-0.04470007,-0.9206148,0.5218981,0.75950265,6.186988,102.297585,225.08205,1.9807043,14.636366,19.015102,23.774946,56.864838,20.92495,230.76628,6.394347,1.6583024,8.326652,0.024742782,-0.0021159975,0.062153544
2025-12-20 14:00:00,12.655947,-7.591024,0.27633575,-1.0394869,-9.035357,22.178423,-4.966564,-0.25216234,-0.56655484,-9.166277,-0.9162742,0.362792,-6.619501,-13.067582,-27.19308,-5.6273375,-4.239746,-3.6132202,-20.669876,-26.282082,-12.40473,-130.92982,-9.259336,-0.43985015,-31.5486,0.016984278,0.0091955,0.113462344
2025-08-29 08:00:00,30.232737,2.0500789,0.5330039,1.165053,24.618725,5.121166,3.5583804,-0.69724435,-0.0005087493,1.0032363,1.357386,0.6964149,-2.3204114,-2.0401125,-7.6618876,12.054508,8.647086,7.1775765,25.35127,1.1636331,6.7961864,55.986183,2.960895,2.845436,3.5980914,-0.01396116,0.01473167,0.18621229
2025-07-05 23:00:00,0.3429599,-1.9831331,-0.14683177,-6.9484825,-25.349985,-37.738186,0.660043,-1.1524647,-0.37561557,3.3568568,-0.15786682,0.1486307,-20.095129,-44.43158,-31.568462,23.376883,14.506731,5.0010915,19.90206,1.3251319,4.2895617,80.24527,-6.732512,0.49423277,4.8170333,0.39119142,0.021328207,-0.008494138
2025-10-05 05:00:00,0.4772109,-8.0383215,1.0667782,3.1176903,4.427921,-5.476353,-3.8109767,0.44060642,0.17116646,-0.8289411,-1.1225823,0.32314554,-3.142271,-4.568702,-18.363667,-2.6056023,-2.093425,2.8079486,4.73534,2.3268793,2.6315503,-83.95326,-2.116686,-0.55998015,1.1111255,0.02432163,0.048760418,0.07809573
2025-09-13 20:00:00,11.639785,-4.7158155,-1.5617449,-8.400731,-22.915813,-2.7688987,0.49645028,-4.0978985,-0.9696534,-3.6229155,0.3418715,0.16661644,-9.411167,-14.216889,-13.834308,18.19566,11.865653,1.7574341,18.771578,-1.287611,8.008703,-21.413868,2.8515658,-0.24165326,4.556762,-0.07637203,-0.010925043,0.2855691
2025-11-01 15:00:00,9.995305,-3.8580797,-0.13449752,1.9909859,-23.851452,45.109653,-3.3463907,-0.2736571,0.3450481,-2.2112443,-1.2024496,0.4966251,-0.5075301,1.34786,-8.044326,1.3438369,-0.8647671,-0.07755577,-9.437898,4.9895945,-5.392054,3.0662582,4.211172,-0.2674043,-7.4286795,0.026598018,0.000746911,0.10295293
2025-12-03 13:00:00,-31.12068,1.4822949,-0.33205116,-0.93159944,-78.419174,-22.98078,0.45528427,-0.5607679,-0.0035223225,-5.4234085,0.22790867,0.3405371,-8.090583,-9.116317,-14.318652,-8.7253475,-4.5120807,-1.1028304,-24.079771,-3.1042297,-10.68147,-64.4181,-4.5207386,-0.2645849,-22.126177,0.0946462,0.0072119557,0.09250583
2025-07-18 11:00:00,23.16654,-2.1586497,0.406376,-0.36574453,-30.089314,14.8232155,0.2336204,-1.9876671,-0.055136975,5.761733,-0.09747085,0.2297026,-8.21103,-8.507949,-13.519612,14.52945,7.31096,3.9070644,19.980293,1.2955993,5.9210577,116.06204,8.172687,0.21125185,3.9602654,-0.019486096,0.039687846,0.041505806
2025-10-17 12:00:00,2.3901463,0.24615248,-0.12937309,-0.22826253,-34.7769,7.4275174,1.251395,-0.86230385,0.3635094,-6.0875177,0.22817402,0.38200465,-4.2151303,-7.8190045,-13.729938,1.5580907,3.516956,2.0783932,-17.27901,0.9717306,-7.0196614,60.695454,3.5015059,1.7015221,7.4111466,-0.006476214,0.045407467,0.0027743026
2025-11-13 15:00:00,7.7280874,3.0492692,-0.35419843,-0.7240465,-20.371645,42.36957,2.0443285,-0.51975757,0.12570857,-3.7644744,0.721528,0.64977205,0.10648004,1.415475,-8.2577,-7.825502,-6.375963,-0.4792299,-24.05132,-3.2118132,-8.972975,44.207436,-0.92936057,-0.055743545,-5.902093,-0.019548144,-0.0017466076,0.08558593
2025-08-27 06:00:00,31.211031,6.4035115,1.0277961,1.9314451,31.110193,-2.8985555,2.6257145,-0.41528118,0.65332645,1.8625695,1.2372329,-7.506178,-0.12253403,0.9798939,-2.223015,2.502384,1.7128724,2.7224572,6.1195126,1.4200392,2.4546227,6.1089277,-1.9912012,1.1745147,3.1701667,0.043506812,0.22475691,0.13534199
2025-11-02 20:00:00,-29.92585,3.6615155,-2.011113,-5.235664,-34.15186,-21.479816,1.0769114,1.6350737,-1.0812798,-6.311702,0.23170601,0.10204858,-1.535136,-4.0902686,-7.98284,-11.916982,-1.6160481,-2.666988,-21.345657,2.115105,-7.752953,-30.215498,-4.4860554,-0.17376322,-7.653989,0.009799481,-0.0086564105,0.08192916
2025-07-09 19:00:00,26.790157,-2.3316846,1.0851532,3.6732523,6.5246906,1.1508353,-2.3467252,-3.0140462,1.5263951,8.1208725,-0.29392612,0.15777142,-13.701138,-38.420544,-20.191294,23.89446,8.664652,4.3964806,18.346844,-2.0351713,15.045808,-78.949646,-1.8235047,-0.5491692,7.196999,0.038035613,-0.19852649,0.33578768
2025-12-03 14:00:00,25.967499,6.886589,0.116350845,-0.50403357,-2.514227,33.08103,3.4785826,-0.47342342,-0.20824328,-7.5208397,0.5411133,0.5713381,-0.5056825,-2.6822035,-8.484416,-11.121645,-5.311615,-3.5137045,-21.33288,-4.859347,-12.219504,-113.847725,-4.8968053,-0.18200204,-23.255362,-0.07986761,-0.0016204567,0.10393614
2025-11-08 16:00:00,12.249022,-2.7136567,-0.1287246,0.65140253,-41.196266,20.493845,-2.3357027,-0.25112197,0.35267076,-0.8767522,-1.1719341,0.5229417,11.846884,17.101023,4.845755,-2.7183783,-1.4453467,0.83706367,-9.480111,1.0499603,-3.2510512,-3.0181978,-0.4626907,-0.0141989635,-2.2686086,0.012456347,-0.012733204,0.12865908
2025-12-05 23:00:00,-38.62184,0.2065746,-0.13979594,0.45218232,-44.213043,-63.740383,0.60677516,-0.5266005,-0.16243938,-5.8053493,0.106365725,0.14359125,5.2251515,2.2663033,-10.182829,-23.336348,-11.699626,-12.322163,-15.995994,-33.977238,-8.226638,-86.6522,-22.51309,-0.046438426,-26.480202,0.0023695491,-0.0036575305,0.076328635
2025-12-12 06:00:00,70.84544,4.258594,-0.48373595,-7.4000025,121.735596,25.456514,4.1291094,-0.098833345,-0.16840804,-1.0682456,1.7876164,1.1849872,60.300724,150.00096,227.53423,0.33510014,2.3539805,13.369599,2.8101358,-4.714316,3.5105362,264.80997,4.5744386,-0.53840375,4.3164997,0.0029268418,0.0017350512,0.051078744
2025-12-22 08:00:00,39.830296,3.7749815,-0.103118435,-0.07825245,15.903324,18.647272,2.925204,1.3927944,0.45014414,-1.6281894,0.3542046,0.32398966,-5.6384535,-0.12358535,3.4801311,-1.6506811,1.4680396,2.7747478,-6.9427223,-1.5897977,-5.598909,115.77525,-1.4474626,-0.22516045,2.2573626,-0.033374634,-0.010742671,0.07292569
2025-10-05 23:00:00,3.4484336,2.4693325,-0.28039828,-1.0258772,-29.886026,-34.298546,0.44865844,0.96947515,-0.29379198,-4.7492437,-0.21369329,0.23258097,-6.5368423,-9.765878,-20.252657,13.0372715,9.24738,4.1079416,3.8163884,2.1354368,6.804121,71.02134,-1.271706,-0.1544542,7.3792505,-0.006786105,-0.054471437,0.08329066
2025-08-14 10:00:00,62.406116,0.20715433,0.5104116,-0.6801059,3.5076478,59.781223,0.7100082,-0.26961052,-0.23361015,0.9905553,0.009708357,0.2812489,-3.5602372,-0.98304015,-9.390454,18.416113,8.246285,5.405446,43.415493,0.87527597,14.6258955,97.611595,7.572521,1.2113099,4.0648837,0.005768437,0.051225852,-0.0029333478
2025-11-15 04:00:00,28.152708,-6.666887,-0.33712456,-2.7707024,28.262508,-11.396648,-3.7314134,-0.042446814,-0.18317994,-1.3047439,-2.1617777,0.91807264,31.063549,68.287415,56.696796,-12.721838,-5.9941664,-8.514569,-5.1393313,0.6500883,-3.5759876,-16.816833,-2.7460299,-0.6887191,-2.9056633,-0.010647225,-0.012716105,0.11930736
2025-12-24 15:00:00,19.670153,5.274589,-0.064797,-0.57041466,-18.649094,53.743572,2.6831884,-0.24759701,0.07160654,-3.3996239,0.43299484,0.5050219,-2.5383124,-3.7283862,-24.156122,-3.0873616,-1.3787248,-0.42275253,-11.402288,-13.338598,-6.573576,-71.417885,-4.459342,-0.04131844,-15.371515,0.028760158,0.003911792,0.11446531
2025-09-04 02:00:00,-67.363075,0.38117263,0.98572016,1.8229771,-12.533052,-28.771036,0.34062454,-0.7230006,0.26885852,1.1238021,0.13875383,0.17934687,-2.7392838,3.6362467,-7.246788,-2.8725138,-2.889871,1.9912165,2.5393338,1.7440108,3.0787103,-116.65625,-3.0693398,-0.46259752,6.6445026,0.01112825,0.0073656165,0.058328144
2025-12-09 21:00:00,-14.938819,-0.481916,-0.8148669,-3.6652799,-13.506569,-21.614704,-1.046904,1.7281238,0.6987709,-5.6389265,-0.16934136,0.1127866,-7.0371165,-7.948439,-12.113517,-23.103205,-16.197279,-7.664281,-24.446695,-7.788837,-10.49893,-90.4465,-17.003265,-0.052243512,-14.931138,-0.0019958057,0.011633505,0.0724795
2025-07-21 16:00:00,-20.355656,6.171388,0.35118964,1.8940704,-35.094673,-16.053885,1.6933867,2.5419195,0.5238462,3.4592555,0.3917517,0.36164412,-24.168463,-54.42917,-26.59335,10.293501,4.6496367,3.108314,15.831252,-0.54416233,2.4369292,-13.236954,0.71501774,0.0078459205,1.1038187,0.003939524,0.5254438,0.66507155
2025-12-26 16:00:00,17.778177,0.4787607,-0.029278511,-0.78171515,-39.68319,30.156548,-0.0035861763,-0.35022685,0.20653619,-2.3726935,0.31673408,0.41750816,-2.6103776,-4.556656,-11.742966,-8.341168,-1.9029137,0.10734484,-9.625165,-6.149054,-5.124961,-34.426018,-2.4072173,-0.10144746,-12.407706,0.010980207,-0.0008495444,0.13318054
2025-10-19 14:00:00,46.56628,-13.399094,-0.43743357,-0.66107017,20.801409,48.53455,-5.246461,-0.019826178,0.036858395,-4.9100885,-1.4510558,0.42113632,-6.002354,-4.771208,-5.635059,2.332795,2.130936,-0.93496174,-12.449184,13.342717,-4.841728,-14.787539,11.078585,-0.035624575,11.180346,0.03773801,0.0069992817,0.098602735
2025-11-15 12:00:00,10.295302,-3.1219676,0.2789962,1.3827757,-43.617786,-3.0065553,-2.2436383,-0.59824693,0.7738496,-4.113378,-0.67476356,0.3716038,-2.3076756,0.014555026,0.57201445,0.14287598,-1.8042436,-1.1066339,-19.943539,-1.3555042,-9.7157,-5.2905474,3.8867466,-0.43373924,-5.2607784,0.0050334246,-0.0119876405,0.08924769
2025-07-13 16:00:00,-26.917553,-2.7230315,0.33090085,2.1806657,-41.72368,-13.552419,-2.286604,1.181301,0.48807186,3.4297168,-0.7590587,0.28074884,-9.033719,-10.296433,-21.865303,13.312025,6.56485,4.4189143,4.032843,0.3262022,4.496678,37.518,-0.4249128,-0.08306241,1.3978945,-0.061321333,0.024777342,0.24631156
2025-08-04 20:00:00,16.762766,3.4690378,-0.97742814,-0.64980054,-17.746506,-3.3011854,0.8362234,6.366868,-1.0564351,-1.3538967,-0.16334078,0.21857277,-5.487027,-12.12589,-19.14555,21.9875,15.799738,7.752778,33.095764,-1.3980796,11.350524,11.037756,-2.1967528,2.3054922,4.760712,-0.050066378,0.1799881,0.15804449
2025-11-04 04:00:00,22.815222,4.240205,-0.31762004,-1.7798544,27.456964,-18.605644,1.2584192,0.32045183,-0.16604993,-1.2346003,0.9484136,1.0861175,27.62667,57.52743,28.176588,-10.940818,-7.0034122,-8.66281,-4.0587873,-0.7142375,-2.6282516,-2.697866,-3.0016823,-0.15287447,-3.1094804,-0.0041699647,-0.091184184,0.14576995
2025-08-15 00:00:00,-57.85102,1.728238,1.3578712,3.4872913,-17.748247,-46.790096,3.6416118,0.092214614,-0.9403815,-0.789997,0.19733211,0.16639124,3.5329902,2.5401406,-11.064065,37.05537,13.357464,3.2508638,17.202732,11.068363,5.645646,-0.8669831,-1.306348,-0.60717076,12.134578,-0.058379527,-0.043985937,0.11140828
2025-10-17 17:00:00,27.739666,0.70166004,0.027264703,3.71912,3.427646,25.892502,0.9072644,-0.49955216,1.8333966,0.93731034,0.38923004,0.43286648,-5.7191377,-3.4159882,-3.1198423,3.4513662,3.2199783,0.89154905,-2.715242,-1.432377,1.2717562,1.4405555,1.8805588,-0.094295755,-1.5668719,0.007773205,-0.002433886,0.13295205
2025-12-24 13:00:00,-34.863823,1.5208727,-0.14579608,-0.72385204,-70.17518,-31.531294,0.2754905,-0.63869554,-0.31074995,-5.8856535,0.21032146,0.2777349,-8.627525,-16.912144,-26.812944,-4.2631927,1.2993597,0.023237152,-19.657255,-24.943937,-10.5382,-84.53052,-6.8332787,0.15380001,-24.479609,0.081402086,0.0033231392,0.1028023
2025-10-16 05:00:00,66.65765,6.1232452,-0.8261856,-1.1040306,45.01781,12.381288,2.892069,-0.4485046,-0.044674754,-2.057812,1.093945,1.335289,34.100067,28.249495,15.107331,-7.6377325,-2.5089252,-1.8347944,2.540529,0.07141889,-1.314462,8.545006,-0.5339102,-0.280913,-0.6250576,-0.010740491,-0.106459744,0.15004979
2025-08-16 23:00:00,13.94836,-1.7274448,0.70223415,1.3159775,-26.101969,-37.762543,-0.15731046,-0.80930215,-0.27089822,1.8436204,-0.3101287,-1.669511,-4.1074677,-10.249159,-21.6733,11.021023,11.106283,4.02264,6.3115907,6.921451,8.231341,29.135353,-14.2307,-0.17412385,-6.1750307,-0.01321186,0.068956465,0.058614854
2025-09-21 15:00:00,-27.919415,-6.65857,-0.5522651,-3.7082577,-16.188948,18.757341,-4.0551124,1.3603346,-0.31716558,-0.059594773,-1.3535188,0.2233489,-8.840813,-14.94875,-23.977926,19.051708,6.067477,4.989886,20.341604,1.4254584,5.3297915,82.46121,3.645828,-0.037931725,3.279845,-0.009716279,0.025055759,0.0733488
2025-07-31 16:00:00,-16.394424,0.96579117,0.38381258,1.9870727,-42.005035,-9.911309,1.1658242,-0.74572057,0.43128812,4.002826,0.42403057,0.29799342,-15.297703,-26.383259,-24.05913,15.915294,5.769606,5.7754292,7.904217,-0.7905724,8.38689,-9.295629,2.348823,-0.8200471,1.9062455,-0.04868528,0.33783805,0.7885092
2025-11-29 05:00:00,53.745697,-11.569261,-0.8140923,-0.111642994,45.80505,11.425164,-8.020855,0.06757705,-0.12203556,-1.5601969,-4.0542707,1.7336829,28.406425,94.332016,71.657234,-11.260556,-4.3791795,-5.854359,-1.8355271,2.3653088,-3.0047998,74.531494,-0.22289386,-0.97082174,-7.7038546,-0.12357479,-0.009534014,0.06797406
2025-12-07 04:00:00,24.759506,-15.344908,-0.07340428,-2.120453,3.3557422,-12.010556,-4.8429446,-0.058066733,0.03860435,-0.9373618,-2.5324175,0.6707312,31.746048,67.80036,113.53346,-10.530011,-5.981503,-17.859756,-5.1475935,2.2512515,-1.1626378,-60.902622,-4.2789893,-0.010875982,-4.9365354,-0.010353363,0.0095644435,0.081102915
2025-12-01 12:00:00,2.528466,3.5154054,0.52985215,1.6587192,-56.763542,-5.524724,1.6520103,0.78071296,-0.013666605,-4.400198,0.35818702,0.3967435,-5.2170486,-5.3803253,-10.057673,-1.0770545,-1.7237892,1.1682411,-22.230637,-14.822597,-9.35038,-17.558647,-4.3401346,-0.15417424,-20.523867,0.042353593,-0.030569322,0.080539875
2025-09-18 01:00:00,-108.04107,-0.039810713,0.6232258,1.6279751,-45.086754,-55.912674,-0.18878698,-1.9229757,-0.20250708,-0.48864496,0.032743555,0.12910394,-26.350994,-46.341084,-42.873283,7.589253,3.0085554,1.4052887,10.513671,2.7844164,2.367019,-84.12528,-2.5306363,-0.930277,6.67786,0.119789906,0.03177014,0.17480727
2025-07-20 18:00:00,-20.306314,-0.76271206,-1.0807813,0.7511614,-37.373447,-20.015429,-0.5676101,0.7235015,1.2070473,-1.4569048,-0.59457564,0.2280771,-9.614362,-29.010447,-26.40248,9.24957,7.3128753,1.4888589,-0.191454,0.49488527,1.0979954,-71.37371,0.7389321,-0.32973528,2.122171,-0.01586999,-0.12162172,0.55919576
2025-12-23 11:00:00,34.74214,1.8281424,-1.09865,-0.26680753,-43.971706,1.0491822,-0.43469736,0.7020433,0.24724983,-5.6681232,0.31764418,0.36771175,-9.143691,-11.770877,-19.597137,9.529527,5.485995,2.1845622,-15.536816,-12.829577,-7.990491,-8.601682,-4.2691674,-0.04500968,-19.008553,0.037313767,-0.010690247,0.09675632
2025-09-06 20:00:00,-3.2557092,-3.8508961,-1.7313386,-5.1394486,-29.099545,-12.994768,0.8485774,-2.9326258,-1.3783807,-5.501419,0.37024882,0.1365614,-5.7945786,-9.6350155,-18.680567,9.911292,6.591652,5.4150195,6.400503,0.39152098,4.0040054,-26.264347,-0.77191985,-0.54942256,3.9057581,-0.05242934,-0.049545683,-2.55699
2025-10-14 07:00:00,1.2365716,1.8578223,-2.1086676,-5.5439887,2.0809653,-2.442048,-0.17314437,0.31547368,-0.36373723,-3.2777345,0.33422345,0.35507253,-4.5208564,9.823086,2.519005,-12.022375,-11.060881,-1.5557404,-3.8955915,-7.4367294,-4.6067004,98.32358,-3.4256055,-0.79565877,-5.7476797,0.21766464,-0.0015287952,0.06025986
2025-11-21 08:00:00,31.107769,1.0479313,-0.3211762,-1.6464081,12.849938,8.737414,2.103626,-0.4588213,0.29325292,-2.2012725,0.6970467,0.42924264,-5.959203,-0.5825752,5.687371,-5.087417,-4.078123,-0.4998423,-15.411687,-3.8273985,-6.9589972,71.89029,-2.5116646,-0.72548807,-0.34597048,0.010843992,-0.002642679,0.08623757
2025-09-21 23:00:00,1.2368872,3.3193552,-0.24914517,-3.3848748,-28.647871,-40.210537,1.5703268,1.2580438,-0.5316768,-0.30383763,-0.14092483,0.1381716,-10.664524,-19.5004,-26.039532,21.317097,10.98043,5.2516856,13.988514,1.6155381,5.8427534,89.459,-4.270067,-0.274248,5.6513357,-0.007617138,-0.077453695,0.095382996
2025-07-29 20:00:00,29.412306,-0.029521499,0.6259453,2.6417308,-16.801092,4.130262,-1.3064548,6.113339,-0.04063292,12.252234,-0.26053604,0.17979081,-3.938477,-10.291713,-19.009338,29.508999,14.935067,7.3787923,43.670383,1.4695336,20.20663,47.22547,-0.007082755,1.3632525,5.4274015,-0.060458377,-0.044210598,-0.5572951
2025-10-25 05:00:00,56.49986,-11.177198,-0.6385678,-2.1897666,37.53549,12.802005,-6.4415946,-0.11916168,-0.16677912,-1.7503737,-3.1415246,1.6219085,31.430773,54.429955,17.428482,-10.4889765,-4.1669865,-3.6377776,1.676621,-4.0255117,-1.0352801,2.9439628,-0.05833996,-0.2509959,-3.6921117,0.021567654,0.08190626,0.13020162
2025-07-28 08:00:00,46.45442,15.468983,0.49020514,3.3486044,19.575758,11.153602,5.1290154,2.0367532,0.4404671,4.832616,1.57098,0.6352259,-4.722492,-10.362672,-19.236914,5.2127104,7.993568,5.50944,29.935968,3.1379235,10.178447,6.951834,-2.551852,1.3786098,2.623985,-0.011429152,0.2966325,0.21036658
2025-09-28 14:00:00,66.31685,-13.774838,-0.48808452,-1.8832614,52.9429,57.13125,-6.8467007,0.49386424,-0.00341393,0.5170159,-1.6318853,0.38027796,-2.0349824,-9.759469,-13.437057,22.4425,4.0121174,6.663255,42.625828,1.9488149,13.033524,63.218044,9.506897,-0.20522241,11.803341,0.07053863,0.04005231,0.28206694
2025-08-25 10:00:00,60.160618,1.4639636,0.31237364,-0.92645484,6.259662,57.871517,1.4110118,0.5538522,-0.36990783,0.94183517,0.1535524,0.38946936,-4.151831,-0.9726585,-9.514693,10.369441,7.565473,4.3242207,17.319958,-0.4935741,13.101555,138.03732,4.3901086,2.7428176,7.0373497,0.08013219,-0.020775722,0.043509014
2025-09-01 07:00:00,-8.693544,4.5218697,-0.82795334,-0.5041717,0.20757267,-7.341319,2.8099132,0.7358699,0.008804403,-1.6919721,0.70592636,0.55122936,-3.631941,-3.5515926,-6.8561044,1.7809151,0.60804796,2.3730676,5.6129837,-1.7007716,5.5446954,68.12947,-3.2800179,-1.5913067,-2.086822,-0.019574752,-0.012491435,0.076625034
2025-07-02 09:00:00,168.99786,5.8892965,0.57539886,1.2055355,98.076485,80.06584,2.8436823,-0.7700059,0.3485414,5.9034886,1.2877675,0.3743377,3.4900603,4.1465178,-3.4670877,17.33245,8.546299,7.970865,42.05329,3.550126,23.169992,139.20784,0.22607817,0.9149851,5.045461,-0.0750024,-0.005129309,0.08231208
2025-08-08 20:00:00,29.067778,-1.720779,-0.9087163,-3.5272853,0.6221846,7.027879,0.5555873,-3.9275455,-0.98517835,-0.4932394,-0.058087833,0.122855805,-11.917139,-18.053654,-13.472847,26.151037,14.80578,7.1979113,44.28483,7.0912805,10.27532,-34.0918,0.8983756,-0.66352737,-4.7323623,0.10127679,-0.011964633,0.31667066
2025-12-29 10:00:00,52.11774,0.8769068,-1.0328537,-1.6307322,-9.035106,44.558933,1.3273491,0.84493434,-0.24568716,-7.4283504,0.0026141088,0.30000135,-8.681641,-10.989203,-17.766888,8.444912,2.7353141,3.6096017,-30.39173,-10.651769,-17.903584,109.40248,-6.1799693,-0.3611985,-22.62454,-0.032951877,-0.007160925,0.034148812
2025-07-08 17:00:00,-27.912405,2.8743293,0.003750813,-0.4751447,-49.49349,-16.70502,0.5362511,0.77192104,0.55363506,-3.4421918,0.30555785,0.23479067,-49.35105,-103.11414,-39.37371,8.096496,2.7564979,3.4310327,7.817267,0.9555404,6.547045,-47.687588,0.5177913,-0.71541184,-2.4178717,-1.0440353,-0.10954702,0.5155133
2025-09-27 01:00:00,-109.895325,-1.116714,0.77637136,1.3377153,-45.282055,-60.660698,0.009416811,-0.74518716,-0.440441,-0.8517795,-0.070501566,0.11599183,-25.266901,-46.00634,-43.271595,4.7291985,3.9779003,1.1920457,8.170677,2.5801716,1.8654966,-72.24868,-4.769687,-1.0896795,8.114955,0.11717473,0.026998451,0.14903885
2025-12-03 22:00:00,9.543023,0.8457818,-0.26410878,-2.3108597,16.745932,-17.512825,-0.04449766,-0.65689254,-0.029844226,-9.525602,0.16959997,0.15668683,1.3855243,1.0486926,-7.0012937,-21.42309,-12.1265955,-10.025459,-18.627754,-4.136753,-9.30234,-102.08979,-16.970835,0.01712839,-17.494633,-0.036195293,-0.0056007025,-0.76600295
2025-07-04 16:00:00,-24.040659,-0.7332019,0.2224277,-5.373825,-41.2377,-11.689021,1.4386723,-1.1498388,0.13578077,2.7163534,0.38951886,0.2570667,-42.181175,-87.679855,-34.43977,21.184755,0.72699934,5.3642063,17.307726,1.8072642,3.0433757,-12.153309,1.4174134,-0.045951813,1.1695297,-1.31671,-0.12275587,0.46199858
2025-08-27 17:00:00,-13.062411,1.3156979,-0.07318487,1.1658803,-29.19454,-6.756912,0.683232,-0.63304156,0.49865097,-5.3473,0.3322494,-2.9931223,-14.928385,-26.922205,-27.289764,6.8196898,4.636047,5.8960924,-2.5844443,-2.1620512,-0.25586128,-33.08596,0.309785,-0.5671233,-2.4561367,0.00031457236,0.08994495,0.6793316
2025-07-18 19:00:00,17.563688,-2.9089563,0.5116677,7.511395,-15.700091,4.0514336,-0.759728,-3.498724,0.8839508,1.4112632,-0.4688599,0.20196639,-12.416616,-21.50598,-21.273243,17.362715,10.764667,4.9278226,10.423926,-2.280497,6.5983334,-44.148502,2.6316125,0.1747647,4.2608304,0.00898465,0.0041691065,0.54698646
2025-08-05 14:00:00,78.88407,6.697019,-0.45311436,3.4363496,57.44125,65.84721,2.1902373,0.45126012,0.21834052,3.4610806,0.889373,0.47347054,-1.6516081,-8.973655,-13.357555,23.767504,10.505073,6.1808887,39.427814,1.9214791,14.174111,66.32532,1.6353754,-0.8682922,13.064962,0.02429472,0.07632702,0.40981108
2025-07-16 01:00:00,-107.873634,0.29381222,0.9403438,1.9102098,-43.56962,-56.214703,-0.74751276,-0.42217827,-0.08733557,2.0878737,0.069527,0.11878845,-20.077148,-31.217209,-36.2843,1.9018646,0.38140035,3.0987413,1.4932747,1.5190328,1.8975565,-88.85669,-5.834611,-0.12535745,7.615339,0.044932373,0.06710951,0.2229112
2025-10-26 19:00:00,-24.997616,3.2795203,-4.2788506,-9.9111595,-10.830364,-10.083041,0.37265608,1.1277577,-2.033383,-6.678152,-0.10181707,0.4020891,-1.3519747,-0.43984342,-5.1684885,-1.7419415,-0.20754397,-0.267787,-20.900784,1.7659386,-8.1417885,27.820156,-1.0104758,0.93772024,2.3868542,0.01720568,-0.021271192,-0.49151632
2025-11-20 15:00:00,14.356109,3.1024432,-0.27712372,0.4868427,-26.06987,45.253265,1.9542845,-0.24931896,0.14914218,-2.0125725,0.6326334,0.5767488,0.16574585,2.4526699,-6.894235,-8.512091,-4.36948,-2.7520049,-20.821508,-2.1269605,-7.690723,-2.1816773,1.5031315,-0.040127527,-7.9480467,0.004117023,-0.004932492,0.119293
2025-07-20 02:00:00,-78.0409,-2.9620793,0.5938566,3.8032594,-27.720844,-23.520021,-0.6083975,0.99392754,0.18327223,3.2444887,-0.24521212,0.1287681,-17.210777,-32.58016,-33.51958,2.4129362,0.22813925,1.2737006,2.7576785,0.37756526,2.914032,-139.32617,-3.555861,1.5142562,6.3648186,0.0010251352,0.036203917,0.19697726
2025-07-18 15:00:00,-28.25536,0.07267343,-0.5312186,-0.88833827,-14.714377,29.411856,1.810582,-1.0708275,0.1436401,3.0217426,0.6009035,0.36903948,-11.694297,-21.03463,-25.695957,17.810858,5.2236223,3.6140082,13.285636,1.4527292,4.4934382,68.588394,3.0608182,-0.04800717,3.5255797,0.015982034,0.04290891,0.3040599
2025-12-28 22:00:00,10.119633,-1.2767016,-0.6039697,-2.7973032,10.061515,-6.7207217,-0.20514971,0.72991306,-0.011467271,-6.3156223,-0.44120127,0.10520828,-2.9595041,-1.644059,-8.490704,-22.633663,-12.132671,-5.346864,-21.348932,-16.187912,-8.479182,-78.52608,-11.984595,-0.10570246,-20.249954,-0.034899,0.011779393,0.083879925
2025-12-06 11:00:00,34.919662,-2.8016365,-0.67458475,-0.23331164,-36.3161,7.4192314,-1.4567213,-0.89345425,0.28335235,-5.254408,-0.5877684,0.33272916,-6.0173097,-4.7981124,-5.9531054,3.1998165,2.562851,1.6827692,-21.995071,-12.059029,-9.52815,20.479567,-3.5225632,-0.22890103,-16.991974,-0.08090342,0.0061118123,0.053075448
2025-08-09 07:00:00,2.799814,-6.5158668,-0.47233397,-0.7816059,-2.3188276,2.571383,-2.9786048,-0.28299254,-0.22809114,-0.09209933,-0.96902096,-3.4561427,-4.933909,-8.802459,-16.620655,7.111686,3.265182,0.41375273,21.969912,2.203664,4.5795426,-56.486233,-2.6433828,0.79955995,-1.3121051,-0.1968432,0.090605274,0.12118098
2025-07-25 06:00:00,-6.8172708,1.598332,0.3942964,1.2667633,3.4066906,-18.999647,1.5549171,-0.44885865,0.50536335,0.9595581,0.84961516,0.37059775,-13.878886,-23.01316,-39.111053,-1.5748886,0.96685356,-1.2685225,12.056075,-3.0274189,1.9348555,-96.83835,-4.9418755,0.079554334,1.4982919,-0.01179474,-0.263336,0.115875706
2025-10-11 23:00:00,-4.849113,-0.9372751,0.2291844,1.5360144,-21.514866,-35.586166,-0.18416776,-0.35633302,-0.09648982,-3.7908278,-0.29164994,0.12089322,0.81120175,1.5995013,-6.3528056,-12.489456,-7.3723273,3.8005345,-13.064614,14.767969,3.955056,-66.17432,0.23582299,-0.01598754,11.856529,0.02628565,-0.020134758,0.07329881
2025-09-06 14:00:00,60.394997,-9.082357,-1.2570462,-3.1904087,42.402676,60.19419,-4.771036,-0.728688,-0.85903955,-0.102064446,-1.6841916,0.31488192,-4.570605,-7.404345,-14.442571,12.544441,8.207936,4.431912,8.804997,3.1278424,4.8809223,-26.355345,4.8809757,-1.5472971,11.184232,-0.0016936392,-0.054457996,0.224444
2025-10-16 21:00:00,-8.689427,-1.6152071,-0.9261955,-3.9790974,-15.694094,-23.245733,-0.6872712,-2.1314566,-2.6325307,-12.419184,-0.0066462196,0.12409415,-5.994277,-5.993387,-15.150913,-14.482964,-5.70123,-3.232306,-18.516384,-1.4057261,-8.565718,-129.90349,-5.325754,-0.1272851,4.481546,0.0021747611,-0.03388245,0.07009302
2025-12-24 08:00:00,54.372433,2.1029952,-0.4314733,-1.012952,30.722874,16.414608,0.24438629,-0.5927242,0.39386055,-1.9467456,0.41297176,0.2549054,-8.977145,1.8449728,8.946895,10.7393055,7.1746726,3.0411153,-5.097682,11.38946,-5.3451667,156.94502,-0.2500048,-0.6138458,-0.56355184,-0.007408931,-0.0015408335,0.08197295
2025-10-09 10:00:00,53.975613,0.5696572,-0.11079648,-1.1751127,3.7962568,51.451237,-0.34519896,-0.31155366,0.19868186,-5.776555,0.037446585,0.36755368,-2.6216438,0.473565,-1.1729447,0.6941845,3.3754723,2.0000176,-16.945946,-1.0987626,4.9905863,114.84901,7.5964365,-0.41266367,5.1622715,-0.07409361,-0.00071294483,0.05590541
2025-07-27 02:00:00,-74.38955,-5.26584,0.5927259,2.03475,-24.659788,-23.795515,-0.6791319,1.4980751,0.2502178,3.0019844,-0.3568172,0.11048466,-25.682623,-65.30162,-43.958775,8.961155,5.1573834,-3.8604293,15.031803,2.2895615,4.9046836,-140.77864,-8.295254,0.077167645,3.734209,0.099227674,0.0047938316,-1.2440342
2025-07-16 00:00:00,-88.46439,-1.0391295,1.035156,2.7773898,-27.362368,-62.94979,-6.191466,-1.3669498,-1.4430043,1.5315256,0.14770892,0.15225577,-15.712232,-23.995747,-23.495533,8.779991,10.194357,4.432811,8.920582,0.8881613,3.0210598,4.66431,-3.4913673,-0.20006104,8.568198,-0.015871376,-0.03531965,0.17645583
2025-11-15 22:00:00,5.7047877,-2.2557302,-0.4516772,-1.2890764,7.134694,-14.884563,-0.91743547,-0.5668261,0.07538804,-8.844273,-0.39891654,0.20196968,9.599823,6.091127,-4.872283,-23.312683,-11.871881,-10.383216,-21.127705,-0.5202686,-9.35461,-103.446304,-10.569857,0.43306178,-6.490518,0.09800833,-0.0036348314,0.06417095
2025-07-16 07:00:00,-6.7276645,2.4454477,-0.45408833,1.6184821,3.881251,-2.0924118,1.4715562,-0.5000219,0.21759704,3.0099928,0.93669236,0.5102768,-2.4308898,-4.8985744,-17.828945,-2.315764,1.5319372,3.9344602,16.036121,-2.966751,6.090451,68.11479,-2.0740397,2.2628338,1.2860352,-0.0065173097,-0.014159382,0.06986931
2025-11-06 01:00:00,-65.70955,0.5535191,0.6185622,2.7596931,-25.660938,-48.611767,0.21561205,-0.5243696,0.32099473,-1.9337196,0.14241071,0.322402,31.410124,19.76025,5.7930446,-12.616868,-7.4733114,-7.9337463,-4.9429293,7.442213,-2.357887,-64.0421,-9.815848,0.2082086,1.3192148,0.010306646,0.038151912,0.06219707
2025-09-07 12:00:00,7.271687,2.2589622,-0.34381795,-2.1036255,-28.64352,15.333458,-0.29379857,1.6734276,-0.25595954,-2.427707,-0.15211809,0.24642949,-4.853557,-7.4161363,-14.070847,12.680051,6.03186,3.2236722,6.425618,3.8134518,6.0605583,96.49732,10.373119,-0.09685775,5.592162,1.16575975e-05,0.04145549,0.023090074
2025-07-06 17:00:00,-23.51151,-5.956136,0.14335382,-2.5431542,-36.26589,-18.061045,-1.7575527,0.4663605,1.0200998,-3.1534333,-0.67543447,-1.8070778,-23.181509,-39.524883,-36.216595,13.08787,3.725078,-0.92067146,17.980766,-1.2800974,-0.85808724,-44.935818,1.8674421,-0.8700784,-3.059763,-0.052172232,0.022462292,0.65840673
2025-06-27 08:00:00,31.648336,0.9241818,0.34371293,3.072407,10.314513,6.0232573,2.901872,-0.984552,0.23314247,5.8205442,1.199176,0.4867909,-3.6367443,-9.699082,-21.040697,7.98655,9.089478,3.78898,33.737564,2.7223413,13.818289,3.3176959,7.3470144,-0.9122003,1.1259879,-0.003190252,0.00046799734,0.28272656
2025-07-28 22:00:00,51.914745,3.911525,-2.3205807,-12.32334,48.956543,0.93756694,2.1230156,3.2723188,-1.2133459,6.6645837,0.2158452,0.19840395,-18.16678,-47.28213,-29.038994,30.922668,14.871133,4.437381,35.793118,1.5651044,10.6546955,101.11901,-6.16301,-0.5332079,3.214062,-0.76260805,-0.006491621,0.019613104
2025-08-08 22:00:00,52.05999,-0.8912119,-2.5773141,-10.36466,49.28771,4.5949144,1.6101786,-1.4842427,-1.8899732,0.73202735,0.2085259,0.16107364,-5.7995043,-19.584095,-26.316225,30.425531,19.07797,7.7845535,33.810986,2.2010071,10.9739275,98.86288,-4.3149433,1.6657435,2.893996,0.01392478,0.04627547,0.05035815
2025-07-22 22:00:00,44.849674,1.6358019,-0.14096786,-0.83751905,45.72251,-0.2873317,-0.66100925,3.5295212,0.09060565,6.4084897,0.20603868,0.20077342,-5.6099668,-15.504766,-20.529772,15.393118,10.944942,6.870545,14.985127,-4.0364885,7.986571,49.95936,-3.0570848,1.1488962,-7.0507216,-0.048449237,0.08825576,0.1500416
2025-08-18 13:00:00,-13.706597,5.0918097,0.1651785,2.7407281,-37.072098,3.5221627,1.8495178,2.1751082,0.27098584,3.0881057,0.2930879,0.45769355,-5.9188557,-17.951365,-21.853691,13.023432,9.731364,3.2165203,18.797676,6.1477337,8.023647,62.579952,0.13894093,1.1234215,-6.8569202,0.02420208,-0.030834444,0.3902314
2025-08-06 10:00:00,63.416874,0.3991763,0.76372415,-1.0557041,6.8489714,56.48733,-0.094720334,-0.6091329,-0.0778473,1.3093247,0.038826976,0.26523367,-4.7025547,-0.06199769,-11.3422575,19.615295,8.90115,4.900368,25.67023,0.37428853,14.102153,145.41255,-0.6336488,1.9618405,6.7251124,-0.07288628,0.04550546,-0.7589475
2025-07-27 15:00:00,-37.63178,-7.897883,-0.41926572,-1.5843385,-17.452576,18.22848,-4.0118904,1.3855689,0.18846108,3.2102432,-1.4680345,0.1823502,-12.701204,-28.351025,-24.597391,14.611053,9.111403,5.2383485,31.234055,0.7501682,4.6902003,83.71487,1.376311,-1.1153741,4.553626,-0.14705858,0.06415801,0.13493344
2025-07-11 22:00:00,49.945942,-2.0601902,-0.34824318,-4.6729717,46.947796,-0.6775838,0.7649526,-2.7807417,-0.22844726,5.736074,0.16929854,0.254891,-3.748241,-13.5469265,-19.715508,21.24773,11.882373,6.6386886,18.962196,-0.34912732,7.0106487,73.83428,-2.3507311,0.009296054,4.8621097,-0.05762563,0.051597867,0.09177764
2025-10-19 13:00:00,-26.692234,-4.990358,-0.15409662,-0.43511376,-56.05618,-19.390532,-1.4680135,0.73010904,0.10993665,-5.7079005,-0.66407377,0.29639494,-2.6667442,-2.7278855,-5.8334785,2.3015683,3.9490664,-0.45227078,-20.248396,11.4648905,-5.904835,-8.394917,6.920152,0.13918783,6.5839133,0.07898537,0.026532859,0.084434174
2025-11-02 09:00:00,129.74565,-9.223918,0.27440795,2.4103677,67.57414,58.357162,-4.72407,0.089406624,0.65328526,-3.173288,-1.7683332,0.72243387,1.9933292,13.060149,13.664067,-1.0341842,-0.9369737,-3.0527062,-18.301466,-1.0694604,-2.8479676,81.014015,-0.48602268,-0.25658998,-5.1867995,-0.005503653,0.013360979,0.063969195
2025-11-24 07:00:00,17.758575,4.4488525,-2.1768217,-17.38796,2.9200454,12.720188,1.9265293,0.88804996,-1.388,-1.8164382,0.5000836,0.98198897,-10.365805,44.24438,138.95757,-10.145957,-7.0563416,-1.1651698,-16.278574,-15.349768,-4.4743485,158.72389,-1.323407,-0.100018226,-1.6406585,-0.010373757,-0.0073361825,0.060800113
2025-07-21 04:00:00,-36.576263,3.3414898,0.6940422,3.197743,-4.501822,-30.023981,1.2968216,1.5400003,0.54004306,3.616258,0.29519406,0.26592174,-10.264752,-14.830113,-33.814274,2.4918015,-1.6888677,-0.3388033,6.461266,1.2820064,3.2143102,-142.77501,-5.0627017,0.80389243,4.672653,0.08556154,-0.0026062105,0.16237558
2025-08-31 19:00:00,12.77018,10.707744,0.65473527,5.5180545,-14.825681,1.9076859,1.838067,3.5683239,0.6709967,2.9961035,1.1725805,0.31321093,-2.1571615,-1.835042,-14.665103,19.602318,10.938013,4.1378593,9.767771,0.050983835,11.402839,33.0335,1.3499626,1.4826541,4.5462184,-0.026768832,0.117549814,0.06501256
2025-08-04 00:00:00,-84.3585,2.9895945,0.76491123,0.3222725,-29.866272,-58.125607,3.2174852,1.4123847,-2.196537,-1.0419638,0.15313822,0.16057168,-16.983767,-35.85881,-31.960562,11.466532,9.477968,4.506055,6.450877,-0.2817787,3.371656,2.840395,-10.161525,0.27074885,7.7830443,0.026098248,-0.038507245,-1.5262151
2025-12-11 17:00:00,67.82637,1.4439209,1.4859116,4.679921,51.249268,57.78883,0.75937873,-0.20448501,2.6601362,12.308757,0.39675447,0.4184248,9.723193,16.617636,9.485566,3.0847447,0.39310363,1.8914446,0.07006644,-0.57917225,1.8918544,-7.7942004,6.552998,-0.07782547,10.632144,-0.029031858,-0.005437748,0.14653103
2025-12-19 16:00:00,16.86927,0.4943034,0.0006803719,-0.5748418,-41.505535,29.431248,0.24817656,-0.37336677,0.09291705,-1.8656528,0.29552448,0.42161635,-3.7964525,-4.565212,-15.249368,-4.3926377,-2.9488904,-1.8489958,-8.720615,-7.885463,-5.337296,-24.438932,-2.372061,-0.21111614,-12.563144,0.0019393788,-0.0011339992,0.1257852
2025-09-07 18:00:00,-9.614052,-1.3322186,1.6064844,3.9021714,-16.834187,-1.6800014,-0.8133429,0.8707115,1.8189807,-1.2345129,-0.28781784,0.3367487,-3.0056553,-7.456314,-16.340067,13.528341,4.9464426,3.1786504,1.0385875,1.090274,2.8463933,-10.2930355,1.4684864,1.0086046,2.5610054,0.001143835,-0.005656507,0.19752224
2025-08-13 22:00:00,50.113686,-0.59782827,-2.1534135,-8.492584,51.484768,2.6808631,-2.1568367,-2.1696055,-1.5578651,0.7068246,0.16985326,0.1335657,-8.213384,-21.452076,-26.740177,24.099596,11.895758,7.7034016,28.379072,0.5137207,10.683247,103.803024,-4.3114915,-0.19275694,5.14472,-0.09642085,-0.034094565,0.047142625
2025-10-14 08:00:00,36.545055,6.4460077,-0.25847536,-0.29140213,13.718615,6.7780905,2.4838688,0.3114625,-0.023869429,-3.8041828,1.2417315,0.74087334,-0.3037953,4.775152,1.8943939,-5.590249,-7.3832283,-1.4357858,-5.2285256,-1.0289901,-5.773956,22.10166,-2.0164678,1.4959128,-0.33894506,0.013091555,0.1864248,0.1446354
2025-12-08 15:00:00,20.900679,8.4684305,0.018891344,0.08854635,-17.406553,48.048725,3.1951857,0.9008545,0.2945744,-4.5863547,0.90041494,0.5351313,2.5446718,-0.6445702,-7.2441506,-12.783829,-6.7139573,-2.768159,-16.914463,-8.254232,-7.0720468,-95.56307,-2.280749,0.03158756,-13.255196,0.0040668393,-0.01505953,0.086497374
2025-08-26 05:00:00,2.301155,3.1508203,1.3988068,1.9215637,5.80538,-8.835239,1.6681726,0.5799001,0.29268092,1.7940067,0.45488027,0.43063596,-3.0648007,-2.6736162,-18.900309,-1.1930871,0.04516051,2.0430934,3.726668,2.4234223,1.8937404,-108.40457,-2.9308531,-0.64485496,2.337749,-0.015596104,0.014473862,0.09067465
2025-11-13 09:00:00,130.63576,2.6852336,0.3863925,1.5056949,66.33043,63.052635,1.2929512,-0.15988031,0.61992574,-4.448575,0.7731224,0.7894296,-0.8666545,4.027805,5.7707295,-1.5524377,-2.8366644,-0.4601509,-38.41992,-6.388342,-16.104712,59.141445,1.1412697,-0.60468876,-9.927276,-0.012812162,-0.0005773359,0.09039595
2025-12-15 01:00:00,-108.106285,2.2243154,-0.4533448,-7.1851196,-36.27962,-85.588295,0.723167,0.6406285,-0.059982654,-2.1038785,0.14183375,0.42833954,34.30289,36.121696,1.8053725,-17.706873,-15.974454,-10.524497,-7.2748804,-22.414553,-2.8999949,-69.230255,-20.629786,0.21903783,-36.878963,0.020012299,0.02148668,0.05082282
2025-07-30 16:00:00,-25.70342,0.93516135,0.37401396,0.3916114,-40.35192,-16.311127,-0.25065374,-1.4880579,0.40307242,2.9570098,0.31096625,0.29152182,-21.084618,-47.694744,-28.504543,10.477035,10.038973,3.6148825,12.564711,-1.497852,8.141752,15.51904,0.2710256,0.35247168,1.0210048,-0.08781237,0.45551655,0.6480705
2025-10-01 00:00:00,-53.850624,-1.2294298,0.8535375,2.3892448,-19.944138,-46.067856,-5.3919506,-1.2663075,-0.84198946,-4.3628635,0.15968467,0.15892276,2.5911567,3.7359369,-9.670568,39.021263,19.796455,6.5097184,25.244738,11.490634,5.855643,5.341493,-6.099764,-1.254941,12.238149,0.0052481084,-0.041055843,0.08271383
2026-01-06 21:00:00,10.074958,0.08301347,-2.6951778,-2.2737622,2.050248,-10.905393,-0.1392289,1.83562,0.8878688,-7.503459,-0.09779882,-1.4816107,-10.567635,-9.890212,-21.60553,-8.542043,-4.150969,-1.8595563,-11.948485,-10.424713,-6.7535386,-107.48632,-18.679356,0.3359536,-16.719486,0.029907681,0.011271995,0.071795814
2025-07-08 08:00:00,46.64961,12.46254,0.8125672,3.871507,17.733795,11.980655,4.5344644,0.74645144,0.46720877,4.940451,1.6070722,0.64269626,-2.2973893,-3.522244,-11.11287,1.7550741,7.55773,0.9712364,27.373201,0.09671501,12.712896,12.685957,3.5983427,2.0385423,4.5162387,-0.017433371,-0.016806405,0.19988531
2026-01-10 03:00:00,-46.359936,-3.0294435,-2.2671332,-3.5293508,20.8296,-31.97054,-1.5781126,-0.15389688,0.11790582,-2.36462,-0.6623481,0.41494054,41.578682,57.279663,8.535804,-18.395172,-8.641556,-13.486226,0.66490763,-9.4843025,-2.2120807,-132.8954,-10.994806,-0.23010573,-10.056247,-0.019683119,0.0101357475,0.07281501
2025-09-11 19:00:00,24.155571,-1.9481385,1.5181823,8.436655,0.8839032,9.88136,-0.42359516,-3.4026775,1.2960236,1.6436454,-0.33831123,0.1851972,-14.739796,-22.330147,-25.794521,17.848837,10.142469,1.202777,12.710428,0.18465732,7.770024,-50.13935,-0.996101,-1.0465473,4.637071,-0.0023831688,0.005918077,0.6155264
2025-09-12 22:00:00,50.26845,-1.481115,-1.8771803,-9.170281,46.993275,1.2130324,1.04436,-1.7979001,-1.3225182,-0.3019577,0.16684179,0.2099255,-3.7787182,-14.7809725,-22.13405,27.795431,12.541151,1.7208607,21.983107,3.368621,9.070169,87.18562,-3.3456914,0.9731474,7.122996,-0.15065978,0.018421857,0.09847032
2025-07-02 22:00:00,53.280148,-1.6767604,-2.3424146,-9.652495,49.695206,7.0858583,-2.7995274,-2.213596,-1.139241,6.7152185,0.016827766,0.079940006,-14.83157,-25.168663,-30.222958,27.161072,13.268549,7.746188,30.639685,0.72620016,7.8120832,134.71297,-12.829147,-0.97060245,3.3824124,0.05081571,-0.031693816,-0.6241646
2025-08-24 22:00:00,51.465008,2.449527,-0.54237264,-5.0408278,36.653477,7.273133,1.2510432,1.9260443,-0.83293355,0.84681094,-0.31138286,0.24844429,-4.544871,-4.787971,-14.932273,17.157154,15.062489,4.5223546,12.143674,-2.4937081,8.009316,74.843475,-5.4059362,0.67313755,5.045456,-0.057218365,0.005385535,-0.61321557
2025-12-15 15:00:00,22.494148,6.345543,-0.0736688,-0.7310334,-20.429941,55.47498,2.508931,0.81996393,0.36094275,-2.6271503,0.6979793,0.5265589,-2.0796556,-3.0228474,-10.202759,-10.1619625,-6.442795,-0.46559167,-15.116548,-8.9510975,-5.97627,-55.666225,-3.2409198,-0.1346265,-15.52234,-0.021500576,0.0020722966,0.081925474
2025-08-05 09:00:00,160.22372,6.9964724,0.1818772,1.7783813,97.165245,78.125275,3.5047011,0.4436723,-0.27247143,0.8804856,1.6291025,0.5795154,7.4407415,4.686186,-1.964353,16.08523,6.13371,7.584302,41.406307,0.43578702,18.723347,113.98694,8.595836,1.8369591,5.82396,0.1663726,0.0028336577,0.048270382
2025-11-18 08:00:00,28.026947,2.758406,-0.35892886,-1.9628758,9.808805,6.9177504,0.84406203,0.36390272,0.26183656,-2.8079295,0.6944276,0.39023438,-5.7476797,-0.21082702,3.780174,-7.6877193,-9.798673,-1.9491435,-18.087477,-2.9290974,-8.168524,73.485016,-2.448664,-0.88019276,-1.0300926,0.0150318835,-0.0022780907,0.07408861
2025-10-01 02:00:00,-72.10024,0.4300553,0.593975,0.7472018,-19.88358,-23.00231,-0.69193983,-0.9153875,0.15982923,-3.08949,0.09286917,0.12923655,-10.966175,-3.910892,-17.984005,19.513302,10.40804,2.1158917,9.090769,0.73329216,2.5850546,-124.208954,-4.5314584,1.008558,6.584502,-0.001847775,-0.03756795,0.08047053
2025-11-15 17:00:00,59.187164,-2.4311073,2.329914,5.661111,49.9577,52.06384,-1.7212774,-0.22581355,2.292332,12.614486,-0.7328625,0.5181517,21.876513,33.519966,13.492662,2.7724361,0.61428267,2.4685276,-1.8785229,-1.5482345,0.97689736,18.881968,2.8022728,-0.10642945,7.6589246,-0.038349416,-0.004234713,0.1395397
2025-12-25 10:00:00,54.863804,-0.5098349,-1.4233402,-2.052264,-6.5994854,45.627884,-0.6724078,-0.6222226,-0.16016571,-7.505921,0.0015103245,-2.933399,-7.067947,-4.9150457,-6.924332,11.274392,6.7122746,4.475224,-22.025839,-9.326171,-16.699203,123.88221,-5.4309454,-0.31125024,-20.025816,-0.09332834,0.0034721962,0.047033537
2025-06-27 11:00:00,36.20394,-1.3131357,1.5791512,-3.2640412,-24.455513,25.416195,0.75656,-2.0932724,0.34735405,8.746588,4.9707072e-05,0.16683894,-10.070676,-18.730196,-18.781286,20.092493,7.850315,5.846061,65.282486,4.139907,17.660557,131.1138,10.236279,0.20767625,7.8274283,0.06819232,0.073617525,0.13503815
2025-10-01 20:00:00,0.032871626,-1.1013656,-2.5782998,-7.1666055,-25.488585,-2.3325322,-1.6782082,-2.7843184,-0.7369359,-8.958989,-0.1479523,0.15340371,-7.8366394,-15.603222,-16.704853,12.749651,13.376346,6.6491146,7.422825,-0.10683881,9.726909,-23.365746,0.23580082,-0.11026518,4.4892693,-0.07294411,-0.014343419,0.37851
2025-10-29 03:00:00,-42.09723,1.8971078,-0.16127323,0.20055366,16.372498,-31.427238,1.0298122,-0.36417866,-0.26595268,-2.0218976,0.36497483,0.6200295,27.278143,36.552864,11.808552,-15.699817,-8.205117,-9.200007,-7.0584803,3.1211655,-3.497557,-52.543194,-3.17502,-0.20591028,3.3357663,-0.01503055,-0.0068516624,0.08882424
2025-11-18 13:00:00,-37.792297,3.1802433,0.13832937,-0.33794641,-72.72553,-28.41325,0.99495137,0.46679658,0.711749,-5.556115,0.33465242,0.38853732,-4.70508,-6.1825595,-10.435201,-11.935244,-6.3096375,-3.8171406,-27.692257,-5.935062,-12.142159,-45.322865,1.3018117,-0.24587324,-5.873596,0.06919892,0.0036422356,0.089209236
2025-10-21 01:00:00,-83.651596,0.897486,1.7230648,3.1045094,-28.440962,-51.006016,-0.25805497,0.6416554,-0.047825985,-1.8872817,0.13596858,0.12919034,7.020954,12.542532,5.162692,-11.221557,-2.3387747,-5.9727306,-6.0623097,12.18718,-1.5023104,-51.26044,-2.4904532,0.24308969,10.228782,0.021689415,-0.0007226957,0.05878801
2025-07-05 20:00:00,38.702137,-4.9148073,0.57433146,2.9979103,-9.172278,7.608717,-0.455599,-4.2734876,-0.026275296,10.8514595,0.05886298,0.17540385,-12.663386,-23.119215,-19.801369,27.210287,11.19091,7.036047,40.40022,1.7224748,9.525691,34.12323,0.8945678,0.898541,4.8311086,0.055988643,-0.07837091,0.18056631
2025-08-19 21:00:00,68.06644,1.075402,-0.81200427,-3.5155158,38.413807,19.52438,-1.1718767,4.6266937,-1.1389278,0.3939088,0.19373778,0.16857693,-4.0043864,-9.368806,-12.193435,29.741503,15.65754,7.094786,37.807716,-1.6202681,10.880214,2.3989265,0.749007,0.26790947,6.4684863,-0.07245137,-0.018857442,0.26107138
2025-09-22 13:00:00,-7.1919236,4.728749,-0.5784284,-5.620476,-30.893995,7.4656568,1.744654,2.869396,-0.45755103,-1.1628588,0.10351808,-3.361703,-4.7650967,-13.716617,-21.709093,14.584521,8.681453,4.743584,34.422237,0.5004817,12.085978,103.637024,8.728542,0.68758863,7.1945953,0.07787662,-0.2351365,0.12208411
2025-11-24 04:00:00,24.097029,7.468795,-0.36893716,-3.4294205,9.536402,-16.866224,2.519162,0.72778225,-0.18893114,-1.4277029,1.2151891,1.1390686,31.73613,70.47591,112.2875,-12.273932,-4.7989483,-12.126835,-8.371813,0.62089103,-2.9639285,-20.171719,-2.06663,0.3529299,-3.8980844,-0.028997451,-0.048883338,0.13443913
2025-08-11 23:00:00,-1.680923,2.0538974,0.023641724,-2.252788,-27.199766,-46.297382,0.8933758,2.1666293,-0.5090239,0.9282119,0.15786825,0.17958337,-11.739108,-20.66737,-29.536335,15.6020155,3.6348505,4.8623137,14.044944,2.933518,7.265638,86.40894,-5.3954015,1.17419,5.304945,0.04068103,0.21288554,0.10037709
2026-01-03 12:00:00,12.324164,-2.9559622,-6.8706903,-4.6303644,-60.22834,1.4312133,-1.7804255,-0.82098997,-0.3473453,-5.2192245,-0.6624488,0.31270975,-9.846539,-15.733017,-25.393814,11.268412,9.522424,1.9119256,-16.313395,-20.196589,-9.687025,-13.716361,-5.7908273,-0.016599635,-24.708723,-0.14692408,-0.008083129,0.10007448
2025-12-15 10:00:00,47.76734,1.1634864,-1.0573016,-2.5341477,-9.231919,42.313904,0.93644756,0.67097795,-0.014289391,-7.7189875,0.1288732,0.3737025,-7.6617336,-8.690154,-14.742567,1.2837858,0.64741683,2.7738283,-34.054028,-10.081045,-17.05607,80.63689,-3.5897603,-0.6308467,-19.193562,0.027116824,-0.0081794085,0.014241376
2025-12-06 16:00:00,15.53253,-3.968576,0.14923325,0.22410825,-21.569878,29.548317,-2.8661778,-0.23866943,0.3491997,-1.6224366,-0.9104488,0.4255123,12.290206,14.180434,4.398403,-2.813895,-2.593592,-3.2947555,-8.084715,-5.3854012,-3.4529786,-63.248363,-1.999412,0.20761645,-8.742217,0.015044866,0.00856991,0.119294316
2025-07-13 15:00:00,-27.386856,-6.457879,-0.3913821,-1.6915982,-15.655075,18.66083,-4.8011227,1.0490686,0.19257912,2.9244843,-1.2110963,0.317329,-5.247734,-6.1936064,-20.51334,18.131737,7.4853497,3.2548451,5.280046,2.7488954,6.1547365,64.79209,2.1693094,-1.5159533,3.2146802,0.14506222,0.038271967,0.096686795
2025-11-25 16:00:00,17.543581,3.5468879,-0.10486399,-1.4182636,-29.953281,30.283539,1.5248303,0.42012933,0.04676211,-2.400142,0.4853259,0.4787511,4.3470435,4.633984,-2.283506,-9.974375,-6.556758,-1.4035649,-9.917068,-3.4159548,-3.7435539,-49.577522,-0.47345585,-0.0433809,-3.4641907,0.011886599,0.008278922,0.122316755
2026-01-12 20:00:00,-0.07540545,1.4827324,-1.8592843,-2.5060408,-19.092665,-8.7185545,0.2540258,3.1360288,0.7192501,-7.969504,-0.15216093,0.16369933,-12.173594,-13.365676,-20.650026,-3.2919745,4.012085,2.1155813,-11.354541,-5.773712,-4.8399224,-36.76365,-18.911797,-0.4142366,-15.307145,0.044166945,-0.002515041,0.0559836
2025-12-19 04:00:00,38.277462,3.4696605,-0.15070638,-1.605778,28.772831,-12.828891,1.8930454,-0.38709208,0.115795135,-0.72791076,0.92388976,0.8897603,34.39437,74.44611,62.320988,-10.726014,-5.881639,-10.152451,-2.2161086,2.006208,-1.8296331,-46.22732,-5.465428,0.16825962,-5.1103134,-3.3999037e-05,0.0064655165,0.110795066
2025-12-08 03:00:00,-38.887306,4.6156793,-0.393214,-1.7866547,10.527754,-28.075525,0.84545505,0.45811862,0.075289115,-1.6208624,0.5716007,0.6442265,34.403286,59.243843,40.382442,-12.684512,-7.100871,-9.63791,-9.545175,-6.051635,-4.2570705,-80.32502,-10.976129,-0.17619674,-9.115232,-0.009973516,0.0026175606,0.06423922
2025-11-09 11:00:00,22.36263,-1.624735,-1.222691,0.45833787,-27.846035,5.714403,-1.0118774,0.6022557,0.25163242,-5.20947,-0.5589361,0.4127923,-1.6967611,1.9732141,3.9207501,-3.3422375,-1.2061665,-0.055713497,-30.485052,-0.7134549,-8.7324,66.16042,3.3739066,-0.9136208,-4.698839,0.010872144,0.015631918,0.025003016
2025-10-29 22:00:00,19.184952,0.77820385,-0.61306524,-0.72909456,20.802483,-14.341225,0.039538674,-0.58107644,-0.21008378,-8.796992,0.20509571,0.1924355,1.0205027,1.8640238,-7.862498,-25.078987,-12.615069,-3.4999135,-18.854189,2.996525,-8.3248415,-102.93218,-0.561078,-0.13444315,7.1295886,0.04827657,-0.010167088,0.07745294
2025-08-30 16:00:00,-15.222337,-4.321404,0.31731465,0.48307556,-40.5991,-13.426918,-1.9327732,-1.1630634,0.31754893,-0.9428649,-0.7688565,0.2596747,-17.239395,-31.066116,-27.321795,10.9577055,4.4379907,5.137383,1.9496974,-0.43302238,3.296776,-14.194291,0.423043,-0.93241465,2.4514258,-0.073309086,-0.0667264,-7.4436564
2025-08-09 01:00:00,-105.46747,-2.7029936,0.94447535,1.3087401,-42.567432,-49.74856,0.5293071,-0.76506716,-0.07666441,0.94475275,-0.14378786,-1.1245764,-24.032494,-43.478394,-44.495213,18.823294,2.2666192,0.24758697,11.105944,0.3708617,3.5389645,-98.4114,-5.532436,-0.85840863,7.174392,0.043438286,0.0581663,0.1460007
2025-10-16 17:00:00,26.943663,1.2882426,0.11049041,1.76314,0.0013717071,23.498312,0.74019104,-0.57534105,1.7838404,0.6972555,0.32841566,0.39483026,-4.3393364,-2.491571,-0.27086595,3.157953,3.9536052,1.7791065,-3.186776,-1.3697424,0.7968068,3.8041735,2.9815907,1.1089466,-1.3685256,0.001344537,-0.002513626,-1.0799471
2025-10-02 14:00:00,56.42679,3.8111713,-1.0929538,-5.022662,31.8695,51.231064,2.6690524,0.3000524,0.8338711,-6.3413224,0.6246393,-4.3241005,-7.926964,-5.014218,-11.008963,19.157307,7.89062,3.7879264,19.038958,1.9646307,14.117441,69.55692,-2.9343038,-0.12955919,10.264592,-0.24405551,0.036870908,0.027631193
2025-07-23 10:00:00,64.01409,0.6131404,1.4023395,1.5876324,6.9225097,53.675022,-0.22612382,-0.60111105,0.7569929,4.66349,0.14790745,0.26475498,-3.4853098,0.45756066,-11.719487,17.889334,8.868274,4.848385,22.257431,0.9386873,12.647717,135.17642,-1.1285774,2.0265512,-5.5687203,-0.13829273,-0.09435529,0.07157753
2025-09-04 17:00:00,-10.430484,1.391884,0.7055582,2.8169458,-30.302622,-0.30425647,1.2502548,-0.29447532,0.80144846,-5.5314965,0.3949365,0.3349048,-20.558386,-29.051596,-30.225794,3.9051478,1.8105329,4.866043,-3.126043,-0.83028567,-0.4001821,-11.589649,1.3713689,0.54586035,-2.6850474,-0.026170284,-0.008677131,0.6926298
2025-09-19 09:00:00,169.61697,4.479693,-0.06616378,-0.9136968,100.72297,82.08682,4.9169416,-0.5150214,-0.30144632,-0.7711067,1.4714943,0.58839697,4.7809763,1.7528366,-1.5905054,18.270779,5.5419908,7.2747746,54.0857,-0.6658651,22.638174,108.14249,9.32186,1.424507,6.595406,0.26475132,0.0036366256,0.02472506
2025-08-22 18:00:00,-24.401215,-0.23695296,1.0611082,4.9734454,-50.00663,-26.229818,0.954988,-0.611902,0.98112357,-2.4111512,0.32068348,0.26526377,-27.033052,-61.321815,-36.216286,14.605009,5.173238,-4.0966725,10.5576,-1.9792219,0.75139904,-51.28564,-0.75722134,1.1491944,2.7569532,0.032771222,-0.015691265,0.6088609
2025-08-13 01:00:00,-106.538185,0.30141175,1.0160418,2.2622294,-44.100994,-56.647633,-0.8480665,-0.36896035,-0.20449582,0.21427786,0.07061118,0.12845662,-23.178015,-42.1886,-43.406067,5.648423,0.63750213,0.71812046,4.179335,2.0328574,2.1290896,-90.41589,-7.434469,0.77154,6.035321,-0.009517309,-0.07306505,0.1949659
2025-10-07 18:00:00,0.28001636,0.5975504,1.6295741,6.5683928,-13.410058,-0.92443556,0.35092703,0.94230294,1.3637577,1.2492214,0.19619088,0.32407734,3.397595,3.7185116,-9.692967,5.4779744,5.050799,5.491581,-4.308074,-1.0265142,1.5732708,-93.66838,2.845187,-0.26278463,4.9008665,0.014283908,0.04593775,0.123696074
2025-10-25 08:00:00,22.994131,-7.0623317,0.31791154,-0.77573943,9.980867,3.1476052,-4.2110133,-0.17592473,0.2316762,-3.111951,-1.7009326,0.77199817,6.5115337,11.414287,3.372606,-10.967811,-5.86469,-1.5359228,-6.1278453,0.5186902,-4.36868,41.49117,-1.2528397,-0.4658189,-0.4427193,0.0045266915,-0.017542718,0.14779596
2025-06-30 13:00:00,-10.822051,3.5888214,1.2057381,-0.8516581,-33.19107,2.9891458,1.5012026,1.9785315,0.61278856,7.5122423,0.17126223,0.34676936,-6.415618,-11.395234,-20.860483,13.5546255,10.496597,2.780313,18.781006,-0.20586331,15.364181,69.41488,9.681706,-1.0091639,9.922105,0.007998332,0.050946306,0.071940705
2025-10-13 18:00:00,0.3651829,1.9055961,0.4884488,1.0277057,-4.6782355,1.907539,0.93998307,1.0827086,1.166574,0.8309811,0.18645768,0.49259108,-3.511168,-3.123413,-7.7689347,-1.5766623,0.5878635,3.0190349,-6.3711624,-2.9859302,-2.5014772,51.889275,2.0511608,-0.406522,-2.0696204,0.081048556,-0.024699347,0.079852045
2025-06-29 06:00:00,-16.074413,-17.666285,-0.75015324,-2.4764895,-3.9183102,-20.90774,-5.736979,0.57869273,-0.6476488,2.319589,-2.6660354,0.3503437,-11.930047,-18.479391,-34.046875,9.23216,3.0228498,3.0480087,15.623537,-0.15415591,1.1254836,-10.320667,-0.63793355,0.076852255,-4.742218,0.009268155,0.07260242,0.17736182
2025-08-13 08:00:00,43.64805,9.855445,0.52512944,2.2507794,18.619242,12.880668,3.7711015,-0.6348511,0.07799148,-0.07798916,1.3469632,0.67471147,-1.5555614,-2.26024,-7.639944,3.4165423,6.657279,3.691584,19.78314,1.0211498,7.4696097,6.0532637,0.6854421,0.5257222,2.5616736,-0.011949411,-0.04641369,0.22706208
2025-12-13 14:00:00,15.089798,-7.5546813,0.4796793,-1.1308948,-10.729998,22.969639,-5.3414736,-0.17948778,-0.37721977,-8.144319,-1.1251541,0.38547677,-0.35476363,-4.026065,-10.425036,-6.3824244,-5.432943,-4.397321,-24.17331,-19.109373,-11.45516,-120.736115,-6.5538883,-0.09364261,-27.25007,-0.0438974,0.006234459,0.089187786
2025-07-21 07:00:00,7.5820417,7.9465356,-0.27859628,3.2308865,8.842382,1.7773372,2.4666483,0.8827741,0.46198824,3.1085234,0.7238311,0.61538666,-7.554475,-9.733445,-22.175505,-1.929053,1.2844299,1.4532107,8.228204,0.5865144,3.7474425,-4.1494756,-2.1142895,1.3956608,0.98549986,-0.014520599,0.2933945,0.17074193
2025-07-09 12:00:00,8.124781,-0.39958426,-0.28264302,-4.018623,-34.100327,16.202314,-1.6062028,-1.5018319,-0.16477075,5.1741686,0.05966345,0.19272994,-6.337562,-15.30399,-23.121424,17.243723,9.341715,5.500112,41.76334,-11.10822,15.929671,105.2502,-0.5289093,-0.24977367,8.015047,-0.061302368,-0.09912596,0.09939323
2025-09-01 09:00:00,165.43256,9.260851,0.17671204,1.6240861,95.156876,78.15899,5.592459,0.78543186,0.013690343,-0.31989825,1.5816379,0.6801728,6.231868,5.262508,4.9784617,6.281871,6.8317184,6.7048965,22.15461,2.8146808,18.10842,115.924355,-1.212161,2.3965774,4.9738035,-0.045747686,0.08247359,0.072565414
2025-08-12 13:00:00,-7.7760196,2.3194811,-0.03133963,0.36586893,-32.326416,6.0714254,0.2561406,2.4553866,-0.06315188,2.243395,0.17855391,0.34532008,-6.491912,-16.509663,-22.549828,16.387754,6.9212127,5.856602,35.011883,4.1578646,10.777239,63.608418,9.344498,-0.24714066,8.834126,0.009693969,0.04046942,0.26787886
2025-10-07 00:00:00,-59.350193,0.057837326,1.04084,3.6135345,-30.890116,-53.255882,-2.1472843,0.9726373,-0.6983183,-3.8744676,0.12805311,0.1705706,1.037042,5.4794807,-3.5029862,17.816593,10.070379,4.5602293,-3.3683884,13.627634,3.9955673,-27.399601,-11.144067,-0.66366166,14.39697,0.06749312,-0.02029675,-0.6182917
2025-09-02 16:00:00,-9.090566,3.6319828,0.08832976,1.1953002,-45.49714,5.5306664,0.8139478,0.7190113,0.037296057,-1.3488437,0.3029473,0.36856934,-6.314326,-12.934758,-18.105124,5.3156786,4.001388,3.5642464,-3.7193263,0.78864855,3.274493,-5.324816,6.8093724,0.79751647,1.2353641,0.05002407,-0.034200836,0.20229356
2025-11-27 07:00:00,18.56062,0.8368896,-2.016107,-15.122346,1.1775537,13.015233,-0.14589918,-0.3947623,-1.3376689,-1.7412547,0.41940907,0.8152051,-12.476675,41.677555,148.29178,0.38924244,-3.724533,2.8258674,-10.951814,-4.833432,-6.3074746,153.88121,-1.6482272,0.5814929,-1.7640835,0.0077658384,-0.0020391303,0.07447163
2025-12-11 03:00:00,-38.089195,1.75358,-0.3073545,-2.6407487,17.977478,-30.382313,0.44634065,-0.26227722,0.09986218,-1.8401011,0.4882228,0.5699618,31.790787,55.030552,19.23786,-15.994143,-8.451002,-11.401968,-7.300103,-3.1955857,-3.6436157,-58.640823,-10.718187,-0.21645576,-10.500694,-0.015499903,-0.0007579556,0.08247421
2025-09-19 21:00:00,64.417496,-1.2343335,-1.1198816,-4.73831,38.66343,17.336494,0.75541276,-3.5274808,-1.1269649,-0.09013679,0.1838551,0.12796478,-7.2015533,-19.751009,-13.959989,33.13314,15.557269,8.876676,43.88361,5.396345,9.258376,-36.89134,1.1401259,-0.49610117,8.321968,-0.03862277,-0.00175751,0.28169066
2025-12-11 20:00:00,-33.075863,-1.2181368,-2.630856,-6.3671885,-33.701576,-25.933916,-0.30223292,-1.3712085,0.4074433,-9.665688,-0.028779479,0.11036318,-7.6606917,-5.983036,-12.50168,-12.717369,-7.8988137,-2.8018818,-29.481247,-4.6995454,-14.574451,86.35099,-4.630497,-0.5014502,-12.836652,0.0066837873,-0.016238267,0.028336523
2025-10-06 18:00:00,-9.503449,1.8634112,2.0066469,4.145426,-19.512024,-6.1761265,1.0207701,1.0013593,1.1171708,1.2565038,0.17947945,0.4114919,-0.2758205,2.3703074,-10.689937,10.107656,5.98699,3.3671024,1.2269788,0.37358442,2.6574326,49.883053,0.6839537,-0.62270194,1.5054122,0.09973478,-0.02216348,0.14302866
2025-08-15 21:00:00,45.725277,-0.9821869,-0.4496801,-2.7055957,6.5379386,15.285402,0.9374429,-4.043611,-1.5532024,-0.6060041,0.29980475,0.2270497,-5.71234,-1.6565672,-11.267934,20.67056,14.625346,5.1670446,-2.5884094,-4.0403895,12.8152895,104.974,0.95610625,-0.2774078,4.0796137,-0.03438605,-0.0046691024,0.05967363
2025-07-08 18:00:00,-36.92936,1.4092191,0.48546937,1.9379979,-64.76453,-39.03294,0.33361015,0.90253156,0.7495525,-0.25618455,0.21438774,0.22033675,-42.14106,-101.6453,-45.250916,6.5554314,2.1421108,3.463513,8.678894,-3.4693427,8.013353,-109.72398,0.80068123,0.2728825,1.6477454,-0.9072916,-0.018967953,0.4251446
2026-01-06 04:00:00,21.5292,3.2487648,-1.6268504,1.6042669,20.795523,-18.374405,1.4396874,0.39123064,0.20092854,-1.597358,0.6280893,-5.8163166,36.579998,70.729294,38.59445,-12.709494,-4.0770097,-12.881073,-1.2610964,-2.0643792,-0.64192736,-146.69136,-3.852326,-0.032356195,-1.5701449,-0.0028853584,0.006765202,0.0656102
2025-08-11 05:00:00,1.2847143,4.506062,1.1568056,1.806132,7.1911693,-11.034572,1.6085601,1.2316101,0.17193365,1.4706721,0.42398703,0.3803319,-6.032537,-10.086598,-26.932728,-4.4402547,1.7685189,2.1816957,2.691052,-1.7201539,2.498641,-119.44153,-1.8077995,0.1459105,2.4458418,-0.03163539,0.04912808,-1.1159066
2025-12-27 21:00:00,-1.8927459,-0.48599213,-0.6502362,-3.6948316,-11.340122,-13.577561,0.93497384,-1.0171317,0.6590915,-5.1356235,0.10593223,0.07361609,-6.260047,-5.156983,-11.004342,-19.768467,-9.171442,-2.4316568,-25.295614,-5.9582987,-9.655145,-68.13274,-7.327993,-0.11931831,-16.661955,0.011754683,0.009324432,0.08127146
2025-08-28 02:00:00,-72.91778,0.28139415,0.84485334,2.8714993,-21.248606,-26.863735,0.21292457,-0.7546468,0.116099544,1.5005388,0.09711922,0.15499845,-11.777162,-13.261645,-28.06112,-0.48076543,0.14782873,2.0838437,3.7797334,4.778258,3.0625563,-128.5363,-5.3003826,1.098481,7.207252,-0.014768532,0.031147353,0.10226418
2025-09-24 18:00:00,-19.802216,0.14427216,1.9929128,8.944422,-40.15053,-22.475805,-0.18443842,-1.0903957,1.0267504,-0.91099274,0.28242376,0.26848167,-24.825302,-56.29048,-35.64654,8.388055,3.8322368,2.5462985,3.1466403,-1.0423381,0.29122162,-73.8438,-1.3404514,0.89083874,2.0540497,-0.107605934,-0.016017463,0.68113416
2025-08-22 08:00:00,38.27869,1.9191501,0.093987934,1.2096075,15.136642,9.528075,2.7326713,-0.79522777,0.036937572,0.1631765,1.4000208,0.58718497,-4.3229933,-5.7082286,-14.260264,8.443956,7.586387,-3.8470688,27.4349,2.823094,6.9320693,3.7702434,3.256312,0.09179224,4.6875744,-0.011389976,-0.039195847,0.22193637
2025-07-23 19:00:00,11.219258,-1.4612741,0.76760113,6.362268,-10.913008,5.8141394,-0.783307,-2.4293308,1.0180115,2.3108814,-0.32658345,0.2005146,-12.835014,-18.74797,-21.794485,16.510395,5.935431,4.565619,9.2514,-1.3451315,6.1714606,-29.655247,1.1901295,-0.44353622,-1.1455555,-0.0130819995,0.113531284,0.4820918
2026-01-06 22:00:00,28.088484,1.6415355,-4.286796,-6.0280986,25.894453,-5.37828,0.6423549,0.8820047,0.13903627,-10.985053,0.13155499,-1.7921468,-5.3208585,-4.756695,-17.75439,-9.302989,-8.284864,-2.4939575,-9.406595,-17.316225,-8.197675,-107.47544,-21.534626,-0.29552117,-23.629719,0.004875983,0.0069507957,0.054901045
2025-07-25 22:00:00,55.084854,-1.0135487,-2.610561,-10.355881,49.40612,7.6284914,1.7632834,-2.1654232,-1.2468184,7.468821,0.08437909,0.0855912,-16.284155,-31.194754,-32.014324,25.302334,11.145008,6.9381294,33.54085,-2.836326,8.413998,137.32666,-3.1322749,-0.52383286,3.448751,0.109173775,-0.02017718,0.0600661
2025-09-26 01:00:00,-113.21072,-0.6760341,1.0069028,1.739781,-46.17981,-64.37655,0.60745984,-2.1188824,-0.45548955,-0.7617486,0.07284046,0.13637328,-23.67711,-41.28172,-42.268024,4.9900928,5.044674,0.9422995,8.007516,3.0501435,1.7958652,-70.37181,-6.8844395,2.0502164,7.7892795,0.04941542,-0.13184322,0.19521156
2025-08-16 05:00:00,4.9542108,-5.118046,0.9841545,1.4089168,4.6217275,-5.376377,-2.9923394,-0.20493965,-0.021629365,1.4821044,-1.2406993,-3.6515124,-3.0130608,-1.7673415,-12.016987,-1.2778627,3.5889504,2.069802,-1.3078178,0.67875504,3.9233859,-68.613335,-3.113359,0.6037969,1.3015469,-0.111893654,0.053348254,0.08865808
2025-08-09 13:00:00,-12.077379,-3.6733284,-0.2553732,-1.0834478,-38.390175,-2.7129943,-1.7657509,-1.67816,-0.34746686,2.67369,-0.42087385,-2.1757395,0.82132715,-2.4245086,-12.317208,18.530972,2.4137459,7.029831,37.194084,-12.495893,13.753872,74.68729,8.819164,-0.136557,8.193412,0.07842914,0.10877359,-0.035114795
2025-10-29 11:00:00,18.60452,0.55360657,-0.57216746,0.16704044,-29.537958,5.5216317,-0.4530353,-0.86802846,-0.04824788,-6.1305485,0.2333943,0.45191452,-4.7460213,-2.4246387,-0.4636833,-3.3182003,0.36007687,-0.25353128,-26.495077,0.4954226,-10.011969,78.06307,5.156607,-0.33928454,3.3584087,-0.010244415,0.001655744,0.03658131
2025-07-12 18:00:00,-22.08735,-2.7380512,-0.43556097,2.525183,-43.421017,-19.36388,-0.9956303,-1.0328791,1.1310581,1.5325847,-0.44297945,0.19462441,-12.836003,-27.842583,-37.362072,10.746839,4.031328,4.126613,2.035531,0.33322814,-0.30374286,-122.12937,-1.6763619,-0.64935654,2.538806,-0.006591373,0.08952451,-5.6123686
2025-07-15 21:00:00,68.923454,1.3069927,0.08488844,0.862483,36.46786,19.386293,-0.6502463,5.7509975,0.009679786,7.657502,0.16377197,0.16918154,-4.7741895,-7.535722,-12.311567,22.458578,14.53737,9.047244,21.731049,6.7273326,11.267731,9.864967,0.5859569,-1.1307852,5.036897,0.12742832,-0.0034142067,0.1643342
2025-07-03 18:00:00,-36.71432,0.43630686,0.17571755,-1.6967007,-67.414116,-38.981544,0.29345375,-0.60400504,0.7732588,0.6646744,0.19521494,0.20260389,-48.45125,-108.57073,-44.09346,9.558378,1.7099891,5.001013,4.430963,-4.930936,2.518674,-141.3266,0.033570044,0.16707326,4.5137544,0.51241815,0.078503005,0.43063512
2025-10-16 02:00:00,-42.97706,0.7063328,0.5265224,1.4548205,-6.503052,-25.532803,0.29555577,-0.47079223,0.06176949,-2.504021,0.21383739,0.2470357,16.4772,16.887548,2.2365558,-13.930517,-6.3525925,-9.536166,-2.759338,3.2815182,-2.9478393,-86.76365,-2.7189107,-0.17197955,6.3281217,0.03836432,-0.0041895793,0.049543794
2025-12-10 09:00:00,161.20056,3.4115357,0.51713485,0.07409008,81.85193,70.69932,1.1556867,-0.3963185,0.45127147,-4.6974797,0.71041965,0.42691186,-2.4169834,-3.3886611,-1.4253405,4.370264,-0.7085454,2.7755475,-26.438927,-4.4412317,-13.914585,112.51148,-3.825869,-0.7269349,-16.040571,-0.05096832,-0.0021654442,0.057577867
2025-09-20 06:00:00,-8.5567045,-7.3306494,0.88944525,4.050862,-1.4558643,-16.293224,-3.588568,-0.68269974,0.7068147,0.7007225,-1.9804091,0.32165638,-12.674064,-18.306292,-36.488914,2.3144724,1.8142277,-1.6926193,11.443205,-0.16067451,1.2632443,-95.52141,-2.742613,0.15632631,1.6385312,-0.08326746,0.14497176,0.11402111
2025-06-29 16:00:00,-19.79256,-6.755039,0.26359147,-2.2090373,-38.6133,-13.079012,-2.6457822,0.9211796,0.06648054,4.4785266,-0.861171,0.19006199,-14.646716,-10.687862,-19.094604,18.21214,17.671785,5.2428503,16.837969,0.06776868,8.513304,-10.167045,3.6944885,0.8134944,-1.3829775,-0.081390046,0.043040965,0.30461058
2025-11-26 12:00:00,1.8160111,1.0805423,0.36941403,0.70254904,-52.06791,-10.547726,-0.35189167,-0.5649995,1.2608477,-3.9895868,0.32615554,0.41100147,-3.9964678,-3.7327342,-11.4748745,-0.1067666,-1.1101768,1.2641475,-20.433641,-17.943035,-9.294932,-7.7113314,-1.3906345,-0.28379506,-7.012497,-0.03038835,-0.007669783,0.089884564
2025-08-31 05:00:00,-4.206662,-8.269841,1.0169765,1.9672347,-0.90163493,-7.7001762,-3.6051412,0.3227534,0.06433265,1.068836,-1.2182059,0.32815653,-4.1113772,-10.156003,-24.474222,-4.1951966,0.80542576,0.29010805,5.803292,-1.3358065,4.420319,-84.855286,-2.626296,0.21581109,1.608533,-0.0017069802,0.07003436,0.08840693
2025-11-09 00:00:00,-61.977844,-2.9779935,0.16682194,0.9069483,-32.349342,-46.70216,-0.57836956,0.32636723,0.063709356,-2.6577694,-0.38744986,0.30661026,26.034367,14.387454,4.6845226,-20.736956,-10.155649,-7.7771673,-10.165309,9.113715,-3.896994,-59.68664,-4.211934,1.0170482,-5.533737,0.011985684,0.012951272,0.055900577
2025-08-24 00:00:00,-64.21638,0.17374587,1.4607028,3.9107306,-20.999237,-45.556953,2.7406635,1.0486912,-1.1504134,-1.2444861,-0.39935002,0.14573926,-9.164589,-10.451422,-12.381611,35.72298,13.469686,8.178783,17.907995,9.405534,6.138337,-13.057707,-7.5524597,-1.0157621,10.766415,-0.035270017,-0.041930545,0.11524255
2025-10-21 18:00:00,1.1847386,0.7140933,-1.298949,-0.69797146,-7.9994493,2.868314,0.12643674,0.47831905,-0.6420803,-0.31510898,0.33430624,0.33287096,3.9473052,11.41417,2.370731,-1.6999772,0.6927092,2.6600463,-9.131418,1.0964779,-1.7792238,72.80953,1.573273,-0.29912883,2.7158616,0.07201459,-0.011038309,0.071910985
2025-10-29 13:00:00,-35.82488,1.5781529,-0.021893984,0.20385368,-64.09395,-23.695715,0.18575092,-0.55867463,0.18365857,-5.338805,0.2896852,0.4471827,-4.0524187,-4.137433,-9.511647,-4.145536,-1.0804296,-1.8116516,-26.461315,5.758172,-9.355061,-15.992756,6.35825,-0.057154305,6.019365,0.07083971,0.006644974,0.09691002
2025-08-17 19:00:00,20.713194,8.226209,1.0022053,6.9290795,-3.637375,5.933329,2.7212489,2.8830636,0.56414986,0.48107144,1.2802784,0.2465256,-5.269418,-6.264131,-16.827982,14.494961,0.5878191,4.738025,5.616927,0.21912603,9.170679,-21.569643,-0.07412522,0.4933358,4.7899175,-0.0064771823,-0.030875979,-1.4012538
2025-12-29 07:00:00,29.975163,4.835412,-1.9671942,-11.219403,10.418847,21.07659,1.8928396,0.88744605,-0.87515736,-1.0840107,0.3228204,0.7318453,-13.816687,56.190815,178.28624,-4.1355124,1.1422645,9.2298355,-5.4534802,13.450709,5.480885,175.95065,-2.1205175,-0.6748904,5.260278,0.02077519,-0.002420071,0.05893219
2025-08-15 22:00:00,43.330395,-0.460716,-1.0199513,-4.895546,35.14926,3.4379306,0.9683289,-1.4673914,-1.115467,1.2590377,0.144811,0.18274423,-5.278645,-1.3296502,-9.046879,19.655125,14.243715,4.1657877,-2.455608,-1.4070797,9.225504,94.61602,-3.1301894,-0.78566283,4.2604733,-0.10371746,-0.0061932043,0.03888058
2025-08-12 14:00:00,81.43237,6.979048,-0.5330381,3.70062,56.703392,72.06087,2.5130062,0.08706024,0.080083005,3.5828397,0.861375,0.4176808,-3.153687,-11.196886,-11.474395,25.80978,8.761505,7.106111,25.617914,4.7244387,11.385217,8.269986,10.40725,0.9703838,13.84141,0.057384495,-0.020002598,0.5603546
2025-10-13 01:00:00,-72.16401,2.5371037,1.0351759,2.5810165,-25.145094,-48.263187,0.8238127,0.96817553,-0.008041268,-2.0684602,0.17982313,0.2300836,13.948092,13.508525,3.8036492,-12.686324,-6.0614977,1.4628291,-6.6038246,11.802913,-1.3802825,-68.478615,-1.9732609,0.30998865,8.276445,0.045896206,-0.021210391,0.049120188
2025-11-22 00:00:00,-73.75048,-1.6502914,0.33430156,0.38018176,-37.92324,-51.959667,-0.47500876,-0.22344123,0.11573135,-3.1402748,-0.3829034,0.27077964,21.37077,9.201665,-0.96687144,-27.39725,-15.11524,-12.269172,-8.617418,-14.471329,-5.4519005,-78.245026,-8.578574,1.0119208,-6.789697,-0.032078553,0.026084423,0.056009542
2025-12-05 19:00:00,-11.797576,-0.586116,-2.5301418,-6.2836757,5.2879663,1.0318818,0.31109887,-0.9145517,-0.65125686,-4.109409,0.13353541,0.35415408,-7.7592206,-5.706809,-4.2082767,-0.29212186,-2.5438952,-0.08590749,-11.669277,-5.8721113,-5.8804173,-7.369416,-17.76874,-0.30496532,-10.570588,-0.06050672,-0.0061631915,0.076471046
2025-08-23 07:00:00,3.0440009,-8.668901,-0.569657,-0.9235611,1.9833357,-2.021666,-2.9614677,-0.309342,-0.043224856,-0.096868865,-1.2847908,0.3930015,-5.502221,-8.90943,-18.199074,8.436094,4.8368783,-3.967996,23.32919,-1.5497906,3.2112098,-42.322144,-1.6888742,-0.4164095,-0.15258127,0.03182643,0.021495406,0.1472736
2025-08-08 17:00:00,-14.093349,-0.35143408,-0.06993037,0.13980396,-34.083214,-11.402956,1.1386302,-0.59596705,0.7218074,-6.367162,0.29785568,0.22725308,-42.047752,-91.95099,-36.62869,8.083911,3.0013237,3.1496208,11.171581,1.2911818,0.2933951,-46.028133,0.40511274,-0.076670416,7.06973,0.2567498,-0.009728928,0.6210613
2025-11-14 11:00:00,20.52658,0.11906404,-0.7028802,0.49563676,-29.121975,2.5132473,1.341971,-0.55411136,0.4997666,-5.636457,0.2849405,0.46414706,-4.6544113,-5.3228116,-5.5346866,-2.2258182,-1.9320885,0.4951737,-27.680809,-4.44384,-10.979423,43.861797,3.3723915,-0.6183209,-4.5033054,0.006723967,-0.001466116,0.07147027
2025-11-07 06:00:00,72.7575,4.6654453,-2.395081,-10.671948,91.00779,24.478508,2.471435,-0.13923594,-0.7945566,-1.2965126,1.5222374,2.2062495,47.607605,113.34193,91.02794,-1.0539368,-3.895341,0.78034973,-2.36454,-13.244326,-0.91544724,195.28688,1.8705764,-0.73398966,-10.052469,0.03463677,-0.0041287043,0.06532326
2025-11-06 12:00:00,9.14101,0.9679033,0.18992457,2.4826038,-46.88904,-1.2562099,0.73432946,-0.30666995,1.1683322,-2.7972267,0.35902795,0.40763882,-1.9813709,-0.13390578,1.6142428,0.7524454,0.2645955,2.3369408,-15.105724,6.4155035,-6.3128138,-5.6300244,-2.3966963,-0.44933617,-4.0434575,0.026235526,-0.015967974,0.1051163
2025-06-26 21:00:00,90.44408,-1.1647377,2.2256713,-4.771857,42.35307,31.86081,0.12915488,-4.71017,0.7346424,10.947532,0.19402678,0.18027931,-2.915353,-25.931583,-18.977737,31.341127,12.624616,9.3706455,55.242966,4.922053,17.20616,105.7384,7.7332993,0.06689781,10.577166,0.03893394,-0.021498345,0.09130403
2025-08-17 12:00:00,11.05869,2.2166915,-0.40730533,-0.6879182,-26.775568,17.986814,-0.27218834,1.552104,-0.09873669,0.2148027,0.02407278,0.22413856,-4.939572,-7.537337,-15.291627,8.795533,0.7689427,3.696168,9.77953,1.68203,6.8674216,112.55088,7.733663,0.8683886,5.340553,-0.09899487,0.06880204,0.0135252
2025-10-10 11:00:00,19.962933,-0.37467661,-0.28991255,-1.3282769,-29.207893,10.096567,1.1728642,-1.0170139,0.1482354,-6.6366315,0.18091,0.28886017,-4.164635,-3.5787687,-2.5198362,1.2703611,0.70202804,4.8335104,-21.175488,-0.45153105,1.2672201,94.70292,5.981998,-0.3042888,3.7570305,0.026040558,0.0032219498,0.02809738
2026-01-06 15:00:00,17.32229,5.958905,-3.7932136,-6.430347,-11.667463,42.356396,2.8438067,0.16059104,-0.24050242,-5.9893923,0.5342971,-4.0988374,-10.066,-16.247929,-38.584446,-4.010741,-2.378498,-0.7668815,-10.573979,-16.942892,-6.4217787,-108.257744,-5.8530025,0.33895814,-17.679173,0.02210284,-0.033413798,0.09529616
2025-10-14 04:00:00,15.104591,4.254259,0.019035423,0.16045186,23.738445,-21.615095,1.1180841,0.41114268,-0.17399561,-1.505199,0.9623391,0.55229664,24.085707,20.937435,5.16564,-14.3039255,-6.4485292,-7.0210557,-0.6212639,2.21442,-1.8018241,-23.663769,-0.6364358,-0.10834384,2.4558136,0.006334006,-0.018566767,0.10359979
2026-01-04 18:00:00,12.076355,-1.0524125,2.2642503,6.372009,11.51148,11.455146,-0.6265751,0.67884994,0.85306036,-2.1491358,-0.5386285,0.2601359,-3.7033668,1.6243637,-10.220749,1.2557207,3.3957767,-0.5382213,-6.2307496,0.4985566,-0.29667696,91.43597,4.064853,-0.044312198,-2.2244163,0.023800496,0.025793206,0.053334694
2025-08-18 23:00:00,-1.3111999,2.4693499,-0.1440546,-1.961813,-28.54829,-46.3186,1.066623,1.6103915,-0.3767637,1.0104693,0.15064467,0.20453367,-11.382091,-21.361664,-28.001827,14.511074,7.725118,4.9597015,14.477745,2.9880073,6.6011515,84.7623,-4.213987,1.6769731,-0.8304072,0.10151242,0.40906683,0.13304254
2025-12-31 20:00:00,-19.169804,-0.667057,-1.5235021,-5.136397,-30.040993,-17.777079,-0.7105888,-0.9146288,0.6472883,-8.014031,0.023643697,0.16108352,-9.492733,-10.982646,-18.646046,-3.9022214,-1.2957371,-1.5332352,-12.276839,-8.540818,-7.246877,-19.636883,-9.809117,-0.07188046,-15.335134,0.010110634,0.0019499908,0.06552314
2025-08-24 06:00:00,4.020026,-17.744751,0.84291005,2.5190256,8.4157095,-7.4914856,-6.667829,0.30008692,0.8327556,1.2666007,-2.918892,0.3605098,-1.5587403,-4.9280005,-15.990009,3.7786403,3.6931546,-0.070248485,5.9238644,-0.755631,1.9542612,-46.180237,-2.5976844,0.28111064,2.2260804,0.0028706894,-0.088298395,0.06300096
2025-09-26 18:00:00,-22.504887,0.015476144,1.8772101,10.12207,-44.45115,-27.501137,0.9312264,-0.8259516,0.8761331,-0.32154682,0.23218188,0.23163693,-27.423447,-60.692135,-36.531105,8.360028,2.9487193,3.0241208,5.447146,0.20368165,0.47326905,-97.88324,1.691453,0.8175089,2.6186297,-0.19837752,0.036858395,0.55936134
2025-08-28 10:00:00,63.03856,0.7030047,0.43806893,-2.9929566,8.129052,51.772224,0.5903715,0.1672935,0.31412575,1.1631303,0.15621,0.31814602,-5.8311133,-3.320329,-8.075604,16.640896,7.377722,3.9209216,17.942446,0.010227954,11.950776,143.39914,6.7204995,-0.16735537,-5.5408025,0.1383864,0.03740004,0.065662086
2025-10-25 14:00:00,39.385952,-5.8917766,-0.17328498,0.13571243,18.382685,53.0843,-3.968418,-0.3711329,0.1347984,-4.2368064,-0.9703372,0.45376602,-2.1427073,-0.97809726,-4.306791,-0.31947032,-2.7719355,1.5550874,-14.829776,14.104723,-6.3220487,-52.22814,14.55317,-0.23772526,9.0487585,0.026436191,0.010778195,0.10934066
2025-07-11 03:00:00,-68.148,-0.34605938,1.0095155,3.1186674,8.329258,-29.647173,0.7039455,-1.119704,0.47057426,3.446045,0.17796522,0.17284648,-12.471784,-12.64687,-27.6155,3.1107392,5.3337,2.9874167,5.0521927,1.2602551,3.5915656,-147.09344,-14.455392,0.80858326,6.313772,-0.007851412,0.024800442,-0.929733
2025-10-10 12:00:00,3.3397048,0.40930238,0.09101714,-1.0693891,-35.40542,9.107029,1.3170807,-0.8276673,0.46400064,-6.2776103,0.19177581,0.3851346,-3.6587937,-6.227504,-12.705207,1.7852943,1.9899309,4.946973,-20.282381,-0.30247954,2.987728,61.04963,4.7874446,-0.012185483,6.676182,0.018190604,0.12685294,0.037426848
2025-10-15 11:00:00,18.695171,0.4237107,-0.087822296,-0.30775547,-30.346087,5.8459473,-0.40647468,-0.9690874,0.14648715,-7.1973886,0.23147056,0.39888522,-4.632592,-4.602875,-4.3585362,2.419749,1.7825341,2.393633,-18.547447,-1.3390423,-9.333703,83.9866,3.8626866,-0.059087586,4.5404506,0.011122942,0.0025924935,0.029961888
2026-01-02 14:00:00,14.0789175,-3.28025,-4.9410563,-13.048125,-6.224658,21.570183,-0.8073839,-0.13864793,-0.7995833,-10.055183,0.39394313,0.3777162,-13.71097,-25.26509,-40.0937,-2.062938,-0.047923833,-1.7509075,-23.870655,-30.008728,-16.68841,-149.63821,-10.825919,0.8044914,-35.702663,-0.0048126043,-0.06718439,0.16246389
2025-07-28 03:00:00,-70.83919,5.2897325,1.1909667,3.1740677,0.8916039,-29.923695,1.0715767,2.2623878,0.4388555,3.77916,0.18266407,0.17284486,-18.516531,-41.53645,-38.289898,6.9111695,5.494874,0.85823387,16.497171,1.0230501,2.1908278,-157.96306,-6.0689716,2.0933151,7.636809,-0.021464618,0.03988644,0.13706638
2025-12-17 17:00:00,71.09624,1.7203686,1.1537179,5.574558,54.10826,62.0104,0.4865257,-0.2748668,2.5979655,13.963938,0.35042065,0.41737193,2.950992,10.846649,4.9934726,2.3504674,0.14997889,1.4697932,1.0741469,2.5426643,1.7785558,2.746735,6.3336163,-0.09213909,8.107503,0.01542431,-0.00642194,0.14354543
2025-09-13 05:00:00,-5.0340967,-4.784826,1.0273118,4.115339,1.8532155,-6.8008776,-2.174824,-0.4776146,0.28538084,1.0169119,-0.87813,0.29663953,-9.002785,-14.727967,-32.770214,-1.5900327,0.7649548,-2.1327763,9.212616,-0.112838,3.1583424,-114.33797,-3.7147164,0.401818,1.1118139,0.030665578,-0.0058107823,0.088059366
2025-11-16 05:00:00,39.999393,-23.09172,-0.55927294,-5.4477553,32.10353,7.8247533,-8.641655,-0.19937904,-0.08467607,-1.8179601,-4.7176447,1.918555,27.927801,88.58195,141.55917,-10.803539,-4.2310505,-16.694403,-5.6640053,-0.81613886,-3.5574071,65.82152,-2.3896759,0.40116996,-5.265548,0.020839574,-0.00046477676,0.09957647
2025-10-30 12:00:00,8.506219,1.128256,0.600061,1.8038675,-44.300453,-3.0192351,0.7445915,-0.4257746,0.39903486,-3.9951367,0.3305695,0.38834742,-2.4107876,-2.7868583,-6.0366235,-1.2736597,-0.0852374,-0.18575208,-16.676537,6.941432,-6.6016073,-15.303111,8.424453,-0.53173894,6.961985,-0.0010977192,-0.0024760563,0.10210081
2025-07-28 13:00:00,-7.114812,6.1942363,-0.08040066,-0.8695111,-28.955902,11.0072565,1.7757449,4.0800424,-0.14227629,5.9208217,0.10792865,0.31747946,-6.425187,-24.755058,-21.901901,17.288507,3.5045016,3.98477,44.474987,0.87447476,11.838875,110.162186,2.5767124,1.1811203,9.385717,0.059990183,0.04250766,-1.0627086
2025-12-07 22:00:00,7.597412,-1.9697863,-0.3166589,-2.4763567,10.49322,-12.370423,-0.36094308,0.64031535,0.06350826,-6.562957,-0.26620448,0.1680583,5.7844906,4.1023817,-6.274532,-21.69783,-10.713599,-10.848228,-20.675196,-13.497782,-8.921682,-98.341286,-17.472822,0.3573922,-17.49254,0.08275461,0.008373133,0.067215
2025-09-21 20:00:00,20.062618,12.684351,-1.687576,-9.516011,-21.768074,1.8537196,3.5619326,5.316258,-0.82595634,-3.7206159,0.6546915,0.20440416,-5.162042,-3.136737,-14.205583,23.342623,15.082678,6.859393,25.49427,-0.04638076,12.445414,39.30169,0.47865435,-0.18623652,4.3270307,-0.06374733,0.0011042014,0.106390715
2025-08-23 08:00:00,22.793114,-17.947115,0.041576598,0.6604509,6.243595,3.581989,-9.273594,-0.38670856,0.19874647,-0.065417744,-3.5337956,0.52262974,-3.1140618,-1.7001736,-14.192593,10.773184,5.15496,-3.6933062,24.325672,1.6812602,4.737593,-1.1710178,1.6994965,1.092068,2.872132,0.00798717,-0.0056271,0.18655159
2025-08-10 20:00:00,17.213161,11.345607,-0.26817814,-0.4000093,-17.788143,6.3697896,3.4585707,4.228206,-1.4179728,-0.308715,1.0512754,0.15157399,-4.1094384,-7.6660714,-17.850697,1.0408902,15.55138,4.5860105,10.588581,-0.32450584,13.415532,101.986435,0.43828124,1.1934465,4.3980665,0.079876706,-0.023011787,0.04795584
2025-08-25 11:00:00,21.173851,1.1871203,0.5669821,-0.7627826,-33.52847,16.179104,1.0615557,2.3625875,-0.051568706,0.64163077,-0.13794592,0.35100845,-5.624403,-11.505745,-15.408669,7.2171354,6.771353,1.4288764,9.31121,-0.66876173,8.629228,107.82456,0.9303261,1.0276825,3.5311584,0.04070168,0.090229034,0.027604964
2025-07-17 10:00:00,64.50713,0.661448,0.9711584,0.49430525,8.879322,57.917023,0.88849986,-0.16753888,0.005026486,4.963285,0.074308045,0.25634578,-2.802449,-0.07838219,-7.091824,20.155502,7.3138494,5.5702896,34.33469,1.6810294,14.922322,134.83044,8.050272,1.4197142,6.49079,0.3303006,0.052421205,0.027652483
2025-08-02 16:00:00,-28.23148,-5.1333,0.34377003,0.27918914,-53.70562,-13.998653,-3.0146427,-1.2658821,-0.1320214,0.47132745,-0.70504844,0.34032446,-14.592423,-26.172405,-26.75821,9.868545,7.006527,5.8214073,5.9182696,-1.3453538,2.6709836,48.064507,4.053698,0.3749575,1.3983399,-0.053124964,-0.10243085,0.4362166
2025-11-24 00:00:00,-71.114914,2.5023794,0.30487624,0.46623415,-37.675316,-56.521885,1.0872922,0.50119996,0.33812076,-2.94988,0.19754338,0.39497373,34.992043,19.282343,2.8499832,-22.668825,-12.3055315,-11.938533,-11.3496275,-4.1900287,-4.9790316,-77.059326,-10.482031,0.93138516,-6.7976384,-0.050090216,0.000978424,0.047241002
2025-07-29 09:00:00,179.7335,11.814247,0.45160183,1.6951911,84.4397,100.16378,4.6768227,-0.7190938,0.11541546,4.9641557,1.8669323,0.63120085,6.324966,-0.2133959,-3.651378,18.268858,6.055127,10.269809,61.98487,2.5928571,19.07895,24.858034,11.464175,1.72688,-0.6318662,0.12116637,0.0073137376,0.11395109
2025-06-30 19:00:00,4.698481,0.036760055,-1.2040316,0.16168138,-25.258862,-2.2551837,-0.2485274,2.8427722,-1.8207557,1.6745677,-0.43279082,0.22744153,-11.179739,-18.964157,-20.933426,8.830382,9.614652,4.5360055,7.9635386,-2.243159,12.080332,-29.516056,2.7645137,-0.90424246,0.9928691,0.034092877,-0.043376964,0.42866132
2025-11-23 13:00:00,-40.692387,-5.9279456,0.01591495,-0.44986722,-72.64348,-30.81911,-2.2609265,0.47650212,1.0425979,-5.4770255,-0.79654825,0.31110215,-5.1972866,-6.771662,-10.67432,-12.753719,-3.2167914,-2.9576097,-27.36282,-11.274617,-11.383899,-33.364395,-2.238673,-0.062788524,-6.30943,0.07487625,0.0103244,0.09840533
2025-11-03 06:00:00,74.74965,6.8285427,-2.2309775,-7.9102488,85.37749,26.388086,3.0878527,0.8249745,-0.5553179,-1.4055196,1.280937,2.3411288,37.535774,81.75765,44.190113,-11.0325165,-3.4739707,-3.1272242,-3.039117,-14.808214,-0.32109678,151.60027,-1.5718727,-0.28410485,-7.6256733,-0.0065040593,-0.010802563,0.05326008
2025-10-28 03:00:00,-41.804844,2.3417566,-0.011813626,0.093993865,17.350277,-31.777174,0.6524527,0.28002465,-0.2083309,-2.0455217,0.38288715,0.58470625,26.204262,35.520668,10.24816,-16.107334,-8.706898,-9.140711,-7.1645727,0.689713,-3.5752292,-53.156063,-7.973156,0.03983807,2.9196591,-0.009448895,-0.00032540108,-0.8175631
2025-10-07 09:00:00,162.92606,7.41499,0.3058713,0.6899797,95.63025,75.29424,3.444317,0.2972721,-0.023871107,-4.929883,1.7736707,0.61583126,1.9480733,6.7764945,5.482426,11.808157,1.6955746,5.44209,2.9803348,-3.3260143,13.098046,95.2631,5.880804,-1.6488835,7.8780346,-0.033600807,-0.003596287,0.0717107
2025-08-06 05:00:00,-1.7115258,2.099789,0.88449806,0.87806666,3.996362,-11.750964,0.83386886,-0.49142894,0.09271616,0.6729367,0.43648085,0.42945346,-5.027206,-10.529449,-25.466835,0.08054001,1.4891064,1.5346411,6.6958923,-0.67591673,2.5985236,-95.49369,-3.376683,0.12953824,1.2463248,0.013391301,0.0906135,0.1178198
2025-11-12 02:00:00,-36.762302,1.5313697,0.22465506,-1.0844808,-21.596495,-26.028568,1.124235,-0.26975113,0.09501279,-1.9973935,0.37121764,0.6112238,31.990343,52.197033,17.68425,-15.2019005,-9.586932,-9.480653,-9.577448,-0.34667772,-3.2707403,-64.52925,-5.5911484,-0.075219996,-2.6653483,-0.0025578341,0.00760931,0.06264106
2025-11-11 01:00:00,-83.74502,1.4497706,0.17319603,-0.013648268,-28.943615,-63.927612,0.26962268,0.23258884,0.28330198,-1.8717151,0.21357104,0.4897518,34.138947,41.438515,8.8763895,-20.88729,-14.910949,-8.825685,-7.205668,-4.725479,-2.1218412,-60.180706,-7.734943,0.22906345,-0.46410838,0.022960167,0.023739448,0.051225033
2025-11-24 20:00:00,-32.966988,2.0886166,-1.3770866,-6.77894,-34.93018,-24.996504,0.43206912,2.3204043,-1.4522289,-6.691129,-0.07315512,0.16488259,-5.632083,-6.800284,-7.832742,-20.948399,-12.751,-2.557537,-23.684856,-2.6254234,-10.185315,-43.47445,-3.3518476,-0.36964712,-7.625115,0.04069194,-0.020477667,0.0649054
2025-11-06 17:00:00,52.03076,1.3620713,0.924877,5.181072,33.943054,43.42386,0.78018314,-0.27078864,1.9082029,11.962897,0.60150874,0.45416147,7.388213,14.221668,9.533891,3.3467064,1.6403472,1.8856995,-0.7558004,-2.0609815,2.0658011,10.777902,0.90627396,-0.17905167,5.1107984,-0.026214793,-0.0075841695,0.14655937
2025-10-20 08:00:00,22.113255,4.8883705,0.15493205,-0.906444,9.834952,1.545572,2.379355,0.6743403,0.17292537,-3.268343,0.8702526,-8.222633,10.186382,13.308323,-0.55849963,-10.526797,-4.949697,-1.7485486,-8.228799,-1.0802494,-3.730484,53.677254,0.09001698,-1.3494487,-0.82926995,0.09418406,-0.008282709,0.06821498
2026-01-06 19:00:00,-13.309814,-0.17684959,-0.31233975,0.17147732,-5.8586965,-5.1475163,0.24258438,1.1548806,-0.22431618,-6.147378,-0.07472691,-3.3759856,-11.428594,-12.60109,-18.924711,2.5047197,-1.0538133,3.0364769,-13.826325,-6.6712213,-5.263245,48.494995,-12.341872,-0.12478534,-7.9454446,0.042365335,-0.016656185,-0.02585874
2025-08-14 17:00:00,-15.551841,1.0530211,0.1282829,-0.27263683,-37.588615,-8.017927,1.1591097,-0.41164336,0.7055435,-5.7317185,0.39596805,0.33209795,-20.940865,-26.728445,-23.003931,13.976856,4.7937655,7.1206536,10.856117,1.3876451,-0.31163856,-14.072816,2.6573992,0.75898635,-2.2639918,0.041231416,-0.0033955958,0.60337275
2025-10-10 10:00:00,54.671677,0.8091478,-0.14443398,-1.5333582,5.0351114,50.335434,1.6133273,-0.4455669,0.070056766,-5.847139,0.041724056,0.36451808,-3.1171489,1.9412661,0.13320714,-0.8520206,1.0959393,4.802265,-16.534714,-2.7322748,4.697682,125.436806,8.166762,-0.5516594,6.51096,0.21933752,-0.00037983566,0.047309093
2025-08-16 13:00:00,-15.030671,-3.3187153,0.23904584,1.8185195,-38.379543,0.30743614,-1.4645098,-1.1905863,-0.3689955,2.3010492,-0.4690126,-2.8243027,-4.4418592,-11.121283,-21.709911,-4.268627,7.7392874,1.5178521,-3.639585,5.6638374,9.049627,77.236885,3.3486998,0.7029292,4.967744,0.06801364,-0.1425162,0.07371393
2025-10-18 16:00:00,4.114992,-3.5421867,0.39173502,1.7086551,-40.203766,14.152842,-2.0546823,-0.69168526,-0.09811125,-2.3827865,-0.8054006,0.3613374,-1.5642713,-0.85890704,-4.490868,4.8153086,3.1477013,-0.48519748,-6.0728273,3.1960373,-2.1489627,-5.286277,6.9807158,-0.083053604,2.8260636,0.01812925,-0.0025475447,0.1027345
2025-08-16 16:00:00,-8.956022,-4.1717606,0.39222157,2.2712576,-39.644924,-0.7296199,-2.6132627,-0.6875728,0.09346947,-0.39294598,-0.7462606,-3.1890538,-6.0478926,-12.741556,-23.5769,-1.0265466,7.333452,-1.0071574,0.16251552,2.82775,4.8366027,7.053154,3.9025695,0.9529465,1.1241646,-0.00472718,-0.0011604088,0.24800095
2025-08-06 18:00:00,-25.889418,-0.25726235,1.0324372,3.4221754,-49.750694,-25.979538,-0.48768896,-1.0636281,0.9737502,-2.3623211,0.32004496,0.25271004,-27.272282,-63.127678,-41.9781,7.391623,2.42332,2.0366945,1.4476051,-0.6658035,0.40919173,-75.40768,-1.9424498,-0.0887903,1.044437,0.018027656,-0.0038045007,0.6260058
2025-08-14 06:00:00,-5.680832,1.9687419,1.2457353,2.474681,-1.1699457,-20.389538,1.4769043,-0.4008634,0.9265583,0.92410946,0.6247149,0.38779506,-10.414924,-15.219041,-36.56074,2.2241552,1.2789602,1.2661978,10.769595,-1.5071391,1.9996614,-134.34654,-2.4720986,0.4665904,2.436832,-0.021652514,0.052116096,0.148863
2025-10-09 00:00:00,-54.871265,0.5156787,0.86555386,2.4803262,-25.872627,-49.210453,0.98638105,-0.5034646,-0.3054937,-3.2729328,0.14479102,0.17398667,2.2237895,6.1065197,-2.4463158,-11.654775,-3.8885381,5.6815753,-7.1952763,6.5312824,2.232825,-53.80784,-1.3707372,1.1278552,10.867782,-0.09778844,0.029991783,0.060782082
2025-12-13 08:00:00,49.94016,-5.023072,-0.15093763,-2.9510727,22.259811,17.204342,-1.6040977,-0.7373864,-0.014113692,-0.8492008,-0.4442891,0.2935604,-3.3294075,12.849422,26.126844,0.67040217,-0.39201763,2.5497704,-11.388236,0.83389944,-2.3382046,152.07634,1.8947562,-1.1961484,2.0147538,-0.011507695,-0.019116217,0.076002955
2025-07-08 12:00:00,11.984129,1.4307513,0.19587696,-1.4454327,-29.196325,24.411438,-0.21990526,2.4945865,-0.09457452,4.2602506,0.15962972,0.33263388,-6.966838,-20.240906,-21.410439,12.978571,6.7261252,4.0756936,37.245243,2.236805,14.928987,92.18915,9.873395,0.42019522,5.108261,0.06961614,-0.020059207,0.12613676
2025-10-05 14:00:00,40.28839,-12.367761,-0.53753746,-2.1887543,32.7424,39.668762,-5.687839,0.3624042,-0.061636746,-5.7401795,-1.17837,0.2640797,-7.935601,-4.705942,-12.478666,15.794423,6.067711,6.4220705,7.077141,7.3289723,5.8481984,-108.56309,8.28834,0.135971,10.382128,0.01093208,-0.02502162,0.099287935
2025-12-11 11:00:00,23.296782,0.42370266,-0.85531616,-1.1301402,-33.500996,5.4445367,0.28773937,-0.74150294,0.26705787,-5.847719,0.29990086,0.37295946,-5.5385604,-6.6849055,-11.579453,2.5093403,0.61588174,1.90596,-24.966465,-4.188218,-9.590489,40.82499,-3.9714458,0.22863226,-15.549744,0.018043607,0.08618887,0.063425735
2025-09-12 02:00:00,-75.838776,-0.442601,0.43796566,1.6419485,-26.12646,-27.014046,0.5556574,-1.0653409,0.0724898,0.71815366,0.11840997,0.14084804,-16.211416,-30.537071,-38.518166,3.5050364,1.229079,-0.33634576,7.349909,0.98842824,3.6748288,-149.28595,-3.1269288,1.4012182,6.191226,-0.009978435,0.015496975,0.23914343
2025-11-23 08:00:00,27.486893,-5.3296814,-1.2200968,-7.8297496,-0.15656248,12.155255,-2.20128,0.40270707,-0.76537824,-1.0032597,-1.3592632,0.85128844,7.157575,51.57531,63.36754,-6.2385917,2.4254048,-4.662915,-16.720282,-4.8945365,-4.2211275,138.12723,-1.0875316,-1.1621984,-2.0134175,0.040622704,-0.00010344526,0.07370264
2025-09-24 00:00:00,-81.4289,-1.9767464,0.41019517,-0.18921559,-26.929993,-55.757126,-6.7398834,-1.8067225,-1.9844015,-2.176914,0.1711628,0.15985367,-18.537241,-33.003513,-22.521893,23.96558,5.9492016,5.395253,15.797313,6.6005898,2.0313127,1.8808959,-2.5230772,0.11275514,8.07113,0.03366667,0.035146654,0.15455104
2025-07-02 00:00:00,-90.600494,-0.84238285,0.708057,0.77729887,-33.435234,-56.473396,-4.8455634,-1.1524494,-1.8968909,2.1212401,0.17608176,0.1458038,-23.074156,-40.51332,-27.123493,12.5525875,11.94736,5.0861354,10.342934,-0.038832564,1.8637227,-22.559683,-29.411396,-1.1152728,-12.495053,0.049918465,0.07309084,0.20405473
2025-12-19 05:00:00,57.02472,5.690377,0.87521493,2.6263943,53.585968,14.649671,3.8083751,-0.16809613,0.13149482,-1.346653,2.02068,1.8411412,33.889816,117.888535,172.95425,-7.096845,-4.555757,-0.88152677,-1.3470653,10.302266,-1.7462115,125.65429,1.9214642,-0.17847358,3.5766137,0.0114308335,0.0064454447,0.06580226
2025-09-07 19:00:00,15.950501,8.505514,0.17115006,3.144528,-6.800154,3.837595,2.7425845,3.0841947,0.41913906,-0.5507635,1.1631134,0.26851726,-5.3905535,-3.3657873,-13.001893,16.210077,7.0687647,3.8837576,4.6713276,-0.10181262,6.835202,-12.458892,1.52818,0.77390367,4.6343246,0.050142426,-0.018894058,0.1372363
2025-11-25 00:00:00,-75.17645,1.3025072,0.24444756,-1.4501854,-39.74643,-54.77504,-0.34630892,0.19450168,-0.036132142,-3.1322756,0.18146607,0.29683673,23.923676,10.344003,-0.22168007,-26.90683,-17.69476,-12.904932,-9.15137,-13.472126,-5.0317364,-71.64946,-9.171934,1.2107058,-6.8687053,0.014977429,0.027018731,0.04958398
2025-11-12 23:00:00,-30.791891,0.13444959,0.105794735,2.747977,-35.42369,-46.926487,-0.34075564,-0.33880648,0.257758,-5.067825,0.10846638,0.23299983,11.357331,6.198642,-5.1557903,-19.407705,-11.576133,-9.477584,-15.513765,-0.8351884,-7.1677604,-87.79784,-14.938865,0.49065846,-3.799294,0.00029056857,0.090781204,0.056327343
2025-09-05 18:00:00,-10.349251,-0.33501673,2.3889644,4.7777596,-22.02802,-10.123078,0.29477763,-1.0418392,1.4893254,0.73119617,0.18113033,-2.4941862,-2.7951076,-10.624305,-20.840216,10.260607,2.2140467,4.1647954,0.34900486,2.3603458,2.187414,-86.87982,-0.6278179,0.2554201,3.1637194,0.05504423,0.026697796,0.22773759
2025-12-17 12:00:00,7.4143214,1.0927122,0.070385955,0.1304977,-56.85312,-2.585872,-0.38496485,-0.68713254,-0.11110484,-4.348208,0.3396164,0.35394713,-8.949353,-11.676804,-23.692781,-2.4529932,-0.42793503,1.5974177,-19.69807,-22.229816,-9.158841,-10.510096,-4.3173184,-0.21445683,-22.357735,0.031728223,-0.009698578,0.11845319
2025-06-27 14:00:00,66.16816,1.6188858,0.30893394,-7.2186265,56.70006,64.71753,2.7058609,0.9232314,-0.29985338,6.5264883,0.6930352,0.31254816,-16.35561,-50.201702,-23.15192,25.669718,11.687216,5.7721586,51.372887,1.5785925,18.917131,97.12491,8.12864,1.0215313,14.344125,0.86680067,-0.029786345,0.14994897
2025-09-14 17:00:00,-17.54465,-6.4180226,0.21117729,1.7099547,-27.929487,-14.69135,-2.6140444,0.77453995,0.7541496,-6.1077294,-1.0046991,0.2350759,-22.076017,-34.87847,-28.236292,9.064124,3.511093,-0.22034574,-0.19380212,0.19650145,-0.7871749,-26.411615,-1.0372537,-1.456309,-4.2030435,-0.0059559727,-0.11312538,0.7740683
2025-12-28 07:00:00,32.550606,-11.359601,-0.84902817,-7.523861,29.595427,19.660254,-4.404806,0.6964837,0.03917089,-0.9443658,-2.619289,0.94631916,43.35858,115.2067,200.32942,3.7819145,11.854925,6.482007,-2.0646322,15.814819,6.955295,214.63359,5.8454056,-0.8443017,6.331789,0.0947747,0.013581907,0.0619653
2025-08-10 00:00:00,-59.213295,0.95977217,1.5968641,3.595075,-23.374004,-44.919548,2.2059793,0.9696839,-0.68250376,-0.61766183,-0.33596513,0.1843752,2.8761492,5.0244727,-9.162008,37.69862,20.436607,4.2080803,0.40533012,10.254625,7.5658283,-6.0857162,0.15600435,0.41672966,12.367918,0.06005179,-0.019861456,0.08644986
2025-08-25 22:00:00,55.436268,2.7369359,-0.64741296,-2.377684,47.584747,4.129546,0.7020455,2.4533248,-0.5295847,1.2874308,0.21991569,0.24584976,-3.4621515,-2.8289945,-12.926587,24.08698,12.731753,4.132195,12.300062,-3.5771823,6.8377423,4.7207246,-6.138493,-1.1421382,5.2839026,0.10478677,-0.004234933,0.08403652
2025-07-12 12:00:00,12.1732235,-2.9493818,-0.39722803,-1.1429238,-25.896149,17.220528,-1.0259435,-1.8475796,-0.24731155,4.9205923,0.06331491,0.18396658,-7.7545075,-8.933769,-15.368152,15.53993,8.264501,4.206956,23.34932,1.6364871,9.050596,117.15009,4.597687,0.94472307,5.7285566,-0.03156944,0.03432707,-0.33865857
2025-08-03 20:00:00,24.05941,11.842567,-0.5849766,0.6459333,-17.348925,11.688105,3.6316404,4.982918,-1.0642643,-1.3552984,0.93526536,0.12973295,-4.773378,-4.822412,-15.151943,25.115509,16.890646,6.382629,16.811169,-0.24505669,13.278278,99.70837,2.5831623,1.6117588,4.5754647,0.078781076,0.00045309876,0.047341943
2025-08-11 11:00:00,22.876545,1.5387506,0.49435705,0.96462137,-29.957485,15.794577,0.9992759,1.9581114,-0.116166234,0.8651603,-0.16478507,0.30626467,-6.891138,-13.739983,-15.567675,5.9245205,1.1036664,2.459056,9.919015,0.9428888,7.0646625,134.81325,4.7827053,1.051118,-5.179403,-0.019407399,0.09196483,0.06517669
2025-12-12 10:00:00,50.16269,1.1932746,-1.0439061,-2.2491424,-8.374192,42.66338,1.4366837,-0.25142795,-0.023320515,-7.344603,0.15159345,0.36344525,-7.959735,-8.770391,-15.406495,-0.5266845,1.232197,2.7129755,-33.375217,-10.627979,-17.893398,78.05021,-2.9524207,-0.2599428,-18.64067,0.047567908,-0.0035755183,0.038112205
2025-10-22 00:00:00,-57.76263,-0.3411315,1.5053589,2.9451268,-26.432533,-44.567165,-2.6758249,-0.655754,-0.4372468,-3.76049,0.122467645,-1.1376224,2.8901718,5.695571,-0.7034248,-9.679857,-6.154793,-2.1775544,-10.734764,19.227224,-1.8491306,-33.828705,0.27860942,1.3232675,13.970639,0.075554974,-0.010361589,0.079969525
2025-07-20 08:00:00,19.744062,-25.345718,0.20057963,3.1808262,6.9383545,4.1733046,-12.107177,0.22362775,0.46601328,2.2284024,-3.6276762,0.3822889,-0.5856321,-1.0199366,-12.7809305,-0.4558949,4.044152,-0.30741715,8.21903,0.65410894,4.0982733,-29.784061,-2.157433,0.64109206,2.9049964,-0.022285283,-0.019177232,0.11920018
2025-08-19 01:00:00,-106.61315,1.3735131,1.0570897,2.6896489,-45.735233,-50.656,-0.5727291,1.3569967,-0.10831178,0.98152816,0.058203027,0.12546568,-20.966467,-41.7609,-38.055077,1.6396393,3.0977743,0.6057502,5.3977337,1.4979407,3.8767233,-95.343834,-4.795394,1.8652323,0.82606924,0.0023765948,0.012403166,-1.8952656
2025-07-15 18:00:00,-22.77231,0.8881646,-0.29470438,2.2119155,-47.91396,-22.06499,0.25752753,0.4656971,0.612711,-1.0749224,0.26908168,0.24994987,-19.467592,-33.945793,-38.339497,7.516826,4.4626155,6.266698,-1.9970189,-1.2822901,0.5276312,-72.9694,0.501294,-0.049448013,1.466876,0.0029035397,0.0026597918,0.6964933
2025-12-28 19:00:00,-16.277105,2.1663017,-3.9087257,-7.5284734,0.30796063,-10.886379,0.0087491255,0.95949966,-0.8451121,-7.0791616,-0.20578541,0.3633879,-3.8582058,-3.6184995,-6.100594,-1.7324189,0.08429,0.065081954,-18.766035,-4.7086396,-7.966299,23.746101,-4.2522736,-0.20080811,-9.2403,0.027061021,0.009265789,0.06736238
2025-08-29 01:00:00,-107.506676,-0.3946757,1.0316739,2.202133,-44.523705,-52.812904,0.46879995,-1.5118464,-0.040207043,1.1160445,0.056425355,0.13754621,-17.975864,-32.834194,-36.762703,1.9811107,-1.2246165,1.6490414,4.2787914,-0.8260294,2.4418874,-93.17627,-5.2550178,-3.2619282e-05,7.687981,0.005893685,0.004489349,0.26431793
2025-08-07 16:00:00,-30.628704,0.25628746,-0.045311134,-2.0364237,-48.72671,-19.813295,0.86858386,-0.9575342,0.1241634,-0.043626413,0.3162115,0.3113896,-30.579927,-57.591972,-33.43876,13.15136,4.6209297,3.2657967,14.160161,-0.7940931,4.28093,59.88732,-2.4054153,0.10047236,-0.31823337,0.42673627,-0.11792528,-3.7305336
2025-07-17 06:00:00,1.5057651,2.673889,1.2032795,3.6081915,8.169323,-14.784861,1.8142513,-0.37292746,0.3551553,0.5237564,0.6598358,0.40911153,-2.5246782,-6.39687,-24.964314,-0.587707,0.9409548,1.5303824,10.818159,-0.10155473,3.0763168,-120.27984,-0.04251122,-1.0085104,3.9106448,-0.0014497477,0.016185183,0.1312293
2025-11-19 05:00:00,49.167686,7.768645,-0.59357476,-7.587855,43.416023,11.103538,3.1996348,-0.06888331,-0.12082975,-1.4999077,2.0749567,2.1307788,34.91822,108.99964,155.50726,-7.924116,-2.6788917,-1.8008139,-4.630097,5.9081936,-3.7959201,119.5615,-1.9204426,-0.021875937,-8.864786,0.010036001,-0.006619951,0.062686324
2025-12-24 00:00:00,-97.94248,0.9325882,0.14096467,-5.2288437,-48.671524,-74.50978,-0.87719023,-0.38848853,0.011852217,-3.2704353,0.17322399,0.21965429,14.05566,-1.6908324,-12.287144,-22.94562,-13.4571,-17.811445,-8.786918,-39.501884,-3.846127,-80.38113,-22.749378,-0.16585653,-46.70107,0.013194803,0.035288084,0.058952134
2025-07-27 14:00:00,60.010674,-11.377752,-0.5383054,0.94152296,48.90373,53.99702,-5.206825,0.44542897,0.3540374,9.251068,-1.4538044,0.2268716,-3.0830743,-11.764099,-15.599903,23.814865,11.300448,6.987051,50.127335,0.8582145,15.061632,107.70556,10.540717,-0.28518027,13.103775,-0.016649406,0.08689002,0.09592208
2025-12-17 21:00:00,-10.717051,-0.72950816,-0.7180002,-3.1008995,-8.774927,-24.458992,-1.5714625,-0.93054664,0.8516003,-10.453666,-0.043778725,0.13026851,-7.009715,-7.702971,-12.329745,-22.04364,-12.596031,-2.8246086,-22.324608,-7.771917,-10.647516,-120.44751,-15.763461,-0.34531865,-12.564812,-0.02305717,0.010920835,0.076119214
2025-11-02 13:00:00,-30.115873,-4.694451,-0.19489382,-0.5777651,-60.376972,-14.504936,-1.5041344,0.5434371,0.5456898,-5.3754,-0.7280168,0.31629154,-1.7147253,0.0054884516,-1.0384547,-1.6062967,3.1420126,-2.138303,-22.214928,10.9316635,-9.073563,-0.32771766,2.4576862,-0.32054722,-4.5667753,0.05967524,0.03199569,0.08253974
2025-07-17 02:00:00,-75.20045,0.20336603,0.50640017,3.0778303,-27.02481,-27.186867,0.425928,-1.0269275,0.29701763,3.310195,0.14694698,0.15234232,-14.584977,-30.078178,-38.11641,2.4094226,0.040920094,1.5669751,10.082805,1.0409166,3.6675196,-141.1518,-4.1980367,1.5083508,3.8223238,-0.0114652775,0.044691585,0.19032693
2025-07-06 21:00:00,83.793335,5.831366,-1.4599106,-7.335839,33.497272,37.204872,2.9338274,5.3138375,-0.7192838,9.851468,-0.060405307,-0.80034626,-2.8471153,-11.048412,-15.649388,35.378803,16.480433,7.8841887,46.7922,0.73342866,13.50528,134.59393,1.914531,-0.4515291,4.6156807,-0.078699104,0.05565718,0.06876657
2025-10-28 09:00:00,146.37994,4.9670696,0.63306457,1.9371141,81.74028,67.751724,2.6182072,0.045519076,0.13228753,-4.6875677,1.0320504,0.8212956,3.0675628,9.559819,8.315373,0.5314571,-2.7427447,-2.794814,-22.322514,1.5124859,-6.864033,74.80283,8.286773,-0.20865782,7.4293933,0.0032722638,-0.0007760415,0.0575188
2025-10-23 12:00:00,5.285455,0.62128556,-0.05576698,0.5434433,-33.243046,8.17037,0.8176095,-0.56599665,0.4673873,-4.136937,0.31819573,-3.5347226,-1.5482645,-2.3117511,-3.9050598,-2.8922935,-3.5132813,2.8170972,-21.697117,13.040949,-6.4827414,42.355892,5.794819,0.1835262,5.2361584,-0.11840134,-0.01078884,0.073557496
2025-08-07 13:00:00,-4.2410445,-0.708547,-0.33452505,-0.42276123,-33.249786,7.691079,0.54456127,-2.0880702,-0.066233054,2.463601,0.15555601,0.27359453,-5.4479337,-14.556136,-21.066236,13.777404,8.072603,5.830634,41.640045,4.561698,12.426748,97.0106,4.69176,0.9060751,8.591407,0.0042833937,0.059561692,-1.9381781
2025-12-08 09:00:00,144.51334,5.377218,0.83897406,1.5495452,70.47797,70.92669,2.7961164,0.8133,0.67756814,-4.3557863,0.8648856,0.81637067,-4.8864303,-1.7727109,2.4100056,4.253146,1.335648,2.541997,-36.118538,-11.300839,-13.135389,59.749393,-4.1263127,-0.762763,-17.54782,-0.0069150864,-0.027920356,0.0794624
2025-06-28 22:00:00,64.61544,-3.4506495,2.5294347,-12.563945,50.547516,18.735655,-0.45541948,-1.4161395,1.4265623,10.832771,-0.40909812,0.1427648,-2.036119,-11.018994,-17.717846,51.813156,20.397327,7.488882,43.320534,1.5233063,19.771832,93.696655,-0.9563636,0.602813,11.833715,-0.026630865,0.043831266,0.043944053
2025-07-06 09:00:00,145.71866,-25.088451,0.107104406,-0.17030267,60.854187,79.60637,-12.48574,-0.4057832,0.018863767,2.7812877,-3.616039,-3.2088144,5.088395,1.2339672,-4.5551176,19.454752,7.4036713,6.1820583,51.08894,3.9507456,10.366157,-49.151997,4.447518,0.6373374,5.0358295,0.06490374,0.011960858,0.11058615
2025-07-27 12:00:00,13.361902,1.1627165,-0.26979932,-3.6721532,-24.164988,19.63692,-0.3044978,2.6203167,-0.3305202,6.1689067,0.4325317,0.1660798,-7.246832,-8.504956,-13.703921,19.264019,7.215994,5.599792,44.012173,3.0910306,10.373557,126.43384,5.5856004,0.45010906,6.2714925,-0.018116307,-0.3411437,0.029350158
2025-12-11 01:00:00,-80.674835,0.7301171,-0.057170495,-3.1478138,-30.155588,-60.445995,0.1466278,-0.39228305,-0.22715451,-2.6197848,0.1800061,0.3132773,33.687336,18.731777,1.6530718,-20.074598,-13.614526,-9.109963,-6.758724,-11.459983,-2.534486,-53.57879,-15.116761,0.3332138,-24.73517,0.012335621,0.047951885,0.060878787
2025-10-10 03:00:00,-42.11466,1.0370172,0.20970932,0.18884869,20.935326,-32.667023,0.6700062,-0.5350493,-0.14439681,-2.0952008,0.32221213,0.3724183,21.680912,17.589546,4.4784846,-17.627113,-8.097388,0.09083908,-4.1863427,-1.4521896,1.6506209,-72.18138,-3.4485195,-0.3648457,4.6922097,0.0026546651,0.056968026,0.06843066
2025-07-10 23:00:00,-4.152272,-1.1070567,0.37019235,-3.629195,-30.432281,-43.033928,-0.46573818,-0.9706373,-0.32258567,4.18503,0.06731251,0.16032045,-7.158859,-13.14309,-21.111721,14.486285,17.762148,2.8587446,10.534633,-0.45291084,6.1999855,74.75338,-4.3540173,-0.15092875,5.30122,-0.07452156,-0.026296437,0.040132526
2025-10-07 05:00:00,45.91867,7.160189,-0.19116402,0.7204067,32.39635,5.806258,2.7024171,0.47707397,-0.092245005,-1.4040045,1.3409659,0.9886096,20.164984,23.604055,10.433864,1.724225,-0.060699865,3.484141,-0.4753608,-0.9465424,1.1566098,-5.82369,-2.077533,-0.49124658,0.6668894,-0.018963177,-0.08828809,0.10541598
2025-11-16 20:00:00,-26.5807,2.2867565,-1.1059006,-5.721037,-29.438738,-19.430613,1.2075458,1.5700529,-0.5344166,-6.1444683,0.21953563,0.11679395,4.4965496,0.36309862,-3.6862967,-18.193056,-7.8462024,-6.96103,-24.782026,-1.4055256,-9.882128,-39.71093,-2.6284375,-0.29413393,-7.0678854,0.006814482,-0.010810034,0.10238528
2025-12-24 01:00:00,-88.12531,1.0547234,0.19286412,-4.962681,-32.181473,-66.31419,0.12322635,-0.30712175,-0.104084715,-2.5688825,0.158253,0.30925104,35.385227,12.930027,-3.1891022,-21.106686,-13.856631,-10.032432,-5.90888,-26.104218,-3.862276,-69.39466,-16.642054,0.17277887,-27.165882,0.0120785395,0.055943374,0.058959685
2025-09-13 21:00:00,68.768875,-3.9280117,-1.4691955,-5.697853,35.4936,19.634287,0.011657658,-4.2836494,-0.82725334,-0.06678798,-0.32332602,0.16011707,-2.0102687,-10.877355,-15.254726,26.465298,14.296366,2.8926458,23.21095,-1.3476518,10.064009,24.133566,-0.84031194,-0.2246236,6.0056214,-0.12654671,0.0061534923,-2.2700238
2025-08-21 02:00:00,-78.738014,0.46887603,0.5138534,2.7381063,-28.221613,-29.163982,0.4201423,-0.8066691,0.008495813,0.9498071,0.11871323,0.12964274,-18.14581,-43.513844,-41.72405,3.5987873,-0.059478257,0.40877345,11.338026,0.6539812,4.4684153,-148.52539,-3.6035461,1.095149,6.7253065,-0.10953934,0.044116914,0.16826893
2025-09-19 19:00:00,28.115765,-2.815265,2.4568927,10.869611,5.857236,4.9702625,-0.33440584,-3.0288646,0.62136835,3.2113802,-0.36660978,0.1749902,-18.440441,-40.313496,-24.251375,20.212753,8.158517,4.8025,20.042137,0.9791294,5.403622,-57.04864,5.3819246,0.17123196,8.262228,0.057556953,-0.0053049284,0.42537698
2025-06-29 07:00:00,-2.2844198,-13.040685,-0.3284898,-0.062713556,-10.535375,-4.2251005,-6.013417,0.61372656,-0.11594698,6.127955,-1.2202933,0.27796876,-4.817365,-8.675934,-19.956596,8.492277,2.7805629,3.5310266,18.021942,1.5430543,0.8060912,-123.83839,6.3580174,-0.39473006,-2.9342208,-0.011937963,0.058866378,0.16285178
2025-12-19 10:00:00,56.58629,0.3927591,-1.3449267,-2.6689782,-6.536136,44.622063,1.7208289,-0.7237617,-0.10473982,-8.185664,-0.07980783,0.27406576,-9.683505,-10.543243,-18.664553,9.269584,4.243063,3.0709713,-20.912521,-9.3575325,-18.5374,124.64926,-6.0016837,-0.13319825,-21.545975,-0.08815347,0.0046581426,0.058564454
2025-12-24 14:00:00,21.697836,6.4901876,0.2638559,-0.62151045,-6.3908296,29.685064,3.4681108,-0.43153185,-0.5594724,-8.14679,0.38300067,0.49182448,-4.793134,-13.336846,-26.964556,-6.8820686,-3.6699686,-1.6012444,-19.923296,-27.03736,-12.560617,-147.00995,-7.1144814,-0.18152624,-30.986082,-0.04208674,0.005038284,0.09882482
2025-08-12 12:00:00,8.176799,0.7616476,-0.48225302,-2.3803797,-29.203228,14.232955,-0.46816623,1.8142418,-0.34110317,-0.7279923,0.042541455,0.26154587,-8.662484,-12.022888,-19.977407,14.800544,4.486712,3.5285668,26.262365,3.3656971,10.232068,93.39902,4.7040715,0.25037536,5.619703,0.008649655,-0.12613882,0.036250874
2025-11-10 23:00:00,-29.473389,1.8506067,-0.15297079,2.6421936,-33.89112,-46.973736,0.7920648,0.81358945,0.25535735,-4.827511,0.19315018,0.29358,15.424682,7.271562,-2.6698885,-21.063652,-11.607626,-9.806646,-16.53961,1.6546893,-6.6722894,-88.88901,-3.4430158,-0.33127517,-4.4131207,0.017953537,-0.024018789,0.05861131
2025-07-18 14:00:00,75.591354,2.569692,-0.2770844,0.0123075005,55.455605,65.899376,2.8856409,0.7770807,0.017212912,6.2357583,0.8418874,0.41652575,-2.988435,-12.654676,-15.95308,22.630808,7.1760354,6.659514,29.414957,2.257306,11.8266945,65.127304,6.358342,-1.4436077,13.395261,-0.05717525,0.048628874,0.48027113
2025-11-13 14:00:00,29.05563,5.6482086,-0.02347135,-0.35199323,2.2075746,39.79131,3.3689983,-0.17613295,0.47235894,-5.539323,0.44013283,0.54435545,1.026673,2.588725,-1.8842701,-14.039003,-5.8410435,-3.6433184,-24.23629,-5.627937,-11.688143,-85.5557,7.2452793,-0.20087488,-11.779571,0.023713252,0.00083405717,0.12159561
2025-09-11 21:00:00,67.09352,-1.092068,-1.303163,-4.0891566,37.987206,16.27,-0.5465376,-4.04212,-0.77921826,-0.037870508,0.17226738,0.14206414,-0.27212536,-12.558633,-13.245133,26.70785,16.186451,0.71016765,27.632929,6.531887,11.443856,-7.417507,0.45354304,-0.80254555,6.678477,-0.10262301,0.027649526,0.37799114
2025-10-13 00:00:00,-50.43306,1.1443912,0.6668073,3.2104304,-26.226885,-49.246563,1.6040721,0.7621714,-0.47982356,-3.090524,0.13384072,0.20032328,4.0730877,6.814867,-3.2705731,-13.086967,-7.789224,4.0147824,-10.037385,14.437261,-1.1253972,-68.06587,0.024919547,-0.763272,10.596337,-0.18335347,-0.03375052,0.049258962
2025-06-28 08:00:00,15.890339,-20.192612,-0.0069624055,-0.1466556,0.31973597,3.841327,-10.216024,-0.40090922,-0.008339668,3.4109037,-2.9560509,0.3046299,-5.8210115,-9.058892,-23.754883,13.036557,5.5757494,2.1364658,44.34678,3.9402792,8.034947,-43.560345,4.810645,0.81838965,-1.2791482,-0.03383123,0.02426642,0.30135092
2025-09-06 00:00:00,-63.123653,-0.7301433,1.37894,3.4763808,-21.574163,-51.07996,1.2729644,-1.3880612,-1.6898316,-2.6472697,-0.20791905,0.19667076,-2.4244585,-3.0575163,-13.431737,8.856339,3.4352882,5.9255633,1.297435,10.410469,3.3607466,-9.967118,-0.53722954,-0.613921,11.229776,0.06312815,-0.008159741,0.06704184
2025-10-15 04:00:00,12.210095,3.1888783,0.028012412,0.13976823,22.115711,-22.734085,0.6955647,-0.41936544,-0.19809783,-1.2783705,0.71532357,0.5094101,23.442287,21.549881,5.3941407,-13.916313,-6.2043014,-6.9604363,-0.56547344,0.14142075,-1.7258253,-36.91167,-1.2675935,-0.22064121,2.6522686,0.001856265,-0.009027686,0.10655817
2025-12-31 13:00:00,-35.51426,1.9149381,0.042136703,0.37658152,-83.71616,-27.351738,0.500022,-0.6200598,-0.27798033,-5.480196,0.34202948,0.2952318,-10.4307,-18.179688,-36.1582,-1.1841502,0.44401798,0.18829992,-18.675013,-26.860548,-10.957192,-47.918873,-5.942645,0.13491704,-25.67613,-0.12365394,-0.05065626,0.18980601
2025-11-19 00:00:00,-77.891556,0.6489413,-0.18177082,-0.296469,-38.427948,-53.78684,-0.7843798,-0.2735052,0.17524433,-3.131709,0.18856734,0.29075384,22.818914,9.8225,0.61797315,-26.979534,-16.526678,-12.345628,-9.619147,-7.763098,-5.075399,-76.36341,-3.7469447,0.07252026,-7.2357593,0.015693508,-0.004645976,0.05746547
2025-07-13 17:00:00,-18.10805,-5.8293457,-0.16922018,0.6270422,-27.616863,-9.652324,-2.6041079,0.70898336,0.94923145,-4.3389044,-0.9081947,0.24251279,-10.728234,-24.390104,-24.51682,8.291878,5.029902,4.649279,-2.9658415,-0.14322685,0.067171395,-17.78289,0.76172227,-0.45196784,-2.6632204,-0.016770184,-0.015003449,0.35465625
2025-09-15 22:00:00,51.846287,3.865317,-2.441938,-12.411364,48.597557,4.304576,1.4369767,3.1742933,-1.6378692,-1.2542905,0.12660289,0.2079502,-6.4613996,-15.490398,-25.954046,31.23371,13.268558,5.999944,32.78361,2.8952084,11.288816,99.26677,-2.8720613,-0.73588836,4.070527,-0.033197936,-0.012542425,0.05542379
2025-10-26 03:00:00,-33.860676,-4.3776464,0.2522749,0.58611727,17.15008,-26.407272,-1.6345699,0.27967328,-0.13730568,-1.9610182,-0.62218696,0.34679303,22.365654,18.704784,5.733708,-16.177486,-7.8738613,-8.44089,-5.6884685,5.6695166,-3.181509,-62.65227,-2.9278579,-0.4780455,4.4811654,0.027349077,-0.002053678,0.057927776
2025-11-17 10:00:00,43.571507,1.5105205,-0.93827325,-0.34126344,-6.684145,36.808876,1.1380486,0.5714187,1.1114306,-6.14959,0.19928595,0.5901063,-5.834315,-2.7711935,-1.9521091,-3.1782172,-2.4143999,0.40166062,-41.529438,-6.6126294,-20.175453,67.52428,-2.326405,-0.6639918,-8.118407,-0.11356673,-0.015717389,0.035158455
2025-12-11 13:00:00,-33.44173,1.2732499,-0.22242795,-1.6088154,-80.36898,-21.396833,0.8830552,-0.5048002,0.016760757,-5.233719,0.25130773,0.3623301,-7.4373307,-7.4056196,-12.205967,-0.8685974,-3.713137,-0.20082468,-23.669794,-2.9086173,-10.135154,-56.303013,-3.814197,-0.58925676,-21.350586,-0.19638775,0.001046388,0.103738464
2025-09-08 18:00:00,-20.117985,2.54437,2.5645628,6.9356966,-42.99605,-14.70203,0.8591834,0.94087726,1.2018583,0.8956291,0.29245836,0.38674545,-18.512558,-30.837997,-30.062223,4.5539966,6.454276,0.7726999,-1.1895242,-0.9446284,1.179391,-40.666374,-0.15358657,0.10511801,1.6763216,-0.020891888,-0.050602227,0.7033568
2026-01-11 10:00:00,65.07666,3.9456623,-3.2901776,2.74749,-6.070403,45.008102,0.1674809,1.0092015,-0.03914314,-7.685311,0.25483888,0.28607777,-10.457446,-8.642636,-14.620228,17.438873,13.278087,4.9775834,-17.83003,-4.36452,-4.659507,149.50145,-3.070416,-0.017119069,-20.279799,0.21767,0.022302112,0.04042968
2025-10-27 13:00:00,-30.118353,4.427253,-0.0061890176,-0.49071106,-62.456146,-17.916906,1.4096467,1.4910537,0.25768384,-5.1885858,0.30729944,0.381218,-3.609128,-5.1201305,-9.220095,-11.378675,-3.9188066,-2.0986598,-28.886133,10.196526,-10.255092,0.31797156,9.179435,-0.07141132,6.4463553,0.087805025,0.018965703,0.073722236
2025-12-12 16:00:00,21.276487,0.83996546,-0.07189512,-0.46126643,-37.82528,29.567623,0.37358567,-0.35382706,0.21158873,-1.914322,0.48272967,0.47849777,1.2765524,3.0916612,-6.6209984,-8.748828,-3.6258016,-0.70499134,-10.073034,-4.867186,-3.4497693,-22.834633,-0.80960643,-0.08560493,-10.7408695,-0.027053557,-0.00051481964,0.12438965
2025-12-30 06:00:00,73.62047,7.5854173,-0.80291724,-8.325759,120.343315,26.434254,3.9422345,0.16860114,-0.20531297,-0.94233,1.5175424,1.2770602,61.954372,151.8434,250.58624,5.7399406,-5.293138,16.9217,12.101836,25.598131,6.8149447,273.76913,7.3165016,-0.3121968,5.155674,0.0003387878,0.00548044,0.05864729
2025-11-14 20:00:00,-35.562313,-1.6214008,-1.5699023,-6.3063364,-37.484447,-25.725365,0.105424315,-1.6390523,-1.5323209,-6.2368937,-0.0359075,0.14511552,-5.1079803,-6.1127863,-8.555481,-15.955957,-7.6260786,-2.2718077,-21.26377,-4.0264616,-10.835859,-42.578064,-11.684796,-0.62085557,-8.109296,-0.024555873,-0.0071249516,0.08833967
2025-07-02 16:00:00,-31.131804,0.12006115,0.09699526,-2.117759,-46.315044,-17.469164,-1.0941813,-1.904616,0.2959894,2.6267967,0.30626127,0.28092134,-32.972794,-62.71888,-34.782043,12.895514,5.3545103,6.381429,12.243433,-0.9538352,2.003283,41.98476,-2.0634758,-0.14641826,0.015149219,0.37036344,0.37850568,0.48292756
2025-07-14 06:00:00,6.8926387,5.375705,0.8763668,1.9935707,14.428111,-10.569116,2.3894997,0.67662656,0.13546497,-0.6883002,0.85588217,0.5483123,-2.2634535,-5.0199785,-18.475666,-1.606294,0.20801762,1.8977343,2.5760462,1.9574602,1.9123403,-92.81058,0.98866487,-1.8053328,2.8594847,-0.04772551,0.11567417,0.0978541
2025-08-26 17:00:00,-9.287341,2.1097732,0.43082318,1.7713274,-18.448158,-3.066568,0.8875046,0.8192202,0.39229634,-4.440932,0.26366374,0.29915795,-16.611105,-31.761906,-29.455639,6.0789247,1.8477392,3.6908438,-3.9945858,-0.6214801,-1.0505241,-52.354584,-1.6355069,-0.769481,-3.1145525,-0.014891783,0.098725714,0.7904064
2025-10-17 23:00:00,-3.0528615,0.13072678,0.76525754,1.1463432,-32.389206,-38.14722,0.718979,-0.43058473,0.02233229,-4.729212,0.13939607,0.21226381,-2.1568499,-2.5498364,-9.542841,-12.25969,-4.980525,-2.309126,-10.552557,0.6566964,-4.7383137,-34.275764,0.0849935,-0.31538728,11.855702,0.016654624,-0.027630694,0.08806592
2025-10-28 01:00:00,-68.1738,1.4622852,0.6606386,2.956056,-25.402994,-47.83153,0.12509976,0.5225434,0.018250832,-2.0233462,0.16798401,0.32577613,28.045305,20.090218,8.908069,-14.065772,-5.339282,-4.0509434,-5.46705,11.776668,-1.8873774,-65.22219,-3.339514,-0.275346,7.385554,-0.06053677,-0.008741392,0.044746872
2026-01-01 02:00:00,-47.485996,1.0192401,-2.4224844,-4.494697,-12.353761,-26.702007,0.17933498,-0.32134342,0.026509693,-2.7796984,0.21919553,-2.7814748,42.588226,20.702747,1.4119002,-18.820879,-6.8935184,-12.637958,-3.922317,-15.232728,-4.238431,-115.33147,-14.6932955,-0.107586026,-13.3917265,0.018395673,0.025877902,0.05861107
2025-07-24 08:00:00,46.43521,6.124319,0.58792144,5.565298,20.385292,14.05705,3.7627916,-0.6567055,0.50420773,4.7232842,1.5547093,0.6718947,0.5333705,0.31671494,0.6069459,5.724086,9.260543,3.0763965,14.602489,0.8480163,7.7145104,6.7243958,-0.91806716,1.7355483,3.2684705,0.028187703,-0.08355318,0.19660209
2025-11-02 23:00:00,-20.8066,-0.737133,-0.005028341,3.6407335,-29.825426,-35.222916,-0.28596076,0.447863,0.26120967,-4.9561977,-0.25792584,0.13100426,7.2441278,5.2688417,-3.7503197,-14.874069,-5.2586193,-6.1988935,-14.807632,24.598125,-4.632904,-83.22018,-14.775438,0.40436932,-2.4254854,-0.006327249,0.063564904,0.04433453
2025-09-29 21:00:00,74.45672,4.814338,-1.1887171,-5.152135,42.284622,19.420275,1.0605583,5.6434574,-1.1936334,-0.82062674,0.18303396,0.17293276,-8.126137,-35.135952,-16.586784,34.0564,14.724949,7.0710244,45.256245,4.9542894,9.511787,-17.021315,4.6414404,-1.0197058,6.7728815,0.08070922,-0.04145965,0.22791699
2025-11-11 20:00:00,-38.149284,0.14293836,-1.5487411,-5.6609406,-40.448425,-27.715506,-0.5707039,1.3856257,-1.4666791,-6.5506516,-0.06875344,0.13244325,-4.2235613,-5.111597,-8.744003,-16.20884,-15.327711,-0.5595431,-22.710989,-3.461713,-10.149139,-38.064053,-14.397095,-0.4616086,-7.7782207,0.024777656,-0.0050923205,-0.68160003
2025-11-25 01:00:00,-78.14117,1.7759207,0.22829846,-0.706978,-28.49336,-52.58984,0.3343777,0.25813758,0.25171018,-2.208282,0.2545295,0.43759888,34.60351,42.10583,8.943239,-17.488234,-10.834214,-10.333609,-6.826251,-8.961186,-3.2484772,-74.57714,-6.287829,0.23638505,-1.5144737,0.021488933,0.032389592,0.050038457
2025-12-27 09:00:00,168.54097,-4.7747827,-0.013233191,1.0576084,88.78471,74.065735,-2.4942384,-0.75509244,0.2735957,-3.1572375,-1.0962265,0.354008,0.8661187,2.8022509,9.602166,20.684937,9.227216,7.080385,-1.864644,-0.458347,-4.034684,153.82733,-2.2018692,0.16684268,-9.009703,0.2677666,-0.017598175,0.060358644
2025-10-19 23:00:00,4.5492444,-1.463719,0.7337347,0.96671176,-30.788729,-35.619892,-0.22348733,0.26398927,0.04952425,-4.523335,-0.3358801,0.15028465,0.17220023,0.98226774,-4.087996,-8.912986,-3.102231,-1.9830059,-10.873211,17.70987,-2.159314,-14.043814,0.17929623,-0.09919179,11.401369,0.029308034,-0.028409194,0.08757694
2025-08-30 04:00:00,-29.175787,-3.4469206,0.83644915,1.327682,-3.6406064,-28.322416,-1.4896555,-0.8737953,-0.12993477,0.96101433,-0.3974004,0.18833396,-6.391645,-5.9568915,-20.596745,1.110698,-0.65768915,2.0944917,6.8587046,2.7112012,3.602517,-115.100204,-2.7678683,0.7769024,3.4112053,-0.011915539,-0.0015780313,0.068580516
2025-12-25 15:00:00,19.937077,5.0080533,-0.03871405,-0.3088211,-17.544334,47.470654,3.2224739,-0.17633045,0.045174643,-4.8800893,0.61147386,-4.811548,1.6160433,-1.9002322,-19.656157,-3.298239,-3.074725,-1.2305183,-12.637906,-12.81279,-7.210324,-99.219215,-4.363698,0.15321963,-15.397704,0.020446872,0.005308354,0.11148032
2025-10-18 03:00:00,-40.367973,-3.7513442,0.46047586,1.1716431,17.629547,-28.350704,-1.3313527,-0.3951206,-0.08334992,-2.5873013,-0.6466976,0.2150136,10.771956,12.192937,-1.0588825,-18.702948,-7.20992,-10.635233,-3.670288,0.49117124,-2.4346843,-69.331505,-2.5727699,-0.21430744,5.735524,0.0068308883,0.041198242,0.069947824
2025-08-29 23:00:00,-0.064141616,-0.44738284,0.28795904,-0.9440528,-29.063135,-38.548965,1.5166016,-0.7852212,-0.34594235,1.4292855,0.15182781,0.22586933,-6.82657,-8.003139,-20.980316,19.571133,11.987883,5.556425,15.556633,2.8963013,5.6570654,68.45402,-12.336523,-0.10268356,5.713657,0.03370607,0.15153211,0.047307614
2026-01-02 03:00:00,-42.503662,0.7292444,-2.086243,-1.8061012,18.96056,-31.882692,0.44572598,-0.3372196,0.1667966,-1.8593185,0.42317733,0.50590354,41.4729,63.457508,24.543018,-14.514355,-4.442283,-12.06294,-3.8037155,-6.7018805,-3.3741739,-111.37916,-10.572908,0.010590174,-7.9372416,0.009412093,0.011141,0.080334865
2025-07-25 20:00:00,55.21248,-2.557264,0.3518745,1.3945439,32.268715,11.057476,0.95844513,-5.0845537,-0.13600756,10.643504,-0.0119215045,0.09967411,-13.904652,-28.594627,-13.718325,30.671778,12.407308,7.905412,33.816822,1.302222,8.020902,-71.43073,-1.6335799,0.13997605,7.284834,0.21568568,0.025841894,-1.5549318
2025-10-12 09:00:00,141.7989,-16.58473,0.28822452,1.0608765,81.822655,60.10232,-8.919172,-0.08105808,0.012934268,-3.8520112,-3.4085312,0.72119814,2.414938,12.324743,10.232175,-0.819427,0.64523304,2.7467809,-5.4894714,2.9304345,4.5749454,90.26028,6.2333617,-0.2721179,4.6020846,-0.011232369,0.014221246,0.06503598
2025-07-24 23:00:00,-0.6408137,-0.9546713,0.014395381,-2.3448846,-28.464853,-50.439697,-0.28063008,-1.6485845,-0.3770237,4.8935456,0.10004356,0.13409455,-19.071857,-36.98974,-33.361374,12.033944,6.6958265,5.53128,18.217573,-9.357662,6.78585,96.78267,-4.967121,0.18982743,6.1575994,-0.49776015,-0.07472306,0.04141672
2025-08-24 01:00:00,-122.574844,-0.65849155,1.393687,3.0914264,-49.158478,-61.771446,0.47590923,1.8607161,-0.10723439,-0.16683896,-0.1938209,0.1297735,-9.485413,-16.76166,-22.987988,13.6335335,8.701351,3.617718,8.881586,3.2863514,2.7782354,-50.54084,-2.9532049,-0.21321945,10.52806,-0.06849738,-0.015355031,0.13345525
2025-10-27 00:00:00,-60.640465,1.2776095,1.398091,3.8686624,-28.748089,-49.046402,1.4689213,0.8022327,-0.3322345,-3.604851,0.18820022,0.25283417,9.091554,8.847434,-0.7170214,-14.856016,-5.856913,-0.6740781,-10.753606,15.651726,-5.4855204,-41.706528,-8.4623375,-0.43093544,11.372128,0.036883034,0.043486178,0.04253952
2025-06-30 06:00:00,-2.7593286,6.0351644,-1.8405528,-3.2766824,8.035754,-14.665633,2.508873,0.8802558,-1.1642185,0.52723855,0.92848784,0.4326206,-5.1476083,-7.2180834,-21.868479,4.1892715,6.9947534,3.0305882,2.3218434,-0.043636438,6.6678114,-68.70076,-2.0205743,-0.5973719,-1.8097003,-0.025509838,0.09975144,0.10480359
2025-06-27 02:00:00,-75.92578,-1.2496725,0.73568046,0.0035997985,-25.626013,-24.744492,0.41815543,-1.4070483,0.06875456,4.930876,0.15836908,0.121856734,-28.247498,-65.19285,-40.66372,7.823607,6.3227687,3.7179787,17.605667,-1.8109727,6.106448,-144.86977,-3.0039654,0.3923369,4.8328156,0.10474346,-0.04842458,0.16622233
2025-08-14 21:00:00,48.575306,-1.3851727,-0.69377404,-1.8669719,26.297974,14.188486,-0.34552658,-4.00577,-0.87636465,2.057771,0.14167684,0.1331616,-1.8910341,-0.17995101,-11.327405,40.118942,18.46389,7.4759817,29.691816,3.6718855,11.0830555,-40.169525,-0.21060339,-0.071258254,6.7599277,-0.062759995,0.008821837,-1.9694358
2025-08-13 17:00:00,-21.051773,0.93228996,-0.058199644,2.0616093,-43.43789,-15.606251,0.37017542,-1.0676241,0.73880416,-5.147484,0.37242892,0.306718,-35.703106,-71.26765,-36.68362,6.858088,3.1156871,4.1914434,2.5570133,-1.3412126,-0.98525614,-47.790596,1.7295053,0.7904681,-1.8334732,0.022535967,-0.044377085,0.7397708
2025-08-01 04:00:00,-30.851465,0.083574206,0.7055142,1.9417236,-3.0281813,-33.633823,0.90609175,-1.111185,-0.19168064,1.0615653,0.18288654,0.22450587,-6.8561845,-6.773588,-22.048859,2.0200648,1.317782,1.377041,5.9957585,2.0446239,5.529215,-119.669365,-4.3871045,0.731014,2.8120017,-0.014105259,0.0034512787,-0.9373942
2025-12-18 08:00:00,47.078907,0.53238505,-0.17576124,-1.4259684,22.168186,19.630331,-0.19245423,-0.79824597,0.15102158,-1.8360333,0.37468255,0.24977739,-8.772802,-1.0168059,5.54284,2.362645,0.3412466,2.2237337,-11.718819,-2.5571373,-3.7150471,141.63358,-0.65216094,-0.30370402,-0.054661926,-0.03643683,-0.00066702196,0.08503638
2025-12-29 20:00:00,-20.667484,2.1443477,-1.5269879,-5.983923,-28.725672,-17.249573,0.6162316,2.2893343,0.7819036,-6.9213195,-0.06688554,0.16194892,-7.6414886,-11.194959,-14.324003,-14.748449,-6.5435038,-1.1111445,-16.017982,-3.005991,-7.671728,-31.390114,-3.423132,-0.20182057,-14.086601,0.047544308,-0.006137648,0.06568733
2025-11-04 08:00:00,40.814762,5.2647567,-0.48597097,-1.019746,12.891087,11.209238,1.6979849,0.33554116,0.19474915,-2.8100863,0.9782581,0.73447603,-0.560512,4.4922395,3.2548823,-11.107804,-6.798682,-4.776331,-10.534791,-0.15676948,-5.6107736,20.083454,0.1212609,0.2845887,-1.6512349,-0.025490176,0.20465222,0.13992314
2025-08-20 00:00:00,-80.59069,-1.284961,0.9482608,2.7257,-24.084442,-58.700928,-5.9261293,-1.7821963,-1.7129067,-1.2610364,0.20578723,0.16411017,-17.486149,-29.39866,-21.172915,15.936051,10.124429,6.2490683,18.980034,6.9084444,4.8210564,-12.593758,-4.673056,-1.188911,7.2375216,0.03973216,0.048717145,0.15900138
2025-10-02 10:00:00,77.84501,3.5225098,0.19999577,-1.7234169,-13.423908,67.846436,1.6772275,0.22056513,-0.15000257,-4.2788424,0.2808705,-4.3520174,-2.164844,4.204802,-0.4790363,12.810823,5.3004513,5.263871,18.46162,4.056914,10.369675,-12.693954,7.2751894,-0.3421963,9.261978,-0.016793782,-0.0049495194,0.12691766
2025-11-28 17:00:00,58.519554,0.8383972,0.9312348,4.834934,40.402775,49.446205,0.99103606,-0.25031704,1.9338629,11.92781,0.525082,0.46620223,7.483645,13.983929,8.246602,1.9452528,0.038627774,1.511722,-0.78174925,-0.22991477,1.3123946,10.633603,1.846588,-0.075490616,5.7647047,0.016298262,-0.0077861147,0.14238736
2025-07-11 20:00:00,19.95444,-3.2665389,1.2019215,5.5969253,-10.504094,2.7571883,-0.011425561,-4.6456795,-0.033670273,11.345653,-0.30061883,0.14851946,-8.870817,-15.95182,-18.072063,17.148142,7.504931,7.855538,14.351381,-1.7521162,9.1238575,-21.244917,0.47800073,1.113786,4.823407,0.034048103,-0.011959339,0.43151745
2025-09-18 14:00:00,55.805733,3.5556443,-0.17914897,-0.92555016,59.707726,62.87919,1.9419672,0.4615688,0.04759896,0.6018501,0.5823599,0.34967622,-10.386878,-30.90397,-21.20978,18.134645,5.4150686,5.2686386,32.396034,1.8420827,10.027054,-98.63152,3.9178724,-1.5151322,14.0568,-0.26489297,-0.01688625,0.46012896
2025-12-20 21:00:00,-2.7733912,-0.5154094,-0.6447993,-3.4693213,-7.565907,-13.964414,0.80105054,-0.9654945,0.66064924,-5.434912,0.38273695,0.1338732,-9.648037,-9.010845,-14.661284,-20.557644,-7.975256,-8.182407,-20.735432,-10.65657,-9.227893,-88.75866,-17.177557,-0.23652731,-15.797038,-0.028969955,0.013901726,0.0845285
2025-09-16 02:00:00,-79.90917,2.141327,0.6107877,2.0970912,-27.792437,-28.51393,-0.10232239,1.1624435,0.08006648,0.21939006,0.1041024,0.14234634,-19.90172,-44.566483,-43.807358,4.7912054,1.5654637,1.1827844,11.7262535,1.0265255,3.8403215,-136.97372,-4.203437,-0.8144093,5.957126,0.016157605,-0.030702071,0.1332676
2025-08-30 10:00:00,64.87884,-2.4409468,0.6397673,-1.9075241,10.682346,55.407597,-1.0955307,-0.6098399,-0.261075,0.6912741,-0.11339934,0.24530049,-2.898449,0.65042835,-5.180658,16.08417,8.812737,5.6593585,22.326733,1.6665515,13.736384,134.90886,8.758768,0.5047839,6.91344,-0.04846185,-0.011244654,0.060847785
2025-12-18 02:00:00,-46.347206,1.517005,0.08067117,-1.8365068,-14.07625,-31.714266,0.2900812,-0.28711006,-0.03647833,-2.5433464,0.38200942,0.48234373,38.06234,55.999268,15.8116,-11.517649,-7.53415,-10.688627,-6.09428,-10.727218,-3.6754987,-108.20434,-12.376616,0.11220098,-8.796974,0.004391024,0.025379587,0.06342849
2025-07-06 07:00:00,0.87089753,-12.568119,-0.16567443,1.6762894,-5.439585,-2.366558,-5.3199368,0.7598231,0.5960889,5.899037,-1.1072384,-2.6091757,-7.2651467,-13.769325,-29.901524,6.011054,3.8022716,1.319677,20.522858,0.8871149,3.969615,-121.44044,-4.7650375,-0.012348395,2.766888,-0.0030984262,-0.20538004,0.16129546
2025-11-04 07:00:00,18.115797,2.0024722,-1.6022551,-7.5999093,13.729524,4.5478935,-0.28708035,0.40807244,-0.7720333,-1.2274789,0.31648284,0.34621605,-4.0749173,12.568878,14.014215,-10.675252,-10.314817,-5.9106646,-11.254143,-6.6992598,-4.112178,121.44737,-1.51828,-0.18451308,1.0524579,-0.12460747,-0.003080773,0.06699752
2025-10-03 19:00:00,2.6834755,-2.2037818,-0.42353106,6.628623,-15.339387,2.7977962,-0.5377733,-2.135935,0.69081354,-1.8720382,-0.26645583,0.27639598,-13.68515,-17.595142,-21.946884,-3.4611006,10.3679905,6.246122,2.4081683,1.9975103,7.7773156,-6.6783814,2.2763166,0.2643216,3.8146727,0.00951304,-0.015191731,0.47376212
2025-08-25 12:00:00,6.9774513,3.4775288,0.0036129064,-0.0224787,-32.95453,15.864084,1.4672396,2.107635,-0.058085512,1.1245395,0.17349531,0.41616222,-7.7127423,-11.692953,-19.261503,9.349895,6.136377,1.6275525,8.957217,2.3010418,9.433544,69.97066,0.84427136,0.56213826,5.7046204,0.0057279295,-0.034471717,-0.8317098
2025-07-26 10:00:00,73.42472,-2.6156957,0.73881006,-0.83178055,12.091974,59.65993,-1.0831025,-0.82285404,-0.17577249,5.702239,0.06801554,0.18976243,-3.8575492,-1.9284393,-14.0639305,24.015085,9.9749975,5.404646,57.685528,-5.5072093,16.127937,142.79314,4.6537743,1.244373,6.353937,-0.08295688,0.050158713,-0.15533915
2025-08-14 23:00:00,0.7267528,-0.947733,0.37288034,-2.4139917,-29.658205,-39.229828,-0.3862299,-0.8036805,-0.40766788,1.2998419,0.13468291,0.1947556,-4.04593,-5.9967217,-18.343727,22.652576,7.929709,4.126229,16.349428,3.456241,6.0278587,62.116825,-2.8448343,0.98162407,6.7626414,-0.034611955,-0.075998306,0.04607394
2025-08-08 11:00:00,29.60893,-1.8154314,0.6530375,-3.6592233,-31.244265,15.06133,0.67285854,-2.413323,0.16124314,0.12679434,-0.15999338,0.16749461,-9.376613,-13.861805,-15.511823,14.973157,7.8249035,4.7928743,38.530228,1.8391302,8.338289,143.2372,-2.6312106,0.9521388,-7.75125,-0.0393987,-0.022372425,0.056522273
2025-11-04 10:00:00,48.053207,0.71204394,-0.7462991,0.7200071,-4.2355847,41.73958,0.2201715,0.17769139,1.0125793,-4.934095,0.27363455,0.4737608,-3.7256508,3.0420988,0.68333364,-2.3131118,-2.8537934,0.5939615,-27.126383,3.373794,-12.948382,83.148575,2.2866626,-1.0997747,-6.0602965,0.0396745,-0.003553203,0.01885714
2025-11-06 18:00:00,-2.293146,0.2732105,-2.710516,-2.9814374,-1.1600506,3.2144773,0.36121708,-0.51932454,-1.6929252,-2.0791378,0.28663713,0.31341964,-0.7320131,5.7175407,-1.3834393,0.007794774,0.66862607,2.7829509,-11.928605,-1.496113,-4.127184,77.4601,-0.19498858,-0.58240604,-0.29633856,0.016164403,-0.014615366,0.04579303
2025-10-24 03:00:00,-37.871582,0.5104087,0.08341344,0.84831256,19.627909,-31.694962,0.7417954,-0.46518624,-0.15581642,-2.0180225,0.32721967,0.38699546,22.058205,17.738798,4.8875513,-15.970291,-6.721303,-8.84033,-6.6771216,6.5085025,-3.2335749,-59.287193,-3.6779761,-0.21649592,4.58747,0.004274334,-0.00661045,0.07587861
2025-07-25 10:00:00,68.60001,-0.03778291,0.7362884,-0.94112784,8.613898,62.338005,0.6902324,-0.16961673,0.00022492174,6.021409,-0.010865233,0.2456056,-7.11895,-7.8457346,-13.023,17.75587,6.6205993,5.941446,48.907776,0.7537819,13.597817,146.88345,4.691244,1.5559609,5.4085946,-0.09750299,-0.056479752,0.083927676
2025-10-05 18:00:00,-3.7768364,-1.439271,3.1209488,9.70154,-20.08373,-4.803156,-0.6182036,0.8950199,1.808995,2.8129342,-0.24407618,0.2548606,-4.619324,-9.342221,-10.126881,13.430199,7.2365265,3.6599646,1.4660842,-0.99371886,5.5851655,-27.629318,-0.09345186,0.13006875,1.9743061,0.038364235,0.007087129,0.21168265
2025-07-02 14:00:00,74.98832,3.4303222,-0.13611545,-4.8476105,62.11383,67.35154,1.1048306,-1.6701119,0.039792832,8.295793,0.7590365,0.3793659,-5.298889,-19.58896,-17.70528,21.10125,7.366027,5.8754854,41.84503,0.73495626,14.071509,110.281944,11.346525,0.708271,13.518736,0.059513077,-0.0068299505,0.15620397
2025-09-14 14:00:00,58.393753,-11.950519,-1.2455776,-3.352728,45.37814,52.109188,-6.106294,0.12512998,-0.5254272,-0.041607656,-1.6117042,0.31948388,-7.7646055,-5.0384855,-17.485922,16.781525,3.629447,3.3311489,28.599894,3.768427,10.988183,58.321198,10.563033,0.34075594,11.817068,0.011241576,0.04684235,0.10987247
2025-10-26 22:00:00,16.671692,-1.6118699,-0.3809858,-1.7634084,16.877558,-9.86386,-0.782201,0.6132305,-0.53931373,-5.612193,-0.5915998,0.1349894,-0.8288275,0.12877196,-5.167506,-21.70498,-8.224123,-0.70611423,-22.140705,11.912863,-6.510101,-70.016846,-1.5044023,-0.08421784,6.7525997,-0.008943278,0.0011135149,0.07260894
2025-08-15 12:00:00,9.877499,0.47455645,0.06573465,0.26435363,-35.156826,8.697085,1.2234693,-1.0699165,-0.117464244,1.3045782,0.38039306,0.3242661,-0.5619532,1.4879049,-1.565226,13.901724,6.1069994,3.8848338,12.1302395,2.062574,8.675048,18.612087,5.1359663,1.2973989,6.067187,-0.0066239946,0.06464992,0.091117896
2025-12-11 23:00:00,-24.27744,-0.21334285,-0.23365514,-1.8185664,-37.935028,-64.43837,-0.11836901,-0.6053313,-0.11105809,-5.188746,0.0723915,0.120608464,1.0319088,1.8547378,-8.834382,-21.838245,-11.9563055,-11.624865,-15.813187,3.7679663,-6.834796,-75.090065,-24.05813,-0.19575086,-32.28064,0.008672295,-0.0074597434,0.07514515
2025-07-21 02:00:00,-77.89636,3.402681,0.5888865,3.5074742,-27.139519,-27.560957,0.9210017,1.6518863,0.14116623,3.0986683,0.12262547,0.15953399,-17.553413,-40.9866,-38.820583,3.52326,-0.2412266,1.6160505,3.7227132,0.6314501,3.572166,-139.82147,-5.2651424,1.6490773,5.875763,-0.0152562875,0.11796113,0.19651672
2025-08-01 03:00:00,-67.54527,-0.19198011,0.9532332,3.4443479,11.498394,-32.43102,0.9002218,-0.95682293,0.016676195,1.8635445,0.1396609,0.1817991,-10.215354,-9.518963,-24.426512,4.27477,0.31264958,2.5757458,6.562599,3.029292,5.0521297,-144.19722,-6.1016083,1.692739,6.864617,-0.0027359498,-0.017761225,0.097242385
2025-07-30 20:00:00,23.362028,-1.8856735,0.6575179,3.4532306,-9.403414,6.3586082,-2.9308033,-3.5427718,0.049538236,12.070778,-0.06786187,0.14706397,-5.5508556,-12.490137,-13.986412,22.361214,14.25802,7.574766,35.856724,-1.9067042,18.16774,-14.247206,1.9060823,0.17496225,5.3144956,0.1961867,-0.05170185,0.33281764
2025-12-16 02:00:00,-45.193035,2.1956913,0.017286137,-1.9774497,-14.606784,-31.21594,0.61995053,0.16757526,-0.002176514,-2.5356905,0.4073181,0.49735445,36.216133,56.11399,16.151873,-13.802182,-6.6983685,-10.380297,-6.8988934,-7.7794,-3.7266152,-107.89748,-10.694293,-0.19406073,-8.420559,-0.037016917,0.023563262,0.051707335
2025-08-10 18:00:00,-16.93108,-2.0552843,0.6832485,0.9191757,-27.753195,-9.741067,-0.47068048,0.40380067,1.4571569,-2.997485,-0.41140744,0.25985947,-6.5739326,-14.631815,-22.009886,-2.4069347,3.4457958,2.5465672,-2.163224,-0.04830988,2.6041312,-28.16713,1.5964751,0.36173484,2.382861,-0.035964932,-0.08705556,0.20079759
2025-09-14 09:00:00,147.10718,-30.316507,0.16970958,0.9204163,69.588264,79.16029,-12.467881,-1.3508593,-0.25417992,-0.5095534,-4.997471,0.461919,5.1888456,3.5429046,-3.3128524,12.142987,6.4680257,1.27447,18.586779,2.5596414,6.1856422,11.546654,7.609388,-0.38473302,3.8748674,-0.05487828,0.007564197,0.11942918
2025-11-27 21:00:00,-21.26628,-1.0775493,-0.7038034,-2.6940415,-19.405973,-27.402235,-0.906208,-2.0557473,-1.2224834,-10.7745495,-0.04118722,0.10775907,-4.3621473,-5.0679045,-10.268267,-27.335972,-14.075575,-9.726082,-23.966745,-6.6979427,-12.516282,-126.223434,-6.20988,-0.61130464,-7.8865466,0.018048804,-0.004303577,0.08018879
2025-07-27 23:00:00,-3.4303608,0.8674163,-0.120147675,-6.1124554,-27.02895,-39.19778,1.3622688,1.6782643,-0.3643135,4.2081656,-0.14263563,0.1055717,-17.132814,-43.469128,-30.31309,25.49912,12.769355,4.523238,21.084417,1.3473741,5.978751,91.28175,-6.8164625,-0.41469067,5.076893,0.35731578,0.003551301,0.04094538
2025-08-08 18:00:00,-27.781363,-0.51397973,0.4797545,5.793484,-61.464104,-30.003925,1.1432252,-0.68142503,1.0134237,-0.364097,0.23242739,0.2221203,-34.307774,-74.63524,-35.4159,13.149606,5.8285456,2.7744775,8.333012,-3.1320803,0.51481974,-125.2815,1.4383196,-0.6645672,7.976395,-0.44307342,0.030666798,0.5130128
2025-12-30 05:00:00,55.952652,8.468419,0.29435885,2.8162038,56.10915,13.780595,3.928149,0.0837987,0.012449553,-1.5539974,1.9172647,1.784051,29.278051,117.593094,185.18825,-9.435127,-4.6426587,-1.4291276,4.945504,17.291426,0.19964524,141.92905,4.5858393,-0.21521732,4.1283145,0.013015365,0.0056289867,0.058208305
2025-06-30 22:00:00,55.10316,1.0576346,1.3889802,-4.3755016,43.38901,9.980501,1.0985327,2.7081149,0.98720723,9.795609,0.13139132,0.246876,-6.1187406,-3.9998016,-14.931118,23.440952,11.820503,3.9029026,17.937626,-3.4259112,11.162409,96.31251,-1.786828,-0.5267603,8.538373,-0.01836433,0.01682645,0.04025282
2025-10-12 22:00:00,24.145945,-0.53280616,-0.490552,-1.0101404,24.036575,-8.050456,-0.9593532,0.662396,-0.49208218,-5.437939,-0.6408934,0.13922724,-1.0882406,-0.852013,-7.172353,-17.133907,-7.3556094,5.8895335,-19.8428,10.117833,-3.8736372,-68.41867,-1.4304335,-0.13808796,7.789731,0.0046006525,-0.0024934132,0.096699834
2025-11-26 17:00:00,58.37241,1.515995,0.8459962,4.1603117,39.684658,51.40028,0.34563375,-0.3069425,1.9148846,10.720198,0.46466434,0.4514922,8.242238,17.058483,9.350798,3.0483217,0.6307384,1.5960028,-1.6451062,-1.3202884,1.4196602,4.4364524,3.379459,0.19441038,5.7330956,0.011519525,-0.009467726,-1.3620809
2025-08-11 22:00:00,50.303764,2.7898812,-1.9611055,-6.847137,47.651722,-0.16278146,1.182424,3.1312337,-1.266271,0.57663023,0.1442992,0.20726031,-6.099245,-15.667153,-25.678062,24.498844,3.9398623,4.9537373,20.418982,2.8682525,10.45026,100.06419,-4.941344,1.0269294,4.5062137,0.06998012,-0.0090416055,0.10279041
2025-08-12 23:00:00,-2.1530538,-0.25059888,-0.014798137,-2.9032652,-29.95116,-47.033943,-1.5107934,1.247045,-0.49390772,1.0156983,0.13394333,0.17022647,-10.758396,-17.68249,-25.76454,21.791859,9.70216,5.4867716,15.6753235,3.3867652,7.210828,81.45091,-4.669263,0.8623095,5.948083,0.018941836,-0.12436208,0.09255447
2025-07-30 12:00:00,9.131429,0.21184033,0.09417754,-0.7856008,-30.717344,17.751913,-0.39403155,-1.9204234,-0.3183459,4.1453905,0.15620622,0.30584708,-5.548735,-13.947108,-19.872015,12.77393,4.9138117,5.0076165,28.760681,2.130262,12.835522,82.02134,5.9095054,0.9802956,6.810188,0.097792834,0.027605813,0.1472608
2025-08-10 02:00:00,-69.77535,-1.6175871,0.9762861,1.7933347,-18.371307,-17.39713,-0.66031194,1.0434728,0.038576767,0.74498683,-0.17964321,0.12679918,-6.003851,-0.16414505,-11.678287,17.085638,9.216056,2.069695,-1.1791178,2.0092542,3.170071,-107.68993,-3.4213321,1.3609507,6.5041685,-0.010294244,-0.035009075,0.069772564
2025-11-21 12:00:00,0.87829214,1.0556852,0.7034432,2.011306,-50.321884,-8.719376,1.6047249,-0.30271903,0.5562214,-4.0942945,0.3588606,0.38498917,-4.1936197,-5.2853017,-10.428648,-2.4403553,-0.45742312,1.065226,-20.79952,-16.50181,-9.656346,-21.135382,5.107106,-0.42372665,-6.719737,-0.00015854748,-0.012961699,0.10892676
2025-12-30 04:00:00,33.670692,4.8896856,-0.20168664,-1.2683568,27.938225,-14.5240755,1.4978671,0.3026176,0.15407193,-1.0858545,0.96233463,0.80642134,33.220367,73.18419,54.53052,-10.9878235,-5.6993194,-10.591352,-1.0416518,6.537148,-1.6782221,-58.095898,-8.151018,-0.37104073,-3.777069,0.023251276,0.005754504,0.078913756
2026-01-05 15:00:00,18.731487,8.188255,-2.7253406,-5.510989,-14.966175,44.432022,3.3922758,0.7064914,-0.13631837,-5.666683,0.63459545,0.4128419,-4.451974,-11.542157,-29.081264,-4.9509015,-2.3927894,-0.17017588,-14.687097,-15.409238,-6.909993,-106.58242,-5.719706,0.010189627,-17.137192,0.025559098,-0.005572943,0.094303094
2025-12-04 03:00:00,-35.621178,1.7339033,-0.35704505,-1.8587041,17.311155,-29.617159,0.43925682,-0.2469288,0.100004576,-1.8376762,0.47755605,0.56792927,31.964624,54.67713,21.395273,-15.120034,-7.2420216,-8.933526,-9.422156,-0.57609075,-3.9272692,-68.599815,-11.563169,-0.242496,-10.5540695,-0.015180045,-0.0011843335,0.08149335
2025-06-28 12:00:00,16.907076,-3.268409,1.8173302,-6.633152,-15.319433,28.586363,-1.068033,-1.2225583,0.6754651,10.7269125,-0.016642194,0.16650687,-9.60074,-24.725788,-21.541851,28.2243,12.368048,6.2096953,69.18568,2.1606188,20.317791,138.83026,8.457469,1.2489415,9.510798,0.113507226,-0.0067587895,-0.9293181
2025-08-22 19:00:00,18.850876,-2.9079525,1.5845736,10.553576,-15.000425,2.629744,-0.37223038,-3.3716457,0.76875037,0.9264154,-0.4015954,0.19746841,-18.441967,-37.60851,-23.791706,18.96552,10.067123,-3.1918252,24.33778,-0.9994021,6.8565407,-41.320156,-0.49996328,-0.9520033,5.3279076,-0.045963794,0.045043368,0.44767362
2025-12-07 09:00:00,144.43492,-4.7538323,0.2921924,0.11450359,73.35163,63.852234,-1.6963747,0.6035008,0.47623974,-2.660932,-0.8423844,0.32393655,-2.5507255,5.168656,16.402193,0.042580504,2.2096786,2.4732022,-24.999506,-5.324101,-5.292672,145.6543,-3.0817351,-0.40397304,-9.417703,-0.024749655,0.008023606,0.0517674
2025-12-09 01:00:00,-83.59732,1.7378764,-0.17272954,-1.1073301,-30.055325,-62.70746,0.2016727,0.35431996,-0.1562414,-2.4893734,0.19472536,0.35683075,37.0752,25.092236,3.383367,-15.541136,-9.202291,-8.82459,-7.7199264,-20.153593,-3.5175629,-59.361755,-13.113566,0.5595931,-20.373814,0.02055904,0.040509876,0.04919751
2025-12-12 04:00:00,34.1949,3.6655762,-0.16700293,-1.349827,26.357008,-16.162115,1.8834214,-0.29140976,0.116339654,-0.7211539,1.1247699,0.93770725,33.57063,75.00182,61.498856,-12.356547,-6.745845,-8.355979,-5.450105,1.1119438,-2.1437407,-47.099228,-9.55487,-0.36620155,-5.290304,-0.008444579,-0.0021692887,0.096821286
2025-10-24 18:00:00,2.3076777,-0.16309233,0.12327905,-0.1714488,-1.4479622,4.0749025,0.96270937,-0.53943235,0.16981336,0.06456957,0.22249936,0.48759648,-0.8213117,2.5744972,-5.8204865,-1.3406844,-1.163506,2.8736355,-8.483411,0.050289102,-2.4304376,65.617294,2.484246,-0.8163927,3.8645139,0.028416427,-0.011238645,0.077219136
2025-11-29 13:00:00,-33.454247,-3.583588,0.15002862,-1.198264,-71.25416,-25.689007,-2.0833707,-0.45928216,0.58225244,-5.6923776,-0.5030878,0.3066277,-4.561689,-5.5491376,-11.132942,-1.4305001,-3.8443344,-2.7198188,-25.465017,-3.361744,-11.392141,-58.725677,1.9580517,-0.25005347,-5.1042805,0.09078479,0.005941717,0.105222575
2025-07-06 02:00:00,-81.744576,-4.2779045,0.4751417,0.9349517,-28.443842,-24.35085,-0.5692358,1.5183352,0.16763058,2.9765003,-0.3289216,-1.0786428,-25.778458,-56.63091,-39.93703,8.756381,6.7505174,2.8489978,13.073193,0.58867484,-0.82514185,-134.65765,-3.190658,0.7120916,5.4889793,0.19079125,-0.018146653,0.13848141
2025-11-16 00:00:00,-66.11958,-3.0940702,0.21860008,1.1288991,-35.469036,-50.55772,-0.6554916,0.24669404,0.20330031,-2.945671,-0.3969255,0.35054716,32.670334,20.2256,4.19659,-24.873405,-12.828121,-10.335426,-10.478533,4.1304445,-5.202791,-70.86723,-6.601164,0.8648164,-5.9818683,0.013067777,0.016064584,0.058020186
2025-09-23 20:00:00,11.437216,0.48206037,-1.8629653,-10.572352,-19.179768,2.5847845,-1.2792256,4.657011,-1.1428242,-4.7495227,-0.18884298,0.19185321,-6.903085,-13.280814,-14.873454,20.864107,13.782247,7.162265,33.973076,-0.8331692,9.813965,-19.079683,-0.2910331,0.3340623,4.499209,0.087685406,-0.032855667,0.2768653
2025-07-14 20:00:00,37.248253,1.3601103,1.5694575,6.264624,14.62303,-4.395187,0.24404469,6.1890745,0.23827645,16.700909,-0.37578377,0.1984636,-7.41846,-10.716587,-21.58049,11.371653,9.555218,4.815289,11.122543,-0.75513756,9.837632,-93.55346,1.0084699,0.5576328,5.549775,-0.024524929,0.042663112,0.21199092
2025-11-13 22:00:00,8.449384,0.6248202,-0.63221776,-1.5281205,10.002258,-16.267391,0.403444,-0.6489744,0.03716605,-9.220806,0.24115884,0.18250299,7.681978,2.202553,-5.5160193,-24.06857,-12.414549,-10.703747,-20.992352,-2.8757305,-9.839844,-106.047806,-3.1413527,-0.37455776,-6.6097283,-0.041095547,-0.009202259,0.07932429
2025-09-27 16:00:00,-29.403214,-5.006157,-0.022390751,-1.8895096,-55.33808,-17.665577,-2.892984,-1.6513733,-0.09838672,-0.929911,-0.7529006,0.31952074,-16.925243,-35.770798,-27.29477,14.967221,4.649651,4.2354517,18.161636,-1.1437572,2.7846105,55.2409,2.7465155,-0.23925634,1.871771,-0.00499913,-0.15515009,0.3605413
2025-11-29 20:00:00,-31.046339,-1.0677134,-1.5001957,-5.8518724,-37.10864,-24.901495,0.23047934,-1.0649648,-1.217364,-5.8524714,0.13886733,0.10650412,-2.3079734,-3.343789,-8.310361,-10.82074,-7.180738,-3.3600936,-20.531187,-2.9155912,-9.176787,-35.35643,-12.884109,-0.3558425,-7.188944,0.010988572,0.074724734,0.073189445
2026-01-09 07:00:00,75.74915,0.6512888,5.9568233,24.901997,57.295174,34.48942,1.7493974,-0.5476955,0.2228108,-0.15977436,0.26998615,0.4150641,5.3473306,27.218716,85.56042,7.965767,12.67553,10.358237,14.880181,36.059418,13.811917,197.65112,9.058722,1.607698,11.459055,0.003956455,0.0050254934,0.07700652
2025-09-16 19:00:00,30.283049,0.027591616,2.3989851,13.984483,9.632627,5.6910286,-0.84510696,3.8608277,1.6398623,7.2718706,-0.48400158,0.18588881,-15.611099,-40.177444,-25.561464,16.851307,8.33451,4.138619,20.031088,0.7922363,6.822733,-71.620804,0.18716873,0.06538628,7.1534534,0.10274718,-0.03996862,0.3440356
2025-07-08 11:00:00,25.386187,0.5301191,0.7219613,-1.3105054,-33.96317,22.653074,-0.79495853,2.665647,0.27162576,4.991684,-0.14468253,0.18271555,-9.836617,-19.567562,-13.332392,13.614519,8.160946,5.7498307,33.717846,0.8429534,17.07702,134.83324,-2.5405931,1.1887567,1.8379751,-0.08389549,-0.02178215,-0.75761104
2025-09-01 03:00:00,-63.490837,2.9497647,1.3606278,2.9518313,14.298769,-32.137703,1.0954214,1.5596137,0.22207174,1.2149209,0.07428969,0.1885304,-5.75113,-2.7182791,-23.364681,5.999484,-1.003642,0.5355141,2.4905925,2.5573852,4.626458,-137.53761,-4.884007,-0.8734545,6.732952,-0.014376213,-0.040330835,0.086184755
2025-07-24 21:00:00,80.92709,-1.0123247,-0.33447587,-1.64016,45.078487,18.897236,0.34042117,-4.505225,-0.36191097,7.4673357,0.18310963,0.2150547,-2.7427306,-23.101696,-18.697674,22.244595,15.28749,7.1191626,36.216476,-0.5152937,11.625589,74.54301,-0.20030203,-0.7143691,5.1657405,-0.0072695827,0.0024779346,0.16747622
2025-09-23 22:00:00,51.30324,1.2516321,-2.633925,-11.210598,48.481464,6.5029187,-0.6164692,2.5159578,-1.7165437,-1.1347867,0.15946844,0.20113152,-2.2628427,-10.18108,-20.092787,30.065723,12.917692,8.544413,32.19674,-0.108685195,9.676029,92.65369,-4.6735353,2.1914017,4.488689,-0.098297246,-0.0038980532,-0.053117722
2025-09-28 09:00:00,150.12227,-26.81033,0.29743886,0.23991904,70.18844,82.176346,-12.513298,-0.7647159,0.008289723,-0.5643004,-4.5911374,0.4623498,6.5919037,4.872868,-3.7847042,17.95409,7.4013257,5.996164,42.309494,1.0375435,9.352794,1.7520651,-1.5346941,0.5716678,4.093198,-0.07277978,0.007154753,-1.3010643
2025-11-15 21:00:00,-19.217577,-0.43211377,-0.6395845,-1.925258,-21.21796,-24.344288,1.1521914,-1.144286,-0.3270009,-6.2757816,0.07006952,0.09631918,3.0198817,0.017442806,-6.6966815,-25.286592,-12.530185,-11.455923,-24.463713,-2.7347345,-10.977455,-113.14538,-4.1014557,-0.0016613199,-6.91464,0.007380026,-0.0074919723,0.089859255
2026-01-09 00:00:00,-111.20068,0.32905385,-14.933794,-26.28757,-56.14145,-85.49845,0.76073194,-0.36059806,0.23546013,-3.085896,0.20078678,0.20953631,3.5708702,-3.943887,-14.464611,-22.891172,-14.747882,-22.025282,-8.632722,-45.624046,-4.223663,-86.57939,-23.720602,-0.55777085,-52.242664,0.017517764,0.04026042,0.057317458
2025-07-16 20:00:00,26.268692,-2.4819076,0.4819313,5.629175,-2.9903347,3.536063,-2.3724184,-4.5366273,-0.08054034,9.283346,-0.113200106,0.13405533,-8.428052,-13.848253,-18.48328,19.005577,9.0032625,0.99758804,25.317995,-0.16404402,10.742962,-30.118067,0.5599242,0.22751711,5.2082276,-0.015469446,0.054587737,0.35147133
2025-10-17 07:00:00,-0.05726017,1.3202716,-1.973749,-4.0774465,1.7429943,-2.4105253,1.9077344,-0.5004959,-0.47091877,-3.15939,0.3461821,0.38565263,-5.1905837,9.620544,3.2449486,-11.627081,-6.698342,-4.5297384,-3.2673335,-3.9871297,-3.4491081,93.427765,-3.7034342,-1.1568332,-5.8469853,0.028211419,-0.0024955643,0.06594129
2025-09-15 07:00:00,3.274872,7.1938806,-0.54593635,0.491451,2.033044,-2.4277709,2.3273091,0.8963026,-0.038656954,-1.3499056,0.7009918,0.6436252,-7.2482305,-10.511354,-20.913897,0.5696976,3.1762185,1.114182,8.36301,-0.9959746,4.183874,3.973303,-1.894416,1.2073721,-2.296351,-0.039178215,-0.019469304,0.13062142
2025-10-01 13:00:00,-15.527173,0.44406378,-0.6025038,-3.0409422,-39.649734,-2.7404006,-0.21263811,-1.2977393,-0.30938095,-6.287345,0.20447965,0.31131974,-7.7483883,-13.968893,-23.966085,9.735167,5.0829678,4.8611994,12.6084795,3.1513674,10.315814,80.65801,3.2999663,-0.017788276,7.123294,-0.02509803,0.030191483,-1.155431
2025-07-01 21:00:00,76.458916,1.165182,-0.32098112,-0.38349274,39.946247,20.925018,-0.79698765,6.5226645,-0.016116926,7.561022,0.13772425,0.226091,-1.7338618,-12.389108,-17.518036,21.789282,15.921127,8.603667,25.006163,1.732235,16.733152,69.96931,-0.8396637,-0.18026355,5.6485476,-0.074457824,0.044100724,0.2009647
2025-11-07 10:00:00,47.492363,0.95895606,-0.84489477,0.45832938,-2.7453864,39.59237,1.4526858,-0.18250081,0.8463563,-5.1817207,0.21039437,0.4379485,-3.4396708,3.2669492,0.6656084,-1.9932086,0.17030795,2.5987902,-31.42722,-0.8466469,-13.365862,83.32348,-3.0209687,-0.2149424,-6.324733,0.007780171,-0.006251016,0.028691951
2026-01-07 01:00:00,-99.49899,0.9316954,-9.234261,-15.721406,-35.70357,-74.29435,0.2182451,-0.24664664,0.13334629,-2.3254485,0.19455107,0.24929619,29.736757,3.7124262,-14.646653,-23.135723,-11.327693,-10.56824,-4.093323,-33.08479,-3.521174,-91.4936,-19.099714,-0.10902165,-29.329298,-0.033794004,0.05820398,0.045071393
2025-08-02 18:00:00,-19.46423,-3.652966,0.00027878454,1.6526358,-47.77536,-16.909868,-1.8873427,-0.7097174,1.0404917,-2.6201785,-0.8377714,0.26431197,-21.167784,-35.707455,-29.052305,9.737159,5.372998,4.6747904,0.5392393,-1.17493,0.2913796,-16.882278,0.80853456,1.0895127,1.9502406,0.038364165,0.015422132,0.7189491
2025-08-24 15:00:00,-25.43927,-6.9502687,-0.3960518,-2.1960719,-16.016872,20.195875,-4.342168,0.98541266,0.04999356,0.96372586,-1.3546735,0.33081537,-4.6870775,-7.441729,-22.843443,18.260468,8.600889,4.5248337,5.476173,2.6497407,6.8073397,63.534374,0.86728024,-1.1197599,3.737099,0.032142274,0.032581147,0.117958695
2025-12-18 22:00:00,13.007866,0.49558106,-0.21880682,-2.316123,17.981436,-14.713726,0.41355503,-0.844417,-0.008679868,-9.649008,0.16804981,0.15076388,-0.538274,-2.561862,-12.14517,-23.603683,-11.296371,-7.3727202,-17.547857,-15.94021,-10.089195,-103.886894,-17.272745,0.23115078,-18.509306,-0.020617777,0.008448304,0.08642149
2025-07-01 09:00:00,165.44434,7.8544374,0.54915196,2.4458532,98.65612,79.8446,4.6975565,0.31959474,0.1502526,5.802474,2.1512876,0.43144724,7.0969305,6.1878858,4.9396925,16.096539,6.9292593,6.7127056,24.963198,3.6931002,25.725285,120.01696,2.781515,2.312949,7.070044,-0.04131105,0.006585353,0.07295893
2025-10-03 16:00:00,-20.809925,-0.07891526,-0.441508,0.6157458,-48.275665,-5.138811,1.2168998,-0.33395082,-0.074468575,-2.9067826,0.33302888,0.39309153,-11.789636,-25.385832,-25.954782,-0.08750617,5.867309,6.2149744,0.6442962,0.03911558,4.6907377,35.918606,4.338334,0.18376768,1.3501457,0.09380067,-0.051303107,0.57859397
2025-12-26 06:00:00,74.64881,4.4129806,-0.64123225,-7.7752957,122.31559,27.65404,3.6285324,-0.28777292,-0.31137276,-1.0180413,1.7833148,1.2590109,65.54518,149.8766,242.63528,-5.290858,-2.3138285,15.8501625,4.5879464,19.94279,6.6402473,269.53027,7.8719516,0.46047318,5.6351643,0.0026199631,0.0064607677,0.065697595
2025-10-20 12:00:00,9.841233,3.3013804,0.12060966,0.7404752,-38.032024,7.7647448,1.3286084,1.0747373,0.14653261,-3.6462402,0.52460635,-2.894457,1.8920326,4.2120066,3.1829295,0.1636341,2.1166964,2.9813464,-17.182556,12.869623,-3.6633022,19.791775,10.599285,-0.110143475,6.329179,0.07051954,-0.0052644033,0.06012173
2025-08-10 01:00:00,-115.5438,-0.3021895,1.8372874,2.2358341,-42.76575,-55.97297,0.37367782,1.6792315,-0.06635907,0.11388008,-0.052837152,0.15873685,-6.4919705,-4.220897,-11.89407,14.168795,7.367777,2.4764783,-0.53725123,4.4669023,3.5590937,-58.202,-2.9518514,1.4980302,10.376868,0.014073637,0.1505343,0.0680863
2025-09-09 09:00:00,162.75414,6.4490376,0.2184394,-0.1943675,96.41233,75.63795,3.2195957,0.34347844,-0.15784425,-0.10031265,1.4537969,0.6409092,4.752903,4.063226,-2.774814,15.247112,5.1991425,3.7387931,29.44033,4.6534805,14.04049,108.739395,6.6768107,2.338109,7.869177,-0.083712325,0.011850595,0.044215742
2025-12-21 08:00:00,56.2259,-4.0630116,-1.015356,-4.137416,32.961052,19.281174,-1.4359053,0.87106717,-0.045623284,-0.9432414,-0.742439,0.3177571,1.3774428,19.172705,61.93375,6.708817,12.4675255,4.167097,-3.3110433,24.563087,-1.3680559,183.32071,-1.7457443,-0.016546456,5.9602532,-0.0031281547,0.007818179,0.07301353
2026-01-07 06:00:00,73.88773,5.6652017,0.26545337,16.481936,115.77186,28.156979,3.0303364,-0.34910038,-0.07348136,-0.8507493,1.2162108,1.3211304,60.73479,146.63828,263.73724,1.0117043,-2.5200737,17.566359,14.484829,26.914558,16.666386,264.80295,6.327904,0.58109355,5.301387,-0.034171615,0.00480646,0.06496019
2026-01-02 04:00:00,40.04814,2.7391353,-1.6652715,3.5715725,30.316383,-14.111699,1.6602925,-0.38233316,0.26219743,-0.9651529,0.9214888,0.831923,33.132053,75.55943,63.521793,-14.058662,-5.7865543,-10.676211,0.06394491,6.04118,-1.3940556,-53.603107,-7.866377,0.3487293,-4.5078573,0.0022665453,0.007943824,0.10198047
2025-08-22 01:00:00,-109.14035,-1.2934479,1.0907433,2.302316,-42.796597,-51.871838,0.8725168,-1.6751179,-0.07545801,0.97944283,0.07985425,0.13561958,-25.23507,-54.18061,-42.344276,7.4294386,1.6211498,0.48339486,11.264851,0.4817537,2.9234414,-95.31307,-5.1793175,1.046847,6.651298,0.124505796,0.031838134,0.08824868
2025-10-16 06:00:00,70.18929,4.441185,-1.0082543,-2.9689035,65.1583,16.406025,2.7297218,-0.11778325,-0.29870456,-1.5540069,1.1877124,0.82168967,19.683697,27.597042,18.873753,-1.4198681,-1.3469535,-1.5260371,1.825856,-1.06925,-1.4423331,118.31237,-2.0320644,-0.64200836,-0.0014500772,-0.018314589,-0.0029303147,0.055338964
2025-07-30 19:00:00,19.278318,-1.9869541,0.54714614,5.8712955,-12.532363,4.727866,-1.6166228,-2.3274372,1.006997,1.4204139,-0.44872358,0.1780705,-10.048933,-16.89641,-22.570457,16.04714,11.929432,5.539232,20.510948,-2.3279757,12.417409,-41.14651,-0.4745051,0.18143569,4.4445534,-0.018174348,0.07154402,0.4641864
2025-07-30 14:00:00,81.20378,5.1984854,-0.67311627,2.4672308,54.57725,74.138054,1.9514595,-1.2419606,-0.2223587,5.6352096,0.9137539,0.40827623,-1.6635517,-11.453215,-13.182021,16.86406,13.835376,6.191557,30.66301,3.540349,14.793209,14.026162,6.510427,-0.9431879,12.816026,0.056068983,-0.070961654,0.48363397
2025-07-19 04:00:00,-33.564423,-3.8280425,0.78807026,2.8601286,-4.5732784,-27.187107,-1.4948285,-0.9287885,0.40619665,3.4712796,-0.5671968,0.19906227,-6.2715726,-8.904501,-26.510921,-0.9431425,0.43789694,0.6364168,7.359715,1.3149564,3.0442855,-130.99309,-4.391436,1.0576357,3.705048,-0.017163685,-0.014628006,0.10367988
2025-07-01 23:00:00,-0.35647324,-0.58121866,0.058175743,-2.3268816,-30.747795,-48.93726,-1.6740901,1.2028415,-0.27696592,4.881563,0.08864192,0.093699574,-12.776806,-20.872868,-27.929846,14.2983055,10.462304,4.988865,12.862579,2.4824405,7.8574786,104.71175,-11.49266,0.16812989,3.5817685,-0.04434037,0.24764721,0.08115685
2025-11-19 12:00:00,0.6734728,1.221885,0.8887261,2.2319214,-53.088566,-9.848328,-0.2499043,-0.62825924,1.2462469,-4.0830326,0.33779466,0.4314228,-4.525153,-3.8973477,-10.066425,-1.6178685,-1.5692528,0.64490944,-20.223917,-15.081208,-9.803408,-14.48343,-3.25453,0.23144287,-7.0237136,0.022386502,0.082472414,0.08862513
2025-12-25 13:00:00,-35.38174,1.34933,0.048500445,-0.5006132,-65.98202,-31.051006,0.7646916,-0.60034823,-0.31547514,-5.8236194,0.1748916,-2.7686927,-8.145864,-13.466931,-25.695175,-4.6438556,-0.9211054,-0.5816375,-21.342007,-23.204645,-10.776314,-104.63249,-4.5914373,-0.23261628,-22.872587,0.13798706,0.019157337,0.13008408
2025-10-02 04:00:00,-28.347258,0.785241,0.7227618,1.9883482,-0.71974295,-30.755484,0.7139815,-0.8570187,0.15028168,-2.9664133,0.25163758,-2.1533833,-7.148804,-8.996998,-22.99334,-4.0081153,6.884196,0.68308586,4.8858843,2.1275904,3.9162908,-128.13919,-2.3965228,-0.6087189,3.0780642,-0.012478874,0.018026117,0.11467436
2025-12-03 17:00:00,64.7184,1.5939542,1.4246471,5.6857123,48.3411,57.124058,0.42261133,-0.3324141,2.6222951,12.642753,0.6013651,0.43031257,7.09982,17.205029,8.798544,-1.4796183,-0.8447575,1.1040525,0.01973749,-0.6365717,2.062008,9.422321,3.648349,-0.38773644,5.545058,0.014396573,-0.014741937,0.14771363
2025-08-14 11:00:00,25.823717,-1.706817,0.5131221,-2.612927,-28.696291,14.88589,0.042802412,-2.2973266,-0.15121406,0.5712169,-0.17192812,0.21931453,-4.5856986,-6.527686,-11.542469,15.591824,6.6687336,4.128013,38.922283,2.0566688,8.635777,111.95709,6.4890857,0.86444855,3.174708,-0.0016560392,-0.11808595,-0.017564649
2025-12-03 20:00:00,-30.917267,-0.5869095,-1.5006388,-5.5621123,-33.519817,-26.012814,-0.6812289,-0.9272686,0.64289635,-6.5301876,0.03036518,0.1576372,-6.9362946,-6.8926835,-10.8393135,-14.654979,-8.088659,-2.9366753,-18.212,-2.6676123,-9.232606,-19.667603,-11.039035,-0.33094913,-13.806497,0.00787343,-0.015317215,0.08206386
2025-08-28 00:00:00,-62.70474,0.8456274,0.9966907,4.9456873,-25.02475,-50.965145,0.9456659,-0.13044114,-1.2871342,-1.3754257,0.17092638,0.14042358,-10.086087,-16.334923,-18.034683,9.835641,9.087803,5.32569,7.729937,10.36997,3.8949752,-16.58208,-16.22904,-2.0010269,11.609015,0.016731834,-0.018593283,-1.8267574
2025-09-08 05:00:00,16.396803,5.596215,0.8023372,0.28167278,9.97174,-7.7105317,2.185709,1.1654742,0.2524275,1.3070323,0.814227,0.52503484,-4.614639,-3.1267312,-7.51768,-1.2992201,-1.2651334,0.9830586,4.7072706,-0.24965215,2.9711537,-68.77015,-0.67164975,0.098735794,-0.100648984,0.009583377,0.11092237,-0.74550664
2025-11-29 01:00:00,-77.15604,-1.6559501,0.15872608,-1.1665806,-27.658564,-54.887173,-0.7418818,-0.16512269,0.44652578,-1.9175432,-0.2079947,0.36104771,32.69169,36.67382,4.127785,-18.338207,-12.136311,-11.590742,-6.1576066,-9.040364,-3.183376,-61.604538,-7.911863,0.43198788,-1.6289972,0.014834562,0.031739015,0.05645546
2026-01-10 13:00:00,-28.732319,-3.324235,-7.6145186,-14.967278,-73.198616,-22.929836,-1.6056104,-0.5444751,-0.79184943,-8.146093,-0.39381522,0.21807091,-12.985328,-22.027409,-40.02811,11.068992,0.78714806,-1.3694729,-15.449268,-28.581478,-12.85276,-124.35733,-8.484835,0.27065894,-27.115448,0.11520204,0.00566074,0.15434386
2025-11-16 03:00:00,-33.647102,-7.109485,-0.2814929,-1.8901168,9.382123,-21.821646,-2.3828392,0.08838993,-0.038335063,-1.581252,-1.1001961,0.5383792,28.824318,52.179848,37.76507,-14.898183,-8.391094,-9.615522,-9.791446,-2.1313643,-3.8439329,-66.17727,-2.405492,0.06248317,-2.6107376,-0.0039199,-0.00064843544,0.07426379
2025-07-06 20:00:00,42.79299,9.479274,0.090469584,1.3780779,-4.0074697,17.863762,3.8123777,6.2753453,-0.3373967,12.27418,0.91256386,-1.3762466,-5.828505,-10.338105,-16.928251,31.96733,14.822128,3.7315881,43.68419,1.7255418,14.767823,94.50206,0.07281108,1.5114896,5.4185896,-0.03729971,0.004348875,-0.21661612
2025-12-08 19:00:00,-23.413143,2.1512623,-3.8164108,-8.919146,-3.7982357,-11.578832,0.9294305,1.5418618,-0.945589,-7.0317016,0.13583708,0.47139636,-5.913013,-7.0105257,-7.9990497,-10.484833,-3.432283,-0.8726649,-20.520071,-3.4800959,-8.023439,22.587545,-3.0071602,-0.23830925,-9.013573,0.058839787,-0.023545517,0.055061534
2025-11-15 09:00:00,127.00076,-4.5087686,0.18304846,1.0150476,64.60208,58.380028,-3.0722303,-0.21272519,0.44532117,-3.8961143,-1.491143,0.5696748,-0.48826164,5.90552,8.26086,-0.38895583,-3.7032886,-0.41575152,-32.788265,-5.892473,-19.909801,78.12584,-1.4223558,0.0014657278,-7.4650507,-0.008468252,-0.008294795,0.06371887
2025-07-01 11:00:00,21.631033,-0.46100056,0.6901946,0.23605216,-32.107418,16.90286,-0.92055,1.7916894,-0.14559391,5.9544344,-0.13907652,0.18967736,-5.0029554,-7.763222,-13.637422,11.8344965,4.4042664,2.3146865,14.025428,0.948987,11.441542,112.74462,4.1421294,0.6736115,4.370715,-0.07724515,0.010208915,0.0016242535
2025-12-28 01:00:00,-83.140884,-3.4304235,-0.08585701,-4.347614,-29.562542,-56.798576,-0.70303595,0.29383397,-0.2638404,-2.5895836,-0.30763292,0.2696803,33.89596,14.607172,-0.6861899,-20.252281,-12.954166,-9.644074,-7.4233427,-19.242693,-4.0492387,-59.310127,-16.711805,0.11373003,-24.55303,0.00061133126,0.058218416,0.053042293
2025-12-12 21:00:00,-10.945448,-1.8604914,-0.68049353,-2.59888,-9.328863,-23.258743,0.25305915,-2.1178932,0.7781689,-10.609432,-0.10065818,0.13811623,-7.2048755,-7.573095,-13.092186,-21.128351,-12.499002,-3.5813832,-22.959614,-7.558803,-10.765239,-120.00393,-14.500376,0.12272307,-12.952067,0.02074241,0.011429687,0.094639525
2025-09-17 06:00:00,-5.171378,2.48614,1.0211716,4.988356,2.0930192,-19.850302,1.149308,-0.77714336,0.79257727,0.930699,0.7217532,0.36195418,-13.601369,-18.535723,-37.44011,1.9094659,2.175777,2.3794508,10.975587,-1.8224555,1.9422456,-125.438,-5.210248,0.18725531,1.8591459,-0.020684106,-0.14873904,0.12147344
2025-07-19 15:00:00,-28.755657,-6.155369,-0.35632747,-0.4996394,-20.204384,17.371014,-3.2368748,-1.5303495,0.18722124,2.7681282,-0.9769211,0.22370711,-8.268571,-14.387423,-23.96741,13.150104,5.384776,3.6523926,7.3781533,-0.36696112,2.8610039,77.53848,2.3802755,0.12723014,3.7635226,-0.027487407,0.05141005,0.079270884
2025-10-31 09:00:00,153.87015,5.2987266,0.77679443,1.3606659,86.253746,75.37471,4.4016423,0.03523434,0.12536529,-4.7818627,1.3840755,0.9249564,1.4240403,6.0197577,5.8760204,-0.48890588,-0.6656293,-0.10417184,-6.1796536,-3.564994,-7.716612,63.217007,8.40548,-0.21480557,8.311845,0.0007275981,0.0014235678,0.09386765
2025-10-09 22:00:00,32.696518,0.3597676,-0.5219084,-1.42334,27.95206,-12.543462,0.6196628,-0.77281004,-0.16903128,-9.196491,0.18046246,0.19825831,1.3067453,0.23033656,-7.564181,-15.705221,-7.079563,4.189054,-14.76908,0.39692053,4.0621376,-105.11754,-2.1414807,-0.31964597,9.477587,0.05371969,-0.0028116298,0.06876372
2025-12-13 22:00:00,9.79732,-2.0531406,-0.25414237,-2.3988705,14.261341,-14.1044445,-0.86621535,-0.563977,-0.019965291,-9.546081,-0.46753696,0.1436321,5.51085,1.4431677,-7.2375154,-20.468124,-9.6034155,-10.152397,-19.954596,-10.358183,-9.264327,-103.36201,-15.76574,0.2444393,-17.277674,0.05320209,-0.006206415,0.07139266
2025-07-31 23:00:00,-3.3525107,-1.0743439,0.5874167,-1.6272191,-33.74643,-42.59665,-0.43751743,-0.8978497,-0.24214536,4.73526,0.13386129,0.18459179,-8.339201,-10.3941965,-20.899115,16.663668,11.163839,4.6906085,13.435016,2.8645732,8.580469,72.86734,-16.90393,0.25101924,6.1163006,-0.029887326,0.1782338,0.025715392
2025-12-25 02:00:00,-49.93206,1.0982902,0.029032748,-2.8765411,-12.573493,-29.708454,0.26466036,-0.36382043,-0.06366838,-2.6396284,0.27119547,-3.4810562,39.470974,43.606884,8.194334,-15.291065,-7.7207475,-11.408495,-4.3214054,-11.501752,-3.7564044,-115.2922,-11.150207,0.058038495,-12.018215,0.01457498,0.02700347,0.060753316
2025-11-23 05:00:00,40.28533,-23.283792,-0.48137745,-4.513,31.550985,8.071719,-8.645155,-0.20888835,0.0066399775,-1.7752028,-4.821376,1.6741409,27.09342,90.87804,138.55527,-11.078648,-4.8164344,-16.190077,-5.4153304,1.7878407,-3.2811081,66.09383,-2.5931911,0.044145614,-5.4315906,0.020741777,-0.00027845823,0.08387074
2025-10-23 03:00:00,-36.81624,1.1852058,0.19624458,1.0166914,17.335234,-28.45496,0.5075052,-0.43252817,-0.1290364,-2.1489933,0.3144759,-2.5659676,20.753742,17.249746,4.516279,-15.951987,-6.726648,-8.61907,-7.6025367,7.28897,-3.0502791,-67.52404,-2.8701549,-1.008172,4.6887846,-0.0226021,0.05661508,0.06977501
2025-09-16 11:00:00,26.045904,0.25880566,-0.22879429,-5.2778387,-28.516426,17.687014,-0.7062358,2.4126148,-0.2245239,-0.9304715,-0.17870645,0.19346333,-8.074555,-10.483269,-14.261367,14.325022,6.195171,3.6939118,38.87424,0.89514565,8.30573,125.86055,6.9091573,-0.12680411,4.4400744,-0.057361633,-0.12584645,0.011321815
2025-07-09 15:00:00,-26.936825,1.8180875,-1.2258114,-7.44767,-17.93538,20.71783,-1.4421005,-1.7744606,-0.1143572,2.074341,0.47367465,0.14390391,-23.666237,-40.907387,-30.137318,19.060133,4.9614315,4.491373,21.917452,-3.7070775,10.278124,131.9089,2.445862,-1.8841491,2.1942432,-0.30820683,0.010576041,0.17746098
2025-10-31 01:00:00,-69.52004,0.022206943,0.7843975,2.9106667,-24.737919,-45.459553,0.5546012,-0.52991563,0.20412357,-2.528725,0.166832,0.29736724,27.572601,18.70254,4.650664,-14.4567995,-7.4612927,-7.181155,-4.06154,5.9444213,-2.642129,-79.129166,-2.1660647,0.2897817,7.076877,0.03546753,0.027549325,0.051300615
2025-09-02 03:00:00,-55.395164,2.0301905,0.57196623,1.5784001,18.998304,-32.947308,0.37293243,0.7317828,-0.124634355,0.3025381,0.19312948,0.24839756,-1.8180052,3.0211866,-1.4573803,-1.6115266,2.8312263,1.0967829,4.313535,3.8168416,5.191511,-92.90095,-5.4775815,0.50147986,6.283515,-0.01301382,0.08229105,0.062837265
2025-07-07 19:00:00,28.626379,1.221363,1.3079458,1.0374261,4.2019305,-1.4157321,0.2166396,5.211864,1.7408986,8.640764,-0.6758317,0.19987854,-11.14572,-35.749275,-22.78127,17.509928,12.345168,5.317403,19.922306,0.7710355,13.0512085,-80.20156,4.1695967,-0.2885181,8.412478,0.07377418,0.010770539,0.34474432
2025-10-18 14:00:00,49.136665,-6.6306005,-0.65987056,-1.8507798,22.695091,53.84932,-3.7000282,-0.49944344,0.07492943,-5.2838435,-1.1137934,0.4322542,-3.2482166,-3.752703,-8.939821,3.3887599,1.7703722,-0.6451798,-11.744054,8.395804,-5.056247,-25.733723,3.7291832,-0.1924633,12.254286,-0.05976163,0.0033941616,0.11103197
2025-12-06 07:00:00,28.083492,-6.9580803,-1.6283883,-15.519217,11.440457,21.937262,-1.9045175,-0.47587425,-0.9514584,-1.236553,-0.7996087,0.6768735,-8.407959,65.57621,169.50093,3.2590349,2.7380826,-5.2522316,-3.6956325,10.9136505,-0.91163546,184.91087,3.0243535,0.06361197,3.5200455,0.044364985,-0.016380759,0.06578558
2025-10-17 18:00:00,2.630987,-0.31842718,0.25950435,1.1550231,-1.2809992,1.5251625,0.7692897,-0.7426873,0.6115453,0.4188556,0.23437114,0.40227586,-3.5614789,-2.4593172,-11.869757,5.374997,3.8416407,1.9345795,-6.2319,-2.0409558,-0.74877554,63.793373,-0.37846386,1.5556446,3.3926418,0.009939548,0.005009653,-0.41052753
2025-07-24 10:00:00,61.28887,0.61174965,0.83643293,0.40758252,7.7503457,56.90997,0.63123184,-0.025600249,0.25996232,4.862444,0.14457367,0.28939715,-4.4694896,-1.7190591,-5.498487,15.813906,8.743779,5.7889557,24.765574,0.7573071,13.384605,145.9036,4.9361553,1.4567792,4.6340194,0.19674164,0.002853234,0.05605706
2025-09-20 18:00:00,-22.628548,-2.6827192,2.121197,8.157306,-39.12181,-24.007505,-1.1352278,-1.2322981,1.1577553,-0.7129853,-0.69103086,0.18672712,-25.06159,-55.278095,-36.06696,14.285202,5.259271,2.8056288,12.1710005,-1.5927054,0.7622,-75.71057,-1.0642482,-0.39490688,3.0815082,0.060857736,0.036628798,-5.2779613
2025-11-22 17:00:00,60.793427,-2.3154733,1.951053,3.7237563,52.767944,51.612232,-1.5312757,-0.24065469,2.3510697,11.867478,-0.71335185,0.46521816,19.552645,29.277895,15.972107,3.837256,1.5216672,0.02471767,-0.4033794,1.0854388,1.6386571,-2.7066774,4.85578,0.3015684,9.475502,0.016990611,-0.0038035554,-1.355821
2025-09-28 21:00:00,79.43021,4.529129,-2.6295788,-10.6345215,33.536022,33.699444,2.0322194,5.5951576,-1.5599651,-3.2307239,-0.19191827,0.111020505,-2.0868175,-11.113912,-15.584139,34.421276,17.421906,8.141794,45.89337,1.2221317,13.492655,118.501076,1.1285658,-0.012907516,4.410822,-0.096707016,-0.03895032,0.077651285
2025-09-28 05:00:00,-17.492258,-6.7241573,0.98664176,4.829334,-5.589186,-8.582294,-2.7737935,0.8973352,0.3278005,1.4477786,-0.8975285,0.2859238,-12.061544,-18.756561,-40.298935,2.357069,0.9027409,1.860357,10.804809,1.2987499,2.0200992,-135.67542,-3.048471,-1.0699569,1.3031787,-0.010812236,0.02518071,0.20019317
2026-01-10 14:00:00,19.262976,-8.359476,-6.6414533,-12.6550045,0.026706228,19.252718,-4.8846,-0.38455874,-0.59865445,-9.698956,-0.76857847,0.30133793,-8.290011,-17.87717,-39.51985,8.934072,-2.39795,0.62442076,-12.810083,-26.4037,-12.815137,-159.80507,-9.114427,0.107400976,-34.500004,0.019348796,0.02044828,0.12474852
2026-01-09 04:00:00,33.70203,2.060276,-1.7717154,4.7606597,29.959639,-16.508272,1.1293972,-0.4231537,0.29503563,-1.1232595,0.7193959,0.7822785,30.557314,71.66205,43.644768,-15.432736,-6.3338666,-11.117026,-1.3475242,6.851352,0.97169477,-66.4305,-8.521533,-0.44672838,-4.5441566,-0.011758592,0.07451851,0.092500895
2025-08-30 19:00:00,23.577074,-3.7711112,1.5270842,9.692106,-13.644817,10.809277,-0.52743375,-2.205049,1.252393,1.683277,0.87125206,0.19624686,-12.713729,-17.397055,-18.69471,15.983273,8.850265,6.976278,8.12733,-1.99593,8.423379,-30.730694,2.355289,0.51674634,5.3201427,0.0012609207,-0.0015576724,0.5511794
2025-07-08 19:00:00,23.80425,0.54891586,1.1289567,3.0765567,-7.1516857,-5.905132,-0.5625811,4.254892,1.1416726,6.680609,-0.5461037,0.16084085,-26.717953,-84.4187,-30.354063,13.240849,9.0431185,4.8128824,17.659863,-1.460396,13.661123,-93.48371,1.3896675,-0.23705356,4.9414616,-0.63829994,-0.060793124,0.30294502
2025-08-21 19:00:00,28.962475,-1.8782433,2.6065078,12.75197,11.607259,6.3173738,-0.35921422,-2.6705544,0.97117054,3.9630303,-0.39416823,0.20514727,-17.819008,-38.575584,-24.829458,20.478662,6.851186,5.4801784,19.891226,2.1247795,7.7403445,-63.07045,-1.1396067,-0.06600461,7.876134,-0.042194717,0.071945734,0.3759314
2025-09-16 18:00:00,-26.210098,1.5814221,1.77071,8.969363,-45.63423,-29.867044,0.3039186,0.9116217,0.88122696,-0.86807114,0.24299037,0.22405413,-27.83207,-66.33358,-41.866116,8.682594,1.9198878,2.4673388,7.5955386,-0.70233095,1.3101261,-102.30934,-0.19103846,0.42789152,3.1863732,0.21491484,0.010927617,-4.665883
2025-12-31 16:00:00,15.467444,2.3954964,-0.051080678,-0.5011273,-37.46118,27.935465,1.1238996,-0.3470979,0.10904254,-2.6642463,0.31974268,0.41175386,-6.5808587,-11.536335,-27.66393,-4.4184422,-2.0328703,-1.5343032,-8.768465,-9.076029,-5.161696,-40.510563,-3.745136,-0.020834824,-13.1599455,0.0002864229,0.012165901,0.1471279
2025-12-10 21:00:00,-10.663957,-1.015816,-0.7766187,-3.9916787,-14.360277,-19.650373,-1.3620731,-0.7818036,0.78203666,-5.5022964,-0.029734386,0.12351564,-8.133781,-7.706628,-12.658209,-21.740913,-15.128687,-2.6876595,-25.961565,-5.757019,-10.241523,-72.59562,-25.019852,-0.4838769,-16.852411,0.0067381794,0.012688649,-0.8143465
2025-11-01 00:00:00,-60.135754,-1.0491143,0.7828528,4.0305,-28.091394,-52.613785,0.0051711565,-0.4537724,-0.05260758,-3.5219574,-0.13988623,0.16798732,4.5738115,3.4550052,-7.64112,-18.2541,-11.694014,-7.0365987,-7.155978,-3.0791392,-5.589285,-67.5284,-11.722188,-0.047126707,10.837649,0.04062395,0.019077139,-0.6526703
2025-09-24 11:00:00,23.325758,-1.3119712,-0.20427236,-5.7227907,-30.373623,14.036506,-1.0651141,-1.9538451,-0.242158,-0.75211924,-0.055500686,0.24112508,-8.760869,-9.190946,-12.236407,14.559679,6.8073454,3.1779568,28.725605,-0.09163838,8.067787,105.926636,6.90657,-0.31380254,2.5741675,-0.022461303,0.04566038,0.00370709
2025-11-12 00:00:00,-74.92297,0.72182024,0.19605844,0.5453206,-36.430664,-52.82478,-0.6250416,-0.26033503,0.08835401,-3.085439,0.1775422,0.31542695,24.008682,11.147277,0.8103899,-25.35229,-16.60585,-9.584578,-9.13572,-2.3327568,-5.012224,-72.69158,-7.219917,1.0200608,-6.3483367,-0.027217656,0.009998083,0.05503378
2025-08-28 04:00:00,-27.616835,0.698841,0.80757856,1.2922333,1.344481,-35.17878,0.69268996,-0.73270655,-0.21887513,1.1884667,0.18907407,0.22128215,-6.855537,-6.789445,-22.491966,-3.7229238,-1.5634916,2.034469,4.2239485,2.839133,3.6323411,-111.15317,-3.9531868,0.9431502,4.206085,-0.014955497,-0.03501072,0.09512639
2025-08-09 11:00:00,28.596355,-2.297256,1.2577797,-0.34853488,-33.152405,10.363035,-0.74114245,-1.762427,-0.06465199,2.3548179,-0.008031931,-2.459451,0.57532823,2.120901,-9.422331,14.643024,4.4004087,6.315973,37.543346,-11.631797,11.150301,63.382042,-3.0737324,1.8990583,3.753783,0.05421993,-0.18687299,-0.032719977
2025-12-06 09:00:00,141.43842,-5.1308136,0.67679334,0.31601563,69.571625,70.479454,-2.8562007,-0.411148,0.5253053,-3.5364196,-1.3318449,0.55958,-4.6320004,-0.99372727,8.498832,4.9988575,-0.8990197,1.8071486,-21.401861,-9.616449,-9.2558775,82.959816,-4.3649015,-0.50385714,-13.568931,-0.04413878,-0.002350681,0.06295256
2025-08-01 02:00:00,-79.1292,-0.46695805,0.6706942,2.6842744,-23.770536,-26.059395,0.592625,-0.9698828,0.20927706,1.3747748,0.1202077,0.1656156,-11.314274,-12.2982,-28.814957,5.1305857,3.6476743,1.6341642,6.6838436,1.7512231,3.5403006,-133.7371,-4.3895497,0.5763005,6.4184513,0.002775688,0.015210849,0.11614963
2025-11-05 10:00:00,49.716522,-0.016828809,-0.5425254,-0.20027904,-0.5619771,40.834167,-0.94449264,-0.34168965,0.91568345,-4.6031055,0.14472628,-3.4500053,-2.6694574,3.8121395,3.3444707,-2.4967403,-2.376296,1.144281,-23.424234,-0.49429584,-12.689253,110.434685,-0.38579836,-0.52231646,-4.692637,0.0015620787,-0.0024817893,0.046742126
2025-10-13 16:00:00,-3.6353652,3.5803227,-0.4876689,-1.043857,-45.162792,11.5524645,1.7926338,1.3691536,-0.23628785,-2.9499996,0.33171824,0.5534154,-2.716322,-2.5315313,-10.369131,-2.4326928,-0.6623829,1.4036927,-11.732079,2.3583572,-3.9472163,41.281086,4.2595706,-0.49051076,2.5678284,-0.06084939,-0.06379683,0.053153142
2025-07-12 01:00:00,-110.496155,-1.4319074,1.0397077,1.6491481,-45.526222,-62.198708,0.006510459,-0.6098027,-0.08438695,1.5843476,-0.043104064,0.12387968,-19.046772,-31.935114,-40.187428,3.6086748,2.2823396,0.5801082,3.8000124,2.4819365,0.23395045,-69.766975,-2.7600794,-0.09209001,8.199877,0.029566608,0.015645511,0.29637557
2025-11-14 05:00:00,46.61398,5.2832656,-0.5275906,-8.432926,39.905334,9.589061,2.980463,0.040526286,-0.17347056,-1.3050343,2.0169828,2.451457,29.883408,99.14779,147.64665,-8.58487,-3.004128,-2.957824,-4.472712,-2.6523778,-4.4545116,98.14158,-2.656951,0.14002785,-7.913813,0.011058946,-0.008407727,0.06363319
2025-07-30 09:00:00,164.59586,6.275755,0.42329648,2.040452,100.06572,82.531395,3.5197773,-0.763104,0.19829464,5.7414126,1.7043691,0.5483274,7.032027,3.9871266,-1.5263823,18.324142,5.856068,7.474852,45.77779,3.490869,26.952053,114.435326,8.442929,0.59337676,4.8600693,-0.071510695,0.0024157981,0.052088752
2025-08-25 19:00:00,12.546452,1.094452,1.6312739,8.760532,-14.402853,3.9211483,0.17707792,3.0700536,0.61902714,1.5492039,-0.37048265,0.3344239,-7.7155633,-9.849884,-18.241154,13.790516,9.386202,3.2439835,10.915563,-2.1836581,8.20637,-28.817442,3.185403,0.08895579,4.043896,-0.062430575,-0.021922432,0.19774643
2025-12-23 03:00:00,-34.890354,3.0914073,-0.3087178,-2.87792,17.75361,-29.228752,1.2680805,0.083889656,0.05771033,-1.8740597,0.5201797,0.5632684,34.383724,56.662693,19.997732,-16.724426,-6.422405,-9.2997,-5.242205,-4.0252934,-3.2575934,-76.81549,-9.207019,-0.024261666,-10.003652,0.0049941014,0.06304006,0.061964106
2025-09-02 11:00:00,21.376165,-0.49341226,0.13070156,0.36625195,-31.361898,13.855107,-1.2979409,1.395755,-0.22410844,-2.0609555,-0.05179792,0.23486139,-6.662787,-8.761638,-11.063654,8.999702,2.8051014,3.4833553,-5.006239,0.2130121,6.550316,110.16042,7.2647367,-0.076213226,2.8953195,-0.10457781,0.0024760973,0.032561593
2025-12-25 14:00:00,20.836145,5.7714562,0.17197932,-1.4071496,-5.4454746,26.481026,3.6088452,-0.16324599,-0.6023224,-8.381085,0.4542485,-5.2187705,-4.9384966,-9.338119,-25.089136,-6.642836,-3.8483942,-1.1374772,-22.594883,-22.549112,-12.813072,-130.9449,-8.511592,-0.022410877,-30.758389,0.05250165,0.006340833,0.103686415
2025-12-31 09:00:00,173.08765,2.0684605,0.16109458,0.30748302,91.175285,76.18432,-0.01114329,-0.60430974,0.27852404,-3.7149115,0.48739967,0.35884723,-5.519721,-2.1030777,1.9712665,18.905891,11.35976,5.715611,-3.0085785,-3.1156282,-8.10094,146.70085,-3.8829758,0.32544544,-12.213597,0.28134638,0.0040849755,0.049479876
2025-09-02 10:00:00,62.185497,1.2683,-0.0043138824,-1.0151982,6.044278,55.106388,0.046434876,0.49147537,-0.38547954,-1.2491951,0.1287855,0.2870421,-4.136412,-1.3875852,-6.78815,11.012051,5.005833,4.4421935,5.2389536,-0.9979723,13.770914,127.953026,9.892918,-0.7454459,3.7910645,-0.17114846,-0.0013035871,0.045052644
2025-12-31 21:00:00,-1.1664851,-0.48457935,-0.59234965,-3.658459,-5.6691833,-18.129482,-0.9952805,-0.8749514,0.7598282,-10.739595,-0.027641969,0.13211025,-6.713542,-8.380241,-16.321505,-14.159931,-6.10963,-2.3226843,-16.431631,-6.788782,-9.251195,-122.9873,-12.272335,0.23828831,-15.375998,-0.039947696,0.012075822,0.07471067
2025-12-02 11:00:00,23.014713,1.3228989,-0.91242117,-0.48821044,-32.715733,4.8772354,-0.16019015,0.97015804,0.3841752,-5.614636,0.26840085,0.42552748,-6.2688756,-8.511287,-12.754436,-0.58970517,-0.08354278,2.3246956,-27.228785,-10.136949,-10.693358,51.45558,-4.1556635,-0.40949044,-14.68481,0.045063123,-0.0059604174,0.04492953
2026-01-03 02:00:00,-55.800014,-2.4454749,-2.3259518,-4.4740076,-14.295141,-30.786484,-1.1786071,-0.24366127,0.01448535,-2.5663674,-0.5816609,0.34760657,41.497143,42.88383,2.5870028,-16.16265,-10.329316,-14.697368,-3.3541646,-13.1129465,-3.7573235,-119.76566,-13.475698,0.108552024,-14.629303,0.01390647,0.026016245,0.061714847
2025-09-27 18:00:00,-20.044436,-2.7032619,2.154669,9.548144,-41.62577,-22.881474,-1.3559736,-1.161386,1.0546867,-0.84756714,-0.74028975,0.21390231,-25.44965,-56.728905,-35.787502,9.547258,4.7613697,2.4246936,7.312569,-0.9091177,1.1587356,-74.62909,-0.6220918,1.0434296,2.36551,-0.13728434,0.039837234,0.5933882
2025-10-01 16:00:00,-22.634043,0.9576821,-0.13323344,-0.23192738,-49.574028,-10.182632,0.61443615,-1.0073977,-0.23032121,-2.5819128,0.34568587,0.36225888,-11.899833,-28.457146,-27.310549,8.231937,10.959525,3.9603152,0.69415754,0.22807045,5.220543,32.9681,3.8024619,-0.5511227,1.143762,-0.06918742,-0.092659324,0.65618736
2025-12-10 13:00:00,-32.532833,1.4603539,-0.31349072,-1.440197,-82.138824,-28.15343,0.27503628,-0.5919291,-0.08275386,-5.449894,0.25038067,0.32067665,-8.558445,-12.833645,-18.828619,-5.750388,-3.9240608,-0.3645813,-23.64954,-17.141941,-10.334386,-67.240776,-4.0903606,0.09275213,-23.937218,0.10080455,0.01671738,0.09098736
2025-07-03 16:00:00,-30.417812,0.12589827,0.12673384,-3.1579278,-52.92207,-13.155228,1.0916581,-0.86105525,0.055666383,2.1565108,0.34409738,0.28173643,-35.28522,-72.50898,-38.462517,9.211682,5.5013914,6.784429,11.853165,0.0036743095,1.764755,54.293396,3.0718136,-0.016410308,1.008268,-1.4579878,-0.10458684,0.2529067
2026-01-11 08:00:00,67.35681,-3.8109465,1.2363732,19.331722,37.20512,24.143696,-1.5881523,0.8388119,0.4837089,-0.9733421,-1.1002837,0.32422405,-3.2410822,19.73335,35.73739,16.57221,20.76452,5.2148504,2.87213,20.34076,5.921355,196.90804,1.4593129,-1.0731132,10.003351,0.020865677,0.011421222,0.075345166
2025-06-28 06:00:00,-35.304363,-6.5499487,-0.66445315,-0.81898624,-24.304922,-30.495445,-3.487557,-0.4946375,-0.8442309,2.086288,-1.30253,0.24845085,-21.004547,-43.960888,-58.093376,2.6780338,1.29339,-0.6225913,19.583757,-3.254934,0.6112517,-166.52904,-2.6436734,-0.9266091,-6.1960044,0.013390013,0.057159442,0.357702
2025-12-02 15:00:00,21.872293,5.010212,-0.12182081,-0.4204158,-25.443209,50.465294,2.3846126,-0.04554882,0.4511526,-2.3126833,0.8691528,0.5646292,0.40620264,1.0249193,-7.233007,-9.51335,-6.5697937,-2.4047787,-19.067823,-4.1327267,-7.006398,-20.162825,0.180902,-0.0041701416,-15.71861,0.002514112,0.002670826,0.08695701
2025-08-28 18:00:00,-19.124035,1.3153468,1.1413682,6.584783,-43.44393,-26.262424,0.424461,-0.25298512,0.6362364,-1.0224782,0.23381108,0.25202638,-24.204172,-53.701412,-36.47073,6.081853,3.2746472,2.8048575,-1.3360298,-0.8749972,0.1705066,-107.2041,1.5859724,-0.45921472,6.728163,0.05811562,0.009264579,0.6223603
2025-07-31 18:00:00,-19.608637,0.82258755,-0.21529773,3.3079548,-43.844967,-17.390593,0.6644185,-0.29107693,1.03913,-1.0696099,0.34095818,0.29318473,-17.655783,-30.571604,-24.301937,11.633578,4.5077,5.741715,3.8637698,0.3258037,6.4842167,-5.0705514,1.837986,1.1773713,2.0402012,0.021425134,-0.00079691235,0.7058626
2025-11-02 03:00:00,-34.759155,-4.6981096,-0.014075153,-0.02476925,15.73765,-26.439274,-1.7742783,0.1887264,-0.012399875,-1.7228676,-0.9060845,0.4667324,26.842873,35.29276,8.556506,-15.731825,-7.813002,-8.127326,-5.240813,4.915427,-3.3313744,-57.886337,-6.2177734,-0.18268476,-0.4043713,-0.012579802,0.0022685267,0.07436559
2025-11-30 10:00:00,51.410362,1.4552112,-1.2516,-2.909064,-0.74498355,36.37018,0.057232775,0.5236178,0.48530146,-5.577942,-0.13371193,0.3095943,-4.216512,1.7948041,5.004435,-2.9561315,1.4463218,1.990947,-33.274223,-8.504988,-16.734467,124.052925,1.5312363,-1.0237316,-7.0418177,-0.05311517,0.011260724,0.048978638
2025-11-16 15:00:00,9.164595,-16.106588,-0.04886127,0.2204118,-19.227907,37.009216,-5.149277,-0.015894827,0.24628018,-3.3002384,-1.6216406,0.4199578,4.2092333,5.2379546,-4.4727015,-14.096083,-2.6379077,-7.5963244,-20.457209,-2.3505707,-6.8886046,-73.87072,7.613291,-0.03618657,-7.1278067,0.025419412,0.0057985787,0.11027169
2025-11-01 14:00:00,32.83358,-4.89251,-0.17279704,0.311092,2.8007393,46.488613,-4.3526335,-0.28764313,0.9966406,-4.3472495,-1.0600805,0.4703136,-2.6205494,-1.4974872,-5.181296,0.20920864,-0.8035644,-0.3458138,-10.272169,10.233243,-6.796556,-58.76094,-5.9260554,-0.9411579,-12.322694,0.03558671,-0.033953484,0.091356225
2025-11-15 05:00:00,39.872246,-11.977816,-0.7023972,-7.504749,31.446024,8.300153,-6.5886564,0.068545654,-0.035666,-1.4378487,-3.9290557,1.7935863,25.51458,89.60637,145.19147,-8.962934,-4.612754,-4.6033154,-4.4256506,0.78128177,-5.068942,78.40355,-0.97848684,0.6034993,-6.3499074,0.053679086,-0.012348667,0.057770655
2025-12-24 17:00:00,68.93386,1.6984864,0.9889481,6.2283096,48.655582,60.94338,0.5210628,-0.34868166,2.4829953,13.5877285,0.44598457,0.45352298,2.9506853,8.919822,3.151858,4.8207765,2.1549168,1.5966468,2.5013392,2.0696757,2.1267014,4.8990784,5.56698,-0.0693569,5.926353,-0.029483229,-0.004941208,0.14089437
2025-11-18 15:00:00,16.873907,4.40945,-0.2562558,-0.5543812,-24.856838,46.77039,2.003404,0.15202676,-0.06622987,-2.5171504,0.7936286,0.54323316,0.2915773,1.7706319,-6.3075285,-10.391702,-7.100875,-2.4913268,-22.049616,-1.0109793,-8.194939,-24.40779,3.325293,-0.18474187,-7.6254525,0.008273755,-0.003207579,0.092015915
2025-09-09 13:00:00,-7.597078,2.159719,-0.3169338,-3.829412,-33.77648,5.995257,-0.12353712,1.3867362,-0.41431606,-0.06791165,0.17627366,0.38947347,-5.383094,-16.183311,-23.909632,15.854425,5.84599,2.1398163,27.487516,1.4776279,8.240043,91.68727,4.599314,0.4444479,7.987662,0.052976858,-0.24742319,0.22483972
2025-08-30 01:00:00,-104.8983,-1.2536536,1.1778657,2.6722798,-40.380325,-61.977802,0.47534063,-0.567777,-0.11174121,0.28391656,-0.10034741,0.11907324,-11.404452,-19.36089,-28.545763,6.705431,1.0431538,2.2800658,4.8850718,5.792358,2.2856355,-66.82842,-6.119631,-0.79280305,7.559633,-0.083639555,-0.027322449,0.12130448
2025-09-22 06:00:00,-2.1551318,4.608734,1.1399524,5.2506247,6.9834657,-14.256553,1.8911234,0.8742646,0.80638176,0.8605683,0.8069251,-4.841626,-9.656634,-16.356464,-35.89807,-0.6866981,1.5495466,2.05167,4.553289,-0.4205105,2.231542,-97.26186,-2.377967,0.2517299,1.4046849,-0.100593075,0.19147584,0.10445699
2025-08-23 11:00:00,30.127367,-1.3924971,0.23591457,-4.711904,-24.665516,17.274939,0.16463709,-1.660418,-0.25251907,0.4544965,0.560366,0.16554506,-8.74952,-9.233404,-13.557758,16.987417,7.1091614,4.9094954,36.26182,2.607204,9.03945,138.00499,6.068365,-0.076902814,2.7518053,-0.013990633,-0.0045198933,0.040236935
2026-01-06 13:00:00,-33.839226,2.3716276,-6.833118,-14.637749,-68.46896,-29.181274,0.78438467,0.6614141,-0.608536,-6.0998964,0.16052443,-2.5576835,-12.805037,-26.64128,-41.99602,1.5340371,0.041724615,-1.2295475,-20.914114,-25.950771,-12.066255,-112.11043,-8.488949,0.0074727074,-24.481129,0.08990959,-0.02044688,0.30275255
2025-12-23 23:00:00,-35.566414,0.6114321,0.5486753,-0.6850014,-46.52398,-67.295204,-0.20805542,0.4683421,-0.1108897,-6.91249,0.08049484,0.0958868,-6.971995,-2.9098082,-13.793306,-19.782211,-12.138414,-15.530407,-15.26205,-39.941875,-8.908962,-88.826706,-25.996635,0.06927882,-28.023577,-0.011434622,-0.00232634,0.06388965
2025-12-26 20:00:00,-19.877523,-1.7321984,-1.590748,-5.3737707,-31.11752,-19.215052,0.025608964,-1.6094494,0.752192,-6.7866697,0.073016234,0.1642546,-7.542479,-8.279739,-13.595431,-6.839938,-4.000328,-2.5465603,-14.917193,-4.7018676,-7.6271477,-22.475536,-2.027448,-0.19110055,-14.447805,0.015376155,-0.0024685902,0.08132113
2026-01-10 06:00:00,66.03236,-11.340467,0.8929218,16.465542,94.63196,26.873688,-7.6470175,-0.36386743,-0.1548169,-0.7774773,-2.7895892,1.1953274,59.704037,129.76083,244.8242,5.8386855,-3.3583112,9.674033,13.535587,24.0341,17.014156,229.06587,2.025093,-2.2399044,4.259862,0.029609527,-0.004095019,-0.5182391
2025-10-21 10:00:00,49.781456,1.936154,-0.14659409,0.07369552,-2.5342333,44.23654,0.6359272,0.073762715,0.14467658,-5.1814084,0.38873154,0.44419062,0.17012882,5.8921466,2.9863958,-8.004874,-1.3277493,2.5161011,-27.191376,5.936757,-10.396326,70.93145,3.5384321,0.9427223,6.5935345,0.014909168,0.019210733,0.04643361
2025-12-02 23:00:00,-30.985624,0.4166119,-0.34628466,-0.8559074,-42.043434,-64.924194,-0.24273746,0.41390324,-0.09139865,-5.275867,0.114518665,0.18610688,7.8037457,4.9906974,-5.667401,-22.432236,-12.688013,-12.190038,-15.747274,-16.097643,-6.770413,-75.82205,-17.49153,-0.10791464,-31.954227,0.005430435,0.0026838505,0.056756258
2025-11-23 20:00:00,-29.942612,1.8955213,-1.3322208,-5.0383644,-31.745796,-23.49355,0.9994617,1.5843172,-0.41554296,-6.7359548,0.22948386,0.15988518,0.7460626,-0.26030302,-5.7270656,-17.390839,-4.321721,-8.79886,-22.361532,-2.4538891,-9.49852,-14.333411,-2.5703566,-0.3802961,-7.110132,0.004095788,-0.013740901,0.07575939
2026-01-02 05:00:00,53.80534,4.140862,-0.9092969,4.2737126,50.52818,13.268844,2.8774805,-0.23966081,0.052780725,-1.3688551,1.7167668,1.5871608,21.167173,105.541695,175.4357,-11.93914,-5.9705853,-4.1022573,4.6402764,8.284695,-0.23298799,94.2461,0.8234115,-0.98411834,1.978014,-0.037706953,0.0050785746,0.058836907
2025-12-25 08:00:00,59.596516,0.3839922,-0.4643292,-1.8761287,33.324425,18.487759,-0.40653762,-0.7048377,0.4471312,-1.5727265,0.34056255,-2.7680285,-1.4685464,15.024552,17.176414,11.997934,11.247249,3.1023774,-4.3866234,16.440773,-4.3352556,164.9209,-0.41102758,-0.27467567,4.6996856,-0.015663536,0.0013931148,0.07704829
2025-08-30 18:00:00,-18.986347,-3.040523,1.2764806,4.366483,-42.830677,-18.461811,-1.2322298,-0.62448096,1.2961493,-1.738374,-0.6774259,0.23787524,-19.10554,-30.08929,-27.072308,10.977239,4.9566884,4.147265,-0.5613572,-1.4531785,2.1226408,-68.48378,1.3225541,0.4401268,2.1363568,0.008955928,0.028750012,0.7066517
2025-08-19 10:00:00,60.610577,1.1848354,0.49155605,-2.9525626,5.238976,58.645794,0.060843583,0.41354582,0.08144136,0.626146,0.056119792,0.2653388,-7.156643,-6.9376044,-14.84976,16.85189,5.0025487,4.9739046,32.772392,-0.252799,14.697362,144.72255,-1.1812941,2.3384178,3.9808593,-0.061503842,0.020178478,0.03807039
2025-12-06 12:00:00,5.659439,-3.0874696,0.65338176,1.0568826,-56.35543,-6.312901,-2.03597,-0.686163,-0.02076847,-3.986494,-0.7769498,0.3203464,-5.126016,-6.590273,-11.975345,2.0182612,-0.96902865,0.28363472,-19.028034,-21.938982,-8.750663,-23.397392,-4.2249103,-0.25244275,-21.933765,0.05150207,-0.0074107493,0.08226271
2025-10-22 12:00:00,4.503634,1.0634487,-0.0695863,0.59486246,-32.32606,7.4913144,0.046565086,-0.6519272,0.34418523,-4.064204,0.3225161,-2.7702963,-0.45805097,0.27115107,-0.44060314,-5.933709,-3.4597573,4.305398,-21.399357,12.011478,-6.037369,41.887226,9.661095,-0.39199623,5.7281494,0.054611664,-0.004742593,0.09060264
2025-07-30 11:00:00,24.372402,-1.3188461,0.7173133,-0.9132355,-30.618637,16.896557,-0.97144574,-1.9190046,-0.24981026,6.0327954,-0.14662373,0.22709237,-7.9414835,-8.069404,-13.052352,13.304874,5.663957,5.1861076,26.914492,1.2980113,11.65259,117.66335,8.393166,0.13792436,4.054856,0.111655995,0.030331573,0.017724326
2025-11-10 19:00:00,-30.65954,2.1462555,-4.1891522,-10.086586,-5.246477,-13.565776,0.86689514,1.5057983,-2.3254988,-6.4542465,0.13844123,0.41172212,-2.38346,-2.7648363,-2.0483696,-12.461172,-5.1696506,0.6913844,-19.617048,-3.016108,-8.749591,8.204243,-3.0632904,-0.55954164,-5.151901,0.04381672,-0.074148275,0.059564706
2025-11-02 05:00:00,53.320423,-16.101995,-1.1416235,-4.3926716,46.5977,11.872552,-6.169607,0.14924386,-0.028384326,-2.0900533,-3.5505698,2.2367666,35.319046,81.48985,31.080488,-10.553669,-4.7529407,-4.6867576,-2.2495527,-11.050588,-1.2289999,95.073555,-2.0380306,-0.4361027,-7.204661,-0.00035534083,0.001188655,0.057033762
2025-11-11 05:00:00,46.87686,8.685251,-0.62160206,-8.216967,39.448166,9.6394,3.715064,-0.18079497,-0.12660573,-1.3552803,2.0361173,2.548401,32.571304,97.732025,143.38263,-8.762507,-3.5821536,-2.2139513,-5.2543793,-7.5514393,-3.7696795,98.352875,-2.484568,-0.56748974,-7.7780366,0.015538844,-0.009100378,0.05476249
2025-10-10 06:00:00,62.894127,3.481454,-0.6236449,-0.8943546,58.0348,12.274701,1.4436331,-0.35073042,0.045780916,-1.8727268,1.2376086,1.4525945,34.618282,29.120037,18.959646,-5.4156456,-1.5126716,-0.0008748751,3.5934362,-1.0191312,2.0065594,35.334488,-3.1296031,0.09913246,-1.1734235,0.008457187,0.21579483,0.12845318
2025-08-24 16:00:00,-25.620644,-2.9725163,0.09902367,0.09511858,-45.081253,-11.136224,-2.095633,1.0303473,0.17592531,-0.18167315,-0.7133721,0.31030422,-9.281699,-10.5016,-22.541306,11.246376,3.7889912,2.4632921,2.5989432,0.6377691,4.929452,38.61944,1.4918226,0.29183328,1.845038,-0.07366674,0.15092863,0.23408681
2025-12-22 01:00:00,-88.73871,2.505591,0.018598447,-5.0442834,-32.32943,-67.54895,0.7960199,0.6703575,-0.20113875,-2.6819108,0.19015408,0.34703007,28.542791,14.040893,-0.96678585,-21.52052,-13.955103,-11.215546,-6.8836007,-28.378447,-3.6225846,-58.38736,-17.431396,0.061691612,-27.650309,-0.047757704,0.024152644,0.048175257
2025-10-09 23:00:00,-4.90222,-0.40281406,0.57267433,1.323696,-33.346,-39.892357,-0.31207305,-0.75255394,-0.013574535,-4.2815495,0.11974161,0.1629815,0.2514536,0.92938954,-9.139466,-13.176909,-8.009508,4.1143765,-13.006041,3.3441396,5.9328966,-43.495914,-10.779813,-0.26984042,10.098875,0.0072614676,0.059699085,0.06892859
2025-07-09 05:00:00,-12.181089,2.0054724,0.74402076,1.4466234,0.7078915,-16.048002,0.8181557,-0.803598,0.34823287,2.6783745,0.3127945,0.30216125,-13.478239,-19.89889,-43.171425,3.3741932,1.7318108,0.5625878,15.380277,-6.9328394,7.557558,-146.6697,-3.3834844,-1.1112338,1.5447983,-0.04000367,0.06904242,0.18057406
2025-11-05 15:00:00,12.463429,3.086375,-0.2654175,0.7392172,-27.195,46.64173,1.6885855,-0.259959,0.19305587,-1.27412,0.56333154,-5.837537,-0.08319,1.3616956,-8.645604,-1.0374701,-2.9356017,-0.37813348,-14.831645,1.0438836,-7.0462704,-4.0745606,4.4786377,-0.1262763,-8.27582,0.07856509,-0.0045496,0.11760668
2025-08-02 14:00:00,70.16699,-13.79414,-0.38613817,2.2478597,51.17094,59.82697,-6.7387924,-1.0791806,0.1931969,2.687797,-2.2728314,0.33115876,-1.7875608,-10.346191,-15.766807,23.169273,10.178486,7.5254474,24.9696,1.9795969,10.938217,25.533834,5.805997,-1.3534075,12.345533,-0.044581745,-0.053532876,0.24129088
2025-07-27 01:00:00,-99.16396,-2.8886116,0.85795885,0.35927796,-41.150772,-53.68909,0.67059857,1.9646349,0.05963038,1.8128158,-0.16538897,0.10371056,-32.15505,-63.216675,-40.865673,16.682112,5.7372103,2.280805,13.964533,0.034865033,4.1219897,-88.77451,-6.768012,0.635284,3.0417519,0.26791748,-0.15925728,0.12927665
2025-09-27 15:00:00,-27.155416,-6.256071,-0.40190998,-3.7946537,-16.829384,21.728617,-3.8493943,-2.0754766,-0.24123164,-0.24679266,-1.0102853,0.25437176,-12.8949795,-18.47032,-25.050236,18.485048,5.098279,4.8425407,26.020374,0.5600874,4.486298,81.401505,1.4005133,-0.5162374,3.251878,-0.053882968,-0.032222513,0.13142149
2025-09-30 04:00:00,-39.45406,3.7772775,1.00365,2.6217515,-9.329434,-29.03384,0.8504026,1.1840719,0.19097297,0.78935105,0.31155643,0.20146848,-16.510815,-29.67812,-37.312416,5.055525,1.4367702,0.33106792,16.045712,1.7737674,2.593642,-148.01474,-2.883308,0.8415405,3.5835023,0.06852702,-0.014322715,0.23230241
2025-11-17 22:00:00,5.9811697,3.0047722,-0.4931361,-1.1384764,8.217941,-17.094751,0.97876656,1.173029,0.09600938,-9.1898985,0.1906196,0.23812066,9.1553955,2.7249916,-6.6624017,-25.231731,-13.790374,-9.853406,-21.384094,-7.9089413,-10.090904,-105.5254,-11.438907,0.17879575,-6.437529,0.031193227,-0.013428978,0.0630607
2025-10-13 05:00:00,65.551476,9.48156,-0.7563798,-1.4731927,42.286736,14.737373,3.4777458,0.92317104,-0.22256696,-2.029504,1.3181262,2.11837,35.411392,43.2013,18.215977,-11.612699,-3.9925346,1.5727739,-1.7808028,-3.3517637,0.3936698,10.303878,-1.514547,-0.23096807,-1.6934922,-0.03849427,-0.11961329,0.14614864
2025-10-17 10:00:00,53.4866,1.0668473,-0.0781479,-1.218999,3.4627264,47.905132,1.7480973,-0.35006297,0.10472454,-6.546669,0.027049005,0.39173302,-2.4789934,-0.07866375,-0.7688791,1.2631602,1.1214886,2.6392252,-13.534713,-2.2806861,-11.409872,116.411476,8.054772,-0.29371956,6.6350503,0.12622462,-0.0005370797,0.051045716
2025-06-27 04:00:00,-46.655743,-0.8179434,0.031317446,0.51794267,-16.179386,-25.418245,0.3062509,-1.0947291,-0.040137354,4.3841267,0.29092586,0.17584036,-18.641314,-41.72321,-42.774284,6.352025,1.8456647,-0.60865283,18.461351,-3.1144693,6.647599,-155.91911,-3.159094,1.1859818,2.8107216,-0.006450344,0.06315372,0.2538189
2025-09-23 03:00:00,-69.05442,2.980388,0.9543376,2.4307163,6.011093,-30.30548,0.40807405,1.3289536,0.1665636,0.8994344,0.25251308,0.16519453,-14.186656,-26.814974,-37.41364,5.956457,1.3648841,0.78249466,14.040472,1.6724819,2.911287,-156.05933,-4.874792,1.1968247,7.4364367,0.059068114,0.004041447,0.16669741
2025-08-08 13:00:00,-10.107101,-1.1325638,-0.1168023,-0.072235644,-36.649487,3.797692,1.1707478,-2.5758395,0.045845587,2.8152356,0.0935297,0.2744628,-7.2277403,-17.86546,-23.39533,17.556538,8.945095,5.6658134,44.208576,3.807408,12.872297,76.59315,10.146401,0.5281371,-9.858446,0.029029977,0.046055745,0.16759902
2025-09-14 02:00:00,-76.5241,-3.20248,0.6063513,1.9285979,-27.92083,-25.275301,-0.55077344,1.0033116,0.07350173,0.15322018,-0.16159154,0.13134965,-17.820229,-34.75884,-37.742195,4.1274886,0.26558152,-0.19254793,5.806425,0.7703088,2.9064348,-134.38675,-3.0983624,1.587885,5.7090483,0.018853683,-0.013346623,0.25721556
2025-11-03 07:00:00,13.702925,2.845985,-1.5779259,-6.515145,10.2918,6.024159,1.7156883,1.0710793,-0.77746433,-1.1698884,0.25849393,0.45978472,-3.1283863,14.16819,14.466737,-16.909416,-8.427523,-5.046297,-11.422904,-6.2551394,-4.8554482,102.32029,-2.4878378,-0.5851879,1.9730377,0.08333816,-0.016677415,0.06268786
2025-07-14 15:00:00,-22.24862,5.2001076,-0.43198335,-1.3268955,-18.114897,22.60484,2.2194402,2.620616,-0.027548384,2.5250053,0.41907144,0.3122432,-10.878962,-19.40156,-24.715878,11.027285,6.7488103,2.5569792,5.2842455,-0.8255558,2.1232965,106.627396,3.6471496,-1.018736,3.5357459,0.11449787,0.038320705,0.1421845
2025-10-19 22:00:00,23.282772,-1.8088243,-0.73070914,-2.7342515,22.871668,-8.138846,-0.7861,0.5656307,-0.5204521,-5.719595,-0.5035478,0.14622855,-1.6024456,-0.36902878,-6.7970138,-9.383202,-3.4477012,-1.9428846,-15.164057,10.815741,-4.0730686,-45.187428,-2.5653977,-0.2607246,8.291075,-0.000881439,-0.0024044123,0.09601667
2026-01-10 00:00:00,-120.19125,-1.7263781,-18.414692,-29.867308,-56.738205,-89.06805,-0.48208803,-0.45566154,0.24863316,-3.8653712,-0.21330175,0.16353782,-33.651657,-16.784584,-23.507555,-31.05896,-14.745269,-22.793447,-4.0253053,-54.699806,-3.9369988,-87.5672,-28.14082,-0.7503538,-56.86369,0.008997274,-0.1815858,0.04093639
2025-11-16 22:00:00,3.4897597,-1.6668521,-0.4623003,-1.2344486,4.9830847,-14.928749,-0.39420894,0.70042753,-0.0058672484,-6.2493415,-0.24256743,0.23091687,11.6979265,6.6384497,-3.7411032,-24.229033,-11.867439,-11.038662,-22.527847,-2.8626223,-9.015954,-98.252975,-16.08466,0.73001224,-7.1668057,-0.040675767,0.0049446994,-0.6290528
2025-11-24 09:00:00,134.90002,4.257544,0.36422095,0.66677773,69.82899,60.610943,2.57808,0.64169,0.46908405,-4.6210966,0.6722769,0.621651,-3.9756656,0.802748,4.6455483,-2.241927,-3.7426722,1.4166427,-42.546246,-7.0902505,-17.932592,94.10564,-2.7004228,-0.8899098,-10.633034,-0.00935117,-0.018525314,0.04944551
2025-12-12 01:00:00,-81.86699,0.16813524,-0.07097336,-2.51642,-29.369581,-60.71676,0.5617054,-0.4169465,-0.2071981,-2.4638417,0.19537267,0.37941286,37.96438,26.963255,1.5145677,-19.014345,-12.070138,-8.629457,-7.0063114,0.49217832,-2.6827815,-60.095093,-14.350442,0.04227528,-23.806704,-0.018796526,0.015344042,0.060411803
2025-10-11 09:00:00,152.51088,-8.73925,0.5268374,0.97492695,89.175316,65.84158,-7.3994923,-0.21595041,0.041926064,-4.384607,-2.3863122,0.6884467,1.8218327,10.607125,7.592624,1.1759036,0.67910326,7.8067985,-2.7434351,-1.6795093,10.518926,85.21899,7.8260565,-0.19378087,7.7978597,-0.0034600662,-0.007987454,0.05681746
2025-12-05 17:00:00,70.91503,0.70678735,1.2616202,5.858662,53.42004,61.33355,0.98675907,-0.18390311,2.4313855,13.959335,0.68163,0.44541788,6.945179,12.617261,6.981443,4.0333757,-0.11062756,1.0902342,0.06903927,1.5588528,1.9578484,9.405001,5.2157674,-0.09582582,6.930443,0.016787628,-0.0057777013,0.15036418
2025-09-21 04:00:00,-37.216488,-3.7885244,0.7315405,2.216441,-9.842682,-21.756855,-1.921938,1.5695221,0.1466581,0.8442424,-0.67579556,0.1491271,-10.833868,-13.142379,-32.235558,6.7035966,1.4758961,1.3843791,12.823414,3.0918603,3.8773592,-135.49435,-3.9512591,0.3753934,2.6801653,0.048092436,0.028716734,0.13224623
2025-08-19 22:00:00,49.90365,1.2249844,-1.5898536,-7.5738297,48.564507,1.0859299,-0.50846905,2.1742718,-1.4895837,1.1777464,0.16153945,0.23356695,-2.6056573,-11.125939,-18.505693,31.031149,12.917462,5.937095,29.516468,0.9740368,8.752763,79.88686,-4.94417,0.7264486,5.119797,0.15675487,-0.020864412,0.05104295
2025-07-21 00:00:00,-68.50747,2.819228,0.8227381,3.995531,-23.751144,-50.03864,2.700862,1.78308,-2.314643,4.5596285,0.17897409,0.13949408,-18.536697,-38.463417,-30.953102,16.925293,12.682485,5.305121,8.971086,5.3847136,4.001169,-2.0558164,-8.034303,0.16999562,9.344183,0.050129715,0.014844235,0.20346539
2025-07-04 20:00:00,42.29533,-2.7565606,0.15893012,1.9954016,0.7166303,14.177798,0.4348655,-4.2456303,-0.16463682,8.96159,-0.04379142,0.11924125,-15.4918375,-32.018394,-14.264143,27.589706,11.781082,11.036301,51.925507,2.7453856,7.624804,-40.45889,3.3746471,0.5994499,6.024663,-0.11586862,-0.0005965269,0.27910227
2025-09-27 08:00:00,23.005915,-18.102684,0.39835984,0.15372439,6.757574,3.9410477,-8.274096,-0.38699475,-0.15138678,-0.90693563,-2.9986238,0.6015221,-2.8281348,-2.2027683,-11.454367,6.37524,4.6888633,5.1561193,24.542324,-0.41050455,5.222985,-1.708066,4.488863,-0.79288226,-1.0319912,-0.0058630183,-0.005299729,0.18540771
2025-11-29 09:00:00,142.32193,-5.2995634,0.059251938,-0.033802927,71.1408,60.47331,-2.753391,-0.49738374,0.37625933,-3.397168,-1.2189085,0.3668614,-2.7459579,6.785838,10.060728,-2.3204129,-2.0918272,0.74775463,-20.07818,-4.996044,-10.335328,137.1881,-1.6908015,-0.2598149,-4.547086,-0.08205889,-0.02335624,0.060957707
2025-08-13 02:00:00,-77.28993,0.38667798,0.54440117,3.1003823,-25.745073,-27.561975,-0.27288347,-0.6414883,0.085487135,1.3038207,0.1192377,0.15838483,-18.842525,-30.885857,-38.76388,4.217032,0.25513682,0.66524196,6.629122,0.66871345,3.3964825,-148.65848,-3.0198946,1.370053,6.353779,-0.037081905,0.037411567,0.23197317
2025-08-07 18:00:00,-24.989244,0.78856695,0.71220094,5.486325,-50.632103,-31.625036,0.6212869,-0.50747377,1.0081247,-1.553324,0.29544887,0.23312882,-34.362644,-71.28992,-38.205444,7.6086454,1.2976172,1.7717913,6.521397,-3.046473,-0.062386308,-101.99621,0.3679545,0.3277613,6.714174,-0.58038896,-0.02140449,0.52928287
2025-08-28 23:00:00,2.9438622,-1.0557035,0.067571975,-1.174572,-27.462109,-44.5947,-0.102489695,-1.0659692,-0.47695476,1.433078,0.15228921,0.19156343,-9.480758,-19.819946,-27.622992,12.421798,7.226694,6.225691,14.640082,1.6766764,6.521819,73.3167,-5.3309484,0.47673815,6.422866,0.051869564,-0.12255314,0.12739052
2025-11-28 12:00:00,3.2519257,0.97316635,0.69562465,1.3835384,-49.835663,-5.9339757,1.5091892,-0.2984495,0.7082778,-3.8096466,0.37108648,0.37045613,-4.8598313,-5.815898,-3.3878973,-2.0241094,-0.037831727,1.7980459,-20.482128,-13.529711,-8.923059,-19.320255,4.0039444,-0.6377362,-6.006888,0.011384988,-0.013499841,0.100690834
2025-11-30 04:00:00,19.120314,-15.356624,-0.19611819,-1.725611,3.202437,-12.9143,-4.7439656,-0.10796269,-0.16173974,-1.0694042,-2.6491842,0.71243584,28.444527,66.16302,108.707535,-11.458704,-5.907412,-14.087402,-5.103947,-0.1181592,-2.544158,-46.397068,-0.39480624,-0.47277427,-2.3027582,0.00459007,-0.0011777662,0.081752
2025-11-02 11:00:00,19.981943,-0.84162897,-1.055311,0.6891937,-29.42261,5.6718364,-0.8841047,0.8064148,0.17788917,-4.579623,-0.5420814,0.41504392,-1.1097178,1.5391585,3.8497145,-1.029563,2.267685,0.52425957,-24.162611,1.7937338,-8.12267,77.25325,-2.6757293,-0.38224354,-3.722972,-0.05851392,0.033901777,0.028268427
2025-07-17 22:00:00,55.45409,-0.6714184,-0.81531394,-0.628945,55.985336,3.7950654,-0.13485922,-2.3387985,-0.21621656,4.865409,0.18718536,0.14923221,-4.9603863,-12.22516,-17.170399,30.505371,13.910457,6.7777815,17.05265,2.2448733,8.110438,-43.727905,-2.7469447,-0.29933792,7.243549,-0.018890861,0.018897992,0.3987274
2025-08-25 06:00:00,21.450283,8.005526,1.2541623,2.7929761,25.172346,-6.8068447,2.9291208,0.94211704,0.8869089,1.9944965,1.214792,0.61081564,-2.2519457,-4.0902033,-18.019295,-2.294048,2.4376216,0.9273209,3.8943489,0.9490586,2.656918,-34.877132,-2.6342003,0.95289546,3.189241,-0.051316272,0.021812417,0.114851594
2025-10-16 00:00:00,-53.410534,0.25960463,0.8824936,3.7893434,-24.845057,-46.756355,1.0045967,-0.56381184,-0.2903422,-3.4985325,0.1607194,0.1819652,0.9125493,5.1829877,-5.34306,-10.019246,-4.410531,-6.672612,-5.9758677,7.1639786,-2.4190288,-74.77013,-0.8685295,0.9329026,10.207441,0.046201423,0.024873089,0.05851948
2025-11-21 18:00:00,-3.1924846,0.0785942,-3.9278011,-7.321629,-0.83962464,3.737573,1.2095435,-0.38451728,-1.8055658,-3.2647974,0.2770879,0.30263358,-1.6299615,6.322821,-2.2630775,-2.6374056,-1.9999144,-0.47785145,-12.848093,-4.003265,-7.9425216,85.573395,0.58063835,-0.2412332,0.22749306,0.013413316,-0.0011948416,0.047072202
2025-11-29 23:00:00,-27.92126,-0.9161957,0.15472467,0.7745757,-32.922207,-41.584972,-0.3773963,-0.353025,0.35854512,-5.1032324,-0.19003156,0.23183747,16.56175,8.820844,-1.93715,-19.54753,-11.788159,-10.249959,-15.335618,7.8552346,-6.9529805,-89.451996,-12.636013,0.04900188,-4.093429,-0.0025037893,-0.014047019,0.0701354
2026-01-12 21:00:00,22.44752,2.0156736,-2.852327,-2.934633,3.1351664,-4.3482943,0.61940575,2.4097831,0.90530545,-6.5739355,0.05654577,0.19315527,-8.923647,-11.771193,-23.24214,-8.003688,-1.1532625,0.68167156,-13.706998,-7.9351387,-3.9909344,-58.497345,-26.411531,0.046141442,-17.935574,0.045523122,0.0009285712,0.07286045
2026-01-09 12:00:00,8.391163,0.645286,-7.1130414,-10.017311,-64.36905,-0.12929118,1.6303675,0.06327368,-0.3204092,-4.652564,0.36713177,0.26643178,-12.842658,-26.921719,-38.6575,7.0491843,9.778102,3.7255049,-16.82247,-23.438385,-9.517118,-27.850407,-6.3056326,0.423316,-25.52403,0.046602964,-0.11158951,0.54245305
2025-07-25 12:00:00,13.91965,-0.7902526,-0.22851852,-0.9571717,-27.676268,24.413736,1.3433664,-1.9484575,-0.07820999,3.9224732,0.15841894,0.27291477,-7.094124,-21.292097,-20.80337,18.08079,7.6584325,5.2498827,41.60827,3.2381587,10.371817,90.32066,8.938423,1.032482,8.0616,-0.07606827,0.03937481,0.17390412
2025-12-15 16:00:00,21.690613,5.0997844,-0.037861854,-0.034860175,-37.487568,29.017797,1.7595845,0.88750875,0.18749806,-2.0405753,0.4924034,0.42237166,0.94155,2.603798,-5.2930465,-8.842165,-5.989853,-0.87640744,-10.619706,-4.3930464,-3.492922,-21.861855,-0.3749538,-0.4624631,-11.088743,0.027780538,-0.012935589,0.1007938
2025-11-20 18:00:00,-3.6147852,0.39647102,-3.712424,-7.343991,-0.88653696,3.8547828,0.34627834,-0.42921793,-1.9855064,-3.7586114,0.30555522,0.3591165,-1.9717548,6.457478,-1.7959241,-2.4893684,-1.930984,-0.7740037,-14.777004,-2.750592,-7.318346,76.193085,0.019046182,-0.44860056,0.003925155,-0.04029481,-0.0034956015,0.04012102
2025-12-21 05:00:00,44.76746,-21.997587,0.61963344,0.9374922,40.59716,11.314364,-9.624975,-0.16846238,-0.08633851,-1.3923779,-4.3468924,1.3119524,24.607363,95.21494,156.08418,-9.381803,-7.8570266,-21.927128,1.622772,8.796328,0.4115374,68.57696,-3.8509307,-1.4124068,0.45051214,0.010258586,0.013799825,-0.70030093
2025-11-11 04:00:00,22.794132,5.3226314,-0.36883473,-4.7755423,9.05676,-16.986261,1.5624204,0.21195054,-0.41767985,-1.3370534,1.0066959,1.1182011,30.217278,67.80784,118.13446,-13.123222,-5.5452495,-5.12684,-5.3892064,-4.73674,-2.087497,-19.887625,-3.423395,-0.28677183,-4.637285,0.024472408,-0.09155434,0.13964519
2025-07-28 21:00:00,82.03667,5.562805,-2.000659,-7.649908,41.3729,30.20028,2.1965563,7.738295,-0.98990035,10.223738,0.19565026,0.2016584,-12.90715,-28.259466,-22.07584,37.012157,14.820127,3.9121273,51.244873,3.8351407,13.661601,124.24218,0.68314976,1.8604097,3.839141,0.09702532,0.047204792,0.04529104
2025-10-10 02:00:00,-47.42375,0.17968406,0.40356222,0.63525164,-5.5476274,-27.242987,0.5805498,-0.55160207,0.048352383,-2.388108,0.20349912,0.27661157,20.835968,17.25125,6.2087226,-15.522608,-6.395802,1.0672351,-3.4935243,0.54704344,1.2973062,-96.475464,-2.9167488,-0.36223203,6.096059,0.03561128,0.004498149,0.046919487
2025-11-09 13:00:00,-30.004229,-5.03468,-0.28301856,0.97703505,-63.166107,-18.360527,-1.8711417,0.4517668,0.58837205,-5.9684687,-0.91315395,0.32672602,-0.9647331,-0.6595019,0.13828738,-11.143132,-5.222116,-1.7017945,-27.557417,3.0187345,-10.132092,-8.822887,0.61318976,0.22848609,-6.8630652,-0.15731497,0.0134298215,0.08381154
2025-10-07 04:00:00,-10.505587,2.3262181,0.20946099,0.22110997,7.3696566,-31.635092,0.47565722,0.68154335,-0.22209328,-2.13239,0.53830254,0.30252928,10.066634,17.491234,4.916383,-1.0675373,-1.5942445,1.7978913,-0.5555496,2.937061,2.3652859,-83.88288,-1.7940525,-0.10516298,2.551548,0.0050595044,0.058961738,0.0637167
2025-09-27 03:00:00,-67.07508,-4.1993175,1.1523821,2.5313108,4.537314,-28.695072,-1.6243107,-0.7874197,0.19509576,0.889089,-0.4442518,0.1234835,-16.138384,-29.353552,-36.29422,4.144928,0.70471394,0.45976213,12.538571,1.449837,2.3234148,-155.95879,-5.1732144,1.4824196,6.6333127,0.046853695,0.023055676,0.15790612
2025-07-05 07:00:00,4.7782116,-7.315988,-0.46474168,-0.2111716,-1.722495,3.0903046,-4.355899,-0.528557,0.11326568,2.0718508,-1.0747753,0.29833668,-7.010193,-13.702656,-27.010708,8.2835045,4.179154,4.4218564,24.325735,-0.3182067,3.6142726,-76.20182,-0.5570923,0.17839728,1.5212041,-0.06586339,0.12261686,0.123197906
2025-11-01 18:00:00,-0.21616064,-2.3398254,-1.8078506,-1.5539185,-1.1780752,3.9911427,-1.3998781,-0.57997,-1.3712463,-1.9306846,-0.50497425,0.34531742,-1.3748655,5.071837,-3.0996807,3.1753516,2.9124024,1.9943777,-8.653327,0.032153364,-2.9290817,75.1996,-1.7440428,0.15627901,-0.57865226,0.022861963,-0.017126657,-0.5752625
2025-09-30 20:00:00,13.893881,0.7363903,-2.0054784,-10.508767,-13.647081,2.802613,-1.3604407,4.7708564,-1.0609738,-3.1627736,-0.18683968,0.12665932,-4.749203,-4.500679,-13.442972,33.645985,15.0975485,6.325498,45.49044,-0.5253415,10.197473,-31.309744,0.6822744,-0.3500462,4.387575,-0.0059458306,-0.022900144,0.1360215
2025-08-03 09:00:00,144.91737,-26.010511,0.28030166,1.9303916,65.010445,77.18637,-11.242143,-0.8462502,-0.03665915,0.44857046,-3.777444,0.5226744,5.3489056,6.474438,3.1340141,14.894504,7.859077,9.715606,16.266981,2.974874,8.509842,13.311839,-5.341225,0.6816759,2.7174802,-0.031023443,0.017337387,-1.0442972
2025-08-08 03:00:00,-62.87895,-0.59233326,1.040472,3.7425234,6.516,-30.31069,0.47245753,-1.0743804,0.06586937,1.7570447,0.17668019,0.16431262,-17.41734,-35.70279,-38.827938,5.9351435,0.6478802,-0.20477003,14.509431,-2.7929637,3.321507,-157.83054,-7.6253247,1.5106361,0.41805977,-0.016577007,0.0016278229,0.18093829
2025-09-12 20:00:00,6.555277,-2.8570695,-1.8583851,-9.377368,-24.948954,-2.9700613,-0.1069716,-4.332629,-0.8990211,-3.6153643,-0.025482085,0.15171526,-8.723297,-16.660505,-15.913746,18.694416,13.351661,-0.52509046,21.311556,1.8286037,8.741075,-21.845428,0.44315675,0.05510243,3.8816354,-0.05282034,0.05229025,0.37401348
2025-12-03 00:00:00,-81.15062,0.91583556,0.121590964,-1.317767,-44.437206,-66.577065,-0.687671,-0.24526474,0.15497522,-3.2944152,0.19993024,0.28367203,22.88336,9.765411,-2.3448904,-24.794905,-16.894127,-12.236254,-8.958711,-12.796493,-4.596225,-58.920406,-18.19036,1.0214903,-32.46983,0.013967008,0.02590755,0.05934606
2026-01-11 17:00:00,59.851868,-7.273629,-0.2744086,2.2692225,68.98118,55.01189,-3.1747084,0.50324416,1.6725762,11.620028,-0.4546406,0.29842305,5.3262744,8.774076,0.18189368,7.05737,4.7934065,3.1816525,2.8250349,4.4492188,4.6652336,-61.754993,8.236906,0.38855222,10.794681,0.010265223,0.0108516365,0.14953436
2026-01-07 11:00:00,28.396088,-0.05462855,-4.019356,-1.705883,-42.1218,11.426059,-0.31586108,-0.5568854,0.09556242,-6.1470547,0.19059569,0.31269917,-11.990079,-23.86578,-28.752644,15.283609,8.726309,4.747742,-18.131351,-10.618559,-8.766614,76.23252,-5.1285515,0.4531619,-17.062311,-0.09827546,0.0141247995,0.16867986
2025-07-04 13:00:00,-7.2975864,-0.7430765,-0.13846762,-5.586308,-28.603407,8.965117,1.8471395,-2.3251398,0.7957901,4.896248,0.15154548,0.2393939,-13.881324,-38.293335,-25.768747,12.824099,2.021522,6.118633,53.24055,3.724071,11.432679,87.352356,-5.9387093,1.6431315,9.22472,0.32467085,0.035918444,0.15130372
2025-10-29 04:00:00,19.46154,3.4081721,-0.18668891,-0.9959749,26.816216,-17.610836,1.070287,-0.34319875,-0.3667166,-1.5995194,0.75854886,1.0423825,28.145056,51.290653,27.50795,-12.0775795,-6.595364,-7.8242393,-3.7433739,-1.0369039,-2.231699,-1.875726,-0.7731383,-0.16214803,0.2530445,-0.0003270405,-0.095124826,0.15626718
2025-08-18 21:00:00,66.38192,2.7411902,-1.3945152,-2.9654522,35.803883,16.309309,0.97849417,5.669029,-0.8405206,1.3961438,0.14334762,0.36500195,-1.932346,-13.8804865,-20.002882,22.598326,12.621047,6.6293225,25.726923,3.904486,12.169622,69.36104,0.5067712,0.049077943,-10.592152,-0.07608656,-0.025661975,0.2709693
2025-12-08 22:00:00,9.101439,3.1323302,-0.3026478,-2.5810685,15.296687,-16.414307,1.0745906,1.3002378,-0.016690383,-9.752439,0.17942035,0.19614956,0.9202637,0.67293537,-8.045479,-25.03812,-12.033539,-10.139157,-19.918755,-13.562209,-9.691503,-104.172386,-14.643322,-0.50816983,-17.808937,-0.0024671732,-0.0055631544,0.06133616
2025-10-06 09:00:00,165.89676,10.01622,0.034295343,0.12901041,90.03811,82.793755,5.5891385,0.18030044,-0.020581018,-4.838554,2.0920014,0.84167427,5.126106,4.6307974,4.170004,3.261499,5.478126,4.5124173,19.637909,2.2343538,14.522751,70.15345,-2.9438095,-0.08034651,7.2412853,-0.021651657,-0.01819979,0.07923297
2025-09-29 01:00:00,-118.86509,4.3060355,1.1248436,1.5178398,-48.138313,-61.209106,0.9786784,2.6367836,-0.32539448,-0.9952426,0.07866115,0.13610719,-26.013521,-54.281445,-46.70076,16.791952,4.605287,0.743923,9.2878275,2.3672109,3.0347588,-65.07826,-5.868956,-0.38836643,8.7345085,-0.53113246,-0.0020401152,0.16749947
2025-10-04 14:00:00,61.77898,-9.088927,-1.452762,-1.23987,43.095436,60.483414,-5.211091,-0.6937462,0.016279977,-4.7198772,-1.6718524,0.32532814,-4.324184,-5.6082973,-15.922368,16.57348,1.8211049,5.4310927,14.191547,6.24349,6.9787455,-15.8676,3.8059964,1.0670501,11.142887,-0.002231061,0.038298704,0.22821903
2025-10-17 19:00:00,-26.01263,-2.315363,-3.3647816,-7.268233,-27.061373,-10.670328,-0.16271117,-1.2106894,-1.6034724,-6.7757406,0.010441476,0.41124597,-7.0936317,-8.603547,-17.452177,2.3022966,1.0019062,-0.23291247,-16.392706,-1.5199106,-7.0645976,31.531387,2.8781374,-0.7118495,2.081929,0.011690068,-0.034214824,0.03417174
2025-06-29 05:00:00,-25.549494,-6.0531297,-0.36946604,-1.8053911,-8.548793,-12.586861,-3.0839522,1.4878707,-0.19313237,2.3772514,-0.861503,0.22928217,-11.285599,-14.808129,-36.13196,15.118838,3.7757442,2.298409,11.522975,0.22963639,-0.6475421,-129.07416,-3.6722362,-0.9309564,-4.3472605,-0.019762734,-0.08953346,0.13588229
2025-07-20 09:00:00,146.25143,-28.687918,0.21569672,3.437451,68.63459,76.99275,-12.038175,-1.3016416,0.23526485,2.8666036,-4.3480597,0.56246585,5.5953298,4.981664,1.9415984,9.81888,6.455759,3.0215704,15.793269,2.7621267,7.0468616,10.122007,7.48487,0.124595255,4.9273825,0.077484325,0.0088386005,0.10710115
2026-01-09 15:00:00,15.110213,-0.8472755,-4.0540643,-9.767574,-13.603765,38.78188,-0.21049929,-0.14087652,-0.23872063,-6.096046,0.52113694,0.37207827,-11.890765,-22.341194,-42.35717,-4.7844577,-1.5200406,1.5069191,-12.9396515,-16.330103,-8.235592,-118.733246,-5.7562776,0.3009408,-19.24029,-0.02891881,-0.06497876,0.18659703
2025-06-30 09:00:00,166.36528,9.338751,0.8415066,1.8407909,102.88945,79.43032,6.6293516,0.48908168,0.25522378,7.0984983,2.2725773,0.50354755,6.051686,6.529102,4.769409,15.694015,6.940356,5.531459,24.172007,1.3917085,26.10782,117.22499,12.332685,-0.051429722,7.5229964,-0.04561749,-0.0028880816,0.058193963
2026-01-12 17:00:00,60.928997,2.3803,-0.58881474,-0.15248811,44.43047,57.972782,1.2013637,0.6065719,1.7497448,13.101237,0.2738317,0.3880711,-6.550197,-3.265335,-4.473598,0.5203012,2.7605062,3.215777,0.7696034,5.0856795,1.8475846,-15.488854,9.388583,0.07769793,11.750993,0.03555871,-0.009719245,0.09977882
2025-07-02 04:00:00,-31.647871,1.4404998,0.88479584,1.4308486,-4.0920067,-32.348427,0.40747958,-0.87961835,0.39030656,3.459292,0.23594706,0.20474315,-10.569326,-13.857648,-31.483145,-0.8599371,-0.00028033927,3.0058486,8.779342,1.0100465,6.0799975,-135.27379,-3.7474666,0.6658279,2.42574,-0.023577422,-0.01028818,0.15435725
2025-07-30 03:00:00,-69.118774,0.7802317,1.0673145,3.4128318,5.007413,-29.523048,0.23379606,-1.3227543,0.2190587,3.5743344,0.19665146,0.15054491,-12.946387,-20.679634,-30.110218,13.940509,6.5164332,0.7532477,15.182304,-0.07778915,5.9510026,-150.89099,-11.3235655,1.3309586,7.142485,-0.023394413,-0.008324842,0.19111195
2025-12-23 19:00:00,-17.560053,0.9734123,-2.9999,-7.3732624,0.34243664,-7.5020137,0.2752376,0.82671726,-0.6778304,-5.8473873,0.2248058,0.35135016,-6.867827,-8.050027,-7.299845,0.48446438,-3.9043906,-0.372982,-11.11626,-2.631944,-6.9751167,7.3485026,-0.1565094,-0.33776674,-9.651139,0.037228074,-0.005686442,0.058545437
2026-01-02 13:00:00,-30.709084,-0.04859416,-6.8713007,-11.029039,-89.14524,-26.734093,0.67733794,-0.6442204,-0.51576173,-5.929372,0.24959503,0.26755646,-11.425249,-22.869986,-40.64401,5.4751744,3.3509462,-1.1955475,-20.965458,-30.203554,-11.721538,-70.047615,-5.6073785,0.290916,-30.306778,0.10433293,0.020409646,0.2585441
2025-08-21 16:00:00,-23.582043,0.5434058,0.028443523,-1.0556297,-41.972908,-16.55675,1.1071293,-0.77365017,-0.06595717,-0.88396484,0.34942517,0.26717,-31.248802,-67.41136,-30.32929,11.941384,5.1579404,3.6210995,15.848791,0.94417816,2.698962,4.0635343,-0.38700712,-0.48487464,1.5269103,0.18637891,-0.07070365,-5.9554853
2025-08-14 22:00:00,54.390457,0.21232983,-0.7460842,-2.7998726,48.70591,7.0360527,0.027608879,-1.4862136,-0.3184568,2.6534972,0.22164014,0.18244064,-2.2577662,-0.32099915,-12.758547,33.656956,12.131606,6.701429,20.150248,1.8196024,8.293657,15.37828,-2.6425977,0.56848496,6.1654706,-0.13709706,0.0028111287,0.089403994
2025-08-21 04:00:00,-36.99858,0.27495852,0.8311273,2.3814986,-5.4137783,-32.590374,0.7101394,-1.0061504,0.14730777,1.3943877,0.34529772,0.19683683,-11.451702,-21.431137,-32.57576,2.4186668,0.5316051,1.0512042,15.106488,0.6262347,4.7876067,-145.8041,-1.6968342,1.0119286,4.3304143,0.035472672,0.016026635,0.20594928
2025-11-26 09:00:00,136.70993,2.9434772,0.4255213,1.3258606,68.786385,64.686646,0.89812016,-0.43553516,0.7388218,-3.9526334,0.72548926,0.6555537,-3.1614907,-0.26271176,4.564585,1.1869704,-0.47427925,2.5201783,-33.65885,-10.2555485,-16.622242,64.873405,-4.1849804,0.13696699,-10.647137,-0.051523585,0.0077262046,0.053093527
2025-07-15 16:00:00,-15.43958,3.040903,0.35143328,1.7507541,-43.0258,-10.9490185,0.7584082,0.6710462,0.167384,3.5437615,0.36122635,0.30845463,-18.02536,-37.128166,-25.408297,10.090474,6.029089,7.701029,1.9221182,1.4336311,3.4150412,-3.9663455,3.7899802,1.0445155,1.5620815,0.12784961,-0.10441866,0.6404688
2025-11-28 10:00:00,47.32908,1.4198346,-0.7821546,-1.1825755,-4.2173605,41.459118,1.7730179,-0.10405874,0.89046144,-4.9459677,0.27107534,0.55979204,-4.0911794,-1.6010126,2.928673,0.086820416,0.084769696,2.9581263,-34.280216,-7.869735,-17.05332,59.934906,-1.0181218,-0.5912247,-8.40581,0.004143939,-0.0027123198,0.057464983
2026-01-06 20:00:00,-1.1372123,0.18155539,-2.0409346,-1.4910445,-21.200274,-6.945625,-0.055274744,2.0536544,0.76261467,-7.3563213,-0.13145213,-1.5267096,-10.661159,-12.805618,-22.058481,-2.7646153,-0.43257815,-0.22331968,-10.694174,-6.5613785,-6.8626046,-37.479263,-16.340425,-0.5596083,-15.503739,0.03728285,0.0058647813,0.054005813
2025-09-09 14:00:00,75.84609,6.5976954,-0.7741569,-1.1455288,53.745,66.48814,1.939626,0.20261806,-0.17563926,0.28045195,0.77339125,0.5540764,-2.7563882,-11.824528,-17.035439,15.729424,5.538375,2.487497,29.052284,2.9195104,10.689921,68.36434,3.962602,-1.2202845,12.234659,0.03762476,0.029948907,0.47328
2025-07-21 12:00:00,10.5850525,4.650028,0.21399486,1.0306517,-27.117487,23.22253,1.8476231,2.8796275,-0.12401836,4.9070253,0.15324679,0.42196426,-7.0824428,-14.332572,-20.94069,11.558785,8.106472,3.4727726,26.665926,3.595093,7.2877297,75.391174,12.0505905,-0.13843663,5.0302563,0.031495824,-0.016529527,0.2009994
2025-07-23 02:00:00,-74.671036,0.5569423,0.54300547,3.7471726,-26.016396,-24.76033,-0.28759983,-0.97666806,0.41322246,2.933936,0.1282768,0.14060889,-13.497289,-23.119938,-32.55987,4.996439,5.2179217,1.5949894,6.7531724,0.9157491,3.1951976,-134.90443,-5.2897344,0.5120264,2.7292001,0.007865027,-0.015491974,0.17299691
2025-09-15 05:00:00,-7.4383273,4.247005,1.1784279,4.90025,0.16873911,-10.76858,1.4975611,1.2973484,0.52153385,1.5661536,0.4984445,0.40046057,-10.999998,-16.552599,-34.88429,2.1030002,0.9459101,-1.4609284,5.8754163,0.52122605,1.0936146,-132.32043,-2.3304148,-0.5036798,1.2194186,0.010445467,-0.00502354,0.13348787
2025-09-10 09:00:00,164.46213,4.5393267,0.048101988,-0.32353875,96.61531,81.62688,2.970209,-0.6442243,-0.42441225,-0.49654874,1.3403653,0.58762765,6.76789,3.3835647,-3.4058752,16.23723,7.952368,6.1542063,54.1369,-0.63176227,15.354286,101.20254,7.623808,-0.41562095,4.1619835,-0.11415345,0.002910344,0.016247643
2025-11-24 16:00:00,14.409048,5.209697,-0.22292876,-0.54942554,-40.752502,24.604546,1.7556362,1.1457335,0.25773084,-1.8134117,0.579383,0.5769369,3.6776352,5.8403363,-1.0789199,-11.505943,-5.4584956,-1.6353949,-12.678209,-3.0791054,-3.9949703,-6.7743917,0.14376831,-0.32704273,-3.0058382,0.02667847,-0.0388624,0.11281258
2025-08-21 11:00:00,27.889563,-1.47333,0.537205,-3.0251675,-31.063906,19.365028,0.43333742,-2.062104,-0.1656414,0.80408937,0.00012360286,0.25479403,-8.9719925,-16.15507,-14.905412,12.751284,6.332761,4.715703,38.262672,2.575563,6.7734256,109.09337,8.801738,-0.35851058,3.1452203,0.016108928,0.028538242,0.122490555
2025-10-05 21:00:00,59.82618,3.8360424,-2.9306614,-4.8190365,25.914576,14.927086,1.9836891,4.5520053,-0.71450156,-7.713971,-0.18601577,0.1716631,-2.9218388,-3.5392673,-11.735923,22.0565,13.887675,6.3557057,8.066819,-4.157615,9.166787,4.724036,1.2914009,0.3063152,5.883218,-0.10345581,-0.003154204,0.14066915
2025-07-30 21:00:00,67.09184,-0.8155582,-0.5156281,-1.4098257,40.061764,22.174677,-3.0988457,-3.903583,-0.11561342,6.248259,0.19226366,0.15010431,0.05366747,-10.271699,-12.260964,33.07801,22.706318,7.578958,41.310844,-1.030865,16.928598,-4.6916003,-0.45620373,0.25532308,6.8427362,0.1812914,0.00040266564,0.33906466
2025-11-12 20:00:00,-35.85377,-0.99759954,-1.5206743,-6.063142,-37.593433,-27.032818,-0.7315526,-1.1225926,-1.6274364,-6.71979,-0.06357179,0.15170468,-5.5002036,-8.105281,-8.987145,-16.330908,-11.65264,-1.403025,-23.026773,-1.2391366,-10.888997,-39.265167,-4.2946854,-0.514497,-8.205024,-0.021677677,-0.007959904,0.09042117
2025-12-10 11:00:00,27.696377,0.937702,-0.8024983,-0.7588097,-34.255146,5.3803816,-0.4980017,-0.8420733,0.28981328,-5.550536,0.30252275,0.3718746,-7.4054093,-10.049819,-12.137715,-0.64184046,1.8581161,2.0253737,-22.624838,-7.661951,-8.769545,29.53891,-2.8511608,0.22576436,-16.258389,0.017146893,0.07000378,0.046259496
2025-07-02 15:00:00,-29.5144,1.5423597,-0.4882598,-5.0866475,-14.28443,25.942923,-0.025266515,-2.0979247,0.015285417,3.0144982,0.42099595,0.2099811,-20.678007,-36.278088,-28.004847,14.8344145,5.3525624,4.564979,18.950285,-0.20646289,4.039281,101.00095,2.5421956,-0.8236168,2.791162,0.18607329,-0.013752971,0.13721341
2025-08-16 21:00:00,51.81714,-2.8436334,0.37238017,-0.7030849,24.177896,11.353156,0.20600861,-3.2766757,-1.0866857,1.3850694,-0.15050523,-1.5566219,-1.057937,-4.7650175,-13.423903,17.447554,13.236852,2.9386413,12.482877,0.7268296,11.299802,0.30649278,0.24329893,-0.60780615,-10.168185,0.22094648,0.00046602718,0.11670085
2025-08-15 06:00:00,16.165094,4.114867,1.3838401,2.3171625,23.289883,-4.909766,2.177935,-0.5683446,0.7774322,1.6751462,1.0125064,0.4782643,-1.3075786,-1.7143425,-12.837712,3.8554513,2.5813334,3.2288644,4.0610256,0.43281007,3.1855414,-58.439087,-2.2329195,1.2413117,4.505902,0.0006708323,0.029268483,-0.9372583
2025-10-08 10:00:00,53.47345,0.6450603,-0.18009792,-1.2408253,1.5421375,50.378742,-0.55182844,-0.56953675,0.17088982,-6.300266,0.020978782,0.34805277,-2.3197906,-0.7205929,-1.1173136,4.618116,5.254746,4.476564,-17.044218,-3.0604613,9.433853,118.284706,3.2103484,-0.03089729,3.9677553,0.34193522,-0.0037748988,0.041394703
2025-08-18 11:00:00,22.151794,1.1619415,0.38138995,-0.42734224,-32.401592,15.022966,1.124855,1.9272904,-0.07376062,0.82392776,-0.10172452,0.36028692,-8.597612,-12.986454,-17.84796,7.0280423,3.7564626,0.8573692,9.585624,-0.28887564,6.8940134,104.47994,4.1699204,0.45745248,2.9310658,-0.114306964,-0.017792637,0.07850379
2025-12-19 08:00:00,49.422832,0.9197504,-0.17880957,-1.5044624,25.46524,19.538048,2.451224,-0.68755436,0.16741809,-1.7521169,0.30144754,0.24177182,-8.716438,-0.55233395,6.381041,3.2640848,2.7041802,3.0956001,-7.2349024,-1.7007908,-4.2434335,151.94229,-1.9344362,-0.06929513,-2.1543593,-0.015589731,-0.0001519587,0.08294819
2025-07-15 10:00:00,61.90115,1.4798132,0.77278167,0.19424492,8.55743,57.00865,0.14375828,0.2368845,-0.24357747,4.9041104,0.076115586,0.27326754,-4.2146654,-1.1685859,-4.9084315,14.633401,4.6056113,2.727463,21.72757,0.059712145,13.67089,141.28427,8.899711,0.34555635,6.7339396,0.20506191,0.0019290139,0.05918205
2025-11-15 03:00:00,-32.73023,-3.7644413,-0.28076097,-1.8157649,16.574348,-24.465902,-1.9972975,-0.041558757,-0.03309015,-1.6283002,-0.8755086,0.5207481,29.64972,53.136143,32.526306,-15.067334,-8.653259,-11.657659,-8.550072,-2.2863233,-3.761116,-67.57715,-8.28947,-0.37447268,-2.273548,-0.0056000324,-0.0014889551,0.06839276
2025-10-30 07:00:00,6.069997,0.7663628,-2.0690267,-5.196986,8.99361,-2.1926966,-0.17684646,-0.5768751,-0.7194007,-3.1326125,0.3227891,0.3192987,-5.341416,11.115288,8.187337,-11.690397,-9.240613,-5.4112606,-7.4185314,-6.8344383,-4.254781,109.313095,-2.1182754,-0.84258306,-5.398232,-0.07330217,0.0012132309,0.076552056
2025-12-25 01:00:00,-87.61759,0.6683721,-0.014957234,-4.7064123,-31.590027,-64.06301,0.11954368,-0.4201901,-0.16024101,-2.5152526,0.1488001,-2.64366,33.822163,12.346511,-3.560401,-21.00635,-13.079233,-10.445978,-5.7727346,-28.83916,-3.8469763,-72.76508,-17.145405,0.14812852,-25.390533,0.01888868,0.057806004,0.058389
2025-09-05 23:00:00,11.780713,-0.33899766,0.4688835,-0.090145744,-25.826244,-37.836185,1.1352794,-1.0054034,-0.4626928,-0.2530851,0.11103664,-2.1451056,-5.142768,-8.479833,-19.626154,11.8981695,2.3922346,4.96664,4.574254,5.319354,5.8381596,45.48522,-8.369212,0.39522535,6.708344,-0.005712899,0.10305291,0.05961165
2025-08-25 04:00:00,-33.3508,3.399918,0.8269157,1.5512364,-1.0038726,-34.09831,1.31498,1.7028605,-0.031895265,2.0526187,0.20739396,0.24575688,-6.285237,-7.564914,-26.32912,-1.6365145,0.38853,-0.68672776,4.199112,2.5977302,2.9220438,-127.46255,-4.1498976,1.8804775,4.2853365,-0.0006924167,-0.0033800062,-0.8865038
2025-07-06 08:00:00,15.145604,-25.011211,-0.07644045,0.6714171,-0.12865447,1.419629,-11.955275,0.46395624,0.3237323,2.6763504,-3.2894697,-3.3908658,-4.8198514,-4.489479,-22.014906,6.729828,5.5538387,-1.2861645,29.701971,0.32384115,3.6617842,-46.816647,3.7725039,0.16004404,0.12050788,0.033098925,0.03450361,0.14102739
2025-12-30 03:00:00,-37.162617,2.6969807,-0.33431858,-2.1709642,18.073704,-29.903702,1.1213918,0.20759894,0.048766475,-1.8740251,0.45242345,0.553979,34.54451,58.32161,19.761946,-12.763724,-5.7675614,-11.2709,-4.6238856,-4.582888,-3.3358712,-95.79702,-11.93272,-0.51900584,-9.023009,-0.028960083,0.055981677,0.058513805
2025-10-21 22:00:00,20.247368,1.9109929,-0.5139872,-1.9769156,18.45323,-8.806262,0.42189267,0.3891795,-0.36022162,-5.7219405,0.26377097,0.14834355,-2.3822281,-2.423593,-5.079055,-19.082298,-4.9065275,-0.67183095,-18.990307,10.5611725,-6.868841,-6.435416,-0.798638,-0.15097451,6.5035243,0.017763704,-0.012143991,0.06917895
2025-11-26 10:00:00,45.66706,0.2778168,-1.0528905,-1.3014148,-8.237141,37.242947,-0.2522271,-0.43737715,1.0760787,-5.9378448,0.27461323,0.4154559,-5.764231,-3.2901053,-6.233735,0.46866912,-0.8080033,3.018627,-35.81119,-11.880194,-17.564148,75.929436,-3.6502235,-0.26062474,-9.054193,0.053248186,0.001816047,0.026364733
2025-08-11 15:00:00,-20.74917,5.1033216,-0.39388403,-1.499154,-10.737294,28.330322,2.1747236,3.1020818,-0.29822305,0.5976574,0.38423875,0.33842972,-12.917211,-23.37127,-27.874176,10.756884,0.14412543,1.5970719,7.384893,1.6631949,3.84819,102.219864,2.6231625,-0.7866228,2.033585,-0.018918037,-0.030354941,-2.0491915
2025-12-28 02:00:00,-45.256466,-4.9789205,-0.011911557,-2.3267226,-13.820628,-26.28536,-1.5828627,0.14032353,-0.020783013,-2.5741613,-0.78026307,0.40436816,35.960728,55.466076,10.497072,-14.504808,-7.77808,-9.398764,-6.314576,-10.140646,-3.777841,-109.100716,-10.688463,-0.10193687,-10.112187,-0.0030455473,0.029980581,0.055748336
2025-08-04 15:00:00,-21.467226,5.351535,-0.34227762,-1.3654633,-14.907217,26.754065,2.6112044,3.3259857,-0.35462812,0.81746745,0.4669322,0.3455576,-13.975155,-18.902752,-24.85783,13.695409,7.068376,3.4688966,15.581759,0.80026776,3.5438797,92.72082,4.9674654,-1.532494,3.6992865,0.024338685,-0.0055432175,0.1789424
2026-01-01 09:00:00,170.96272,1.0612181,-2.806014,5.9406996,86.15499,75.780334,0.22696534,-0.49742275,0.21681714,-3.8569136,0.37960732,-2.8311112,-6.5502787,-3.0932093,8.384755,20.616903,12.41669,5.560785,-1.2975752,-2.5120459,-7.96043,158.06218,-3.3196454,-0.23784846,-11.05636,-0.22116654,0.005350992,0.06628096
2025-11-20 20:00:00,-35.831856,-1.3785269,-1.4786854,-6.357531,-37.292946,-26.302635,-0.2764146,-1.5779605,-1.4657407,-6.8426657,-0.05806044,0.14148337,-5.6339097,-8.08224,-10.074588,-15.756411,-9.387517,-2.8934793,-23.063984,-1.1391627,-10.806981,-38.147125,-3.368116,-0.30697545,-7.794552,0.007968392,-0.0070046387,0.098547265
2025-08-28 20:00:00,6.595442,-2.1051607,-0.89286035,-2.4687374,-22.702488,-6.344645,-0.26314864,-3.523976,-0.917985,0.38821435,-0.27166054,0.202304,-7.6075506,-16.79798,-26.873413,14.984444,7.575204,7.7912035,15.704969,2.766788,12.097557,40.645313,-1.4755485,1.0225037,-7.3179336,0.08309094,-0.02448757,0.25050455
2025-08-07 11:00:00,24.193043,-1.7685744,0.38861087,-2.9360163,-29.608597,16.89525,0.0966288,-2.0722697,-0.08729753,0.2999046,-0.17585886,0.1884995,-9.174794,-10.406086,-14.02326,14.358786,7.3080506,3.8114002,33.455826,2.3164706,7.4485826,118.15934,8.09725,-0.6802492,3.5766,-0.035785276,0.04515138,0.021052385
2025-09-11 14:00:00,73.99663,4.124621,-0.7414309,-3.0268693,55.348423,66.50408,2.7142472,0.54877394,0.010761486,-0.18066882,0.6164191,0.443287,-2.923945,-11.228643,-13.979633,20.349407,3.2733874,5.579468,35.612843,1.7403277,10.251427,51.517788,10.281713,-0.09556595,12.158381,0.13393396,-0.0011776874,0.42341796
2025-10-20 11:00:00,17.732569,2.5511088,-0.294596,-0.36967522,-31.088234,5.5625343,1.8124634,1.2089453,-0.10378406,-4.553016,0.5183562,-4.1970606,2.4033017,5.6041927,1.1693257,0.251515,1.2265329,2.0149844,-21.131857,6.771591,-5.2319117,64.02604,5.620466,-0.42140535,4.911386,0.099961236,-0.002555548,0.028583955
2025-09-10 01:00:00,-103.95261,0.06409128,1.0438983,1.5257097,-43.065945,-56.01905,-1.1719388,-0.51521665,-0.34756276,-0.495261,0.07551885,0.13946058,-22.36302,-40.488857,-38.843983,2.971924,-1.7139126,-1.564188,6.8724303,-0.29386398,3.1594188,-88.382614,-4.6966963,1.0091231,6.600907,-0.03281478,0.13322963,0.18657634
2025-12-07 10:00:00,55.809105,2.3234718,-0.98338944,-3.2091706,-3.0862358,40.982468,0.18498148,0.76852745,0.015133679,-5.793389,0.08392176,0.28268015,-5.2127404,-3.8724363,2.5058935,-0.054794148,0.68170184,3.0454702,-28.965189,-9.681427,-15.655037,131.2339,-4.767941,-0.18096167,-16.32452,-0.059212673,0.010314285,0.0422341
2025-08-24 02:00:00,-75.2283,-1.2835824,0.66806597,2.2277176,-24.169052,-19.891708,-0.4017446,1.5515168,0.20436332,1.2818342,-0.1847643,0.15487792,-9.463854,-7.400963,-22.286612,20.006598,9.44352,1.8735969,9.768021,0.18255651,2.8124402,-128.34662,-3.826036,0.32209194,7.3093586,0.017177602,0.01714389,0.07966451
2025-08-30 15:00:00,-26.72728,-6.7794213,-0.17660046,-0.71688086,-17.82999,22.770838,-4.222749,-1.3679324,-0.23461863,0.86808807,-1.377006,0.3032748,-8.826207,-17.854506,-27.645638,12.565623,4.9334784,3.491341,6.858383,-0.46184468,4.6138425,69.85105,2.8516393,0.1892441,4.0418596,0.0016135306,-0.00345849,0.20009921
2025-10-07 12:00:00,3.7956285,1.3079485,-0.18376687,-0.84334284,-35.61313,7.869376,0.13971479,1.132321,0.34028792,-6.677375,0.20426133,0.3458934,-5.5995927,-7.168533,-14.352055,9.749621,4.6091137,3.9984038,-18.373869,1.1873448,6.1969547,62.853348,8.005356,-0.4772802,7.1677313,0.0024840683,-0.0048825988,0.022576056
2025-10-08 09:00:00,163.37848,5.2425723,0.4625665,1.0530268,94.95949,76.27406,3.1302073,-0.39724913,-0.07122812,-4.906176,1.2831187,0.6512094,1.2906748,6.575445,3.751245,5.5563536,5.068928,6.621049,-3.9213157,-2.5910974,13.589602,93.657555,9.516215,-0.8592454,6.4775243,-0.01475451,-0.001583412,0.056035593
2025-11-24 23:00:00,-32.934387,1.1905136,0.054695684,-1.2307928,-40.89086,-52.41048,0.6903099,0.7925817,0.03710504,-4.7883043,0.13825691,0.28032488,15.677709,6.7873044,-3.827621,-23.616253,-11.865356,-11.7799835,-16.278545,-17.005512,-6.92197,-76.21689,-8.89835,-0.62199324,-4.590434,0.01669644,0.065177694,0.04817979
2025-11-23 00:00:00,-67.1814,-3.1985059,0.39951327,0.9340407,-34.872852,-47.506912,-0.66031826,0.19780122,0.30431667,-3.065469,-0.34360233,0.2734383,29.968588,13.113142,1.9431278,-24.356867,-14.089655,-11.780046,-10.153565,-0.59920347,-5.5136847,-71.945656,-8.033142,0.9791949,-6.559692,-0.024193112,0.014983054,0.057264544
2025-08-18 14:00:00,72.23939,7.8301706,-0.10635014,2.589481,44.524265,55.45517,3.0007496,0.8728157,0.34136555,3.1897295,0.9482116,0.63992125,-2.783155,-12.506103,-16.408514,16.72643,9.198217,3.4767551,23.396498,5.2081165,11.507444,86.60861,2.295256,0.21458586,-14.015947,0.104788095,0.1668061,0.28233016
2025-06-30 12:00:00,7.5216966,2.9710164,1.1660981,-0.8460613,-30.096317,15.29945,1.634508,1.8688942,0.527996,6.7118974,0.10887871,0.33049634,-5.3272467,-9.233227,-17.888811,11.736347,4.494918,2.3744352,10.790012,0.52431536,13.760614,79.21906,8.591016,0.5212319,8.818279,-0.037687708,0.008084143,0.044443995
2025-11-04 12:00:00,11.283917,2.0358331,0.26576054,2.4028814,-43.491917,1.6770797,0.23665056,0.307783,1.1467925,-3.4767954,0.30546123,0.3530133,-3.5071173,-0.8719884,-1.8254789,-1.057591,0.30899334,1.1392632,-16.28326,10.411828,-6.378275,-2.3631253,-1.7526131,0.0014192248,-4.583649,0.03303297,0.076845154,0.06951343
2026-01-09 17:00:00,57.568718,0.28386337,-1.7211703,0.66121554,45.113316,59.063477,0.8983564,-0.37410566,1.2724912,11.952079,0.2012798,0.39038166,-5.9580693,-7.2426543,-24.613611,0.8055576,4.1492214,4.09607,-2.837813,3.498441,4.2555428,-30.549719,-5.788469,-0.59963924,10.640592,0.00909653,-0.047540385,0.19118619
2025-07-04 08:00:00,40.540516,1.7063435,0.5363691,3.3585114,17.73638,10.335891,3.4819522,-0.9750471,0.64442724,4.7464557,1.4137042,0.5593067,-4.301394,-8.713594,-20.33801,8.416489,7.729263,7.5112696,33.932926,2.8502767,10.412138,7.941159,-0.79142195,1.2935196,4.6492705,-0.0104152635,0.014888026,0.2398093
2025-12-24 12:00:00,5.0864587,1.0253842,0.36409453,1.5565364,-59.81326,-4.041624,0.01158337,-0.73912203,-0.24627207,-4.4140677,0.37509412,0.35139403,-9.220482,-12.759335,-24.79171,5.354031,4.176524,1.6558805,-15.431878,-22.07344,-9.314413,-24.248724,-4.798557,0.11590202,-23.312506,0.010607781,0.12651615,0.1048354
2025-12-03 04:00:00,34.82972,4.949112,-0.3334771,-1.0505604,30.02157,-14.876194,1.73751,-0.26369125,0.1351896,-0.9951837,1.0337371,1.0468588,31.51028,73.041115,51.210335,-11.933262,-6.186047,-8.637214,-5.7846746,1.512264,-2.4180238,-11.385747,-4.6746807,-0.36885816,-6.071182,-0.011042227,-0.046411444,0.1526311
2025-08-29 22:00:00,48.573997,-0.6793459,-0.7229243,-1.136129,52.41039,3.2536976,0.66000944,-1.4425788,-0.66642344,2.4890978,0.19513397,0.16096799,-3.0406134,-2.1798635,-13.226101,37.09166,14.3255,6.6209974,20.32645,-1.0052774,7.1678524,-30.612144,-2.119253,0.01918246,7.4351983,-0.07829451,0.000117624266,0.18066965
2025-10-31 23:00:00,-8.231774,0.2697429,0.6064726,1.5574178,-33.58641,-39.496,0.7543337,-0.6259606,-0.08063919,-4.466833,0.142613,0.14947338,-0.83738744,0.9620524,-5.672922,-19.22617,-11.267987,-2.1598325,-12.8508215,-1.5174448,-6.451258,-52.890278,0.047064975,-0.4517431,11.307027,0.0013044187,-0.01940909,0.08482242
2025-11-01 01:00:00,-68.864494,-1.6523858,0.74461967,3.838855,-25.268755,-47.839024,-0.39894184,-0.2747811,0.33336875,-2.03533,-0.099753045,0.21131594,21.268715,15.625364,0.45558897,-13.941807,-8.511258,-8.252409,-3.3966124,-1.3954233,-2.621181,-61.19738,-14.165028,-0.033248127,7.8895745,-0.036472563,0.046928007,0.047859807
2025-10-02 19:00:00,-2.1466353,-0.6032704,-0.38515022,3.279311,-15.059684,-0.2560484,0.121534556,-1.9374715,-0.39037493,-2.2145329,-0.10213194,-2.4198682,0.6335833,2.0109456,-4.6045656,16.783785,8.072222,5.0950875,4.6787376,-0.8747507,8.595673,-14.50154,2.1178102,-0.03746183,2.610409,0.061460752,-0.002114531,0.14574976
2025-08-18 17:00:00,-7.3673196,2.2075381,0.1817843,3.5760002,-24.633814,-7.223851,1.2848403,0.9372066,0.79580915,-5.7619634,0.27483508,0.35027826,-25.917816,-57.276386,-36.331978,3.1000082,4.032774,0.895804,-2.491767,-1.6009904,-0.015353428,-51.52276,-1.1128641,0.24986397,5.780414,-0.048648406,-0.08855185,0.70898706
2025-10-24 05:00:00,61.65286,2.8937342,-0.7722072,-2.9392684,43.905777,12.663792,1.1515714,-0.42726028,-0.36543798,-2.2791278,1.5026773,2.4007175,38.860973,55.327686,18.031984,-11.614828,-3.4922307,-2.2181034,-0.55850583,-6.8192034,-0.57346904,54.592403,-2.552836,-0.32555228,-2.9848216,-0.028065495,-0.061996303,0.13565259
2025-11-04 00:00:00,-64.47409,1.3091788,0.19625644,3.8392458,-31.634243,-49.245853,-0.5196746,0.3003022,-0.13220304,-2.7233071,0.19485849,0.23609182,16.22987,9.407988,-0.8844535,-18.246876,-8.675181,-8.293748,-8.1606455,11.951009,-4.1529355,-62.635826,-4.075464,0.3223813,-4.12214,-0.0035628378,0.008536024,0.048238024
2025-12-25 00:00:00,-96.29479,0.6524576,0.36781994,-5.168918,-49.747787,-74.73494,0.4725724,-0.39033368,-0.019105708,-3.3899374,0.18425772,-1.8701738,9.48522,-1.5870553,-11.744394,-22.940422,-13.760927,-18.649012,-8.920819,-38.692505,-3.8001258,-70.335815,-22.874811,0.076202564,-49.92433,0.020619346,0.05264531,0.059118398
2025-11-13 01:00:00,-77.618065,0.78847045,0.2763021,0.909494,-27.296194,-52.438416,0.22523548,-0.47980547,0.3587158,-2.330853,0.22588961,0.45593455,35.11011,43.074608,8.80806,-16.790777,-11.342525,-9.277523,-6.60467,-2.2154765,-2.7078853,-72.12416,-10.14358,-0.05639209,-0.42240652,-0.018383581,0.032801922,0.059120018
2025-08-28 11:00:00,22.074245,-1.3215237,0.47366604,-1.405643,-31.294107,13.320175,-0.18730913,-0.946173,-0.19006437,0.3633323,-0.15534799,0.20390022,-7.782668,-10.374083,-16.298065,12.832259,7.6084733,2.1789286,10.248781,0.85749733,4.9721622,123.96602,6.143612,0.78665495,-5.450181,0.08904214,0.0052282414,0.06604766
2025-08-25 17:00:00,-12.450353,3.8404741,0.26626292,0.8260729,-24.616253,-5.659359,1.4584302,1.3215286,0.44270158,-4.6632133,0.27896526,0.38640985,-12.253082,-31.230284,-27.199528,3.5353003,5.084032,2.6096847,-1.7328714,-1.782279,-0.38087285,-46.732,-0.28228453,0.4673199,-3.1883118,-0.028143542,0.18114623,0.63595515
2025-08-28 15:00:00,-15.350802,1.6600734,-0.4871994,-2.9184163,-17.460703,22.662266,1.2617323,-0.9711003,-0.22820655,0.4573936,0.4251937,0.23447499,-15.19482,-23.016102,-28.623768,12.207579,6.6998925,3.4072542,7.0487275,-1.7754165,3.131794,113.6944,2.9601753,0.1282482,-2.362959,0.13258478,-0.0053036436,0.27865922
2025-08-30 22:00:00,52.96851,-3.9232357,-0.97425336,-3.5141783,46.00501,2.9684575,-0.9113134,-1.9295409,-0.91349655,1.8866485,-0.3390038,0.2531495,-4.993689,-12.6436825,-19.146334,16.788723,13.971754,6.5310416,16.112299,2.137119,8.495092,73.59925,-2.3614697,-0.12119437,5.073476,-0.1380524,-0.01032239,0.09196432
2025-09-07 13:00:00,-12.542924,0.6169322,-0.51097786,-0.6660951,-35.21432,2.4563217,-0.77052444,1.8004705,-0.26636326,-2.135917,-0.19642636,0.27877176,-5.5735307,-9.74989,-18.859083,11.990344,7.028688,3.4198182,9.672234,3.5063124,7.2706537,96.61852,7.5662327,-0.13211958,6.3849053,0.048850007,0.09273139,0.046445794
2025-08-01 17:00:00,-9.593689,0.10743628,0.7422614,6.082287,-11.508484,-4.683964,1.5501239,-1.0121387,1.3110601,1.2458768,0.15133166,0.2869958,-17.709389,-41.436737,-33.913174,7.700695,6.3862524,8.796146,-2.0722764,-1.0727975,1.0379666,-75.76663,2.6985626,0.38489994,0.6253943,0.032422286,-0.023802256,0.71992636
2025-10-17 09:00:00,163.77733,8.255202,0.716764,1.6587011,87.297066,82.047104,5.069218,0.39536625,0.02355371,-4.5566506,1.9941846,0.89917463,2.7750046,7.2680626,9.480966,2.5286179,2.159238,2.0882993,1.1726407,-3.2874618,-4.7292323,56.078194,7.1717134,-0.15063713,9.35788,0.035863686,0.00061886426,0.10042118
2025-11-29 21:00:00,-17.909164,-0.41494074,-0.7698736,-2.511447,-17.204088,-23.916023,0.9722861,-1.0687459,-0.49510914,-10.341357,0.07387925,0.10013543,0.2222019,-0.9782421,-8.871446,-19.578476,-12.503355,-10.774236,-23.317904,-3.0130475,-10.735897,-120.18063,-7.990191,-0.3508401,-7.2720847,0.009692824,-0.004904931,0.0870719
2025-12-19 09:00:00,169.93832,3.1918669,0.5486415,0.50295776,88.9503,75.606445,2.4508724,-0.36726254,0.29683304,-4.4808407,0.7383391,0.43571183,-3.7507255,-4.9378114,1.114192,13.243482,7.228044,4.117606,-11.439914,-9.990877,-12.587497,122.47463,-3.8378997,0.083714664,-13.454477,0.25799292,0.0059924372,0.051837567
2025-11-25 23:00:00,-36.85978,0.38822886,0.22087966,0.4097819,-40.81694,-50.716763,-0.18424912,0.4281694,0.20431612,-5.192713,0.09933627,0.2544089,14.597215,6.120409,-4.6146326,-20.885359,-12.109306,-11.721829,-15.45656,-16.627722,-7.0964527,-93.404854,-15.123634,-0.4936341,-5.095261,0.0059176665,0.04329966,0.050205998
2025-12-04 16:00:00,19.3938,2.2709343,-0.14763418,0.29456264,-40.0612,27.058767,1.4321859,-0.36126983,0.21798559,-2.355738,0.49810696,0.5102608,1.4646788,4.4417872,-1.4763925,-7.661461,-4.4237723,-1.6437784,-8.601837,-1.0104686,-3.5995858,0.19954666,-1.5579829,-0.3750881,-11.457081,0.00755493,-0.017557776,0.12388437
2026-01-04 05:00:00,46.19868,-20.507143,-0.5181279,4.350686,41.07106,11.648962,-8.684794,-0.2707812,-0.050695874,-1.6668051,-4.136598,1.3009372,18.756285,92.22509,157.75662,-12.108709,-8.2889,-26.944805,2.1926742,10.312458,1.3261698,64.97938,-0.7979191,0.44909576,-0.25638676,0.01330329,0.013493685,0.07944559
2025-07-03 07:00:00,11.690736,1.8330163,-0.5463964,-0.5268818,0.3068757,13.06054,1.9368184,-0.69406885,0.35956845,2.3435853,0.51230955,0.43177214,-7.757839,-12.692851,-24.771326,4.751369,2.1917772,4.0880456,24.228962,1.8666656,3.557205,-71.487045,-1.083991,0.48477933,1.0367724,-0.007910981,0.09882274,0.1457171
2025-11-17 16:00:00,16.671555,4.82958,-0.019656327,-1.1788388,-37.345505,24.005636,1.6267862,0.9762669,0.04135747,-1.3020502,0.5786018,0.56908685,3.5300868,4.834149,1.8822031,-13.173539,-4.8501153,-1.8600197,-13.72686,1.1162862,-5.3645678,-26.497866,3.277485,-0.3902536,-2.8319175,0.019548113,-0.036277562,0.11139498
2025-08-23 04:00:00,-37.153824,-4.7862854,0.74909437,2.085238,-8.251588,-26.442818,-1.8609484,-1.1001711,0.18787502,1.4815714,-0.82011414,0.16908246,-11.8376255,-22.137383,-34.63642,4.9820113,1.4309877,-2.4985,13.688031,1.1253234,2.7541585,-137.57712,-3.3597207,0.4859355,4.260276,-0.006861752,0.025636783,0.18735594
2025-10-14 13:00:00,-35.05611,2.5748198,-0.05832443,0.8039545,-66.59413,-26.065483,0.55226356,0.7169985,0.39857814,-5.6703644,0.32301524,0.4668437,-3.5141306,-6.2622223,-12.244405,-2.1281013,-3.7370486,2.1806505,-18.673279,4.064071,-7.3464947,-18.696505,2.732241,-0.74248075,6.227775,-0.11751936,0.019808507,0.08343805
2025-09-03 16:00:00,-2.3577669,2.5474916,0.3631253,3.0571706,-25.289541,15.290791,1.3783494,-0.9407278,-0.5032499,0.38652295,0.28297627,0.34375724,-4.9249015,-10.752307,-21.254187,8.242094,3.2263584,5.657928,-1.6627058,-0.20378388,1.1062336,-57.98209,5.100984,-0.07714807,2.3882728,-0.02499845,0.12161052,0.2801842
2025-07-13 23:00:00,-2.6745286,4.0990596,0.40264115,-1.6033745,-33.838715,-41.720856,1.1135609,1.3642346,-0.30481616,4.7863264,-0.094168834,0.13206005,-6.547294,-7.3610992,-16.420748,15.941892,9.994305,2.819596,7.959183,0.86925966,5.5271974,90.215355,-3.7842257,0.6756269,5.154242,0.020072887,0.2972401,0.03211459
2025-06-30 08:00:00,32.61044,11.118392,0.6126798,4.3202057,22.477198,4.023488,5.377698,0.9874781,0.41110334,6.7576327,1.4445982,0.7277102,0.8033686,1.3759187,-3.2444737,6.09659,10.295793,6.912373,13.380193,-1.0930121,12.620537,55.690147,2.4048767,3.5803347,0.7782757,-0.015243302,0.005390167,0.16632852
2025-08-30 03:00:00,-63.215103,-3.21485,1.086597,2.5629592,10.7922735,-28.002851,-1.1048111,-0.8290005,0.15484266,1.8550968,-0.23019007,0.16765238,-8.352159,-6.5130963,-24.88775,5.4412503,-0.32493442,1.8401624,7.57746,3.3928185,2.859601,-143.2978,-5.089392,0.9104744,7.741288,-0.010646323,0.024926025,0.07964343
2026-01-06 03:00:00,-30.935347,2.4837768,-2.7601314,1.2901958,24.278429,-26.600643,1.3030455,0.098024875,0.1582922,-1.8786148,0.42063972,-4.061928,37.53501,48.125557,5.4870343,-16.356009,-5.7735877,-13.65711,-2.9313433,-0.3386351,-2.199533,-69.440025,-13.233169,-0.40258121,-11.333404,-0.04604629,0.063655205,0.057299424
2025-09-29 14:00:00,80.16702,9.486961,-1.045366,-1.3345068,59.937996,74.32216,3.1196432,1.6208022,-0.15947358,0.64578104,0.6671609,0.3980963,-8.263683,-27.256327,-15.463222,21.44671,3.762399,7.874141,33.697598,3.3500326,9.467744,9.591266,11.699252,0.20608881,13.581662,0.10414074,-0.07312673,0.35797024
2025-08-10 19:00:00,24.229818,8.236593,0.77710706,5.2637,0.8577162,6.604534,2.8545587,3.397245,0.7736334,1.923764,1.1480726,0.22507617,-6.4606304,-9.132789,-17.344929,-1.2515754,10.861498,5.654908,3.35594,-0.9040114,8.306707,-31.393953,0.3798652,0.4719111,4.310079,-0.035813816,0.11812038,0.2023569
2025-06-29 17:00:00,-16.377602,-5.8483524,-1.1293942,-3.7784193,-24.694721,-14.225236,-2.5099385,0.8869111,-0.14345789,-2.3703902,-0.5590372,0.20260806,-5.1298156,-15.506712,-23.984682,11.983182,17.752346,6.1655135,7.2502193,-1.8538148,5.375756,-52.560425,3.7716234,0.40918532,-10.811116,-0.008664265,0.08038533,0.36446282
2025-09-30 13:00:00,4.3266573,2.8228312,0.40960786,-2.1390955,-21.936012,2.8203368,0.38755468,2.0799515,0.05773551,3.3212774,0.1456412,0.25310197,-11.743055,-32.41101,-21.986887,23.38436,7.3771687,4.2796025,34.721024,7.0297265,10.650946,-142.2076,3.780392,0.7299563,11.727212,-0.112263046,0.031708878,0.21155876
2025-11-17 12:00:00,8.054784,3.397905,0.6421881,1.9396329,-47.191837,-5.0225034,1.6634974,0.7924565,0.82199734,-4.0589943,0.33108255,0.45172456,-3.0308678,-2.9606512,-6.20221,-2.2739036,-2.5147555,-0.78772855,-24.09779,0.901011,-10.206999,-13.227544,1.8614197,-0.5379293,-6.450928,0.03045448,-0.037057653,0.102163374
2025-12-24 06:00:00,72.809906,7.5478477,-1.0382154,-7.2070827,117.279976,26.262201,4.157287,-0.41910708,-0.19077137,-1.0055159,1.6576478,1.4381957,61.84275,152.17137,249.43008,6.153852,-2.8627279,10.350558,9.908949,23.75495,6.1845098,257.73062,5.746059,-1.2776035,4.0074368,0.095046036,0.0056270096,0.06259228
2025-10-27 22:00:00,11.418807,2.7562544,-0.5780869,-0.8116121,16.231098,-16.508236,0.9710973,1.0556734,-0.325199,-6.194975,0.21791326,0.21885262,0.99209076,1.7190038,-4.834012,-21.87051,-10.235875,-2.5861368,-19.336502,10.069945,-6.5359073,-91.010605,-3.7277336,-0.081082664,7.04752,-0.04928735,-0.015582023,0.050358046
2025-11-30 14:00:00,13.34152,-17.137352,0.40935686,-0.6559222,-5.8551064,16.89763,-6.739534,-0.01029937,1.0958858,-7.9160547,-1.4108123,0.3255313,-0.89052707,-4.2820034,-11.568815,-15.122001,-5.64703,-3.787245,-27.636032,-17.56314,-12.226738,-121.83601,-1.084238,-0.20200437,-14.162268,0.018099712,0.0065569356,0.10857849
2025-10-28 23:00:00,-13.349037,0.6025771,0.7730151,1.8860518,-33.034405,-39.96456,-0.070550464,0.28693235,0.07434315,-4.4097934,0.19273245,0.1845014,4.148078,5.9293284,-2.861843,-19.695639,-9.7065525,-1.5205121,-15.9236765,12.881665,-5.0979486,-50.123455,0.29497012,-0.03543888,10.332057,0.00920702,-0.026363349,0.054907005
2025-07-02 17:00:00,-25.79877,1.6347107,0.008536751,-1.1268356,-51.703407,-16.962652,0.21243335,-1.1048455,0.6843549,-3.3639905,0.40403926,0.27776217,-45.471943,-88.24755,-39.263134,6.66278,4.724886,6.5673456,7.2319164,-2.1101224,-1.3175904,-27.95544,2.4410262,0.21059239,-2.101018,0.48795113,-0.020154156,0.6150812
2025-12-20 10:00:00,58.49807,-1.0546687,-1.5490292,-2.7471528,-7.5795627,46.51081,-0.51333255,-0.6661811,-0.15427095,-7.5640073,0.12296306,0.24889353,-8.572324,-7.771325,-17.899345,13.774482,5.6713343,4.179605,-20.176811,-8.635903,-17.055733,115.78064,-12.9077,-0.037364364,-20.936565,-0.05222299,-0.014347141,-0.40723458
2025-12-14 09:00:00,147.78317,-6.792023,0.33287933,0.48061576,76.19026,65.34564,-2.4238105,0.46928638,0.48055732,-3.2124033,-1.2310869,0.36849532,-2.7320576,5.2669377,16.40171,0.45899513,4.254359,4.101163,-25.385992,-4.1295514,-4.028477,132.60356,-2.8257315,-0.36512628,-8.731546,-0.0222396,0.019528517,0.048865665
2025-09-14 07:00:00,-0.5443401,-14.653616,-0.35533488,-0.26469803,-1.6353819,-1.2980158,-5.25354,0.17940885,-0.4755621,-0.58563876,-1.7536927,0.31937906,-2.8918922,-8.101601,-21.449894,0.5823374,2.2048285,-1.8244761,9.336738,-2.0764687,3.0311968,-46.42579,-2.3554554,-1.5257381,-2.2085052,0.004773639,0.0118293315,0.12168231
2025-12-30 10:00:00,53.48682,0.03122066,-1.1055956,-1.4064767,-9.226662,47.0294,-0.6383341,0.4624552,-0.12584373,-8.257954,0.061023764,0.32137653,-9.705833,-11.203925,-21.070318,12.202301,4.937868,3.3085496,-22.427761,-9.362158,-15.841122,96.7796,-3.6454768,-0.20970169,-21.094553,-0.064001635,0.0037792327,0.018113635
2025-11-14 13:00:00,-42.49436,-0.33951703,0.06279776,-0.30743745,-77.315025,-33.314495,0.64529186,-0.5475913,1.0326432,-5.3598742,0.3478622,0.40855947,-6.885141,-7.762278,-11.989381,-12.73882,-6.646164,-2.9274514,-26.52178,-10.794103,-12.477066,-32.6798,-0.3370214,-0.5256425,-7.2008514,-0.10901099,0.002080464,0.11364449
2025-10-27 15:00:00,9.002021,6.451962,-0.113132656,1.2428038,-23.64719,52.38713,2.1427853,1.1714728,-0.18374787,-2.7672875,0.65118384,0.6036906,-2.065829,-2.1520827,-8.563317,-11.074552,-1.7793252,-1.8595163,-18.646954,6.5989366,-6.569033,-3.9442382,5.05584,-0.08393266,5.8917336,0.04779027,-0.014151084,0.10017471
2025-10-31 02:00:00,-39.939533,0.3257632,0.32489505,1.6086885,-8.066248,-25.257217,0.5056042,-0.43295336,0.012530866,-2.1971562,0.22281744,0.3383335,26.535965,20.247404,6.6309958,-15.775392,-6.9582844,-9.065115,-4.513461,1.8897296,-3.2845576,-69.81074,-2.5815225,0.27525362,4.640582,0.011450042,0.015600447,0.06310408
2025-08-21 21:00:00,76.23394,-0.91921896,-0.8978943,-3.8497477,42.412056,18.10954,-0.2640767,-3.079934,-1.2073597,0.63805085,0.18587288,0.14884478,-8.108473,-22.033703,-17.258963,32.296402,13.589836,3.0089908,39.86913,5.288807,9.593928,1.3976421,2.277853,0.54166937,6.0226965,-0.050919265,-0.0014274309,0.27928704
2025-10-29 14:00:00,52.57707,3.9982448,-0.42285365,-0.3333836,18.275331,55.56378,2.3229992,-0.40148556,0.17010325,-4.830708,0.60822046,0.6242568,-6.623093,-6.3985023,-7.185264,-5.70122,-1.7641987,-2.063788,-23.762238,7.008195,-7.747142,-13.904779,13.9761715,-0.40150812,8.972144,0.022192817,0.00081315014,0.11343584
2025-10-15 01:00:00,-73.1108,0.6296055,1.0515479,3.207978,-24.388102,-48.595917,-0.5554534,-0.4320217,0.05262317,-1.9694079,0.18333553,0.19020602,6.728824,12.877555,-0.07182716,-13.493611,-5.084649,-8.322977,-2.236252,7.120357,-2.4167259,-70.75365,-1.767214,0.37631467,9.2731285,-0.0023853085,0.020292541,0.057484273
2025-08-01 20:00:00,14.694704,-2.5979416,-0.3147869,1.4126008,-15.341676,1.819983,-0.025773896,-4.209686,-0.6816598,-0.6217057,-0.18838668,0.14582115,-7.6300635,-16.156933,-15.611276,17.136555,12.931269,8.596884,15.522845,-0.6248406,8.569855,-26.883207,-0.10904879,1.1173215,5.6286454,0.06943342,-0.046290528,0.34093413
2026-01-04 16:00:00,8.9216,-12.712231,-2.6828306,-3.2205923,-19.414179,18.002558,-4.9452343,0.26104873,-0.21569793,-4.1847034,-0.76474106,0.26486912,-0.048705798,-4.430181,-22.917526,-4.8052998,-2.6046007,-3.9192095,-10.430315,-10.070581,-4.68217,-96.33192,-3.623315,-0.12779102,-11.879141,0.010010631,0.008147254,0.11379221
2025-09-15 00:00:00,-74.34337,2.947035,0.87934244,-0.047736783,-23.146717,-53.329933,2.6348662,2.2287924,-2.875875,-2.4720898,0.19164254,0.151149,-18.781206,-34.82699,-29.3441,19.484703,8.776569,3.0289514,10.07409,6.3597064,4.1669865,-18.033422,-7.553703,0.38654485,12.092132,0.020283232,0.013395954,0.21684536
2025-09-01 05:00:00,5.116888,4.518051,0.847399,1.6108623,7.165582,-7.2736554,1.9233675,0.98731595,0.21714842,1.4767694,0.53813744,0.43883654,-3.8433094,-1.5111718,-14.276017,0.3644847,-0.77265054,1.0795313,3.951981,1.4509104,3.7507164,-89.77672,-2.8932877,0.9121267,1.9922888,-0.011491584,0.10146265,-0.80992436
2025-06-27 16:00:00,-34.99382,-1.2260334,0.4867202,-4.094846,-50.87136,-13.663844,1.5331359,-0.52722305,-0.03794631,4.5556316,0.37199712,0.22582634,-39.909092,-76.68992,-30.865961,19.614397,2.6292017,4.895023,25.01656,2.6577888,8.28291,43.34888,2.1469326,-0.4328589,2.7358077,0.5759714,-0.12735476,0.4126171
2025-09-03 01:00:00,-107.067604,-0.17234154,1.9081664,3.0114105,-37.24369,-63.712982,-1.2904499,-0.5473286,-0.07295384,-0.59443676,0.06917664,0.18789226,-6.7486563,-3.2097688,-7.712216,-3.755282,2.819073,2.9186347,-1.1193593,3.3434224,4.239604,-63.378277,-9.175114,0.19775267,10.052768,0.008143743,-0.13400015,0.033499446
2025-07-30 07:00:00,5.355959,4.220264,-0.28132105,2.5406933,3.4637458,-1.0644286,1.2545532,-0.5950182,0.3322792,2.3652008,0.54923135,0.5515437,-4.3584666,-2.4115443,-16.563879,11.274455,4.7035007,1.4084889,17.931395,-0.4493471,8.234036,-3.9928348,-0.68035454,1.1648586,0.14397702,0.013222661,-0.026359553,0.17203474
2025-09-20 20:00:00,17.877447,-4.3900137,-1.791555,-10.6809845,-15.153827,2.9747536,0.89905727,-3.4165292,-0.9262429,-4.4366107,0.39215177,0.15041953,-7.2333,-11.088607,-14.256722,23.790077,15.340379,6.9566364,38.26368,-1.8037267,8.493839,-18.109064,0.06469982,0.7088206,4.485775,0.09399685,-0.0028602423,0.29776815
2025-08-09 16:00:00,-6.8662267,-5.0434656,0.36497048,1.2240903,-40.835403,4.141441,-2.2280767,-0.8714067,-0.004228369,-0.44452682,-0.64391416,-2.4628203,2.5268855,1.8029449,-2.6264846,18.823975,7.4249697,5.258984,11.609812,-4.5576053,4.0699816,-29.53918,2.351779,0.73125,2.7901273,0.009700887,0.026514297,0.15367411
2025-10-02 01:00:00,-123.13409,0.057423383,1.2976125,3.3287826,-44.863735,-60.513565,-0.09039535,-1.5960902,-0.15574734,-2.4170418,0.079166085,-1.2566034,-9.626564,-17.498756,-20.780556,2.334773,9.530356,3.4701533,4.890485,4.3668075,3.0964065,-49.92972,-3.4146178,0.030788496,9.871872,0.03596996,0.030145416,0.12714088
2025-08-04 04:00:00,-35.499565,3.513084,0.84281707,2.0237217,-4.1587453,-31.583553,1.2046685,1.4271255,0.12717867,1.9000404,0.24823177,0.2718257,-10.935207,-14.751403,-32.126907,-2.473024,-1.256706,2.1907709,5.3996677,0.4751093,3.0140383,-135.29395,-3.3344789,-0.88680416,4.6064706,-0.058645044,-0.001538002,0.13963486
2025-07-09 06:00:00,-5.5782576,2.2791893,0.45938256,0.49523747,2.5611806,-18.263565,0.9250397,-0.739385,0.5701679,0.96582884,0.75822604,0.3558112,-13.167373,-22.663769,-39.603745,2.3025486,1.2360388,0.8968722,17.393442,-9.451311,5.929124,-98.43127,-2.5126247,-0.1425496,1.5395359,0.055791784,0.1627103,0.15819466
2025-09-29 19:00:00,29.662046,1.5789071,2.37852,10.512666,6.056987,5.7182255,0.44852376,4.2188773,0.6399749,3.3838441,-0.45783025,0.2100401,-18.206345,-40.966877,-19.999924,14.61616,11.056536,3.4417996,23.768747,0.80628043,4.936343,-58.33096,3.7608147,0.48465613,7.2361155,0.08001601,0.028124977,0.34578055
2025-11-22 09:00:00,135.54126,-5.1743627,0.068087995,0.64015126,69.1836,60.01231,-3.8401158,-0.38008708,0.53568435,-4.026934,-1.5164211,0.5424956,-1.7161006,4.9912324,8.975479,-0.03709019,-3.8993545,0.59258753,-25.789782,-5.9218183,-14.093815,89.26683,-2.3282042,-0.23013365,-7.4796515,-0.06426521,-0.006395102,0.06530665
2025-11-11 08:00:00,35.09066,3.430541,-0.24124148,-1.6562917,13.49855,9.189111,1.430117,0.25544047,0.27480355,-2.6476965,0.82830983,0.7695941,-2.0809352,3.3679883,4.7867403,-10.365414,-8.292526,-2.6774402,-16.144014,-2.8049958,-5.819441,47.328518,-2.5889304,-0.49599946,-1.6988369,-0.016063308,-0.023334177,0.10592125
2025-07-18 08:00:00,32.08495,3.9953196,0.9393601,4.494438,25.35752,6.5474267,4.379012,-0.78949964,0.5194314,6.137782,1.4373481,0.69374347,2.1695127,0.14631745,-0.33236167,10.406963,12.705753,3.4037197,20.194721,0.24254437,7.719183,66.02402,0.64250994,3.5361247,4.467572,-0.010146054,0.0058509945,0.17243655
2025-09-11 08:00:00,40.718517,6.0384755,0.20004465,1.0469418,16.672188,11.276081,3.8761408,-0.6174052,0.07900408,-0.6469481,1.4447241,0.65923095,-0.32970798,0.65364766,-3.5498247,9.071013,9.010725,1.2200434,21.458015,2.8272014,8.599694,3.9038606,1.4932392,1.6171758,0.04519637,-0.0055443477,0.16506477,0.18158427
2026-01-12 00:00:00,-121.04246,2.8772888,-17.852062,-29.398619,-58.877346,-91.02668,1.0689898,0.8240633,0.19324435,-3.9166346,0.15548062,0.19652733,-26.330187,-15.232226,-22.915674,-28.763975,-13.297737,-22.377026,-10.000394,-53.525974,-2.5310066,-88.60612,-26.619255,0.34157676,-56.279594,0.0152451135,0.0068362206,0.04653137
2025-12-12 17:00:00,70.04263,0.60805726,1.4739105,4.992581,45.35396,58.14189,1.089259,-0.2943028,2.7751815,12.493712,0.3536025,0.4141461,4.389664,12.412852,6.765054,-4.741241,0.7752937,2.5130622,-0.062465698,-0.21455021,2.5801775,5.982202,3.7607915,-0.120009325,5.455174,0.013891535,-0.00065460464,0.1306574
2025-09-19 04:00:00,-34.600273,-0.50210017,0.74754095,2.3956501,-5.5793514,-29.97238,1.0244592,-1.0986212,0.093735345,0.85138917,0.23319468,0.20180453,-10.970069,-14.593351,-31.424751,4.5260057,3.0314848,-1.2074728,13.55998,1.636499,4.6843815,-138.9882,-4.6780005,0.8159627,2.9606209,0.014522132,0.047346678,0.17651978
2025-07-17 00:00:00,-77.39097,0.15591636,0.74356735,3.7687702,-25.308098,-56.01311,0.88093215,-0.12689826,-1.7297604,2.7271023,0.15721041,0.1527102,-17.848667,-31.02667,-23.037056,14.806932,9.400499,5.2621255,17.181164,6.6809955,3.6221051,-14.383676,-15.654761,-1.1073279,-7.4893045,0.030898906,-0.14906915,0.21106918
2025-12-27 08:00:00,39.81835,-4.4056034,0.16105764,1.5408674,19.628279,10.789055,-2.6816435,-0.72954464,0.34069517,-0.9754677,-0.69990516,0.2748119,-1.7958993,6.6541786,10.938986,13.762083,0.94529074,2.8818598,-6.569127,11.476308,-5.150251,116.51385,3.7736154,-0.7175026,-1.7382758,-0.0077174045,-0.018422382,0.0765267
2025-07-04 01:00:00,-102.993965,-1.3793671,0.6612104,-1.3903115,-42.366005,-52.868603,1.0785133,-2.0962393,-0.11518298,1.6786212,0.09646443,0.121867344,-31.559856,-65.52044,-44.357834,12.747607,2.9899068,3.3891797,12.046191,-3.8709564,-0.8835879,-94.316536,-3.19563,0.5087953,2.557093,0.15209295,-0.031069,0.11422181
2025-07-04 22:00:00,48.544415,-1.18755,-2.5778708,-12.828779,48.435387,5.915296,1.6361963,-2.140863,-0.9372865,6.03762,0.19051796,0.11329362,-11.279921,-31.634949,-24.731655,34.496635,16.560198,5.7058644,37.738792,-0.099582076,7.8242893,105.80637,-6.077653,0.5016076,2.8687494,0.0065013543,-0.06801695,0.033935864
2025-07-13 11:00:00,29.865864,3.5175858,0.75151205,0.129372,-25.21041,18.815275,-0.5855098,2.436574,-0.020925328,5.7794104,0.014078118,0.23578808,-2.5786128,-1.2510561,-6.468404,15.257799,8.037669,4.8373837,20.710863,2.990344,9.180967,119.3636,7.68714,0.2871042,4.5683203,-0.02098764,0.097984396,0.00094854773
2025-12-01 17:00:00,64.18603,2.8843396,1.5880829,4.9516406,47.16042,56.52063,1.266814,0.86355954,2.5019176,11.856071,0.34774697,0.56038344,11.374126,15.676016,8.935185,-7.02595,0.18583634,2.005337,-3.9285989,-0.13594343,1.8211024,9.5356455,2.8758802,0.12785088,0.6848911,0.030243715,-0.02059218,0.10976429
2025-10-07 23:00:00,-1.0735137,0.6171301,0.2955878,1.1467624,-32.755665,-40.877884,-0.34078443,0.5590549,0.0644221,-3.817483,0.14235133,0.16651136,0.87502617,3.148441,-6.7855606,-5.3441153,13.306297,4.3214617,-11.117689,3.841742,6.7995806,-34.01176,0.37469858,-0.35442024,10.210757,0.010182495,-0.03478912,0.044378817
2025-11-02 04:00:00,20.505468,-9.016397,-0.20678718,-0.965943,25.74669,-14.562817,-2.9546711,0.07945968,-0.17738035,-0.8698779,-1.8276323,0.7063926,27.43182,46.45886,27.81294,-11.211739,-6.9105587,-7.3708944,-3.855645,-0.09128831,-1.8932557,-28.648626,-5.163114,-0.22636119,-1.7113844,-0.013086837,-0.0049024,0.077492796
2025-08-21 03:00:00,-67.15594,0.5170134,1.2200427,3.4991622,6.810532,-31.705334,0.7659844,-0.9924769,0.24379246,1.7070118,0.18320121,0.16514875,-15.730279,-26.552525,-35.23318,3.8825588,-0.113293,0.17361856,14.287959,0.7026648,4.78305,-155.93954,-5.7363734,1.4439908,7.5615525,0.078838386,0.026073666,0.18781742
2025-07-09 02:00:00,-78.76471,0.93968874,0.64835554,-0.043395814,-23.573906,-27.272087,-0.3511825,-0.80336845,0.0767167,2.1730816,0.15091021,0.134065,-25.557121,-67.82056,-42.959686,5.8452396,3.5320048,0.05290011,14.566968,-10.286052,5.301123,-181.54434,-6.9559736,0.57313037,3.6968367,-0.2652499,0.052645788,0.09638562
2025-11-06 22:00:00,12.253265,0.6210449,-0.6364565,-1.13576,15.077104,-15.211311,0.50467074,-0.53557134,0.23210132,-8.317009,0.24844539,0.20825323,6.1299124,3.801165,-4.6918015,-19.3508,-9.647816,-2.9017494,-18.815187,9.860237,-7.875582,-104.692894,-3.538789,-0.21271488,-5.424325,0.08580441,-0.008740703,0.08480987
2025-11-17 02:00:00,-42.654068,3.0948834,0.15765008,-0.16191702,-11.783047,-25.765425,0.7121253,0.71986955,0.1407268,-2.1114929,0.35015604,0.66900444,34.72709,56.70065,22.60359,-12.640553,-7.2277737,-8.728003,-9.428219,-0.9193694,-3.585767,-88.05046,-8.28248,-0.17295472,-2.5870583,0.008330635,-0.0035313978,0.05436226
2025-07-03 09:00:00,172.7186,4.968638,0.384836,1.6041741,97.773476,81.741005,4.020062,-0.46908894,0.15234727,6.9782934,1.2514061,0.39800522,5.6054897,0.26872754,-3.6234393,20.64706,11.042957,8.494224,63.251026,2.3488777,24.618484,126.261444,7.730205,1.5526278,-6.1973715,0.1942198,0.03396709,0.060877085
2025-11-18 23:00:00,-28.939863,0.32636467,0.037122563,-0.25345814,-37.717125,-51.21967,-0.2760206,0.44040018,0.18442234,-4.884785,0.11278136,0.27437967,15.336264,7.390391,-4.293616,-19.849592,-11.497832,-10.192097,-15.790354,-2.7864265,-7.245507,-72.20359,-15.365549,0.34575877,-3.4346662,-0.0034081426,-0.005032427,0.048874423
2025-08-29 21:00:00,49.83013,-1.6476865,0.09003628,-1.9368628,27.85113,7.803978,0.04826761,-3.9459555,-0.8193389,2.2541256,0.079298556,0.13339914,-4.070876,-12.210706,-12.877866,30.178833,14.995448,6.828348,26.766514,-1.7344868,9.765567,-67.12816,1.6791447,0.322558,7.179208,-0.07206394,0.052867785,0.32917508
2025-10-16 14:00:00,42.137203,4.7523994,0.014297069,-0.0016024092,22.429886,55.836628,2.816439,-0.038016215,0.38396475,-5.2817507,0.38368246,0.5678175,-1.4142454,-0.42543307,-5.8231864,3.474309,2.882171,3.20118,-13.592756,5.62288,-6.6626434,-76.19491,16.487123,-0.20832042,11.88746,-0.07409078,0.003114695,0.11580828
2025-11-08 23:00:00,-25.88832,-1.634477,0.075033635,2.259375,-31.872084,-38.185024,-0.408712,-0.34649467,0.2443157,-4.917447,-0.41875833,0.27507633,15.342178,9.512581,0.027624434,-20.376179,-9.952374,-8.347489,-16.23732,11.872604,-6.127295,-90.323044,-2.9486363,-0.3202537,-3.878405,0.0049544987,-0.016350908,0.07628779
2025-12-02 22:00:00,8.309364,1.5464611,-0.43425262,-2.5427349,14.837617,-17.184914,0.37183496,0.6782769,0.00014658424,-9.339171,0.23807193,0.19134206,5.140706,0.50272316,-7.393016,-22.04875,-12.693029,-10.649426,-19.733917,-10.682443,-9.674891,-103.54007,-16.388783,0.25033024,-17.293571,0.048583545,0.000442701,0.06370161
2025-10-10 08:00:00,22.435093,1.5795064,0.113516904,-1.614039,8.841011,0.4218147,2.1869214,-0.50106823,0.04991685,-3.6956155,0.9428401,0.5502479,3.6099744,8.118786,0.5242446,-7.900988,-4.8821707,2.240945,-7.7661457,-2.0301483,1.0978631,73.43909,-3.3638887,-0.9910643,0.37350067,-0.012997535,-0.0039291135,0.08480105
2025-10-28 15:00:00,8.447093,4.4271474,-0.28042293,1.165404,-25.164398,54.04268,1.5843667,0.18811718,-0.06187436,-2.8169825,0.5748126,0.57861185,-0.5512544,1.8773445,-6.159627,-2.0583856,-4.045292,-0.26010317,-17.917807,6.4192295,-6.3087664,4.1779556,-1.12288,0.48086447,4.9187107,0.0074399775,-0.008176921,-0.9206466
2025-11-07 22:00:00,10.335172,-0.13665207,-0.43640408,-0.7788176,9.997589,-14.663776,0.2598566,-0.53833485,0.10938229,-8.805602,0.24106869,0.1840793,8.357182,3.356207,-5.6220827,-21.951061,-10.543917,-2.1951065,-20.487013,1.3908967,-8.340306,-105.51828,-11.169702,0.6692144,-6.149573,-0.033631187,0.053604078,0.07473955
2025-09-28 18:00:00,-22.122492,-1.44061,1.3128986,9.033826,-37.0944,-25.44316,-0.31773221,1.3369497,1.004031,-0.05693992,-0.5099048,0.2169989,-19.776838,-46.89258,-34.912678,11.81098,4.5372033,3.4563956,8.035507,0.38127956,0.6879059,-103.30332,-2.0540745,-0.37188557,4.2249007,0.06224419,0.105899654,-4.7944827
2025-07-05 04:00:00,-42.981823,-4.6497993,0.83998835,1.3387461,-12.526319,-22.929491,-2.4095628,-1.0428151,0.36442867,3.2883391,-0.7157778,0.14355688,-16.953777,-30.432922,-38.73758,6.843228,1.5505819,2.699182,16.846601,1.7064259,2.2591496,-149.51097,-2.980078,0.6216703,4.2726564,-0.029023064,0.019376466,0.25594595
2026-01-03 16:00:00,18.46442,-3.4941046,-2.4195335,-1.9968842,-35.329422,31.463818,-2.5145953,-0.40507787,0.042499937,-2.2373273,-0.55835545,0.34031257,-3.7389524,-6.940121,-16.816828,-1.071875,-1.562244,-1.4689955,-9.1291,-6.5215726,-4.318072,-38.038837,-3.2046423,0.01787353,-11.326138,0.009677742,0.006107648,0.112325214
2025-06-29 21:00:00,78.66986,4.2213655,1.6285853,-0.62569314,31.659803,27.253366,1.921849,6.4377856,0.35684797,10.495038,-0.1932587,0.16127205,0.7812762,2.4624228,-9.150067,35.12281,25.404905,6.4982076,31.567944,-2.1078024,18.00904,64.19566,4.778574,0.04636311,5.301212,0.27695805,0.081597,0.10118302
2025-11-21 10:00:00,47.76537,1.1462291,-0.95910233,-1.0509181,-4.3678412,37.97278,1.5244056,-0.15956868,0.96295214,-6.154055,0.17585847,0.42649958,-5.79154,-3.4081352,-4.5566387,-1.6850343,-0.5640189,2.7576323,-34.242386,-9.10149,-17.24937,80.93098,-1.507543,-0.0600705,-8.602018,0.04148216,-0.00094555155,0.036381416
2025-11-16 04:00:00,19.189653,-15.864579,-0.20184834,-2.9471726,7.303935,-12.76482,-4.940658,-0.16353537,-0.13181934,-1.2748641,-2.4922996,0.8228828,29.097832,64.75099,103.57369,-12.064767,-5.826811,-14.50405,-7.8900533,-4.1602807,-3.6037445,-25.905575,-2.794705,-0.03913696,-2.751176,-0.00029976532,-0.006569439,0.11076431
2025-11-18 20:00:00,-36.52273,-0.018720306,-1.4136598,-6.365575,-37.506874,-26.754618,-0.64420325,1.5318764,-1.4539417,-6.834176,-0.086939596,0.14236073,-6.294096,-7.1583633,-8.7821865,-17.498146,-16.640163,-1.8928051,-22.147251,-3.735755,-10.39085,-47.71909,-14.383633,-0.52688926,-8.185962,-0.06668667,-0.008072447,0.06438092
2025-10-13 19:00:00,-27.285376,1.3138806,-4.0407963,-4.573226,-22.943623,-7.834052,0.83905226,1.4644768,-1.8034079,-7.342292,0.042325363,0.47402346,-6.5417933,-9.295501,-14.745007,-4.769032,-2.1304345,0.8396082,-17.328585,-1.6064546,-7.9280562,42.971615,-0.41935593,-0.6364221,1.5758823,0.08169977,-0.08456845,0.037735224
2025-12-06 20:00:00,-23.065866,-1.8382668,-1.5248799,-5.2116284,-30.567745,-22.23336,-0.037227333,-0.98115957,0.5635524,-6.4498267,0.13786654,0.13261119,-5.8475018,-6.407426,-9.775639,-10.93991,-5.857042,-3.4167414,-18.630209,-4.4968615,-8.7969885,-21.364944,-13.969608,-0.5524665,-15.160961,0.012156607,-0.010668277,0.07138236
2025-08-09 10:00:00,84.78603,-2.1380603,0.8794518,-0.3961132,-11.474788,71.707535,-1.3111718,-0.58740175,-0.21107793,1.8529942,-0.4206246,-3.3087127,-0.3511526,4.0930924,-1.9476514,16.243082,6.6939545,5.789822,38.38956,-7.719959,10.860834,-42.34426,13.518525,0.5034452,6.127635,0.019636063,0.0691481,0.0786172
2025-12-29 19:00:00,-25.249216,1.7281994,-3.3483357,-6.9190283,-9.054694,-9.309722,0.99376917,1.4024497,-0.9587795,-7.4588785,0.14725845,0.4262353,-8.537654,-9.509016,-15.006097,-4.882368,-4.1280785,0.8620647,-18.73187,-2.8770413,-8.344068,38.082882,-3.022572,-0.5405624,-8.016766,-0.21139058,-0.017124211,0.018423304
2025-07-20 06:00:00,-2.463774,-12.951778,0.8983038,2.2558305,0.3498996,-11.412522,-5.2923813,0.14554995,0.2247432,0.017826123,-2.08201,0.35243863,-3.1091692,-10.108418,-25.238625,-2.6640303,-0.39524,0.31389305,4.3931766,0.7910515,3.1704237,-72.38054,-1.9750426,-0.8517316,1.5728948,-0.018502418,0.093501896,0.12567872
2025-10-04 03:00:00,-59.2395,-3.353848,1.0497097,2.566619,11.854282,-29.248486,-1.2429975,-0.57039505,0.16818225,-3.1634068,-0.3150539,0.1563714,-9.64989,-9.164603,-23.98995,-5.483373,-0.18262266,1.9904282,4.294267,-0.737302,3.438711,-141.21587,-5.2827034,-0.6414324,6.196871,-0.010412585,0.003981687,0.08788592
2025-09-01 15:00:00,-17.931032,4.75505,-0.6867116,-1.3959165,-14.345772,33.24122,2.4941516,1.7905537,-0.62832004,0.22840846,0.58941233,0.5163712,-7.3077445,-10.661667,-24.165928,7.859239,4.931888,3.0714467,3.721924,0.72071594,4.956629,62.755024,4.844613,0.1570413,2.7978873,0.04000735,-0.017451692,0.1108047
2025-08-24 21:00:00,70.85726,4.5415907,-0.3477987,-3.6446276,25.892317,19.702345,1.876253,4.512996,-0.62676734,0.5381495,-0.16295367,0.23730372,-0.873294,-4.9451075,-14.250042,19.936947,13.515211,5.765712,15.869742,-3.611087,12.004072,62.995804,2.7975838,0.5816333,5.5644403,-0.11966841,0.0045985808,0.09752775
2025-11-26 22:00:00,8.093,0.89933676,-0.5811772,-2.2682278,10.009063,-15.852283,0.027677128,-0.6345529,-0.03264258,-9.34525,0.23831876,0.18940595,6.4903507,1.7751371,-5.822479,-24.726433,-12.380353,-11.401462,-20.139484,-11.063995,-9.781424,-108.23342,-3.2597492,0.040458657,-6.8315377,-0.022990903,-0.00941804,0.07316512
2025-07-25 09:00:00,170.91847,3.8121977,0.28789473,1.649597,95.899765,76.37103,3.2212918,-0.75259763,0.32154605,6.4170623,1.0945467,0.3771476,1.8054686,-1.0022104,-3.7529817,18.584187,9.766419,8.241279,57.816345,1.5916008,16.389584,133.8123,-1.7957411,1.6568965,3.6429775,-0.075454496,-0.006266338,0.07466308
2025-07-31 14:00:00,65.048676,4.125528,0.058072604,6.6066594,61.827335,60.023277,3.0080237,0.36470804,0.5110906,10.387064,0.65633214,0.36011714,-6.212189,-14.177691,-15.046143,28.430109,11.454949,9.599656,23.824718,4.3795066,16.751999,-127.24898,15.672139,0.3321864,16.631973,0.05757125,-0.00474494,0.55776024
2025-09-16 23:00:00,-2.5798092,-0.18718857,-0.08304051,-3.7573266,-26.065533,-45.34706,-1.3879331,1.6523522,-0.431968,-0.2274372,0.06375262,0.11856003,-16.907955,-27.301464,-30.72015,17.768778,7.1293106,5.518205,22.503237,1.9422824,7.2565517,94.248184,-6.5448284,0.19679983,6.2618203,-0.25421444,-0.096236065,0.026445076
2025-10-07 11:00:00,18.142298,0.5885663,-0.46894646,-1.4404411,-31.688114,9.090486,-0.67776376,1.2215405,0.001822195,-7.9117208,0.14975116,0.28138295,-5.1210823,-4.8741994,-6.53738,7.9946413,2.8623338,2.184499,-18.679981,-0.3815267,6.049088,101.518364,4.6681323,-0.50064546,3.806815,0.011110773,0.0017515344,0.016981672
2025-10-27 10:00:00,52.650166,1.5952324,-0.25002384,-0.32668763,1.4567881,45.614338,1.5560479,0.6169575,0.06506893,-4.5240483,0.189173,0.4638767,-4.202785,1.2396873,2.6201704,-6.5933995,-2.7364705,-0.9857136,-26.156536,6.354838,-10.877254,104.87992,6.09832,-0.6997551,5.6786227,0.020939944,-0.011870121,0.039468322
2025-09-13 07:00:00,3.4287698,-7.7169714,-0.3819176,0.10796788,1.8957326,0.9012859,-2.5128193,-0.15854752,-0.24420062,-1.0373907,-1.3161864,0.48593912,-1.1119113,-4.5428023,-18.192917,2.0239906,2.9665253,-1.6532199,15.0141,-1.3588065,3.5859137,-12.64518,-0.46280184,1.2499822,-2.8891628,-0.08728029,-0.00137778,0.1369398
2025-08-03 06:00:00,4.586407,-15.472391,1.0082961,1.9083494,8.184307,-8.507193,-6.2876277,0.25477538,0.73420686,1.4823724,-2.6847348,0.3268269,-2.312702,-6.1770263,-16.873848,-0.4204629,0.49971113,3.9488635,4.8735147,-2.5483565,2.8074877,-62.31506,-3.0745268,0.50630444,2.0957682,0.0033272968,-0.1032531,0.05304118
2025-08-12 05:00:00,-4.1049027,3.3315825,1.0697521,1.509388,5.180301,-11.075964,1.0254775,0.36102617,0.30768722,1.986963,0.42031044,0.33968773,-5.473377,-12.400562,-35.705128,-0.7563742,-1.5924609,0.93328327,11.18956,-0.9432046,2.9452558,-139.03432,-2.1124196,-0.2503605,0.46211353,-0.009484655,0.014338122,0.072946414
2025-07-03 21:00:00,81.225685,-1.8195637,-1.1740924,-6.1227727,43.11754,27.103062,0.09831932,-5.062862,-0.3333548,7.8528066,0.1887934,0.19862747,-3.7805605,-26.267551,-22.351244,26.520731,15.795407,10.451563,44.972694,3.629903,11.918501,103.06091,0.8346161,0.2786546,5.0264916,-0.32782277,-0.014523366,0.052156143
2025-10-19 11:00:00,20.98007,-1.1324164,-0.56224704,-0.20032755,-28.686666,7.8915644,-0.8434633,0.86574525,0.004659584,-5.9182124,-0.49317506,0.33863047,-2.1450539,-0.9559206,-0.46543735,2.2333071,3.1585436,0.5518067,-18.150057,4.180993,-5.402207,76.1469,7.85059,-0.31215635,5.025295,-0.000561355,0.040641863,0.03915533
2025-07-14 09:00:00,165.68933,9.157973,0.6651968,2.9973824,96.30645,79.05371,6.02598,0.85563654,0.30906016,6.05537,1.9046612,0.63531166,7.403229,3.566391,4.798372,7.396648,7.8693585,7.044275,24.95353,3.3562474,20.329681,124.321754,-0.4413093,1.9975264,6.423611,-0.029530603,0.100927316,0.046151582
2025-07-08 10:00:00,64.6411,1.2050812,1.0407556,-0.022575703,6.7144732,60.35836,-0.20070535,0.33243343,-0.08882926,5.7684746,0.11664038,0.24021791,-7.279297,-2.259682,-11.881385,19.64411,6.302434,5.4841585,36.93219,-0.16190603,24.918804,146.17023,2.4006424,1.3554176,6.046301,-0.12562303,0.019391777,-0.44235533
2025-11-27 18:00:00,-2.7557235,0.3434942,-4.359292,-8.1150675,-0.48715693,3.5096562,0.33750936,-0.41821408,-2.1168861,-3.0848293,0.29674086,0.36811292,-2.6485496,6.618914,-1.7816017,-2.4892223,-1.1936443,0.19796164,-14.102479,-3.8512056,-5.9302087,78.563194,-0.49827945,-0.071424425,-0.062057707,-0.039423417,-0.004057294,0.032973908
2025-12-11 18:00:00,6.9814243,0.72962683,-2.5177352,-6.0437603,14.94619,5.961417,0.6578831,-0.3804204,-1.5341882,-0.6572938,0.49800536,0.46105823,4.5175657,9.5978365,0.40167195,0.79090416,-0.65779173,1.0371497,-7.450069,-2.854206,-1.6387398,55.077515,-0.25470293,-0.57925665,-3.9438145,0.051438637,-0.0059016547,0.0891055
2025-11-27 17:00:00,54.607574,1.4785398,1.0099953,5.6789904,37.387012,48.248226,0.8884018,-0.21512614,1.8193476,11.331225,0.46761015,0.49698484,8.840151,17.015322,9.310892,2.1811192,0.43154892,1.2497277,-3.0989478,0.13323095,0.9673264,9.488031,0.74087185,-0.3474014,3.4159565,0.014846705,-0.004753162,0.146258
2025-07-18 16:00:00,-17.056412,0.05771472,0.20222947,2.1779194,-37.057926,-12.716705,1.2810386,-0.8252554,0.6126116,3.4971826,0.4438685,0.2851341,-21.107397,-38.840942,-26.298635,17.260443,3.9527583,5.207099,5.3861914,-0.27281922,3.5013378,-12.309901,-1.5740163,-0.5625452,2.0764594,-0.0054649115,0.32019398,0.82029366
2025-09-09 04:00:00,-28.131315,2.2943323,0.90633565,0.9880089,-1.813902,-32.10276,0.42806605,0.7403869,0.2147864,1.415259,0.2992561,0.24649705,-9.068449,-11.05036,-26.591375,-4.8853774,-2.3929608,-3.3444602,7.791405,0.17979601,3.5317945,-126.02645,-3.6614206,1.1140926,3.38322,-0.005132675,0.08557383,0.092129305
2025-07-04 05:00:00,-17.37596,-0.45655724,0.9682028,1.0922602,-3.0206027,-15.621748,0.6316315,-1.034327,0.5264566,2.827909,0.44034964,0.25340432,-18.701815,-33.77871,-49.007416,4.565568,1.3777101,2.9894698,14.571082,-4.2683268,2.456803,-152.58565,-4.0116158,0.58794415,2.283422,-0.009089408,-0.048034735,0.2599535
2025-09-17 11:00:00,28.388615,-0.957887,0.11215264,-6.0260806,-29.488678,18.795073,-0.96873534,-1.8315065,-0.22102682,-0.968313,-0.113660745,0.21010676,-9.731796,-16.01958,-14.303997,13.614219,6.627519,4.8092895,39.721764,2.4515626,7.558714,128.33543,7.4524293,0.3243729,2.5913656,0.14415525,0.024516443,0.07015424
2025-11-02 18:00:00,-1.4482208,-0.34310362,-3.755647,-2.7883577,-0.4167097,2.615716,-0.27258152,0.59098417,-1.456657,-2.257144,-0.53131706,0.30411553,1.206553,10.092419,0.7729524,-0.0849407,2.613602,-0.22497728,-11.786647,0.06512367,-3.055865,78.71179,0.9780868,-0.44422105,-0.44137028,0.020629115,0.02415206,0.05106599
2025-07-08 00:00:00,-78.96465,0.74668247,0.6972609,-1.0748928,-25.642227,-52.774677,-4.0272894,1.5620536,-2.7792115,0.69134045,0.1766987,0.12857284,-22.352264,-42.566624,-29.99823,22.954115,23.286564,4.3811936,14.835103,2.4211576,4.1618724,-15.097805,-3.3121672,-0.22626698,8.94506,-0.08137828,-0.008510946,0.12876062
2025-07-11 15:00:00,-25.801805,-0.8684475,-0.5617159,-3.68816,-20.89498,22.552723,1.3439723,-1.4244732,-0.07227727,2.8056166,0.44646314,0.22315127,-10.310789,-24.954016,-25.98522,12.316338,11.67285,4.276884,8.169076,-1.3036681,2.4531624,94.45763,3.5073154,-0.99844307,3.0225317,-0.05488585,0.07667329,0.13398942
2025-11-23 16:00:00,11.004287,-9.91966,-0.1201306,-0.9737225,-33.5073,21.512424,-3.0324,0.2007068,0.17239745,-2.134669,-1.2401938,0.40756214,7.4181485,5.97755,-1.9149607,-10.781133,-2.0455456,-6.6928325,-13.405704,-1.9274728,-4.255346,-33.89739,1.6178613,0.03320377,-3.4219182,0.0068520107,0.00036877516,0.13429907
2025-12-12 05:00:00,56.63813,6.187327,0.7768151,1.9083368,49.83646,14.186246,4.1825824,0.051372208,0.059732296,-1.5612758,2.3724651,1.8213577,33.907135,120.45933,168.22919,-7.110618,-5.049587,0.10002024,-2.9280086,3.221118,-1.7876601,134.4672,2.1994421,-0.27680802,4.5141683,0.01089721,-0.0023228591,0.06582865
2025-07-07 15:00:00,-26.910048,7.152251,-0.5600335,-5.0294924,-17.709867,23.814024,2.9637628,3.399837,0.08179986,4.071486,0.54731923,0.24546005,-13.031828,-20.392159,-24.28618,19.915596,12.804338,4.5810795,27.77251,-0.07533324,8.568754,96.54206,4.617496,-1.3417615,3.5296173,-0.037906785,0.06062714,0.10580253
2025-09-22 17:00:00,-21.18791,5.5101333,-0.19869655,2.5995512,-39.29989,-15.591558,1.6640487,1.234619,0.6539966,-6.748132,0.34501937,-3.4283428,-33.709965,-65.736115,-36.535637,5.229918,4.269235,3.7309272,4.6950316,-1.1668469,-0.2298102,-26.728327,-2.6159043,-0.08056202,-2.6476161,0.068178326,0.3239071,0.5865977
2025-11-29 22:00:00,8.805589,-2.5152276,-0.48997328,-2.1142004,8.270607,-13.802861,-0.94455725,-0.572273,0.08761304,-9.040922,-0.41283423,0.17564437,7.284252,5.054986,-5.8688273,-17.892279,-11.794366,-10.903768,-20.301453,-1.5539972,-9.505989,-107.61551,-5.405364,-0.1255092,-6.5166907,0.09840378,-0.00876903,0.072033614
2025-09-05 15:00:00,-21.405058,0.72264594,-0.6400197,-1.5845987,-18.405876,31.189386,1.6582283,-0.7017917,-0.53465736,-0.3252545,0.44460377,-3.233888,-7.580891,-10.364723,-24.73908,13.114552,4.204172,2.425732,3.8615506,-0.335727,3.9103978,66.61731,5.405302,0.44096443,3.5128062,0.01444441,-0.0059855212,0.113090366
2025-09-08 01:00:00,-97.49555,2.5957694,1.4102645,2.4693923,-35.975845,-56.200726,0.57606083,1.6288083,0.099133804,-0.17241357,0.033098392,0.1898229,-11.360911,-14.061429,-24.937618,1.8725572,1.008483,1.2019697,-1.3004574,7.0252566,2.2219253,-74.24576,-5.713898,0.9575136,7.825496,0.012910048,0.07593892,0.0565582
2025-10-01 06:00:00,35.80784,6.140482,0.76994836,1.8832003,33.305855,-1.481203,2.3782887,-0.6523467,0.56136024,-0.12865487,1.2260226,0.65390944,-0.6271672,0.41853535,-3.3910954,10.610595,3.5109706,1.4468837,5.3340745,-0.006984262,2.4638917,1.9916708,4.1398697,0.6137878,-0.11580649,-0.009897651,-0.06148518,-1.8821741
2026-01-06 02:00:00,-49.749733,1.7839763,-3.2946403,-4.729816,-12.507329,-27.374905,0.7260412,0.3508031,0.04411722,-2.779369,0.2521927,-2.7180197,38.558777,18.874016,0.49409154,-14.892433,-7.2530284,-13.182051,-4.6017213,-13.551081,-3.2864823,-114.09496,-14.679902,-0.68143576,-13.625717,0.024550993,0.023749074,0.050439063
2025-07-01 00:00:00,-77.829575,-0.17827062,0.94480664,2.660263,-27.127056,-56.663273,-3.4523342,1.1551617,-0.9537365,1.4613283,0.15528262,0.1473655,-13.549855,-24.85447,-18.991207,15.020103,4.4948187,3.186794,9.719892,6.9982433,4.5526485,-0.051420663,4.282675,0.5598128,16.591167,0.06296061,-0.030325316,0.23480827
2025-10-17 13:00:00,-27.148561,-0.27696326,-0.064517304,-1.2181524,-50.018578,-13.146336,0.9648576,-1.1732662,0.36142486,-6.464444,0.22711015,0.37509176,-5.4375887,-10.325325,-20.585503,-1.7404112,1.2774428,1.2324864,-24.246288,3.1139514,-9.495445,58.842297,11.28975,-0.087849356,7.357084,0.06933,0.009769888,0.038314313
2025-07-11 16:00:00,-30.206837,-0.78129584,0.33232078,-1.1871436,-54.196556,-15.305814,1.1457081,-1.0631526,0.10232189,2.1903777,0.28833824,0.339084,-17.75907,-31.180931,-28.295897,9.853976,8.210747,5.5286393,5.5915155,-1.221491,1.7675657,43.89659,1.5318567,0.7740456,0.7584887,0.22186302,-0.09399792,0.47227213
2025-12-12 12:00:00,5.220621,0.9840506,0.5694798,1.0232259,-57.371555,-4.845946,1.6104077,-0.1603609,-0.07602911,-4.014368,0.37245893,0.3559133,-7.5555077,-9.999679,-18.11507,-3.1605334,-0.7695363,1.4766319,-19.40482,-20.405737,-8.629879,-21.948795,-5.2572846,-0.19526543,-23.321096,-0.11821122,-0.014632043,0.08886719
2025-07-05 13:00:00,-4.896713,-4.262747,-0.13870068,-5.1927743,-28.264996,9.014182,-1.4119072,-1.7685313,-0.19757657,5.7270207,-0.28584164,0.22393425,-5.74992,-21.133553,-21.673698,16.459364,2.204146,6.0697136,45.955433,3.9689875,12.749872,95.41081,5.9575653,0.938786,9.1846,0.009791209,0.030748326,0.12949505
2025-12-27 17:00:00,71.04732,-2.8856199,1.2593225,6.9213734,50.58724,58.73338,-1.9008733,-0.30137286,2.6192825,13.447662,-0.99642074,0.38007966,7.107407,15.565145,8.184871,4.866985,1.4272286,2.3685787,1.3250966,-0.19800436,2.6059144,7.561089,4.5134845,0.030511701,6.85846,-0.042463038,-0.0014080446,0.13320865
2025-11-09 18:00:00,-2.3270712,-0.67046106,-4.00753,-5.6338716,2.0127106,4.7495055,-0.5331321,0.5349977,-1.812586,-2.2826471,-0.75589514,0.5089428,9.798011,18.70721,4.983593,-3.8791187,-0.5044868,0.37764433,-16.31719,-2.4981132,-4.0265155,75.42134,0.51888424,-0.53004664,-0.38098907,0.019893372,0.019763138,0.03894226
2025-08-18 06:00:00,26.328085,7.5379815,1.2296702,3.5971134,27.737429,-4.7512603,2.7279387,0.7328839,0.93030006,2.1992393,1.1878133,0.6760189,-1.9822394,-2.7431867,-18.279247,-1.2495624,-0.5843259,1.1612751,4.283373,2.183274,4.413874,-21.51854,0.75451076,-0.8326547,3.7743492,-0.047579486,-0.0018210355,0.12256443
2025-08-23 03:00:00,-65.01333,-3.8277893,1.0847974,3.4562602,5.268888,-26.425068,-1.4620773,-0.92912585,0.25165167,1.953059,-0.45815668,0.1244768,-17.2673,-28.593655,-36.88341,6.197902,2.3971384,-0.8187015,14.962242,1.5007588,2.8102334,-152.74786,-6.9666348,1.5838796,7.5844874,-0.018288035,-0.024223117,0.17904103
2025-12-26 21:00:00,-8.49135,-1.8276438,-0.63348436,-3.0231752,-10.434842,-18.269817,-0.13023646,-2.1847808,0.79198635,-6.5596566,-0.06928342,0.13616572,-8.414923,-7.615706,-13.185402,-18.762018,-7.1148906,-2.9830222,-18.373652,-8.910242,-8.706781,-104.23524,-14.895577,0.15578376,-15.475091,0.012682161,0.012049538,0.09918609
2025-12-04 21:00:00,-18.01623,-1.3162795,-0.63401854,-2.6487415,-16.983452,-26.273785,-1.0203291,-2.1228027,0.7930785,-6.880802,-0.01611005,0.08471509,-6.822728,-6.072678,-11.691761,-23.264202,-13.281225,-9.939052,-23.012573,-5.7219996,-11.403742,-113.43018,-6.495526,0.066917345,-14.033841,-0.0075469348,-0.0036387383,0.09201679
2025-07-29 23:00:00,4.372116,-0.21239233,0.20981042,-4.714477,-29.708715,-38.30237,-1.1066226,1.8743999,-0.22942045,3.8573692,0.11319476,0.17895223,-9.483346,-23.267757,-24.112799,35.393036,11.373202,4.6107197,24.786663,1.9892405,8.34556,58.998295,-4.5918117,1.622848,5.8444366,0.034500074,-0.12892608,0.05178314
2025-09-05 12:00:00,5.143436,-0.8250885,-0.5897055,-2.0418036,-31.917881,10.346673,0.9344251,-1.2181096,-0.41818953,-2.5117445,0.09146895,-2.0650976,-5.2602305,-9.811253,-18.567402,11.7548,7.2470775,3.515004,5.1441026,1.060023,5.990917,90.631805,8.892307,-0.1993379,5.226524,0.040345855,-0.0103582,0.043581884
2025-07-15 14:00:00,75.29368,5.894945,0.059814483,-1.2618668,55.302723,62.034557,1.9469534,0.025580525,0.16446301,6.795257,0.76394075,0.47150922,-1.557427,-10.220447,-12.876953,16.465761,8.514828,7.193339,26.272007,3.103974,14.022468,81.84484,6.6111016,0.9323019,12.92352,0.038096417,-0.0052193506,0.17185827
2025-12-18 21:00:00,-9.36458,-1.225801,-0.7054542,-3.099791,-7.546192,-23.716599,-0.8617659,-2.090205,0.8129384,-10.595289,-0.06278531,0.12745515,-6.7527437,-7.1371064,-13.540075,-20.391144,-13.084324,-2.9572954,-20.507597,-7.7296643,-10.909966,-119.87022,-16.607004,0.09403598,-13.558095,-0.016943648,0.012093459,0.094082974
2025-10-03 10:00:00,60.756565,1.0646849,-0.46002507,-3.995492,5.9312696,54.66602,1.6722821,-0.17824261,-0.058291808,-6.2160316,0.17128326,0.3016429,-5.9867725,-2.3437529,-7.095006,-1.1422193,6.2348084,3.8753648,3.1565762,0.9259007,10.961565,135.00906,9.505295,-0.6196791,3.5510306,-0.0065908395,3.5300385e-05,0.066341005
2025-07-19 11:00:00,28.019407,-1.3678473,0.6004662,0.7299686,-27.787296,15.951507,0.098655954,-1.6711814,0.041148055,6.004835,0.041005116,0.2055141,-3.136368,-3.6755338,-7.327445,14.53248,8.149236,3.8942034,21.573551,2.3326712,6.8839784,115.13231,3.365349,1.1245333,3.902759,0.004284734,-0.04679566,0.010817304
2025-11-12 01:00:00,-77.68607,1.1343749,0.41882327,0.960733,-26.657402,-50.174995,0.13860656,-0.26068604,0.41253647,-2.2163177,0.22661108,0.48442066,35.05013,41.19047,10.263959,-18.85271,-10.543496,-9.029935,-7.0967436,-1.4064192,-2.7825155,-77.72607,-3.7687953,0.13624112,-0.3758733,-0.028104402,0.011852598,0.059850752
2025-10-08 00:00:00,-59.941505,-0.07005826,0.50672907,3.4815617,-31.97834,-54.65261,-2.6675072,-0.5319904,-0.36286494,-3.4677007,0.11402616,0.17451139,1.454625,4.2502756,-3.8786922,-5.535633,5.2803764,5.586089,-5.689775,8.715815,2.8231194,-70.38233,-20.152315,-1.3055763,10.590681,0.06577284,0.028263625,-0.5127459
2025-10-20 06:00:00,59.73095,7.0179677,-0.5572518,-2.8662846,59.862427,11.036772,2.9429011,0.54541373,-0.120208375,-1.4853516,0.99387187,-8.293711,21.49424,27.30466,16.227491,-9.673806,-2.7665591,-1.6019415,-0.5155962,-0.017344456,-0.694681,83.274155,-2.2813017,-0.59024817,1.0738842,0.06683694,-0.008421079,0.04901939
2025-07-04 15:00:00,-37.06912,-0.51206905,-0.7647751,-7.2668405,-17.038086,27.38722,2.1868825,-1.6418093,-0.03659452,2.574743,0.6115549,0.2537591,-23.822159,-49.63558,-31.498558,19.975927,7.3925176,4.249193,36.084976,0.20695333,5.34193,95.4822,3.1577222,-1.5930175,2.651626,-1.4656037,0.045184866,0.109870054
2025-12-16 01:00:00,-85.347435,1.5419397,-0.12134062,-5.3437366,-31.47121,-65.736244,0.21629336,0.367081,-0.19281429,-2.4835818,0.19425294,0.35538802,36.204994,25.385958,2.8633237,-18.828794,-9.858122,-9.628638,-7.1170306,-17.497559,-3.5902073,-52.004063,-15.242179,-0.017683133,-22.083908,-0.030955065,0.05518534,0.049098317
2025-10-05 07:00:00,2.4595213,-15.222252,-0.4706958,-0.7771764,1.6779544,3.7171314,-5.452484,0.13857475,-0.06635904,-2.435439,-1.777362,0.49240878,-2.8036878,0.25092942,-4.769918,0.7113852,-1.0498264,3.8591385,4.2067747,0.54899794,2.3784373,-7.5118704,-3.5593204,-0.7910564,-3.3469527,-0.017781619,0.00736863,0.13896716
2025-07-13 03:00:00,-66.21689,-2.9401262,1.0513127,3.8754396,4.4049115,-23.766893,-1.5584787,1.088946,0.43280295,3.5479984,-0.43163553,0.1476551,-11.106253,-12.391508,-29.796776,3.7489321,0.5332209,2.285676,6.0294824,3.5336907,1.9824747,-147.38966,-5.544906,1.2462194,7.243391,-0.01458426,-0.06468576,0.13684697
2025-08-09 03:00:00,-67.30489,-3.3226469,1.3233789,3.3338892,5.079017,-26.235811,-1.1771998,-0.8685935,0.26927933,1.9587456,-0.4811689,-1.3602356,-14.929871,-27.60045,-36.40149,8.582271,1.8449122,0.08320307,15.697616,1.1201221,3.358748,-154.74312,-3.9957697,-1.5601118,7.319813,0.00085964863,-0.025961101,0.17015845
2025-12-17 19:00:00,-9.299668,0.41088322,-2.452377,-5.267747,10.045306,2.926396,-0.14082968,-0.6746366,-0.61071485,-2.9825768,0.12508959,0.3526661,-7.28541,-5.9944386,-4.970324,-0.83204186,-2.7603378,-0.50677323,-10.210446,-5.865456,-5.190895,-2.999937,-15.650358,0.20102218,-9.955,0.0293699,0.048689798,0.07388512
2025-12-15 00:00:00,-88.13818,2.604387,0.2580732,-6.343849,-44.276634,-67.99183,1.0539912,0.5002593,0.009262133,-3.2614446,0.21382281,0.30866244,24.409409,7.4319263,-5.592921,-24.866898,-18.238806,-13.029924,-10.330695,-20.344982,-4.2869663,-64.2477,-15.873308,0.021836236,-34.90674,0.021526938,0.0038024378,0.048429076
2026-01-02 08:00:00,72.442116,0.5615838,-0.00881005,21.97751,39.08196,24.603523,2.4894798,-0.6469906,0.6142488,-1.830453,0.3836455,0.27312642,-7.8781533,13.970314,20.661879,14.714128,14.501092,3.9898787,-0.05355447,14.50507,-4.416173,167.03758,-5.9626646,-1.4714034,6.003019,-0.006398783,-0.0056693363,0.07966136
2025-09-07 01:00:00,-94.214134,-0.87429386,1.511046,3.1546667,-36.773457,-52.239487,0.44746268,0.950017,0.007244897,-0.1570107,-0.07535054,0.1376954,-11.299406,-13.176965,-27.161448,0.46938848,1.1837586,2.4042916,1.1911858,5.8619385,2.9305606,-74.23058,-10.462963,0.22024669,8.091151,0.018623592,0.008474763,-1.205136
2025-12-21 13:00:00,-35.228928,-5.079881,-0.2525904,-1.069788,-81.86836,-25.811293,-1.9286059,0.6021016,-0.36379245,-5.985566,-0.50132334,0.23984694,-9.745184,-16.929832,-26.983349,-2.960772,2.1957664,-0.3778725,-22.608055,-26.08153,-11.355292,-65.300224,-4.474476,-0.3688498,-26.267199,0.11874013,0.01820782,0.15112293
2025-07-24 03:00:00,-63.74507,0.30780885,0.92375726,4.206341,8.726562,-29.31192,0.42827946,-1.1232456,0.45591217,3.6065965,0.19399835,0.18647978,-12.013364,-12.547195,-32.237225,2.5106409,1.125172,1.68501,5.840678,3.9896092,3.2341561,-146.98279,-9.297706,1.1801659,0.9159652,-0.018879324,-0.01452349,0.096632965
2025-09-30 01:00:00,-127.02944,1.8596776,1.3541777,0.46173236,-48.654232,-61.538715,-0.55497986,1.9354712,-0.33756745,-1.1400988,0.09252968,0.13302755,-28.97741,-53.074585,-40.590904,14.994506,6.365127,2.2901518,15.374882,-0.027494835,1.0501606,-58.11159,-4.9729967,-0.26167858,8.454138,0.35044047,-0.03408759,0.15360333
2025-09-19 00:00:00,-62.611736,1.0680833,0.6766458,0.30721107,-23.51679,-47.047432,3.6348014,-0.74229264,-3.1223683,-2.9773557,0.19875853,0.17001799,-21.931786,-41.128822,-30.972504,26.209236,8.996529,5.350125,15.430112,4.5180783,4.755799,-7.3469677,-2.3333135,0.68554294,10.961689,-0.09872032,0.047789775,0.17072397
2025-11-13 06:00:00,61.903553,5.547592,-1.6801113,-12.245323,99.515976,20.281898,2.6971328,-0.12333213,-0.70608157,-1.2510506,1.4950969,1.8212731,53.55127,135.879,211.30379,0.4898178,-2.5573149,7.3469477,-3.3597317,-1.3393984,-7.4738235,227.64836,-3.0471873,-0.37445393,-7.0053744,-0.02798788,-0.0034391158,0.06636741
2025-09-10 23:00:00,1.8745944,-1.6256121,-0.19811736,-3.5385764,-28.424799,-41.68344,-2.0526154,-1.2184124,-0.5347824,-0.19890125,0.113664515,0.19505878,-9.853326,-19.00863,-24.153776,20.638678,8.539393,-2.3950303,20.124067,2.291153,6.574032,71.530785,-4.2619247,1.0482503,5.6251907,-0.060616706,0.41707402,0.04134836
2025-09-03 23:00:00,16.124155,-0.08124735,0.66163486,2.0065885,-27.757563,-45.092293,-1.0214049,-0.78037906,-0.55643225,0.4181546,0.16961947,0.19098186,-1.758985,-1.8716819,-12.3306465,2.7149942,2.0939941,5.070028,2.1475806,3.473711,6.122074,-2.4111714,-0.6740896,-0.19910128,8.876154,-0.019880362,-0.049759116,0.051389735
2025-11-26 03:00:00,-37.550003,2.7081413,-0.35093218,-1.6297095,10.9382515,-28.861242,1.9420372,-0.108068004,-0.06829088,-1.5784565,0.497776,0.605384,30.66445,56.865273,35.20778,-14.603644,-8.27152,-10.2362795,-8.70821,-4.720912,-4.1945066,-70.61995,-2.5657325,-0.3835444,-2.9823437,0.0035957512,0.0037220244,0.08145809
2025-12-07 13:00:00,-36.788292,-5.464559,0.12761205,0.041609485,-63.921757,-30.502182,-1.7972367,0.5592061,-0.14955933,-6.0424776,-0.5891522,0.24667704,-7.502705,-11.703943,-16.09792,-11.915325,-1.8828447,-0.23668891,-24.498795,-20.187304,-9.856043,-98.54128,-4.9215364,-0.114041835,-21.143229,0.12894768,0.021698149,0.08336759
2025-08-16 11:00:00,26.045992,-1.2311946,0.56905335,1.48218,-25.280794,15.13575,0.40412903,-1.3730894,-0.21589449,1.3001628,0.24671929,-1.5104246,-3.6181479,-4.401545,-8.605118,-2.6961844,7.643367,2.0001414,-1.4683566,1.8089691,8.072595,130.41107,4.170139,0.9681199,4.6124434,0.016360644,0.059448738,0.031028453
2025-07-04 09:00:00,171.02875,4.7745476,0.39081645,1.0853314,93.16709,81.57818,4.58783,-0.59414405,0.31210345,7.1587315,1.2583535,0.40576118,4.4638205,-0.94274366,-4.834285,20.042637,9.63035,9.4918375,66.09167,3.234012,23.774038,127.816925,-0.19117782,1.5895157,4.661673,-0.0863184,-0.07853521,0.06901078
2025-08-03 02:00:00,-76.54266,-2.472052,0.8839977,3.0462818,-25.092659,-24.99754,-0.6431649,0.940003,0.13273165,1.3898171,-0.30008233,0.11372924,-14.505167,-24.979864,-36.45002,2.5192986,0.8660334,1.9767183,4.143156,-0.5786522,2.728104,-134.1006,-13.10983,0.19702643,6.3908124,-0.0040881354,0.015855148,-1.7778281
2025-10-05 06:00:00,14.867776,-19.179306,1.0240449,2.601316,15.742273,-0.8453957,-7.239469,0.16054527,0.53024775,0.40913785,-3.3015065,0.44341627,-2.1781871,-2.5214128,-8.799318,-1.1315674,-0.80273235,3.2831357,4.595019,1.9207431,2.6594064,-41.814022,-2.0642393,-0.3647916,0.71328175,0.0031674549,0.030709632,0.08569194
2025-10-30 08:00:00,28.380125,2.549337,-0.18898292,-1.2193776,11.33563,4.5457454,2.0183632,-0.5166072,0.12674612,-4.058383,0.97273827,0.7579657,-1.0732876,3.41507,0.06959902,-11.260304,-7.402745,-4.9553523,-10.439703,-0.6592591,-6.7583513,39.946404,1.701657,1.6152506,-0.80586445,0.029534625,-0.031687934,0.15605433
2025-10-21 05:00:00,60.8245,8.305356,-0.5752925,-1.2230092,43.391094,11.682981,3.281489,0.29839554,0.013809875,-1.5437334,1.3990211,1.0927709,30.917475,23.718359,14.822322,-7.6121526,-2.4290679,-2.3526754,-2.65597,-2.2036312,-0.94910026,12.024155,-0.9646204,-0.1463645,0.78425235,0.012154025,-0.086662844,0.17137684
2026-01-12 19:00:00,-15.861408,0.7831335,0.0696457,-0.64879435,-6.574812,-6.960519,0.776937,1.5827913,-0.07313256,-6.820753,-0.15347342,0.32727444,-12.449312,-12.6134405,-16.988058,-1.5574524,1.1457955,2.579048,-14.570139,-4.420025,-4.1431384,53.7837,1.0704914,-0.095320456,-8.053979,0.037186775,-0.015804907,0.033362076
2025-07-09 11:00:00,34.71418,-1.0892262,0.8821242,-3.020641,-31.305136,18.061478,-2.015897,-1.6125832,-0.20896396,5.9158754,-0.20771942,0.17669404,-8.523384,-14.924113,-15.032762,17.117907,8.492315,4.7961864,47.053093,-8.055414,19.146713,120.31069,5.3300834,-0.78229904,4.0791216,-0.037376575,-0.15841082,0.038476862
2025-10-08 17:00:00,15.809917,1.8268278,0.6765171,0.2527063,-4.5610776,23.003986,0.47632623,-0.52260584,1.2078518,0.6825123,0.29928067,0.40585786,-2.9855735,0.23180193,2.3621037,3.077638,4.0025764,4.068567,-3.6694467,-1.2157397,-0.93157864,0.30697453,1.3629977,-0.27567104,-1.5062844,0.05754086,-0.005831545,0.13117689
2025-10-08 13:00:00,-30.504025,1.8146665,-0.11089217,-1.3842524,-64.333115,-24.370129,0.23465031,-0.90277135,0.25217402,-6.5167704,0.30627212,0.38470414,-4.562544,-4.3544493,-11.046179,6.337023,4.357456,5.8665223,-21.009865,2.1161723,4.493038,-18.112556,2.443901,-0.11663995,6.117981,-0.14526688,0.0017926581,0.09552038
2026-01-12 02:00:00,-52.96411,2.82949,-2.6366704,-5.940928,-13.574818,-31.130136,0.622295,0.5561648,0.047072507,-2.7658384,0.22770363,0.34513426,44.74747,18.289919,-1.9677734,-21.20443,-10.689834,-12.729537,-5.4778,-14.625803,-1.9026096,-129.02693,-13.895255,0.14981256,-16.308722,0.029135514,0.0012666857,0.052087273
2025-08-06 01:00:00,-106.40812,-0.0037924899,0.8586449,1.4911845,-43.131626,-57.929783,-0.8555908,-0.47032496,-0.061447397,0.42086947,0.059670813,0.13423039,-20.338594,-31.407242,-36.861904,6.543061,4.3326917,2.1589606,5.727777,4.012528,2.505687,-87.334755,-5.1484265,-0.025856469,7.117001,0.030798828,-0.004524737,0.24521267
2025-09-17 16:00:00,-25.239458,0.7226892,-0.15711085,-1.8417932,-43.57912,-15.1670475,-1.455103,-1.7803015,-0.13566154,-1.2878842,0.34101573,0.27521154,-29.527115,-60.777588,-31.123924,8.055119,2.333809,6.15949,16.261936,0.029885398,2.2564297,17.610195,1.1665069,0.45088604,1.6071094,0.2853582,0.37490013,0.5500415
2025-08-15 08:00:00,40.884228,4.8583302,0.5200386,2.9701993,20.206276,11.888506,3.618901,-0.58712316,-0.027369719,0.42787978,1.4303485,0.69934213,0.37241423,5.7025676,2.0059383,7.8664203,8.379859,5.458164,10.269107,0.8510499,7.5834713,0.4061651,-1.8482604,2.071549,6.342114,0.0020883488,-0.08530786,-2.500941
2025-11-23 23:00:00,-24.315548,-0.92574376,0.08153999,-0.43757287,-36.59126,-47.761166,-0.1770303,0.4369958,0.25598592,-5.12243,-0.20731613,0.24107891,16.44924,8.947948,-1.9744424,-20.28619,-11.959414,-10.693399,-17.566584,-2.5498972,-7.023115,-71.850975,-12.724573,0.36915365,-3.9849727,0.002736925,-0.004818545,0.07291242
2025-11-27 08:00:00,32.29033,1.6489716,-0.4201432,-1.3272761,13.350121,6.7807493,1.0825247,-0.4835014,0.16500188,-2.0481644,0.70668346,0.46507242,-5.0887556,-0.2563627,7.3312063,-4.035298,-4.244908,-0.20815241,-15.132941,-3.6174552,-6.5929685,73.54042,-1.0616415,-1.0495315,-0.51108223,-0.018749658,-0.0043684966,0.0821322
2025-07-01 02:00:00,-80.54052,1.7631024,0.6831406,1.5974318,-26.36013,-26.014456,0.06962972,1.1852204,0.33994666,3.088271,0.13589935,0.15213567,-13.866489,-23.454601,-33.235767,2.5231388,5.905403,2.3076458,4.3817363,1.6080337,6.087648,-135.12035,-4.4241595,0.37790504,5.508482,0.003048695,-0.0470551,0.1604954
2025-10-16 20:00:00,-33.368305,-1.563441,-2.186583,-6.5574145,-41.08396,-25.551828,-0.46566495,-1.8609784,-2.985881,-8.800676,0.056903567,0.16557944,-7.177983,-7.9055877,-15.111836,-4.62338,-1.7219188,-1.314447,-13.3213215,-1.3888552,-7.1491566,-22.693636,-3.7674096,0.38692525,2.0526502,-0.00017815185,0.04019563,0.06811517
2025-10-20 21:00:00,-6.4040346,0.82521653,-1.294073,-3.2999413,-16.854006,-22.72151,0.30342898,2.285784,-1.8707486,-7.1409783,0.046416037,0.0019305947,-3.7787318,-0.89468956,-5.7673945,-13.034733,-2.176423,-1.3187113,-22.642292,15.359274,-5.2911887,-99.77317,-5.506351,-0.5995174,4.853701,0.040785287,-0.0031604548,-0.9019157
2025-06-30 03:00:00,-71.998245,3.9595945,0.4740516,1.2919543,6.1393023,-25.995466,1.2352916,1.8272398,-0.16442995,4.8124156,0.1682519,0.12585455,-10.863382,-10.672679,-26.956388,13.525321,7.606545,2.5121596,4.2529526,-2.8802733,7.7739563,-148.74734,-6.5466113,1.2587506,5.8196745,-0.02296383,-0.04162304,-1.582983
2025-11-02 07:00:00,20.251627,-8.021615,-1.4125572,-4.046104,17.591892,9.829812,-3.535887,0.27503753,-0.4996408,-1.1783183,-1.7154868,1.8139557,30.418503,64.08426,14.230365,-8.248406,-2.5518317,-3.5319738,-6.631742,-13.228221,-3.8081915,91.14863,-2.245838,-1.4207264,-3.9068637,0.005227112,0.02745377,0.062071383
2026-01-12 23:00:00,-6.4921074,1.5844127,-12.261472,-17.72563,-57.348965,-102.795845,0.60848033,0.962926,-0.054353926,-6.860525,0.15767604,0.14642513,-14.008399,-11.565832,-21.682543,-12.469015,-10.85786,-2.4698963,-8.175407,-43.438133,2.849698,-88.27824,-36.73259,-0.052901085,-51.12889,0.03308064,0.0012421545,0.046840623
2025-10-23 10:00:00,51.42438,0.42121083,-0.1767263,-0.19672148,0.65158075,44.676548,-0.49157733,-0.17695849,0.12767184,-4.668943,0.28105417,-3.0854132,-2.290472,3.7864847,3.5437212,-5.172541,-4.0154667,2.0727446,-25.571085,6.9896965,-10.644526,91.80505,7.065339,-0.57529664,5.915713,-0.010604922,-0.0012464736,0.03108529
2025-10-27 12:00:00,10.696836,3.1576169,0.1714738,1.0238115,-38.515163,7.970491,1.4321133,1.3327856,0.5545986,-4.02749,0.2745536,0.45325026,-3.0705957,-2.688867,-4.980682,-3.3428755,0.18782678,-1.3991163,-21.070446,12.2750635,-7.0270615,20.520527,2.8425128,0.05564467,6.3495717,0.04553726,0.16304183,0.06540487
2025-11-04 19:00:00,-34.132896,0.41333413,-5.243677,-10.926124,-14.687514,-13.063172,0.14134976,0.829463,-2.2188354,-7.598865,0.06638634,0.43802223,-5.467755,-6.9212403,-11.504911,-3.4639397,-4.623684,-0.9909073,-21.119724,-2.7149515,-8.712304,23.041998,-2.4900682,-0.7110669,-4.3088937,0.034947142,-0.062178634,0.06329103
2025-11-12 06:00:00,59.099464,6.8237853,-1.8058407,-13.29762,100.62235,18.637236,3.08548,-0.4463301,-0.6055884,-1.1746739,1.5192475,1.8817751,53.63374,129.03645,199.67969,0.8392426,-2.657881,-4.780028,-7.788476,-13.56979,-5.3164225,236.06158,0.5485478,-0.78708017,-10.049456,0.09174163,-0.005017676,0.06480315
2025-12-24 03:00:00,-37.189426,2.3122077,-0.27807653,-2.2100065,19.04609,-29.472971,1.9441748,-0.14485963,0.056899887,-1.8754935,0.44700128,0.5720904,35.984604,60.66608,21.706757,-12.673352,-7.4613385,-11.289817,-4.67008,-5.283737,-3.1728299,-94.51349,-10.703662,-0.022491517,-9.734221,-0.0070758844,0.06532219,0.07242477
2025-10-28 11:00:00,19.141617,1.2943264,-0.545375,0.49735215,-28.947872,5.3814635,0.06843125,0.692057,0.038104855,-5.1279764,0.28891864,0.46953872,-4.2841444,-1.9494835,0.77113473,-1.5415376,-2.5265615,-0.20975249,-26.75458,3.4583085,-8.857935,72.7095,6.008695,0.12515865,3.5609305,-0.05533204,-0.00026500731,0.023357924
2025-10-20 04:00:00,7.0690546,4.6525044,0.02603197,-0.17550898,17.029537,-21.96708,1.3263624,0.7899716,-0.20468716,-1.1844275,0.7374198,-3.483349,19.027725,20.947662,5.9270635,-12.491008,-4.1042237,-6.831535,-2.7601418,3.0117662,-1.0499983,-39.69426,-0.60232866,-0.3860546,2.7518299,0.022415528,-0.007841216,0.08188817
2025-10-11 04:00:00,11.067948,-5.473064,0.10669639,-0.7559255,20.279758,-20.547081,-2.3419566,-0.20509261,-0.19016401,-1.4943331,-1.6494025,0.49362734,24.694645,24.424633,8.514137,-14.491915,-7.518773,-0.32718554,-1.7634472,1.448991,1.5303401,-28.755825,-5.2643905,-0.24789889,1.7898058,0.0053322483,0.010542932,0.082272924
2025-07-23 01:00:00,-106.54162,0.23725663,0.8002183,2.4945643,-43.38549,-56.874348,-0.9087391,-0.58931226,0.021692542,1.9177954,0.08126681,0.1072774,-19.212221,-30.882017,-37.25782,4.850204,4.2001786,1.364755,2.2027078,3.3435433,1.8731977,-84.576355,-4.988959,0.3084605,5.2892313,0.038518783,-0.015450408,0.24826047
2025-09-09 02:00:00,-72.49279,1.7075688,0.76603156,2.3809607,-21.190842,-27.223969,-0.032598697,0.73723674,0.05619329,1.0240775,0.13800834,0.1638003,-12.68082,-22.553072,-33.372627,-2.489159,-0.600675,-2.2847357,4.428388,0.47433552,3.6736767,-131.22389,-4.545745,1.5766984,6.1992173,-0.0010475485,0.08686437,0.19221474
2025-10-17 01:00:00,-71.665924,-0.015602672,0.9511509,3.0708127,-24.551174,-49.10646,0.67740244,-0.6107821,0.05057696,-1.9764796,0.12002845,0.1900312,10.132573,13.198549,-0.39320987,-12.56125,-4.2468367,-8.119865,-2.0371776,7.715949,-2.4725015,-70.80121,-3.093626,-0.21341388,9.163957,-0.036120273,0.01626642,0.051274918
2025-09-27 20:00:00,20.95124,-4.3213234,-1.7806989,-10.678875,-10.106103,4.00494,0.56231433,-3.4580789,-1.1131274,-4.222341,0.32247052,0.12937765,-8.195644,-17.053442,-16.399878,17.538704,11.694659,7.136583,33.61459,-1.8043966,8.881154,-16.662987,-2.0060904,-0.14578553,4.3557615,-0.05703545,0.032631896,0.2396272
2025-08-30 23:00:00,3.832488,-2.1408722,-0.035189122,-1.8443649,-27.068213,-39.90341,0.30825433,-0.71898156,-0.53867275,1.1106395,-0.20124695,0.18232532,-7.2335076,-17.38087,-23.40174,11.85911,11.442849,5.385507,10.715173,2.7263672,6.3243003,81.00872,-5.206471,1.026682,5.1219482,-0.045919713,0.1925138,0.099674314
2025-10-21 04:00:00,7.6466756,3.4803615,0.0061612977,0.047642317,17.606102,-25.646091,0.86433494,0.45171845,-0.2206677,-1.2117643,0.7684742,0.35373923,20.141052,20.519411,2.786403,-13.437117,-5.2062635,-6.371032,-6.656956,1.538655,-1.313116,-41.652626,-1.3022377,-0.31082553,2.4683952,0.009829464,-0.0075201546,0.09098123
2025-11-24 19:00:00,-31.682772,2.0597038,-4.5859737,-10.734525,-9.365899,-13.741378,1.0355496,1.3721745,-2.5162778,-7.164309,0.10160229,0.48468432,-5.11151,-4.795861,-5.14946,-11.108474,-4.67307,0.6539846,-23.731277,-3.0140116,-9.42254,31.600142,-1.6954212,-0.51376206,-4.7368293,0.047036666,-0.057005394,0.02693319
2025-12-15 20:00:00,-23.253782,2.0294025,-1.1410583,-5.278654,-29.80128,-21.043755,0.6412878,2.217142,0.69516784,-6.24412,-0.073990405,0.17143992,-7.442073,-8.760224,-12.405475,-14.871862,-11.736673,-1.8288743,-19.746418,-5.9853525,-8.782667,-38.618027,-17.10742,-0.28438774,-14.682383,0.04828216,-0.0035679652,0.057348095
2025-11-28 05:00:00,49.042213,5.7655363,-0.5314396,-1.3021802,43.330376,10.355087,4.003013,0.015281982,-0.04838818,-1.3178583,2.180707,2.1280441,31.680773,105.35089,151.34328,-8.51885,-3.2605543,-2.033203,-4.520574,4.094652,-4.2209992,100.23612,0.59703654,-0.40590253,-10.264077,-0.026822507,-0.00638073,0.061334867
2025-09-05 20:00:00,-8.117712,-2.7314925,-1.8375503,-3.869336,-34.461918,-16.603868,-0.6701514,-3.6214163,-1.6805723,-4.6663327,-0.19006334,-1.4953951,-7.492688,-9.97351,-15.4292555,16.730835,1.8393282,5.17272,3.0645657,0.60857683,3.6709218,-24.085096,-1.1996694,0.08117188,3.771234,-0.036630426,0.12081988,0.13140628
2025-10-05 00:00:00,-57.300674,0.45077395,1.2306211,4.29442,-18.10873,-48.508846,1.3764136,0.9427933,-0.92021185,-3.303853,-0.3948978,0.17292544,1.5144964,-0.89843786,-12.773339,15.310455,6.556456,5.5874486,8.226122,10.608538,5.346346,-5.4390526,2.2582922,0.7560292,13.215377,0.03304549,-0.008610932,0.13372242
2025-08-29 02:00:00,-75.27644,-0.23164268,0.77309734,2.6259096,-25.28113,-27.980156,0.476198,-0.8628258,0.10761637,1.4477917,0.12798221,0.14104119,-15.463024,-27.524868,-36.2879,1.0649649,-0.9085628,0.9856475,7.441613,0.3145795,3.2358527,-142.5651,-5.4069214,1.449352,6.5252104,0.04508176,0.024076318,0.2549588
2025-10-26 05:00:00,48.568634,-20.940165,-0.5642896,-2.120895,36.944653,13.349072,-7.513077,0.00737517,-0.08872224,-1.534513,-3.6799188,1.5241665,29.363226,57.7386,19.991821,-11.982413,-3.5161505,-4.228176,-1.9404016,-5.8018217,-1.6130602,-11.620026,-1.5232682,-0.4433659,-3.7156339,-0.0027791765,0.045287527,0.10058695
2025-09-01 10:00:00,60.090996,2.6726913,0.013319511,-0.86077327,6.580712,56.73006,1.4896799,0.6410851,-0.09350917,-1.018379,0.14620245,0.32835838,-4.197889,-1.5781192,-5.107384,8.659716,6.773182,4.4825,14.277991,0.07580309,12.624333,134.95457,-0.91119325,2.7202623,6.659935,-0.04357711,-0.022104086,-0.46186343
2025-09-13 15:00:00,-27.888468,-6.9428005,-0.3913126,-3.0057135,-17.189259,21.326838,-4.7179785,-1.6385696,-0.26312643,-0.1621449,-1.5736223,0.25272086,-9.804219,-18.38571,-27.675598,16.59284,4.132065,5.060279,11.287507,0.4689634,4.1114116,78.03359,2.3123116,0.058185317,2.7369113,0.029538454,9.077441e-05,0.20469281
2025-12-02 03:00:00,-37.94715,3.3597374,-0.29985604,-1.5778177,11.9558735,-29.145573,1.606456,0.008410955,0.10138698,-1.63785,0.5886962,0.58193976,33.3451,59.235245,33.826504,-13.240688,-7.601436,-10.03065,-9.190639,-2.294435,-4.250245,-72.87393,-10.699186,-0.33038846,-9.928759,-0.010950303,-0.0009732783,0.06896681
2025-09-15 17:00:00,-21.430206,4.5305486,-0.14282332,2.429029,-44.13821,-15.300763,1.7031515,1.2652247,0.63281316,-5.173115,0.35126343,0.36185992,-33.514572,-65.11678,-35.880283,5.332144,2.9874594,2.7574654,5.8464556,-1.0341747,-1.0272589,-15.675187,2.6775994,0.2666228,-2.2743688,-0.15928933,-0.07952357,0.59213275
2025-07-28 16:00:00,-28.743715,6.5454907,0.19327833,-0.84329474,-36.264145,-16.305986,2.1607926,2.8016367,0.30720907,3.4151843,0.3710887,0.29566845,-39.47754,-75.889015,-32.961647,14.087345,-0.4747127,3.7058694,16.479841,0.04635968,3.2483025,22.374023,-0.4313669,1.0640787,0.5433958,0.30372325,0.40317106,0.41807365
2025-09-29 11:00:00,25.77314,3.988928,-0.26848418,-6.026254,-29.200327,22.54722,1.4703718,3.2308362,-0.28297904,-0.47121626,-0.15076075,0.23572539,-10.178312,-18.34686,-14.23154,12.808819,7.5267735,3.3643556,39.783745,0.78290075,6.9743576,130.37274,7.0701456,0.50169367,3.406642,-0.02095043,0.036327098,0.12223941
2025-09-08 14:00:00,77.06772,8.86626,-0.85959613,-0.8974105,50.621387,72.01065,2.878142,0.5157436,-0.2663757,-0.23668358,0.7914063,0.5428298,-1.6960948,-8.888695,-12.187757,9.769115,6.794348,3.9493387,12.414309,2.9393363,7.43689,18.91907,5.730052,-1.2865965,13.379636,0.046699192,0.18268874,0.48425323
2025-10-16 15:00:00,-1.4903631,2.4779463,-0.43773255,-1.2431782,-21.116585,42.115643,2.045075,-0.47113273,-0.16278486,-4.133783,0.48462626,0.53182125,-3.44739,-3.9739604,-16.96785,2.0539672,1.7295551,1.7649565,-19.775192,-0.31169128,-7.724592,50.046722,8.819467,-0.29990718,4.5667787,0.027022159,-0.006415768,0.045739986
2025-10-14 23:00:00,-4.216465,0.5708311,0.79051596,2.5185752,-30.909245,-37.906685,-0.21363024,0.44303936,-0.009400711,-4.3766637,0.14140645,0.17739005,-0.2514545,0.39796463,-8.2266035,-9.8319845,-7.523792,-2.1037831,-10.210435,4.264713,-4.8243628,-48.267883,0.55241185,-0.110698506,11.995754,0.017109348,-0.015454782,0.06870758
2025-09-09 11:00:00,22.354042,-0.24640429,-0.16252476,-4.016534,-29.764265,16.020105,-0.9239945,1.5197992,-0.15959555,-1.771179,-0.12577848,0.22298187,-8.209404,-8.926147,-15.381658,14.169679,4.0347786,3.033982,18.150383,0.66943175,5.154847,122.735695,7.537607,0.3228995,2.5492835,0.18364504,0.037131824,0.024897138
2025-11-28 00:00:00,-73.78612,0.48839727,-0.0025700012,-0.9595444,-38.700882,-55.074203,0.89194584,-0.17709859,0.035576135,-3.0888429,0.17851667,0.28712338,22.375742,9.777524,-1.3072792,-27.27381,-17.377628,-13.193252,-9.13183,-12.99429,-5.324071,-72.98409,-8.761866,0.16545416,-7.542831,0.013946719,0.028236603,0.061068762
2025-12-17 05:00:00,58.220642,8.995392,0.9212625,2.6879227,54.208466,15.148191,4.050192,-0.2666337,0.13878998,-1.3963724,2.0969656,1.8972384,39.192425,125.40496,182.66473,-6.5830193,-3.711226,0.19568826,-2.4988744,13.439929,-2.6623702,139.70984,4.0526223,0.07665628,4.8538575,0.011920152,0.0059411316,0.06723933
2025-07-15 03:00:00,-66.208786,2.0911868,1.2527688,3.8715792,11.55749,-30.815033,0.38021508,1.2000834,0.4175384,3.759445,0.1877642,0.18983203,-8.929861,-6.6042423,-25.149632,3.5650296,0.49190143,2.4902136,6.4850216,2.621674,3.529782,-143.2605,-2.4916596,1.1380191,7.104537,-0.025480628,3.8756174e-05,0.11320449
2025-12-27 12:00:00,6.0127378,-2.991721,0.415409,1.5434597,-58.48836,-8.17916,-1.910826,-0.7401884,-0.20872097,-4.4490504,-0.8256975,0.30111372,-6.5022454,-7.8951488,-16.713259,6.609863,3.4914508,2.6613796,-16.718107,-23.32124,-9.515062,-29.311836,-5.6398664,-0.23318508,-23.64399,-0.1114733,-0.008531303,0.062110137
2025-09-19 01:00:00,-108.94548,-0.7532009,0.7521895,1.7851727,-45.670437,-55.60331,0.65757823,-2.005602,-0.19394194,-0.4150085,0.041982103,0.13315515,-25.356146,-46.108513,-43.206367,4.803065,4.392873,1.8810709,9.017295,2.4434395,2.1313944,-87.125755,-5.0463996,-0.5213528,6.684055,0.08841769,0.01716538,0.16249302
2025-12-30 14:00:00,21.605413,7.419723,0.15483007,-0.07138612,-5.4216986,30.436275,3.7590008,0.17697345,-0.5928445,-8.423383,0.42417467,0.4972619,-8.354353,-15.860148,-29.186403,-6.1111774,-4.281246,-0.9068615,-20.045706,-27.695763,-12.775388,-151.0986,-7.3694844,0.009874445,-30.853878,0.007316978,0.12402982,0.07232544
2026-01-07 12:00:00,8.005506,0.8409998,-7.1332574,-10.541927,-64.52599,-1.3259605,-0.046383154,-0.6636058,-0.40743443,-5.0767026,0.36200854,0.30081084,-13.992116,-26.28137,-39.115566,8.83024,3.4471638,3.13145,-12.383942,-24.709637,-9.20517,-30.860292,-7.2926245,0.31630513,-25.787668,-0.09788382,-0.1102572,0.49922737
2025-07-29 22:00:00,48.17131,0.8645195,-1.6721814,-11.482631,45.757732,7.6522627,-0.77084935,2.5655985,-0.8019836,6.926107,0.18740326,0.14149344,-3.5873294,-12.001305,-20.963512,41.4761,15.536219,6.345995,36.84974,-1.3512279,11.654867,91.51511,-4.6376147,-0.20122859,3.8128293,-0.090998456,-0.021701032,0.049548253
2025-07-22 03:00:00,-63.92371,1.8285208,0.89541113,4.3312206,7.392499,-28.172527,0.42953002,1.080466,0.24209289,3.0284078,0.23134889,0.19431198,-12.125283,-20.28212,-31.315157,6.6221137,0.4799106,-0.4181351,5.9868436,3.1028986,2.946097,-131.2795,-5.061792,1.2339315,7.240314,-0.0074272924,-0.011208479,0.16102514
2025-09-22 12:00:00,9.986066,3.7337368,-0.4365166,-3.3676858,-26.38925,19.789896,1.9339386,2.7003427,-0.34014377,0.17247033,0.12820236,-4.0735865,-6.348465,-14.080178,-19.978,11.668947,8.0484705,4.265214,28.555162,1.6087486,10.747356,83.68655,11.414646,-0.38355243,6.515619,0.12033652,-0.017364565,0.11316928
2025-10-07 10:00:00,55.33433,1.4593549,-0.67512316,-1.8870039,4.713947,51.65407,-0.2572801,0.6191702,-0.09356176,-7.2069383,0.10702718,0.2918091,-3.3966691,-1.1604298,-1.7875837,8.464094,3.949529,3.3882256,-9.955799,-2.4534168,11.42091,126.391174,8.120812,-0.4623945,4.7845554,-0.12219468,-0.0019678466,0.051425304
2025-11-03 11:00:00,27.235868,3.1415524,-0.069561005,1.5998825,-33.727375,4.4337454,1.4405321,1.3684242,0.23444287,-3.5795882,0.3296061,0.50001043,-2.079823,0.94641966,6.5260468,-1.1357203,1.2122632,2.7221768,-19.32124,7.1388917,-6.457701,7.6848226,0.04804478,-0.12884286,-3.785585,-0.08330992,-0.037740313,0.075929716
2025-10-15 22:00:00,29.654432,0.7564608,-0.047768127,-0.26975623,27.199041,-12.065114,0.10616692,-0.8160438,-0.3846274,-9.393155,0.15258072,0.19503492,0.23617557,0.7085014,-9.408171,-12.995713,-4.0759554,-2.2900276,-12.603148,3.1521575,-7.06387,-103.37442,-9.088107,0.32283077,9.886063,-0.012714846,-0.012195455,0.074357934
2025-08-02 08:00:00,26.575136,-16.496458,0.49211016,3.3368943,11.074446,6.1326823,-8.982411,-0.34339458,0.28831777,0.7322495,-3.795981,0.5883173,0.7466697,-1.0517857,-2.070227,6.0027237,6.58619,4.8290644,12.817045,-0.6439149,5.2322073,5.3272343,-0.92301196,1.0356917,2.6171045,-0.009222303,0.012773486,0.13675396
2025-07-28 20:00:00,34.870796,6.1226597,0.12817916,2.508055,-12.032969,5.7939587,1.3487023,7.588396,-0.055258527,12.82425,-0.16881421,0.27412862,-13.772377,-24.020555,-23.71291,30.37166,13.319124,-0.047068387,47.454536,3.1085436,11.619199,67.77493,0.99952835,0.7065242,4.3631053,-0.17734368,-0.078634195,0.04636059
2025-09-19 07:00:00,-5.24031,0.38273332,-1.0216595,-0.18198517,9.09415,-9.952258,1.9781362,-0.6849159,-0.096801534,-1.5348196,0.512156,0.6128971,-6.2733107,-9.489485,-18.198906,13.826377,8.596064,-0.37374243,23.535948,-2.0168278,5.9325647,55.051712,-2.480494,1.5321951,-3.1036198,0.0071821287,0.017576996,0.11480015
2025-10-01 08:00:00,34.101505,6.252608,-0.3267453,-2.2804825,24.981565,4.165633,3.131671,-0.5749143,-0.020676706,-3.967675,1.4262183,0.73455125,0.76610786,1.4973061,-3.254761,18.379683,8.358062,2.6013536,12.21865,-0.77561915,7.51737,54.300995,-1.3742847,-0.3618031,3.7757087,0.036249965,-0.04053375,0.16807911
2025-11-07 23:00:00,-19.602325,0.46924037,0.028746085,1.440555,-39.544197,-42.53933,0.7209822,-0.5493016,0.29340315,-4.4129663,0.20965733,0.21813898,10.962345,8.503178,-2.511419,-21.92049,-11.197132,-2.983834,-15.508862,6.8161173,-5.3183794,-54.12919,-10.228134,0.07456451,-2.311557,0.0055189794,-0.0047321613,0.07598578
2025-12-10 05:00:00,52.159016,7.9379635,0.97063434,1.3955811,44.09763,13.842974,3.9212968,-0.115201145,0.043819565,-1.3604206,2.1610348,1.868851,31.445852,110.46528,159.20811,-8.491621,-4.0452623,0.018147947,-2.2724156,4.469116,-1.094394,81.625175,1.8604251,-0.039454922,2.456917,0.017004628,-0.004300184,0.061038513
2025-07-06 23:00:00,1.731606,1.3400388,-0.2235222,-6.1659665,-25.629892,-38.541378,1.7837346,1.3136309,-0.37389228,4.5702972,-0.0093413275,-0.62407976,-17.53271,-39.27581,-29.067913,24.843386,16.227098,5.8225536,20.026457,1.4387413,6.786542,108.16582,-10.217188,0.56181014,4.4968305,0.22772482,0.12355843,0.034020457
2025-08-05 02:00:00,-77.13882,1.9883547,0.4812113,2.5029666,-26.55456,-26.973104,0.17923944,1.072196,-0.0033952221,1.3259821,0.16141954,0.15808974,-18.06499,-30.993956,-39.84967,5.3266807,-0.43328997,0.8596944,9.675319,4.315298,3.1620138,-143.817,-5.592024,1.3603464,6.1182847,0.05813522,-0.07965777,0.2075792
2025-09-12 12:00:00,10.3298235,-1.3667728,-0.9660451,-5.5131927,-27.042318,15.903477,0.83793,-1.8934429,-0.5135568,-2.356248,0.041317973,0.23114248,-7.21099,-10.437198,-19.332464,15.8748455,7.44937,4.692068,24.451143,2.7977712,6.647437,112.79954,6.351838,0.4195701,6.540608,0.0045690383,-0.12298117,0.058600232
2025-07-17 16:00:00,-29.262285,0.4106288,0.35977596,1.3805816,-52.990402,-16.023167,1.1914203,-0.6510506,0.2880901,2.9408863,0.3066785,0.34630316,-20.272888,-37.561592,-28.371078,14.242547,5.78094,3.840903,9.761856,-0.72413826,2.8730843,32.757053,2.4137707,1.397427,1.0890924,0.10477248,-0.098752275,0.7038857
2025-09-01 17:00:00,-8.700143,2.747881,0.6206289,0.32985914,-28.54096,1.4854057,1.4783416,0.6367407,0.7089752,-4.958177,0.29999223,0.3945461,-6.408697,-5.4371367,-23.209225,4.6715693,4.0590386,3.489166,-0.43788236,-0.021910738,2.4703422,-4.3636055,2.4465518,-0.32021034,-2.991486,-0.07854117,-0.010321561,0.21597141
2025-12-21 06:00:00,53.778706,-18.104504,-0.88845176,-1.5574191,68.399765,17.75437,-8.812025,0.10367713,-0.17678466,-1.2834897,-3.6422222,1.2100794,14.0811825,115.96444,189.78139,0.53941715,-1.8182042,-7.4753284,2.9854991,15.572164,2.1841743,171.47754,2.9579685,-0.32904398,0.18763381,0.008303618,0.017759629,0.05129754
2025-12-02 18:00:00,1.4461101,0.99236983,-4.3598385,-7.934324,7.780565,6.2684526,0.27196285,0.40784138,-2.4609644,-3.6331415,0.33526132,0.4024327,-0.06340757,5.754379,-2.3856747,-2.7740815,-4.6344466,-0.30270085,-12.817468,-2.5415378,-5.640187,72.017296,0.12182637,-0.3217313,-4.7556715,0.04955274,0.0026499913,0.052580617
2025-06-29 10:00:00,69.42532,-2.677329,1.6833057,-0.9045927,12.843522,58.043262,-1.3903577,0.24491839,0.32455468,9.343684,-0.28322133,0.16927658,-0.6791128,1.0722058,-8.401392,23.969501,6.930557,4.9016733,41.656322,2.3697383,24.573471,126.69618,9.550966,-0.02633021,7.4600267,0.08624484,0.018120637,-0.021373605
2025-08-28 17:00:00,-7.613433,0.72105944,0.3926017,2.7615817,-13.686442,-9.712089,1.1157002,-0.4231353,0.94498515,-5.9653745,0.28655937,0.27393457,-30.734772,-62.420307,-39.916878,4.9134398,3.808912,5.148713,-4.477037,-1.4806378,-0.58208734,-65.41338,-2.5384731,-0.14676918,5.366937,0.016410429,-0.019169986,-7.8831244
2025-08-16 22:00:00,46.43838,-3.0680664,-0.21968432,-3.494139,39.93211,5.2012777,-1.0132427,-1.803416,-0.7792672,1.864683,-0.28303477,-2.728736,-2.0536585,-7.16328,-17.092968,11.920975,9.505533,3.370573,10.1662245,2.7896304,7.5325327,63.78024,-4.2599664,0.17486072,-9.834015,0.17823718,-0.041036926,0.026836606
2025-06-28 04:00:00,-50.179543,-5.880103,-0.06311591,-0.6665272,-20.578943,-19.96923,-2.7269828,-0.80211127,-0.13564622,4.0088325,-0.6323136,0.15418853,-19.85184,-50.076344,-40.78374,4.8389726,1.159089,-1.515895,21.85258,-1.6794988,3.8923428,-154.99126,-2.7174366,-0.022722326,-5.302454,-0.043509122,0.010164386,0.19514093
2025-10-20 13:00:00,-28.268375,3.6701949,-0.18467025,-0.6457051,-61.28148,-13.360151,1.2899436,1.1098936,-0.09582689,-4.520502,0.52056664,-2.8388603,1.8498793,2.8346775,2.409338,-2.0448878,2.2481828,2.1862867,-21.613802,11.77888,-5.5059133,1.8758274,6.686889,-0.04594954,5.8707347,0.13078734,0.004491265,0.07090186
2025-09-04 07:00:00,-8.499059,1.7521787,-0.9284197,-1.2582428,-3.1609993,-5.7627378,0.9933003,-0.61692834,-0.25135309,-2.0368862,0.7820546,0.39735553,-4.374634,-0.92174566,-3.1877303,-3.5730069,-3.1992297,2.998184,-1.3442658,-3.35197,4.0131574,72.88778,-4.4160266,2.7224398,-4.5476794,0.006844498,0.006291288,0.06431054
2025-09-28 13:00:00,-10.02579,-1.224813,-0.6993025,-7.788248,-32.07612,2.9606974,-1.2029788,3.1249223,-0.5022673,-1.0416163,-0.19574705,0.24176668,-5.395919,-13.602513,-20.482576,13.805217,8.649726,6.203084,37.609337,1.3325444,12.257353,104.64227,7.508546,0.2588878,7.84756,0.015573513,-0.58557385,0.08171896
2025-12-26 00:00:00,-93.59288,0.34123147,0.32438064,-5.4231997,-47.85357,-75.13004,0.93050486,-0.37900597,-0.083416656,-3.4087331,0.17651683,0.2657865,17.81313,-0.320705,-9.280568,-21.921883,-14.34691,-16.775877,-10.03668,-33.254314,-3.7834663,-70.284134,-22.82524,0.88720477,-47.825455,0.013988344,0.051915962,0.05566816
2025-07-22 00:00:00,-75.00261,-0.15350987,1.3927928,4.9949393,-25.515375,-55.336235,-4.5689206,0.9213837,-0.92251927,2.5649705,0.19814463,0.15159184,-11.393371,-13.286716,-12.87297,30.536427,12.9708,6.5148764,17.715134,8.352495,5.511053,-9.243988,-5.2212105,-1.5811273,11.14128,-0.02170277,-0.09360259,0.1397612
2026-01-02 12:00:00,12.98904,0.4911641,-6.746657,-5.542628,-57.998306,10.880889,1.2095261,-0.21043147,-0.31757072,-5.18841,0.2852697,0.32957312,-8.945774,-19.54067,-34.071236,10.186168,10.773863,3.0158362,-17.9836,-20.560045,-10.416848,22.90093,-6.1219006,-0.23893815,-25.140657,0.026457373,-0.054257687,0.1398283
2025-11-19 14:00:00,23.93356,6.7754474,0.2377189,0.15366665,0.85983765,31.106771,3.2416549,-0.47049394,0.72762233,-7.5976615,0.50498503,0.5234274,-0.4884795,-2.1029356,-8.605929,-13.926998,-5.6322546,-3.491696,-25.376015,-15.219862,-12.154486,-109.53693,6.0918655,-0.38545316,-12.027293,0.016832164,0.00056584994,0.112723984
2025-11-21 09:00:00,140.03322,2.7121844,0.300514,0.9037083,70.3317,63.607605,2.588832,-0.16799293,0.53853804,-4.0814834,0.68285036,0.5951168,-3.7677162,-0.7768595,4.119223,-2.0361624,-0.8476875,1.3397907,-33.371212,-6.7849474,-18.536839,86.66912,-4.336599,-0.014545286,-10.559458,0.14444618,-0.001523526,0.06888051
2025-09-30 11:00:00,29.523102,0.9020857,0.1959712,-6.894152,-30.522655,21.776926,-0.3990148,2.331659,-0.14318392,-0.51666224,0.012210988,0.2626816,-10.479217,-15.881329,-18.018883,18.949217,8.168823,4.283499,45.358868,1.9616451,9.414632,114.482994,8.287128,1.0120776,3.495915,-0.093201816,0.016944053,0.07323874
2025-07-14 03:00:00,-64.23157,3.2180815,1.2187499,3.650551,8.788265,-30.442007,1.0476285,1.6844753,0.48013338,3.7551734,0.19428584,0.22267006,-11.012549,-13.101603,-27.63212,2.8983088,0.16141205,1.9145361,3.924512,3.4391448,2.586298,-146.00395,-6.4346757,0.53839195,5.2220697,-0.026760781,-0.0054996023,0.09044031
2025-08-27 20:00:00,2.2403548,-1.4294194,0.5591748,-0.3524544,-26.733555,-8.148611,-1.3070238,-2.707317,-1.3027501,-0.24445038,-0.1520211,-1.0420731,-4.448384,-7.8613114,-16.19149,16.403801,8.585809,6.008811,10.744557,-1.0850817,10.6978035,-19.798407,0.9757482,0.16536132,3.9682755,0.12388668,-0.011030438,0.18978594
2025-07-22 06:00:00,10.316427,6.497099,0.8073262,2.9646637,17.167559,-12.499755,2.2437804,0.62586087,0.85684973,0.20263302,1.3481137,0.5032561,-10.741701,-15.842048,-28.015123,3.0806396,0.61380273,-0.59699714,9.697593,0.6825413,2.0803306,-31.474798,-2.46173,0.42172906,2.914452,-0.027360734,0.0027514603,-1.5541983
2025-07-16 23:00:00,-2.4732602,-1.5208338,0.20003761,-1.911442,-30.75083,-47.44513,-2.0328083,-0.86110485,-0.19034095,5.264677,0.11607268,0.15459146,-9.170389,-17.520071,-26.072294,15.434022,9.377691,5.188525,19.761393,2.6842728,5.6126995,85.45179,-5.926854,0.44563428,3.6888328,0.12571849,-0.11944438,0.07180942
2025-10-24 20:00:00,-39.129528,-2.2795248,-2.5958447,-7.67206,-44.195827,-28.025427,-0.18163848,-1.7518145,-3.0913615,-8.037635,-0.0046213083,0.13754909,-6.06227,-7.1247983,-10.843601,-7.2345552,-6.3755794,-0.6540573,-16.208221,0.40380123,-7.5075684,-31.322836,-3.1015012,-0.50470835,2.0355365,-0.0039220043,-0.0037815557,0.082589716
2025-07-11 00:00:00,-69.65655,0.5477572,1.0148079,2.8851886,-21.320257,-52.38681,3.4603295,-0.40043527,-1.3285267,0.97414356,0.19851749,0.15084969,-12.875521,-23.62574,-17.806137,14.641482,26.51117,4.444323,8.632845,7.4912,4.553074,-11.225596,-1.7304808,-0.15569042,12.445906,0.09377252,-0.012019941,0.24099185
2025-10-25 03:00:00,-35.476135,-4.0363398,0.29949835,0.9926108,17.586561,-28.538101,-1.3410408,-0.36494514,-0.104083166,-2.084163,-0.65790534,0.32032743,21.86862,18.23073,3.9640188,-16.184284,-7.8943386,-9.137418,-4.2425675,5.7121773,-3.1994486,-67.561806,-3.0038877,-0.37066013,5.1912503,-0.012701281,0.040265933,0.07098745
2025-10-05 03:00:00,-60.13318,-2.8289032,1.1024346,2.5275202,9.071691,-25.474169,-1.739801,0.94359344,0.21072002,-3.2204235,-0.2621928,0.15280017,-6.7442336,-8.758742,-23.820787,-1.3467243,-2.5482461,1.890311,4.297856,3.84715,3.2467544,-140.79977,-4.235561,-0.7128073,6.5404177,-0.012335794,0.006876259,0.07116382
2025-09-01 23:00:00,4.3787727,0.7293581,0.052094214,0.25902092,-33.14544,-41.856792,0.90876305,1.3878535,-0.5768827,-0.16156836,0.18939507,0.26578256,-0.6331654,-0.38122845,-10.265623,14.084133,7.4887385,4.0111327,6.65687,3.6763752,7.7865148,50.22475,-3.2334824,-0.11199889,4.5221868,-0.077847585,-0.062011294,0.053349517
2025-08-27 19:00:00,5.4787793,-1.1573973,1.635995,8.0443325,-19.766615,1.6428462,-0.53409755,-1.9623331,0.492663,-0.027406542,-0.2462353,-2.0444963,-9.106548,-11.068673,-19.362427,12.026249,7.398476,4.706973,6.560419,-0.5586984,7.836329,-12.1452875,2.8454287,0.10773498,3.3377404,-0.0067655584,-0.024066335,0.26045224
2025-12-23 20:00:00,-19.160145,-0.019190492,-1.6434563,-6.084085,-25.246155,-18.121258,-0.4219345,1.413348,0.6449966,-6.9666924,-0.12120234,0.14440386,-8.066048,-8.50836,-15.195189,-4.1625266,-5.4575357,-2.0079613,-14.716845,-6.8908954,-7.579039,-37.190582,-25.583118,-0.6246095,-14.948323,0.021720262,0.010793108,-0.44903892
2025-09-13 00:00:00,-71.06138,-1.012492,0.596509,0.40484968,-21.312822,-54.31211,1.5774384,-1.5687395,-2.5254679,-2.272939,-0.39337933,0.14723553,-17.956154,-30.14444,-22.25162,14.152852,8.959739,2.408841,11.306326,4.2839622,3.4736776,-14.470838,-2.1213522,0.38397965,12.30299,-0.09244265,0.017867759,0.20571281
2025-10-08 15:00:00,-6.583598,3.0028188,-0.33421382,-0.95216674,-21.884596,39.92007,1.6626452,-0.79426247,-0.16224004,-4.09074,0.5333269,0.5012165,-2.6462696,-1.7877784,-15.443998,8.40318,3.6753397,2.9879801,-20.17871,1.1056565,4.428323,49.301094,7.5416064,-0.31673694,3.0655494,-0.00868765,-0.009195206,0.046520784
2025-09-22 20:00:00,17.344772,2.462259,-2.0907376,-10.702047,-12.522015,4.223655,0.6782202,4.927207,-1.0255642,-4.4782825,-0.09666309,-2.2859168,-6.936911,-11.6193495,-16.53226,19.494936,12.366831,6.5363684,37.785492,-0.92677194,9.5386095,-17.745434,0.11529842,-0.08521313,4.6243396,-0.082072765,-0.02084597,0.26080203
2025-07-22 19:00:00,10.817623,-0.122386,0.83974856,7.6156383,-16.764515,3.8292832,-0.9541193,3.0932274,1.3018423,2.1009185,-0.53718376,0.19685005,-13.512952,-19.79954,-22.34573,10.271456,9.687657,5.6255045,8.916647,-4.2257113,6.685587,-17.717123,0.31717485,-0.17387766,3.355764,0.0064137094,0.27073467,0.45069116
2025-09-08 19:00:00,20.360353,0.965539,1.6017307,8.774933,-1.8634765,7.2028646,0.13673931,3.888063,1.3006527,2.1872303,-0.38946164,0.32780513,-14.698127,-20.53727,-24.188187,5.7195945,9.114062,-0.44445136,8.012536,-0.098979935,4.8188515,-48.79446,2.0875285,-0.6048652,3.7559469,-0.016726356,0.035647374,0.5360418
2025-08-26 12:00:00,5.64598,0.45027292,-0.041855246,-1.3210504,-33.861214,12.527401,-0.5940052,1.2933064,0.52929354,0.42359614,0.0643706,0.32043102,-8.455602,-10.895898,-18.510612,13.131499,6.3924985,2.455521,8.866182,2.553975,8.938403,85.682495,-1.7908068,1.1885874,5.0765615,-0.003790882,0.08393909,0.06132692
2025-09-30 03:00:00,-67.94566,3.6608787,1.1960764,2.5162034,4.3501472,-30.875406,0.6034889,1.1469147,0.15811162,0.98590124,0.17316289,0.16145574,-19.498283,-43.37703,-40.51636,7.399367,3.0374758,0.63120973,17.015633,1.3115708,1.792126,-155.04893,-6.1677866,1.1810247,7.0705686,0.0021067183,0.0018460169,0.13143243
2025-08-09 21:00:00,60.256916,-3.3615797,-0.512254,-2.7716746,16.503187,16.328081,-0.70028853,-3.609218,-1.1558427,1.8106681,-0.46209577,-2.02601,-7.621974,-1.1828923,-10.441389,35.389496,18.226458,6.0746627,14.803817,-4.6284137,12.160864,63.207546,1.4709123,-0.3245781,4.578661,-0.03855303,0.053981174,0.053783078
2026-01-04 23:00:00,-29.950315,-1.254266,-9.105117,-15.058583,-52.856373,-72.11778,-0.26659414,0.47907174,-0.02843931,-7.34162,-0.22150253,0.06549468,-15.532366,-8.193039,-16.792944,-24.216946,-9.773876,-15.222734,-16.440805,-41.204044,-10.228038,-91.92744,-26.859367,0.12843019,-31.754866,0.0003739344,0.0039939643,0.07926398
2025-11-04 15:00:00,5.4702034,3.9841776,-0.40104547,-0.3567289,-21.487814,43.052734,1.9787399,0.3691482,0.22703405,-3.019696,0.6295669,0.65574884,-0.9913073,-0.850395,-13.538872,-4.9650574,-4.7167006,-0.36891124,-20.588705,2.0124009,-7.1372004,45.809998,-1.0966741,0.55132836,-5.8119345,0.01819519,0.019857837,0.036669843
2025-08-02 06:00:00,9.082139,-8.461731,1.200052,1.6297364,10.423185,-7.8716006,-4.4764533,-0.31297186,0.96610916,1.3188611,-2.411986,0.37339053,-2.2148995,-6.2279196,-19.472944,-0.30306876,0.47217473,2.7787633,5.5584736,-1.8619361,2.135177,-62.618637,-1.9976627,-0.70210093,2.4803517,0.031797588,0.046187527,0.08488953
2025-10-09 17:00:00,18.44664,1.1843128,0.26162395,0.75774693,-2.0906472,22.957369,0.7752424,-0.4914588,1.4138763,0.49365965,0.39729327,0.4308265,-3.381056,-1.7464548,-0.09785083,2.9080787,3.3083153,1.4479991,-2.5359182,-1.3075918,-1.4070708,3.3219173,2.0151968,-0.30961156,-1.8745099,-0.011141108,-0.009323775,0.12339128
2025-09-26 03:00:00,-67.307365,-0.44401994,1.0518807,2.418874,6.714095,-32.42706,0.7369112,-1.278629,0.120633185,0.9009299,0.2188323,0.1779532,-13.5958805,-27.545267,-36.450603,4.4450135,0.5145436,0.9504989,11.340497,1.3230766,2.834428,-155.64449,-6.041484,0.87445384,6.4626017,0.029562045,0.014293615,0.18874225
2025-07-11 05:00:00,-2.515004,0.7910225,1.2098756,1.2441387,5.038616,-12.408519,0.9693327,-0.66297066,0.1368937,1.2582034,0.4022756,0.34048697,-4.5186377,-7.7338653,-25.773195,0.1917499,2.2167656,3.263313,3.8701322,1.9482033,5.0117073,-120.47608,-2.9836404,0.52036566,1.9911317,-0.0069024432,0.034611844,-0.9608421
2025-10-11 11:00:00,19.883026,-2.7099404,-0.06272228,-1.0049863,-29.775406,7.9134884,-1.5798397,-1.0305288,0.18339364,-6.5809846,-0.53274494,0.3153305,-3.735567,-1.5037317,-0.8324878,3.0505378,1.1200619,4.9307246,-20.694202,-0.33612263,0.87053347,83.852234,-2.2266767,0.8699255,4.0781107,0.039922375,-0.0055017746,-0.21936329
2026-01-02 19:00:00,0.033322126,-1.354524,-0.5295899,-1.33479,9.838859,7.2157173,-0.09316364,-1.0430673,0.42372122,-3.1530724,0.09855149,0.2989041,-10.392248,-9.08445,-6.883433,-0.37651464,3.7563207,1.2131498,-7.227255,-4.903838,-4.054695,-6.294671,0.19038858,0.17401783,-11.1865,0.011459793,-0.00507001,0.06795923
2025-12-17 08:00:00,48.993134,2.2777057,-0.080269136,-1.2889776,23.37926,20.334253,0.03056629,-0.638648,0.12232166,-1.7934148,0.3176117,0.244068,-8.358164,-0.21018723,5.648689,1.1749651,0.36824575,3.1308596,-12.104688,-0.9233089,-3.4252806,146.63435,-1.3863508,-0.13382728,0.758416,-0.00781382,-0.0009814104,0.08388799
2025-08-29 03:00:00,-64.53823,-0.51216996,1.1639649,3.1274576,9.90782,-30.505135,0.61556834,-0.9390918,0.21635808,2.128827,0.14109714,0.16511388,-12.044177,-12.728325,-31.186398,-2.2293904,-0.9944907,1.3424076,9.589802,-0.74119496,4.1909823,-150.07774,-6.5890384,1.270788,7.382588,-0.013791278,-0.007710631,-1.430143
2025-11-09 21:00:00,-14.485874,2.8557177,-0.6511638,-2.4706502,-19.844572,-17.462748,1.5718129,1.7703067,-0.24300282,-4.7714314,0.21722911,0.14185074,6.4483986,4.691457,-4.6736856,-24.921558,-13.18183,-1.9825526,-27.006275,-1.227833,-8.815149,-85.053154,-13.402277,0.17576747,-6.4668384,-0.017541721,0.005853239,0.09044361
2025-09-12 17:00:00,-20.955378,0.07079116,0.046541788,1.5572453,-37.748306,-13.717016,1.1148137,-0.30026832,0.5341886,-5.2633834,0.40890905,0.28357986,-30.09925,-52.02896,-38.619114,6.221425,1.9669902,-0.2643526,-1.3515936,-0.73298955,-0.8575495,-34.240356,-1.3728006,-0.5925642,-3.5283892,0.0059288912,0.08336172,0.82455486
2025-12-22 00:00:00,-96.692894,2.3926888,0.4118846,-5.3103666,-50.915855,-76.13741,1.1464427,0.63025016,-0.031200863,-3.401194,0.18671693,0.29837546,18.502476,2.6924114,-9.350421,-22.521574,-14.385674,-17.661713,-10.3213415,-38.39076,-3.414874,-65.52943,-20.730772,0.92170715,-50.678997,0.021886328,0.019401424,0.04328717
2025-11-25 11:00:00,19.20763,1.2739093,-0.7408701,0.22594416,-30.585688,2.7205927,-0.23761375,0.6607225,0.5986473,-5.3524485,0.20566133,0.44288513,-5.7729635,-6.7428613,-9.123954,-1.5841491,-0.48388997,1.5395647,-29.066923,-10.094456,-11.802377,63.585373,-4.0304403,-0.5410278,-5.7866216,-0.18737121,-0.0023117196,0.017580412
2025-07-10 05:00:00,-7.34486,0.8525706,0.9676241,0.91599387,2.5054336,-16.061169,1.2934711,-0.68655974,0.3460482,1.8416687,0.40494075,0.33287534,-4.8419952,-9.755852,-30.159126,6.833201,2.200416,4.0225086,14.251177,-3.359772,7.106614,-124.31078,-1.4708003,0.44353622,1.4317113,0.010404038,0.035321552,0.09457487
2025-08-12 10:00:00,63.095543,1.1928495,0.5807486,-0.15993524,7.531383,58.169212,0.08992554,0.37877983,-0.20440453,1.0175483,0.07334663,0.23883174,-2.6972537,0.8635658,-8.747607,20.810194,4.446651,5.4722853,33.309345,1.6098912,14.816145,126.54234,1.9234829,1.52193,6.4982114,-0.114547946,-0.118971705,0.03032032
2026-01-06 05:00:00,72.00188,6.6769414,-0.03951782,3.7627175,69.208916,18.047203,2.8956287,0.28820622,0.026538067,-1.9563223,1.623233,-14.188196,26.304998,110.52196,66.533966,-12.800623,-5.31169,-8.477559,2.827946,9.350311,4.354274,125.153404,-0.123256095,0.24461736,5.1965923,0.023843728,0.0059954757,0.040023446
2026-01-03 10:00:00,60.468285,-1.3065846,-3.56579,2.692784,-8.840047,43.846436,-1.1353931,-0.7675345,-0.113480575,-7.6356997,0.16131769,0.23659836,-9.089489,-8.713871,-18.286728,17.028006,10.707966,4.293195,-19.452599,-9.1075325,-17.139473,125.9828,-3.3212051,0.50139517,-21.449814,-0.090552226,-0.019178357,0.044653613
2025-10-01 11:00:00,19.2906,-1.3365197,-0.46036905,-4.8931108,-30.547537,10.921834,-1.4239752,-1.5160294,-0.11879012,-6.5192275,-0.07191331,0.2117245,-5.4230795,-7.6627607,-8.920337,15.855466,5.4478316,3.2428765,9.2569275,2.7238953,7.178772,112.2958,8.1861925,-0.1303202,4.371813,0.17307785,0.0043011266,0.012774411
2025-10-04 09:00:00,153.04205,-13.786639,0.27657947,0.1350109,93.67714,68.92964,-9.881998,-0.1204813,-0.09572687,-4.4123564,-4.266191,0.4835018,4.2508235,5.4105473,0.14643992,15.245119,-0.78757447,6.92455,20.278437,4.2323585,13.601387,101.16152,6.7010775,-0.4577147,5.611993,0.12790751,0.00043572794,0.047794193
2025-11-10 05:00:00,43.88993,10.088165,-0.27116585,-8.01265,37.80212,8.757173,3.7720916,0.826651,-0.1365299,-1.4472513,1.999883,3.0166688,30.889153,93.60982,139.95424,-12.098601,-2.5252013,-0.638468,-8.753339,-17.432648,-1.9929084,90.319595,-2.7576885,-0.6594875,-8.559064,0.0071251644,-0.011067348,0.04554179
2025-09-30 06:00:00,-8.605911,4.7982483,0.6109277,4.2676363,0.15285349,-18.135866,1.4906067,0.6432158,0.5838127,0.54401964,0.80626523,0.38800833,-13.99308,-22.471077,-45.471825,3.2466273,2.2471902,0.40683812,16.985126,-0.841336,2.3626869,-97.39957,-3.840103,0.2897239,1.7008265,0.0150180645,0.17979747,0.18697493
2025-10-30 02:00:00,-39.94892,0.6989497,0.33608106,0.93518746,-8.438028,-25.436308,0.27476048,-0.43874812,-0.002678827,-2.1788301,0.20870027,0.35550004,27.144886,21.002445,6.922885,-15.518547,-6.8799515,-8.805264,-4.945563,1.8092185,-2.858397,-68.33624,-2.6266277,0.026553124,4.3629856,-0.0041595204,-0.0013774809,0.06209824
2025-12-10 02:00:00,-43.787006,1.6559776,0.11098081,-1.894115,-12.724535,-31.018017,0.98428404,-0.17946476,-0.037367973,-2.5748012,0.33577114,0.4403808,38.882225,48.464355,11.636231,-14.222824,-5.9395328,-10.358762,-6.6541147,-6.157352,-3.2235131,-108.268364,-9.732016,0.21114957,-10.887709,0.02250846,0.016823586,0.061952207
2025-07-14 22:00:00,50.1243,1.4118226,-0.40816462,-3.0125492,42.09339,5.913961,1.0728662,3.9722989,-0.26352274,7.2445955,0.13594879,0.33596212,-3.4429004,-3.8487592,-14.161208,21.995604,14.275738,4.5093026,18.503838,2.0341234,8.369519,82.56681,-3.2955248,-0.73089695,4.410467,-0.041023105,0.03978791,0.020669457
2025-12-25 23:00:00,-32.186623,-0.45371097,0.06334592,-1.7056885,-47.43429,-78.372475,-0.20582953,-0.60871637,0.01001532,-5.8501225,0.07645436,-1.0519099,-5.3856745,-2.1953819,-10.481532,-21.251791,-12.749034,-13.287056,-17.187742,-43.885063,-8.847249,-86.263336,-29.685968,-0.21968192,-36.179596,0.00042296102,0.0019071816,0.08574132
2025-07-15 05:00:00,3.519499,3.2294323,1.0430436,1.5131149,8.553319,-10.779822,1.5911485,0.6325675,0.11806823,1.3492585,0.4522068,0.36294082,-3.759038,-4.226053,-21.463907,-1.2755034,0.2953476,3.2463543,3.8741446,-1.0058553,3.3880997,-119.17644,0.93551034,-0.12570344,1.0196164,-0.019220855,0.01217345,-0.76559234
2025-11-06 06:00:00,74.967865,5.77671,-2.4160724,-8.185039,84.93767,26.592167,2.8146498,-0.20419204,-0.94923204,-1.2739667,1.5698769,2.5114849,42.021862,101.95777,69.145706,-8.701814,-2.7288556,1.109968,3.3477662,-10.495094,-0.16965175,163.77342,-1.3711581,-0.8431825,-7.4877434,0.016514853,-0.0024583903,0.066684864
2025-10-18 11:00:00,21.939749,-2.9487488,-0.09510435,-1.1455144,-27.417484,8.756686,-1.2828372,-1.1292112,0.09244954,-7.5934978,-0.30234578,0.24918965,-3.591457,-3.1132247,-3.6222017,4.274645,0.65594745,1.7919536,-20.705767,-0.40451974,-8.068405,97.03347,5.7707057,-0.50577855,5.0197873,0.029327143,-0.009727065,0.0065932637
2025-06-26 23:00:00,-2.4494183,-1.2428123,2.0337818,-5.929611,-25.221191,-41.917305,-0.75799006,-1.3152249,0.4727149,8.307054,-0.005565537,0.06807646,-22.710232,-48.60212,-32.6296,23.78336,15.906804,6.239581,26.802814,-1.5175289,9.701627,109.292534,-7.8440275,1.9487666,11.052803,0.44971365,0.112644546,0.029253215
2025-10-06 00:00:00,-72.69829,1.0065049,0.16273221,2.51162,-34.241264,-52.03575,2.5010662,1.0106791,-1.1328021,-3.565542,0.18431123,0.20562679,-9.203561,-16.53861,-22.604279,9.853941,7.702385,4.138194,-0.19214281,5.5679636,6.986352,36.57372,-3.9056923,-0.037735175,12.465595,-0.15165885,-0.11188496,0.17434548
2025-08-05 10:00:00,62.032906,1.101361,0.23117188,-0.51942724,7.581871,59.145016,-0.04645121,0.2523714,-0.37701833,0.68252087,0.041147612,0.28753743,-3.2305818,-2.6056209,-11.125389,16.37127,4.90228,4.295678,32.225418,0.0050239842,13.585255,130.64891,5.261607,2.2787426,7.1629953,-0.11462792,0.014397119,0.045513045
2025-11-09 20:00:00,-29.028723,2.9010944,-1.1922617,-5.6394377,-31.84225,-20.337646,1.296717,1.5572052,-0.5843366,-6.0509324,0.26764598,0.13283813,4.701525,0.5452429,-2.2965715,-17.180147,-7.3958035,-1.8211523,-24.636518,-2.460078,-8.427011,-39.69533,-3.377256,-0.25297707,-7.117719,0.008179288,-0.008636918,0.107023776
2025-10-28 06:00:00,76.68172,6.293334,-1.1525997,-6.1939178,81.64313,25.932592,2.9436524,0.23629723,-0.7451395,-1.1799024,1.5372779,1.91763,30.153996,76.9931,35.301586,-8.549211,-3.8107607,-4.1015897,-0.24580179,-8.64604,-0.7419254,129.61052,-1.6918225,-0.7766427,-3.9818187,-0.029991452,-0.006049302,0.05716172
2025-07-11 09:00:00,164.4997,5.1939163,0.51564187,2.124827,94.854225,76.404236,5.32211,-0.2710566,0.28423905,5.588352,1.6222888,0.46264008,6.1293097,4.2628393,-0.60223544,17.746492,8.389661,6.855256,23.283546,1.9382977,23.599611,129.36475,-0.5049975,1.4046725,5.3171196,-0.043137457,-0.0048831813,0.05612316
2025-12-29 03:00:00,-36.461266,4.6486473,-0.25387084,-1.9810934,14.006009,-30.332245,0.8192701,0.43346265,0.07124393,-1.8102459,0.60373384,0.6285641,34.651474,59.349625,25.312588,-11.829776,-6.774529,-9.855909,-8.694345,-5.4886518,-3.8090158,-78.22288,-11.61929,0.14705716,-8.67003,-0.0057969065,0.05022684,0.0555871
2025-11-07 03:00:00,-35.643143,0.45508447,-0.24879044,-1.378767,15.924048,-29.23352,0.39786783,-0.3703641,-0.011117429,-1.753903,0.47762665,0.69471574,27.506641,49.796978,19.392754,-15.93901,-6.946,-9.041107,-8.609483,-1.5399076,-4.1056266,-59.780094,-5.784491,-0.36402273,-1.3955126,-0.022713121,-0.0010881189,0.0879843
2025-12-07 03:00:00,-32.935596,-7.8317223,-0.27327707,-1.9454423,10.144531,-24.240229,-2.9135535,-0.008372348,0.089624725,-1.602874,-1.2349482,0.45186985,31.208149,56.425945,32.00444,-13.622399,-8.044366,-10.993986,-8.785977,-3.2013533,-3.5501664,-75.15651,-9.04846,-0.2146788,-9.767116,-0.012684407,0.009901161,0.06503659
2025-08-12 00:00:00,-81.32205,0.052528802,0.6668107,1.4244634,-24.384346,-58.695717,-3.5927134,0.9375194,-2.166919,-1.7638171,0.18973687,0.16408573,-20.628702,-33.383213,-28.316341,13.198992,3.6649828,4.998453,12.079801,2.378543,3.769908,-14.102965,-2.8146298,-0.60692596,9.342152,-0.10995447,0.001964881,0.22524112
2025-10-26 12:00:00,6.538439,-3.7551997,-0.011138524,0.4021542,-32.004417,8.130268,-1.3599317,0.48799482,0.32518736,-4.2101836,-0.71030855,0.3917065,-0.8641958,-0.06813459,-0.12835026,-2.2323384,1.0513836,1.2598854,-22.377298,9.82514,-6.681257,41.2814,6.9302917,0.3487309,5.268311,0.005188442,0.020869834,0.06804234
2025-08-28 14:00:00,79.20301,4.74234,-0.35765815,3.7007322,50.84224,64.71467,3.0121517,0.72411746,0.071097374,3.435557,0.9767352,0.43206242,-3.8855958,-13.995173,-16.17201,14.8896885,8.753571,6.3634377,18.295092,7.0743847,9.000652,4.771811,14.023227,0.72918147,-13.963909,0.012550432,-0.004057985,0.6441892
2025-11-30 12:00:00,5.4468,-3.9960163,0.22503777,0.08984103,-43.989605,-3.9106846,-1.0158983,0.38608208,0.6493635,-5.096957,-0.627185,0.3170123,-3.6203756,-2.5913672,-8.241564,-3.505595,3.734602,0.65484947,-23.200663,-16.939697,-10.163859,-1.0951097,4.1487813,-0.20391522,-7.957539,0.009195836,0.011189459,0.07457339
2026-01-07 02:00:00,-52.903736,1.4587176,-3.0490594,-5.896271,-12.917616,-29.519323,0.98525727,-0.3024214,0.07666191,-2.639219,0.21654262,0.33493716,43.666485,21.34355,-1.3547636,-26.27881,-6.9718213,-12.942199,-2.1710992,-15.776935,-3.6279676,-127.26512,-16.096443,-0.85610926,-16.365482,-0.045357917,0.024219213,0.058980953
2025-10-14 15:00:00,2.7308407,3.9752407,0.026371442,0.5480731,-18.66334,47.801926,1.8194009,0.3729161,-0.11467138,-3.1551764,0.49675122,0.5655581,-3.638217,-2.8508902,-14.333325,1.842341,-1.6261348,3.0748901,-14.456993,0.48530656,-6.4788933,26.423088,8.394215,0.10492291,4.1051235,-0.028100083,0.00016474987,0.08063907
2025-07-16 19:00:00,22.672108,-1.8656412,1.0342238,9.3933735,7.0025125,2.0916286,-0.8654602,-2.8758504,1.7248198,7.985674,-0.4978421,0.1817693,-11.858768,-22.319233,-27.065584,12.003252,3.9244323,4.7315326,12.252113,0.4975495,7.1237745,-83.19952,-0.26603717,0.25661528,6.3590565,0.02876564,0.059804454,0.52537525
2025-08-01 23:00:00,-1.8776671,-0.6244294,-0.034924224,-2.473062,-27.873732,-44.673534,1.8221846,-1.4027594,-0.48254862,1.2465987,0.10008718,0.1841188,-7.669046,-16.055471,-22.088024,15.433291,9.705355,3.668733,13.869467,2.1743016,6.3252926,80.828064,-3.7411387,0.033027165,5.7130404,-0.027039222,-0.0759346,0.06986599
2025-10-11 19:00:00,-24.543518,-3.082081,-3.1313841,-4.4555793,-25.260553,-7.4911895,-0.64458764,-0.79921633,-2.2891293,-6.8728795,0.11459745,0.40697402,-3.8200033,-2.7929056,-12.023816,-0.17698759,0.14625476,4.5635757,-19.351543,0.21609083,-0.22734481,35.697,2.9503062,-0.94549733,1.7082478,0.029233834,-0.056914564,0.05624819
2025-12-21 10:00:00,56.726173,2.4441788,-1.4822992,-3.3656785,-4.1154304,44.205494,0.66592526,0.8027885,-0.10855432,-6.892934,0.24905024,0.28673646,-9.78401,-6.041113,-0.18299112,8.647753,8.58559,4.345462,-22.188652,-2.6162882,-14.48231,148.51924,-4.7262855,0.12273274,-16.956547,-0.02534872,0.010809752,0.041572206
2025-09-29 12:00:00,11.276369,5.1726584,-0.7359843,-5.8756924,-27.1361,23.638107,1.9478593,3.3319538,-0.455503,-0.92825544,0.12495387,0.31707332,-7.8309135,-18.444702,-20.79194,12.81372,7.152085,4.1878967,38.98818,2.8347952,10.2781105,103.3018,7.5900474,0.91352373,6.987859,0.04680858,-0.021230504,0.10729097
2025-12-10 01:00:00,-79.31529,1.038265,0.054582216,-3.2617483,-29.950777,-58.78532,0.21513243,-0.21551357,-0.16079557,-2.5269995,0.17220628,0.3121813,34.639202,17.007633,0.48259687,-18.478916,-10.515529,-9.947129,-7.271417,-10.08474,-2.8007414,-55.26817,-14.615595,0.2237586,-22.966902,-0.062248845,0.04564436,0.059069462
2025-07-17 11:00:00,25.082163,-1.6408209,0.72039795,-0.1634558,-29.525072,15.235094,0.1930965,-1.9765651,0.09348929,5.7857285,-0.09058795,0.19958882,-8.366697,-7.3258123,-12.74653,14.600733,7.086811,5.0356917,29.675732,2.6672027,6.6119804,115.04986,6.307766,0.6617441,3.679542,0.012394547,0.03548258,0.0062172995
2025-10-08 02:00:00,-47.77491,1.1108816,0.49584314,0.56178343,-8.755703,-26.453407,0.24037693,-0.4319204,0.005369753,-2.4514592,0.2140055,0.2973881,13.6279335,16.889597,5.8695426,-9.098202,-1.0358737,0.9867066,-3.7883272,-1.1362809,2.3632364,-75.04222,-3.4965198,-0.93673277,5.5003123,-0.03244648,0.0024216156,0.050988864
2025-10-31 20:00:00,-29.656092,-2.3805072,-2.1874192,-7.979629,-36.176205,-24.330383,-0.374843,-1.647963,-2.931791,-8.239048,-0.03476252,0.13147724,-7.229122,-8.318093,-13.294315,-6.827111,-6.1141973,-1.2951463,-16.669476,-2.2215765,-8.176943,-45.338768,-3.6269412,-0.3821735,2.8577325,0.005769683,0.0065167057,0.093022436
2025-09-04 10:00:00,63.723553,0.72553617,-0.2122187,-2.9055192,7.5649567,56.189705,0.2430083,-0.2583242,-0.2915678,-1.1671407,0.09462131,0.25888065,-5.3494697,-1.7977068,-5.7068057,11.0973015,5.5492554,4.051087,8.900972,-0.8699701,13.0621805,138.30806,8.467635,-0.59161943,8.3154125,-0.080129996,0.0008382625,0.06943085
2025-09-03 03:00:00,-53.162384,1.0272223,0.74406755,2.0922859,20.13782,-33.82834,0.3386138,-0.6167187,0.04151822,0.49472907,0.23369254,0.22746015,-4.534627,2.085765,-3.9782932,-9.388836,0.8898531,0.78173405,3.3482254,1.0822158,4.801293,-91.46526,-4.0331616,-0.5675065,6.514118,0.009538813,0.05627491,0.0682671
2025-12-25 09:00:00,173.70973,1.8683794,-0.045329213,0.4858713,91.59666,77.604546,0.25179374,-0.382712,0.28402764,-3.3938215,0.6732755,-3.8392262,-0.37897953,1.6509801,10.328127,21.557465,13.164413,5.9902844,-4.400025,-5.3941126,-6.6364627,146.11308,-2.69665,0.06534137,-9.9922285,0.28014967,0.005748229,0.053905733
2025-08-14 13:00:00,-16.109314,0.6246525,-0.33937293,-0.07553513,-46.384064,-14.3393135,0.66750264,-1.866347,-0.23122066,1.969723,0.27719763,0.30312052,-6.039606,-8.483771,-17.927538,15.159857,9.789937,6.172132,39.728905,1.0055217,12.094648,-21.26401,5.819209,0.3591124,8.476295,-0.023236752,0.045066494,0.1753566
2025-07-14 10:00:00,60.572197,2.5660336,0.98353535,1.3867137,7.7340994,57.62812,1.3702583,0.63006413,-0.12769885,4.503478,0.18049383,0.3481529,-3.5622458,-1.7210282,-4.9946065,10.002317,6.3595653,5.0884643,19.337679,-0.3682296,12.222975,135.61458,4.9726305,2.4758174,6.3707423,0.19731055,-0.019338813,0.0406199
2026-01-03 18:00:00,11.721,-2.4442055,1.896333,7.8495884,10.568193,11.0139,-1.6055042,-0.6415311,0.8233339,-1.6419767,-0.5952422,0.22672558,-3.2868528,-0.2979963,-11.723622,3.7084346,-0.59692246,1.6424949,-4.4224706,0.3710246,-0.78610265,101.17744,2.3304253,-0.30928347,-2.8407125,0.028232474,-0.020703088,0.05051749
2025-10-25 23:00:00,-6.667094,-1.3830167,0.4846604,1.6327555,-29.515192,-35.254017,-0.34049937,-0.30792758,0.01047186,-4.1866775,-0.31987685,0.1587302,1.2583114,3.4366536,-2.9541051,-13.466201,-8.294438,-0.48648927,-14.539263,15.238906,-4.658408,-48.964695,-0.29415077,-0.10531344,10.21043,0.029123709,-0.027185066,0.06588296
2025-10-14 00:00:00,-54.81402,0.31912917,1.0124574,3.4305444,-24.47172,-46.973568,-1.3104031,0.6484875,-0.40005708,-3.763519,0.12954794,0.16307977,-3.0913467,1.175083,-5.331159,-15.272045,-8.281034,-0.84957397,-6.8533673,2.2239275,-2.30812,-50.789787,-0.4118483,1.7909596,16.345585,0.06849999,0.033683866,0.05697192
2025-09-29 03:00:00,-66.79763,4.8880525,1.1264737,2.837764,4.3630624,-30.849447,1.0890049,2.316747,0.17514238,0.62901276,0.15849,0.17585896,-18.875727,-39.4488,-39.870102,8.1712055,1.6380343,1.9156826,14.731931,2.5487528,3.2008677,-155.07591,-8.177527,1.8534681,7.3429337,-0.006073985,-0.005357993,-1.8300952
2025-09-11 23:00:00,3.5273728,-1.6097822,-0.1775321,-3.3773885,-28.311203,-40.408237,-0.6413817,-1.2780331,-0.52703226,-0.17042845,0.13038503,0.18217878,-10.7062845,-19.291609,-25.874704,21.59792,9.033128,1.3027906,17.155048,3.2916656,6.959727,76.272194,-4.2605596,1.2700667,6.5891466,-0.042113718,-0.052257355,-0.71527976
2025-08-16 10:00:00,64.58715,-2.6604996,0.72040945,1.1542145,10.222185,54.19998,-1.1827967,-0.58521426,-0.18441923,1.1404378,-0.33773303,-2.613706,-0.40974802,1.0439556,-6.079878,-2.990298,7.9550734,1.9644624,2.5891488,1.9088821,12.605921,127.63092,9.38285,0.53575945,6.1002817,-0.029986724,-0.012693898,0.048895344
2025-09-07 05:00:00,0.057081267,-8.788066,1.1977106,1.5441346,3.0789335,-5.590437,-3.859019,0.3365328,0.19499515,1.4612842,-1.2544405,0.3636293,-3.0967033,-2.6088738,-18.360893,-2.865242,-1.9016324,0.9697535,4.6010547,1.8680093,3.0758946,-81.484474,-0.8819193,0.39492205,1.7530822,0.028492458,0.05851038,0.08924354
2025-12-22 04:00:00,37.612297,6.65567,-0.4618641,-1.6858615,36.2376,-14.276521,2.1793242,1.0059614,0.15322855,-0.9731508,1.0527703,1.1584978,28.56507,69.53263,51.93227,-13.395415,-7.1878963,-10.445262,-4.1405206,-0.5633415,-2.3614535,-14.671524,-6.7348676,-0.122425936,-4.7702484,-0.0063642957,-0.05709548,0.13707593
2025-07-02 21:00:00,79.2047,-1.7041597,-1.4262522,-5.055388,43.23909,27.35117,-2.962259,-5.0149946,-0.9262943,9.696176,0.17315155,0.17648934,-1.3528081,-16.515125,-19.344522,24.894474,13.22224,10.065799,45.68626,5.8408794,12.853768,121.18818,-1.2212871,0.4247036,4.012802,-0.005673426,0.024217328,0.049000576
2025-12-27 18:00:00,1.5370512,-2.2335184,-3.6401913,-5.396971,5.704886,5.10316,-1.3197987,-0.53973365,-2.047442,-3.028791,-0.66422,0.26910982,-1.4936717,4.334746,-3.0847552,0.24155223,0.58594006,2.52503,-11.323531,-4.2292986,-3.2353458,77.63052,-0.045436725,-0.25057635,-4.3872967,0.023679884,-0.0040437984,0.046290047
2025-10-10 07:00:00,6.0146003,2.0527918,-1.8276087,-3.7953732,7.0435805,-0.44180548,1.958438,-0.5469253,-0.5356005,-2.8890195,0.5739633,0.5924391,12.999302,20.656282,4.95519,-11.058468,-6.130058,0.41822672,-1.254451,-2.1499631,0.18613683,90.074776,-3.9662187,-1.0420033,-4.4662685,-0.0024785278,0.00015129219,0.063081004
2025-12-06 22:00:00,12.524749,-2.2565515,-0.30655375,-2.0614026,15.4141035,-13.601885,-1.0605894,-0.56965476,-0.010654418,-9.513003,-0.3836757,0.14675966,3.020493,1.3039542,-7.238571,-21.008984,-9.894807,-9.987573,-19.880508,-10.852012,-9.5205,-104.36128,-16.407,0.11730812,-17.465656,0.058644686,-0.006245242,0.074739024
2025-07-23 20:00:00,9.571891,-2.4826975,1.2761402,5.969673,-20.385199,-5.6118307,-1.7060316,-4.4789586,0.22097044,11.471507,-0.14495645,0.1889101,-5.4369583,-14.680758,-22.305058,21.47141,8.179406,4.702226,16.10303,-1.4752101,10.592973,37.684055,-2.3273451,0.39164194,-7.006259,-0.043293837,0.17081924,0.21566872
2025-08-17 21:00:00,70.607864,6.2543507,-0.41705748,-4.0440493,23.491524,19.219152,1.6942369,4.717138,-1.0207853,-0.34010547,-0.13230231,0.27242863,-3.5917232,-5.977536,-12.362306,21.734978,6.8064113,2.4919798,17.539185,-3.3401706,10.572589,94.180466,-1.696052,0.97214985,4.6713753,-0.010842581,-0.0056498544,0.067148075
2025-08-10 13:00:00,-17.603489,-1.6547804,0.16636276,1.161067,-41.269844,-2.4444935,-0.9306926,1.559639,-0.3577232,2.456221,-0.24235141,0.25140202,-5.3152823,-10.069233,-18.689547,-1.8901834,4.468094,3.7330663,-7.0650325,4.298174,9.700312,79.52158,3.3388364,0.13876556,6.4516644,-0.028151602,-0.25229222,0.027086629
2025-12-20 12:00:00,0.4711475,-2.769713,-0.2210554,0.064740844,-46.57144,6.123718,-1.7462127,-0.9200595,-0.222565,-6.306242,-0.4474909,0.30898917,-8.873223,-15.339432,-27.465282,10.18479,2.4350932,1.0498024,-22.76178,-18.354424,-11.795972,72.10297,-5.7639756,-0.19605874,-21.757936,0.06356105,-0.018969245,0.03684242
2026-01-09 02:00:00,-50.46671,0.2668981,-2.824803,-6.418889,-12.010551,-30.026241,0.3892403,-0.29707235,0.08285373,-2.5932233,0.21606734,0.31517392,44.933525,17.578182,6.020985,-20.553741,-9.461768,-12.607833,-4.7857456,-17.647518,-3.8472676,-129.85796,-15.17813,0.08724116,-15.798979,0.013068833,0.02624028,0.06674983
2025-12-10 16:00:00,19.133385,2.5841632,0.0057264166,0.5501385,-40.902626,28.189575,1.0327241,-0.42694402,0.30510724,-2.075475,0.46937734,0.4509472,1.2804134,4.4223843,-2.9875715,-7.255952,-4.3081055,-1.3684658,-8.081557,-4.8554173,-3.049194,-3.543776,-2.096067,-0.15894412,-11.958995,0.011488692,-0.01858969,0.12546921
2025-08-14 19:00:00,8.1349535,-1.7905962,1.608568,7.1954308,-19.597136,1.550144,-0.29694593,-3.057554,1.0680255,-0.20674734,-0.21908708,0.22059543,-8.773787,-12.407288,-16.46611,22.130545,9.808499,5.241578,18.742764,2.1012597,8.839116,-18.002132,-0.5353847,-0.5067934,3.68829,-0.045321405,-0.024874547,0.37860778
2025-07-10 03:00:00,-65.93365,0.16531026,0.7860957,1.5346619,11.537286,-23.137152,0.5777013,-1.3781099,0.05881008,2.6982572,0.1792644,0.17455748,-9.394802,-11.954336,-20.180908,16.402716,8.902264,4.3522058,18.453526,1.4959059,7.958272,-97.427635,-5.7352004,0.31987348,5.460094,0.018748842,0.018141307,0.13910109
2025-09-06 18:00:00,-12.128685,-3.3969738,1.6628789,4.6656976,-27.805567,-5.6063623,-1.1012226,-0.5887417,1.3005193,-1.6607606,-0.69758624,0.24449791,-10.197247,-20.021215,-24.521729,8.423832,5.2395062,4.4626255,0.8124055,0.364679,2.3151863,-6.9467244,-0.02562263,-0.37682295,1.6132102,0.0035647836,-0.050411873,0.3785596
2025-09-14 10:00:00,63.856396,-1.9315833,0.013901854,-2.5575812,6.2815404,55.369946,-1.4073408,0.33662692,-0.2321009,-0.7387331,-0.63153315,0.27503273,-0.9511073,0.76331997,-8.635175,11.790933,8.062768,3.3443806,27.863852,2.0605037,12.01675,107.73163,4.4001327,2.4298792,5.813997,-0.010470217,-0.17709114,-0.018712917
2025-10-07 13:00:00,-26.31746,2.1348467,-0.2982897,-1.6286535,-53.205406,-13.580937,0.562048,1.5749556,0.29571766,-6.9319654,0.28539896,0.3468987,-6.4124575,-10.274949,-19.697538,6.190908,4.375965,3.674353,-22.059427,3.7724268,6.9618096,39.292797,7.2869554,0.06570559,6.977116,0.07131401,0.0047711055,0.066692
2025-12-13 23:00:00,-25.141203,-1.0069108,-0.05559883,-0.92020947,-43.318844,-51.155315,-0.37483776,-0.373308,-0.12907168,-7.894213,-0.40330926,0.18758129,14.545299,5.5554066,-5.7970977,-22.64717,-13.272434,-12.2064,-15.216333,-9.244823,-7.9375167,-90.65998,-16.033962,0.038472615,-23.07534,-0.004066931,-0.0145216035,0.062211435
2025-12-14 06:00:00,53.066536,-19.002106,-0.7284997,-1.7882186,70.73865,18.370464,-9.53551,0.07712968,-0.20461449,-1.209383,-5.4120827,1.122123,18.716885,116.359955,190.09477,-6.530107,2.783511,-5.881832,-6.691598,4.4266634,0.44524306,181.33301,-1.8360376,-1.5671071,0.00017915052,0.0024182298,-0.031275406,0.04495208
2025-11-04 23:00:00,-20.48167,0.31819087,0.14906085,2.814253,-38.742256,-43.15981,-0.18202345,0.37432757,0.22760457,-4.578158,0.17494307,0.17361335,4.758523,4.8043127,-6.077823,-19.06322,-10.3389,-8.719973,-14.29214,10.620136,-5.8099794,-53.95302,-16.02882,0.066184565,-1.4662304,-0.0055679753,-0.0049204878,0.0586052
2025-12-03 15:00:00,19.76661,3.8046262,-0.052190587,0.06684704,-26.872438,51.77372,1.7593994,-0.26362926,0.16527463,-1.9758897,0.752755,0.5771475,-0.16727124,1.8892112,-8.151141,-8.045275,-5.4693875,-1.8366673,-16.082296,-1.499979,-6.415463,-2.3585372,-1.9896847,-0.117860526,-16.103018,0.02044689,-0.013454944,0.11476259
2025-09-07 20:00:00,5.291289,13.206319,-1.6547532,-8.418538,-32.01287,-11.227478,3.8551617,4.3951993,-1.7164358,-5.0008097,1.1876637,0.25336644,-5.316971,-5.402301,-17.245502,18.351137,1.868974,1.9907806,7.7292056,-1.8216509,4.254912,40.093147,0.60354286,1.245629,3.636612,0.062376905,-0.0026819014,0.046376523
2025-12-09 07:00:00,43.505688,2.6728044,-1.454741,-9.631776,23.830954,21.606403,0.23437425,0.43038625,-0.8107101,-0.35339448,0.29921463,0.38863862,-13.652471,13.552758,75.85462,0.3657406,-8.122983,4.4002476,-10.078412,-5.7628226,-2.7835224,147.14224,4.385766,-0.62458396,2.437533,0.009009378,-0.0064372676,0.06428163
2025-10-09 08:00:00,36.416626,3.760257,-0.526456,-0.60791385,11.333514,7.1667223,2.381044,-0.51578116,-0.07270076,-3.4080575,1.1649328,0.71201557,1.5669963,5.898918,2.706958,-3.201275,-3.342157,0.3061012,-4.7190094,0.6052203,0.63701385,9.349329,2.7231345,-1.1307087,-0.8470359,-0.0040355134,-0.038570404,0.17037262
2025-07-28 12:00:00,10.532741,4.8149095,-0.066153765,-1.4094937,-26.925638,24.001963,1.8869771,4.0436635,-0.40163285,5.4495215,0.09808876,0.35187945,-7.015294,-22.186636,-20.947912,11.870297,4.920058,4.2767043,42.6635,0.48704043,10.291211,109.88466,11.062159,0.20974514,8.421379,-0.018860845,0.0014277664,0.084109664
2025-07-17 23:00:00,14.041212,-1.4028491,0.5950651,1.7455176,-19.148962,-40.67833,-0.78402114,-1.4458716,-0.096824296,5.441569,0.13519816,0.10299119,-10.904368,-19.513737,-25.4277,25.283968,12.793656,5.0978985,9.548984,6.8631525,4.4088154,-100.68561,-10.093721,0.28672862,8.828061,-0.0049274527,-0.023134083,0.2853652
2025-11-19 08:00:00,28.826998,2.393405,-0.2617751,-2.0559347,9.231193,6.6692967,0.8861936,-0.40832502,0.18512502,-2.9098523,0.67090285,0.4092954,-6.0844746,-1.1380521,3.6371255,-5.895451,-5.6088233,-1.8896008,-17.026163,-4.101051,-7.0917735,74.922806,-0.1348342,-0.8204986,-1.201164,-0.007534913,-0.0015005918,0.08005835
2025-06-27 17:00:00,-37.5425,-0.5498449,-0.17215306,-3.5561075,-64.249176,-20.278448,1.3435647,-0.029985689,-0.09417098,-2.8089006,0.36519405,0.19515853,-58.317005,-113.11191,-46.810993,16.95237,0.7094722,3.743241,13.957068,-0.54164964,6.114397,-22.837835,1.6323944,-1.1372553,-5.932934,0.5910162,0.009318168,0.44865745
2025-11-17 03:00:00,-40.866978,4.5152755,-0.34680966,-2.3467884,9.769637,-25.963602,0.8795063,0.5958171,-0.08978026,-1.6614,0.5069878,0.7625466,28.849268,54.359055,38.01144,-14.927622,-8.803564,-9.316156,-11.315409,-2.3255343,-4.0386615,-62.231976,-3.7924826,-0.3260032,-2.9392705,-0.027702274,-0.00562897,0.06926798
2025-07-28 01:00:00,-103.63939,3.7777717,0.78356767,-0.13428476,-41.431885,-52.44785,1.1581416,2.0058565,-0.043711495,1.8206851,0.074536465,0.1162882,-33.23853,-63.399364,-45.358524,13.82213,1.1467084,2.009211,12.052028,-0.40944543,1.6651269,-90.27749,-4.520211,-0.43855685,3.531611,0.28987148,-0.026382793,0.12202288
2025-10-09 20:00:00,-32.12542,-1.6996553,-2.4028535,-6.6777654,-42.143307,-27.29258,-0.5708894,-1.7244287,-2.6184714,-9.216889,0.09353917,0.18519804,-6.6887503,-7.5841722,-13.030209,-4.5628815,-3.7404957,-0.23806782,-14.457646,-0.69039375,1.9156277,-17.52236,-3.617155,-0.43011722,1.857041,-0.0013609474,-0.012129918,0.06584819
2025-09-27 21:00:00,77.76247,-3.9549122,-1.2902606,-5.858341,45.345726,22.036522,-0.12289086,-3.5555725,-1.140729,-1.0888661,-0.34508213,0.13064799,-0.7515668,-18.658466,-14.802507,30.611757,16.434378,7.804821,37.84619,1.4018399,9.70653,-2.7947035,1.2417992,-0.18283097,5.43772,-0.06792606,0.0039473665,0.30005628
2025-11-23 17:00:00,61.369385,-4.358387,1.5156913,3.065959,58.07356,51.093372,-1.3026961,0.2664091,2.114895,11.369573,-0.6953859,0.46321616,18.216105,27.778759,13.098465,-2.0725014,1.3987353,-1.7989745,-2.6789527,2.1493194,1.7453371,-12.458119,5.0598836,-0.28880134,9.289436,0.013961208,-0.014328435,0.15380779
2025-09-08 16:00:00,-24.54442,5.158315,0.0124843875,-0.858902,-46.819614,-10.238145,1.6671307,1.7538267,-0.14219864,-1.1537722,0.3776769,0.49020943,-15.844296,-28.93897,-30.005363,5.7963123,6.0756917,-0.14116591,0.54217803,-0.08933685,2.0809674,30.392113,1.0746112,0.34699473,1.131391,-0.04747255,0.542953,0.6783874
2025-07-29 16:00:00,-33.095596,2.195117,0.13657916,-0.73137563,-51.03088,-16.505806,0.384754,1.0667133,0.34185582,2.765768,0.34545588,0.30126512,-15.82285,-26.779873,-25.163279,26.437153,4.031116,5.2498665,28.334097,2.711259,8.0634165,30.672342,2.6780825,0.17635465,1.2097466,0.013250113,0.36683816,0.5154911
2025-10-01 18:00:00,-13.197017,0.8280673,2.1935296,9.26154,-36.36608,-15.177381,0.057506092,-0.98397315,0.85578954,1.8639354,0.27995145,0.27410042,-18.751104,-31.718468,-25.121998,8.43838,0.94097507,4.713591,-1.3320476,-2.3341956,1.5383452,-28.349844,0.1429989,0.85933715,2.516376,0.03995859,-0.03463988,0.7583137
2025-07-05 22:00:00,50.68962,-3.361379,-2.4805315,-12.165933,47.047676,8.395953,-0.08252406,-2.11997,-1.0914038,5.387779,-0.31609407,0.09834688,-16.063818,-30.74653,-25.331648,32.59772,17.402082,6.9524455,30.415087,-1.0934591,7.2196393,107.24759,-4.373542,0.021692205,3.1577885,-0.12547626,0.04641387,0.029758386
2025-08-01 18:00:00,-23.138655,-0.4134209,-0.020516157,1.7387322,-44.357998,-18.347956,0.6076928,-0.5861854,0.71620107,-3.3961525,0.33351332,0.2585274,-22.96098,-37.939278,-37.175293,6.648065,3.116119,6.9421268,-1.3590683,-1.0555837,0.3043386,-5.7843223,-0.78958255,-0.5243103,0.97935605,-0.00012117601,-0.010557777,-7.038311
2025-09-26 08:00:00,35.34963,1.8515441,0.20841412,0.1539144,15.521646,8.601705,3.0662043,-0.54114443,-0.029420726,-0.495249,1.2692713,0.634891,-2.300877,-1.5854205,-8.136086,4.879285,7.3880954,7.350461,23.03027,1.0245138,8.800964,5.1287084,3.1264088,-1.8946438,-0.28783944,-0.021289684,-0.038199984,0.20162265
2025-07-13 09:00:00,141.8955,-25.87737,0.20553435,1.7408327,68.771,69.47642,-11.860767,-0.6242399,0.17871083,3.2819262,-4.260678,0.5433173,3.7445607,6.902413,2.1189249,14.222583,7.921662,8.266377,16.963917,1.470053,9.960747,29.89639,-2.5414813,0.389188,2.0374808,-0.06849823,-0.09631214,0.049487267
2025-07-03 11:00:00,29.983343,-1.2927585,0.754193,-2.5995939,-30.104628,21.485994,-0.007644966,-2.2554662,0.007845711,5.5846233,-0.1524054,0.1368844,-11.953404,-17.512781,-14.831275,17.993895,8.0954075,3.8156023,44.158794,2.8652225,9.476335,134.2884,10.666201,-0.2802529,-1.7536926,-0.08094232,0.00021308902,0.11680376
2025-07-19 00:00:00,-56.029507,-1.3422555,1.6144208,8.285443,-17.206532,-45.255898,1.2709002,-1.4153849,-0.9323039,4.5805407,-0.44414443,0.14135405,-7.147512,-11.186973,-14.3598,15.806641,14.797453,7.307174,15.299813,7.485475,5.0745873,7.5173235,2.647739,-2.3230033,11.510116,-0.21432744,0.08790864,0.15692869
2025-11-12 22:00:00,8.235993,1.0047317,-0.6047033,-0.94876057,9.541211,-15.834372,0.041513544,-0.6303273,0.062790744,-9.072298,0.24437965,0.1826431,7.382483,2.4926336,-5.4687214,-25.387007,-13.776462,-5.3611593,-21.360727,-5.34094,-9.832369,-106.35294,-5.519866,-0.5070158,-5.9572687,-0.027792025,-0.0073983506,0.074923195
2025-10-03 23:00:00,1.3229115,-0.26710185,-0.053440776,-1.1872576,-29.376965,-36.243855,1.4240056,-0.95797646,-0.22717603,-5.191737,0.1739518,0.21280335,-5.5335927,-12.03456,-22.73841,7.203062,13.020986,6.0376697,8.544389,2.2291796,8.313081,75.30302,-8.101755,0.16459124,6.1358137,0.0013032553,0.12830527,0.022564722
2025-10-15 12:00:00,8.69545,1.1208916,0.19911766,0.6130309,-38.943043,2.6916938,-0.11648006,-0.75858134,0.35110962,-4.9095745,0.27474263,0.3993235,-3.7372322,-5.0348587,-7.3194246,1.2825717,3.0727208,2.099767,-12.355245,2.4691644,-6.419922,4.9544063,9.417297,-0.022314113,6.791937,-0.0026130178,-0.001808895,0.0683192
2026-01-06 00:00:00,-119.64461,1.2669586,-17.081827,-29.269224,-57.042812,-86.74933,-0.13420117,0.41666475,0.24568847,-3.7471938,0.11086716,-1.5852298,-23.380089,-12.701423,-21.383635,-29.806248,-18.859768,-22.997427,-9.750312,-54.840168,-4.494551,-83.43731,-27.477097,0.063074514,-50.003395,-0.025318585,0.048816454,0.041689023
2025-10-05 15:00:00,-19.41133,-7.5033536,-0.6897173,-2.0476444,-19.315147,23.784006,-4.4748163,0.76341516,-0.2229456,-3.613977,-1.4227654,0.3100363,-2.2799842,-5.1162124,-19.560324,13.658795,6.055224,2.734779,2.8996515,3.0121427,4.497216,65.13101,2.8041186,0.25210622,4.2468247,-0.011527452,0.018747512,0.051038045
2025-11-05 18:00:00,-0.4032456,0.32218444,-2.5234084,-2.5488162,-0.9236643,3.2808578,-0.16307425,-0.44515175,-0.99508995,-2.2720854,0.26934782,-2.9642277,-2.5647585,5.012951,-3.4495203,-0.1975761,-0.22718547,2.5655193,-12.054855,-2.8465383,-4.370221,78.80264,-0.2520924,-0.48217934,0.08359124,-0.14529447,-0.009743089,0.06721988
2025-09-08 22:00:00,51.37091,3.6227531,-2.2729487,-7.530932,45.50689,1.69654,1.1852702,3.182209,-1.2680178,-2.7843356,0.10156062,0.30037394,-4.546895,-16.05727,-21.598171,14.40698,12.336088,0.04866544,16.235619,1.7097493,10.786967,94.74024,-1.5200261,-0.28454724,4.5218105,-0.06694378,-0.01206851,0.11630085
2025-09-26 11:00:00,23.775015,-1.9914579,-0.2235697,-5.667347,-29.518616,15.503372,0.45569858,-2.1953888,-0.29512262,-0.54283524,-0.12079292,0.22502197,-8.592328,-8.44705,-13.152617,14.247581,7.2532053,3.0321379,29.75065,-0.13654083,8.219184,112.39911,9.722994,-0.49028832,4.1509414,0.015622547,0.046828374,0.004977473
2025-11-23 12:00:00,11.148179,-3.9923296,0.2365567,0.019180883,-39.15692,0.9409091,-1.0583645,0.43487006,0.7553399,-4.5852666,-0.62044156,0.3590118,-3.7289677,-2.0314562,-5.346638,-2.0235853,0.8018031,-0.42805672,-23.856234,-5.1600695,-9.423911,4.724997,4.150389,-0.28679958,-7.285452,0.00068413327,0.0106690815,0.07712618
2026-01-01 12:00:00,10.12609,0.72246116,-6.2481456,-8.512178,-62.63268,-0.09911904,0.45403087,-0.07637181,-0.35371804,-5.3530746,0.2977091,-3.4053905,-10.809458,-20.090164,-40.2848,8.908997,3.892893,1.5696259,-16.443783,-26.0978,-9.926907,-12.196866,-7.175684,0.7300235,-25.18056,-0.20768373,-0.05544191,0.2021234
2025-12-14 16:00:00,11.936968,-12.814518,0.075471036,-0.20965827,-20.463215,24.842854,-4.0161457,0.30780205,0.009740372,-2.2142143,-0.95976925,0.31110755,1.9297822,4.4843335,-5.485169,-12.125305,-3.6329753,-5.442321,-10.317351,-7.663201,-3.4644995,-61.497253,-3.4584537,-0.30707666,-10.587489,-0.002720323,0.005902188,0.11444248
2025-09-19 14:00:00,78.24856,2.488926,-0.6930784,-1.4070692,61.243263,70.916855,3.252565,0.25951123,-0.05288875,0.44923642,0.70450073,0.41493267,-5.291068,-20.392557,-17.35262,13.755383,4.3039727,5.153916,41.06958,1.6118128,14.538181,84.980354,9.335116,1.3684629,13.061762,-0.2079584,-0.050109636,0.20132117
2025-07-20 05:00:00,-13.083627,-6.488009,1.1701201,2.8449383,-1.6331477,-9.131248,-3.043926,0.33061302,0.6502851,2.5610757,-0.9204679,0.2767752,-7.316476,-12.67874,-32.275738,-2.2396126,0.10205356,-0.25386968,5.469365,2.9759893,3.6879983,-124.72207,-2.477237,0.8611375,2.2741804,-0.028196461,0.014315477,0.11048237
2025-11-10 22:00:00,8.781677,3.2430787,-0.6414582,-0.3637415,8.564263,-16.216581,1.0009577,1.2102534,0.088093184,-9.078819,0.24387947,0.2560601,7.9156423,2.2749438,-5.336531,-26.39821,-13.747086,-6.7374206,-22.42829,-2.2633286,-9.177404,-106.161064,-3.4098272,0.012145473,-6.065474,-0.012551181,-0.017558016,0.062451288
2025-12-11 15:00:00,22.521955,3.3382192,0.06293872,-0.6498261,-25.381662,55.29689,2.270574,-0.1928415,0.38902706,-2.4175434,0.63599,0.53651595,-0.9085232,-0.6830309,-8.343587,-7.453907,-3.9473617,-0.49723643,-14.98592,-0.52166027,-6.485136,-33.502655,-1.6183112,-0.23255898,-15.578711,0.0060541686,-0.0036221887,0.123001166
2025-09-17 04:00:00,-36.65077,1.2994763,0.86950165,2.1513414,-6.171851,-31.257313,0.23352124,-0.9760516,0.11223949,0.7517635,0.33982012,0.19559309,-12.397318,-23.479294,-33.828487,4.1789775,0.3500326,-0.40662968,15.381471,1.170689,3.2115781,-144.58804,-3.913534,0.32713825,3.4306176,0.084657885,0.02820662,0.21886763
2025-10-20 16:00:00,7.0794024,3.9497457,0.063160926,-0.37339187,-35.910244,15.895841,1.3473498,0.7997943,-0.5627066,-1.5160568,0.36701837,-4.3712044,8.825192,10.852978,4.677944,-2.0040212,1.8263927,1.5471598,-8.731752,3.1797702,-1.7079011,-35.493065,8.647756,-0.3580237,3.049445,0.056910314,-0.011215593,0.12787879
2025-08-18 08:00:00,42.20456,10.6415415,0.34177193,3.2888298,18.334019,10.245805,3.9413443,1.0193737,0.19396031,0.8330223,1.4555326,0.88269573,-0.4019961,-1.9785174,-1.9068998,-0.002887996,0.09401749,3.2966595,10.623962,0.16366842,7.892551,14.494282,4.7589545,-1.0665421,5.4199553,-0.023411877,-0.027968815,0.20712714
2025-11-07 05:00:00,60.78706,3.4613469,-0.40436953,-5.332755,54.411232,14.419124,1.9557179,-0.19751388,-0.22596954,-1.9694059,1.8595456,3.2223196,33.481895,89.67122,53.673416,-10.475842,-4.1423235,-3.7651844,-4.6024575,-6.7757525,-2.383321,62.451084,1.6459961,-0.10665655,-7.9550915,0.009328208,-0.00897713,0.108300775
2025-11-19 18:00:00,-1.6706631,0.6273795,-4.5625634,-8.14045,2.0167708,4.9417024,-0.047282975,-0.5329632,-2.2194693,-3.354911,0.29992503,0.3623282,-0.56585443,6.4171224,-2.5123875,-2.3576448,-2.7624416,-0.24591583,-13.490605,-2.844609,-7.107908,74.914024,0.3008557,0.28948376,-0.79628456,0.01648788,-0.0032999967,-0.51612204
2025-09-27 11:00:00,28.561634,-1.2739772,-0.053584073,-6.9708858,-25.761684,16.053701,-0.6538843,-1.9686149,-0.15123658,-1.0640293,0.27436227,0.23959145,-8.148168,-8.380956,-12.34639,14.469863,7.7490654,4.5959463,34.59515,1.5628755,8.400076,117.58906,7.2960567,-0.034068063,3.095997,0.0010767137,0.019358374,0.0010878369
2025-09-30 22:00:00,57.719273,2.0131388,-2.0460777,-6.757261,50.436623,10.162994,-0.48258492,2.0615761,-0.88974136,-1.2713015,0.25278234,0.15886432,-0.6744383,2.3249805,-10.680334,38.681087,15.880727,7.347399,33.629948,1.9799365,7.9978333,-4.571045,-1.2813691,-0.019623945,5.810453,0.17008543,-0.007480753,0.08314596
2025-11-03 00:00:00,-71.48599,2.1633296,0.044201724,2.1265507,-32.50662,-53.05978,1.1293181,0.6895422,-0.51097035,-2.806675,0.1867291,0.31385237,15.206726,9.177342,-2.0801,-18.737148,-8.009114,-6.5760927,-10.10652,14.612597,-5.3990574,-51.012943,-10.798624,0.6496313,-7.9171815,-0.066367224,-0.018919317,0.04140036
2026-01-05 01:00:00,-97.73583,2.5801032,-8.676077,-12.091446,-35.383198,-72.33694,0.7130627,0.50164884,0.10444343,-2.3119547,0.18498285,0.31476483,35.124283,11.135599,-6.965169,-21.558008,-14.512517,-12.357615,-6.4728775,-29.596273,-3.8061502,-83.32834,-16.100815,0.08820281,-28.267809,0.026180841,0.027386377,0.04371738
2025-07-09 22:00:00,49.21257,-0.8114784,-1.1096388,-7.32476,42.97762,2.084723,-3.4910696,-2.462798,-0.5309847,6.4346056,0.16565318,0.19004226,-2.059927,-0.38659924,-17.981802,50.02779,12.581502,7.882498,37.018543,-6.576261,14.385819,49.188313,-5.50249,-0.6707482,4.4092116,0.09625981,0.057733756,0.07243317
2025-08-09 20:00:00,7.8752546,-4.348528,-0.17848328,-1.0905011,-27.599138,0.56702036,-1.3150611,-3.148006,-1.2611032,-0.43437257,-0.38212556,-1.5822362,-1.2269707,-1.4336213,-13.435328,27.288225,14.395554,6.4169116,13.08444,-5.4958386,13.191446,77.415504,-0.52352613,1.743878,2.8902385,0.020876529,0.048815507,-0.22214642
2025-10-20 17:00:00,32.87137,2.8181949,1.435221,3.286494,21.070055,32.112244,1.05266,0.62275195,1.2104112,-0.77910566,0.33981636,-4.313001,19.730227,30.291916,11.036235,1.742138,2.1606998,3.632481,-2.158722,0.58591896,1.666637,16.560514,0.15278819,-0.2308933,-5.104397,0.074560694,-0.012510438,0.10557085
2025-12-17 18:00:00,2.2485485,0.5918528,-3.6185942,-6.8170757,4.8507023,6.974577,-0.13912871,-0.50150853,-1.9649959,-3.4037387,0.27462885,0.28550178,-5.3605156,1.3237417,-6.6544924,-1.5954635,-1.9836074,1.2585602,-12.650655,-3.4218376,-5.050743,77.030014,0.87698853,-0.30213895,-3.7673488,0.020435067,0.002611713,0.048174996
2025-10-22 06:00:00,61.252346,5.504312,-0.44983906,-2.803082,62.220646,12.70317,2.9357984,-0.36493272,-0.30100548,-1.576874,0.9765779,-8.279448,23.905987,23.785143,18.81027,-10.9214735,-4.6426115,-0.38746613,-4.7595673,-2.3715954,-1.3489441,72.36816,-2.6370978,-0.54296076,0.9712296,0.045606088,-0.006500182,0.07084322
2025-08-25 05:00:00,0.8857378,4.1745,1.0405185,1.682913,5.5871873,-11.294346,1.7799312,1.0483338,0.13705762,1.1747015,0.5171297,0.56506455,-4.39818,-6.8310227,-25.399538,-1.870728,1.5508267,-0.027573206,3.9174025,1.5341544,2.1391408,-93.74646,-2.490507,0.48877642,1.717768,0.035530612,0.114678636,0.081393436
2025-07-22 21:00:00,67.51252,0.7146277,0.29181504,2.2524853,36.123222,18.851856,-1.3149917,5.9251122,0.3289557,7.2508965,0.13673672,0.10384935,-4.5625706,-11.578247,-15.957632,17.61368,14.896801,6.012947,21.98808,-6.9266887,9.860519,-3.3243017,-1.1844146,-0.14792815,4.4521194,-0.053652987,0.13856424,0.28183496
2025-08-29 11:00:00,21.43873,-1.6154802,0.34499303,-3.2380018,-33.87749,11.412218,0.66367334,-1.9802074,-0.22848228,0.18253948,0.06610048,0.26179835,-8.684972,-10.779821,-15.530118,13.991465,8.034363,3.2032754,27.865536,1.4914445,7.0976048,94.87451,3.0179749,0.8920515,3.8166611,0.013426803,-0.121208765,0.037581917
2025-10-15 16:00:00,2.1176875,1.7807593,0.059125893,0.8304413,-42.602345,14.904183,0.7949964,-0.65838957,0.013925387,-2.6926887,0.45688558,0.46616605,-3.260532,-3.0078259,-5.529169,2.3914087,2.1786153,0.7807046,-7.9894958,0.3623609,-3.7913327,9.740349,7.3410277,-0.37741154,2.6806555,0.018278748,-0.010441325,0.098732136
2025-07-10 01:00:00,-131.02658,-0.87084556,1.8864303,2.8300772,-49.194427,-66.581955,-0.34683922,-1.7027731,-0.024892583,1.68967,0.16384208,0.12618577,-17.716944,-24.3411,-23.068989,22.477297,8.590374,5.274494,17.88519,3.4976916,4.383181,-39.4572,-15.662071,1.2509619,4.1167126,0.004915199,-0.10234671,0.23104307
2025-09-16 14:00:00,73.016525,5.5142336,-0.62696165,-3.156055,54.048817,64.65101,1.7380441,0.34576035,0.0017105215,-0.89098287,0.6799981,0.42070395,-3.1539023,-13.888148,-12.301465,23.389715,9.200706,5.665503,50.263573,3.2962518,15.990676,99.46107,7.2230606,-0.30158758,11.613653,0.18945746,0.15840763,0.12949608
2025-08-03 10:00:00,62.90979,-2.429277,0.655489,1.1464653,7.740411,53.886116,-1.9418942,0.34708557,-0.32808882,1.1911272,-0.56137305,0.27904615,-0.88644224,1.1494066,-5.4342422,13.8590145,9.391492,5.386145,24.539227,1.4039179,13.54741,107.11726,4.4170856,1.8483503,6.8428884,0.01794167,0.036278613,0.002666304
2025-12-22 13:00:00,-33.236313,3.6162426,0.74555063,0.8159604,-70.87133,-20.558441,1.2440369,1.2637322,-0.40710983,-7.707612,0.20068406,0.2785404,-9.345184,-14.745937,-25.20558,0.06316051,1.7410424,0.39301047,-22.161528,-21.594002,-10.568462,-109.98605,-13.236639,-0.9018475,-24.20191,0.048725996,-0.007566261,-0.9514449
2025-08-12 20:00:00,16.756107,0.17695141,-0.7769983,-1.2826688,-16.646387,2.0976505,-1.1961522,4.3672714,-1.0341898,-2.1382782,-0.23043998,0.18455392,-7.9780755,-15.151699,-15.752846,22.52325,14.39605,6.4237313,21.279879,4.9028187,10.618468,-19.924318,2.5164254,-0.030604478,4.1895027,-0.05869268,-0.026931072,0.37451634
2025-10-25 02:00:00,-40.67283,-2.282852,0.34491056,1.7075287,-5.929911,-23.496796,-0.85073346,-0.45315316,0.039102793,-2.3905687,-0.3867077,0.2524404,21.14427,18.507301,4.974896,-14.906116,-6.3244615,-6.7233887,-4.327804,7.9486175,-2.577629,-85.42529,-3.4514444,0.03978862,5.8400383,0.026739292,-0.0036718878,0.053008914
2025-12-28 15:00:00,9.366548,-17.653925,0.3388605,0.13986093,-19.482967,31.819342,-6.0181518,-0.16058242,0.08524701,-5.3535237,-1.5174406,0.30814093,-0.500817,-4.683917,-21.777433,-9.172668,-3.7718828,-1.3629962,-16.221714,-13.937113,-7.331784,-105.66838,-4.4024324,0.17954533,-17.191832,0.015286621,0.011199766,0.09451424
2025-12-26 11:00:00,28.042702,-0.107170664,-1.0614729,-0.059596084,-37.763367,6.043851,1.4205922,-0.7621863,0.20195514,-6.3217316,0.25930038,0.34623715,-9.197271,-15.87236,-23.195127,6.6632204,4.546936,4.070881,-20.27478,-11.65986,-8.698185,43.058056,-4.3893814,-0.6475466,-16.928333,0.029973164,0.0027906955,0.0587316
2025-08-16 01:00:00,-115.61719,-0.5040637,1.708987,2.576779,-43.05959,-57.22922,0.42295837,-0.5313316,-0.0925447,0.24197179,0.07115027,-1.3276792,-9.791351,-11.2670555,-17.857342,4.548807,9.145141,2.6291723,-1.05385,6.5678234,5.596616,-57.667747,-2.650609,0.032688607,10.297552,0.050214335,0.004520645,0.12029128
2025-09-03 12:00:00,5.0628085,-0.36179397,-0.44126204,-0.13638078,-32.30423,11.197518,-0.66453,-1.08805,-0.48508605,-2.6539338,0.12552094,0.28541663,-7.62438,-12.347013,-20.05835,9.101224,6.3655877,3.3821268,-1.6511828,1.5723106,5.765629,88.24606,7.444807,0.038787857,4.9697485,-0.017832387,-0.012410545,0.044689007
2025-09-07 16:00:00,-13.451051,-7.0730515,-0.13868107,-0.52443004,-36.749554,-3.6972885,-2.58105,0.6790529,-0.51369077,-0.56236196,-0.6478162,0.30887163,-5.6177006,-9.9139595,-20.623482,10.099425,4.6646094,2.6956708,1.9698142,0.35858062,1.7146755,-37.754227,3.9086144,0.23000766,2.4261644,0.095390536,-0.011657837,0.24467383
2025-09-11 16:00:00,-27.759125,0.23457113,-0.28343627,-2.552546,-52.443264,-14.155499,0.89424103,-0.4894702,-0.2222566,-0.828015,0.3517049,0.33979195,-20.414494,-39.049557,-28.498064,13.805045,2.7304726,4.3701596,10.999894,0.6420442,3.3821597,32.934296,1.8213648,0.003193289,1.6244931,0.06291935,0.38090858,0.64235294
2025-09-17 05:00:00,-7.974207,2.0540948,0.5134456,4.1923714,0.4477505,-13.629629,0.8064637,-0.7974795,0.1903722,0.55727106,0.34864137,0.34018955,-13.79002,-19.257004,-39.403652,3.250414,1.5175709,-0.77636355,11.751782,-0.83937603,2.1905797,-127.80622,-4.884352,-0.012192249,0.9601366,-0.02366699,-0.08707992,0.1635243
2025-09-30 23:00:00,2.8485074,0.32583365,-0.11757456,-3.7548218,-30.607655,-37.485207,-0.9976708,1.4596866,-0.32742235,-0.5874132,0.09089129,0.21388128,-0.35345963,-3.7428386,-15.627462,36.872654,11.083964,6.6764207,26.28099,4.796326,9.581014,60.609325,-5.783625,0.8831848,5.763385,-0.0323843,0.14903109,-0.02591848
2025-10-02 21:00:00,38.837994,-0.7406943,-2.780343,-6.5528283,5.0461907,9.168447,0.28244677,-3.4532323,-1.6313359,-9.857807,0.47900233,-2.0701575,-8.305888,-1.147222,-9.077152,24.921875,8.638973,4.560624,1.789482,-3.7551434,12.946713,102.83725,-0.3319018,0.120651424,5.4309554,-0.014755235,-0.004319614,0.043590818
2025-09-13 06:00:00,3.6797395,-7.6848106,1.2663605,4.835233,4.979436,-8.983753,-3.6532366,-0.44977757,0.6997468,1.4058518,-2.0185,0.33082145,-2.9870577,-9.541966,-22.934786,0.7428091,1.49404,-0.774293,11.928404,-2.2646828,3.5876598,-74.944534,-2.366298,0.591071,1.7394366,0.036834285,0.10649356,-0.864369
2026-01-10 16:00:00,16.779972,-3.7748582,-2.7759836,-2.9338427,-30.674578,31.066444,-2.8962102,-0.49094662,0.00032859633,-2.424966,-0.5258047,0.31501928,-1.8951035,-4.5691223,-25.741966,5.634946,-1.8316277,-1.0515118,-7.4110284,-7.2001624,-2.7113523,-49.795033,-0.42341036,-0.22902216,-11.005978,0.0074359323,0.0060296105,0.12692428
2025-07-30 18:00:00,-27.126171,0.33734587,0.6377241,8.016333,-55.941406,-26.493074,-0.2542899,-0.9699298,0.912684,1.1121823,0.20908019,0.24480556,-21.439302,-53.887535,-32.485786,8.1661625,2.9396987,2.9910305,5.8745337,1.6857921,8.597762,-118.0275,3.8767166,1.9294794,5.1749096,-0.019136308,0.023325447,0.59606445
2025-08-06 19:00:00,27.845972,-1.5214789,2.2906866,7.991959,7.832851,6.42228,-1.3093755,-2.5266361,1.0124583,3.5073578,-0.3518388,0.19000135,-17.359686,-37.91605,-26.677807,12.59528,7.978007,4.2889915,12.102705,0.32672873,6.361661,-66.21901,-0.906645,0.09139828,5.669555,0.015846932,0.08822363,0.41520485
2026-01-02 17:00:00,67.16518,0.57417345,-0.66212887,2.938002,66.50036,68.22744,0.8196148,-0.43277118,2.0715895,12.1819105,0.23027124,0.3707552,1.475246,3.1743383,-4.3458776,2.5908632,5.552968,3.1037955,1.0910678,4.795973,3.2021427,-29.611645,9.436323,0.3542889,12.348088,0.010681848,0.013114484,0.16960649
2026-01-01 07:00:00,70.17573,0.6958282,6.6140285,28.520512,50.328358,36.63413,0.5160849,-0.39269397,-0.035963774,-0.152818,0.4445262,-5.58301,9.244682,104.71334,76.01534,10.88356,11.499804,9.362257,21.441692,43.280964,0.48624802,203.65552,7.4388337,-0.837461,13.67629,0.047614593,0.006190872,0.06450679
2025-08-26 09:00:00,162.69121,7.7270656,0.29560584,1.2769563,99.4318,78.594025,3.8945568,0.37405828,-0.24074297,0.51440394,1.7048888,0.5972291,6.661039,5.571939,5.2101865,14.696795,5.08078,7.357488,25.035862,4.37926,18.9436,109.95815,7.507386,2.3472686,5.6942444,0.065675296,-0.00087008096,0.06163922
2025-10-01 04:00:00,-28.257757,1.1465651,0.4107986,0.8649454,-1.1779851,-31.675322,0.34409514,-0.89025337,-0.12490842,-2.290628,0.27076,0.21749401,-4.688228,-1.4309304,-15.61934,15.633638,5.270179,1.2848352,6.721864,1.7114892,3.336944,-116.58036,-2.8879254,0.29952827,3.0391486,-0.01991005,-0.034838423,0.057606027
2025-11-15 23:00:00,-27.04948,-1.009618,0.03368136,1.5154722,-32.907616,-40.472332,-0.42054662,-0.29493806,0.25012228,-5.1258974,-0.29992616,0.24301696,17.220816,9.646807,-1.0054967,-19.278297,-11.204572,-9.728792,-16.104166,11.227171,-7.440879,-88.1055,-12.846165,0.21520916,-4.5604677,-0.0054945927,-0.013651092,0.063436925
2025-09-27 22:00:00,53.110176,-3.7679932,-2.4733243,-11.729846,48.723106,6.80551,-0.60921437,-1.9949796,-1.5810527,-0.84638166,-0.34049958,0.13000406,-5.741324,-14.054211,-26.383585,30.423918,14.178304,6.8825808,31.359264,1.6159533,10.592116,99.84625,-2.5075154,1.7488308,4.348151,-0.08688905,0.10108588,0.042680167
2025-09-30 02:00:00,-81.944435,2.4699862,0.45458627,1.1675755,-27.115623,-29.00965,0.13373032,1.4278156,0.06411578,0.23670678,0.11866265,0.13753359,-24.150007,-51.024662,-41.772724,8.734821,4.1663094,2.8262322,13.552036,0.7592388,2.86507,-131.0899,-2.1728382,0.5713347,5.816895,0.27205795,-0.038828675,0.1208932
2025-10-05 17:00:00,-17.368427,-0.9421727,0.50244087,-0.03398051,-31.344437,-6.9439535,-1.7735642,0.96086407,0.80675983,-1.87849,-0.44023627,0.225167,-5.4552894,-7.1986513,-17.126091,10.38521,5.708264,2.8613546,-2.1182044,-1.7254552,1.3735627,70.81568,0.829558,-0.34979483,-2.6602838,0.037400644,0.0070165256,0.12009709
2025-09-18 11:00:00,26.37378,-1.4629737,0.12635516,-6.065595,-30.410103,17.914686,0.03585948,-2.2381728,-0.12499982,-0.69215673,-0.113553874,0.15393047,-9.591879,-15.062082,-14.721097,16.113123,7.1842394,4.516718,35.25534,2.2363012,7.486308,127.78168,8.474583,-0.07615548,2.5352418,-0.04538344,0.0026093654,0.031278014
2025-07-03 15:00:00,-25.509922,1.0770514,-0.6773341,-5.814868,-16.9564,22.796701,1.5924271,-1.6902579,0.11603315,1.9372939,0.52726537,0.14697695,-22.466986,-49.7338,-31.87396,11.165184,5.540575,4.289712,18.517633,0.5340434,4.2031474,122.99278,2.3392954,-1.4369663,-4.597211,-1.0838996,0.02483329,0.14741288
2025-09-13 10:00:00,64.28781,-2.2691572,-0.33926955,-3.8468835,9.553739,55.917084,-0.79626024,-0.6445088,-0.39946115,-1.3762431,0.054146975,0.2943787,-2.474503,0.3020888,-8.883409,15.553701,8.473571,4.491736,28.758455,2.367934,11.851045,126.86418,7.580656,-0.18330754,3.091297,-0.02630835,-0.026192147,0.03116218
2026-01-03 05:00:00,47.10881,-10.378069,-0.445551,5.3135414,43.766285,12.091394,-7.217058,-0.103155896,0.0077802595,-1.4431996,-3.4416876,1.326493,14.981569,93.687126,171.33098,-13.861595,-7.531555,-6.098818,5.0731325,9.585145,1.2926009,76.01206,-0.57861894,0.114209406,1.9769444,0.053747375,0.0041344333,0.066102214
2025-12-26 07:00:00,34.55325,0.36796856,-1.8810818,-10.508321,18.959835,22.943665,1.670619,-0.459266,-0.46735886,-0.9846896,0.33841884,0.49165404,-11.691195,50.13831,181.73244,1.5391374,11.294633,10.459686,-0.28817004,10.599343,6.530111,178.0391,5.347752,1.1568156,4.273656,0.007772193,0.005968626,0.06951657
2025-11-02 14:00:00,39.840096,-12.895987,-0.44809726,-0.013328736,1.9835289,41.836765,-4.2579994,-0.09112999,0.6065718,-4.3028827,-1.2178102,0.43824375,-3.5208318,-1.665868,-4.3717055,-1.9185379,0.21000764,-1.8587793,-18.625595,14.566418,-7.5048537,-33.751534,3.6462233,0.18955879,-13.466955,0.004211088,0.0060367426,0.113355026
2025-07-05 10:00:00,72.483406,-2.7016838,0.9905066,0.05440354,12.291444,59.496593,-0.91033614,-0.61877567,0.42398643,6.3028455,-0.14218047,0.18101715,-6.517503,-3.404849,-11.885457,23.736572,8.092252,5.7977514,53.537384,1.3020802,16.293509,145.65964,-2.3626142,1.8945512,0.6880244,-0.08167851,-0.0050993357,-0.612335
2025-11-23 15:00:00,9.170118,-15.868973,-0.007713084,-0.03478125,-18.70037,36.711163,-5.171989,-0.02668508,0.21773006,-3.4207437,-1.7063931,0.3773079,1.815553,3.0419884,-7.7097764,-13.951418,-4.622609,-5.8991604,-20.44614,-6.575837,-6.639752,-73.534874,7.1781807,-0.024571074,-7.8780246,0.0057178107,0.0057797506,0.114666425
2025-11-16 09:00:00,132.0333,-6.963808,0.03183191,-0.26063737,67.52411,54.0257,-2.694903,0.20954064,0.32215166,-3.7434337,-1.4945586,0.5603011,2.056767,11.696406,18.861198,-1.6895298,-1.7158134,-1.765576,-31.233828,-2.508186,-15.2599,117.16889,0.098682284,-0.20906255,-4.7012725,-0.004382156,0.027830597,0.05553913
2025-07-25 19:00:00,20.865,-2.72467,0.9411755,8.85196,-7.508867,-5.6855264,-0.38435656,-3.4195116,1.1450635,6.8135486,-0.29653215,0.17368236,-28.754057,-84.300285,-29.149857,16.695328,6.4505835,5.5630155,17.828272,-3.141179,7.313251,-96.98295,0.6616549,-0.25177172,4.210753,-0.8661759,0.07261526,0.23503193
2025-10-08 07:00:00,-2.38539,1.1054622,-2.0229676,-3.5596688,0.68491256,-2.3318923,-0.6651549,-0.47044474,-0.5880677,-3.4192743,0.36987203,0.37033078,-2.5381987,11.156803,2.6648076,-11.358717,-0.9875542,2.213227,-2.6190615,-3.2211192,2.7198968,92.48725,-4.736461,-1.2372929,-6.5438986,0.0942959,-0.003597902,0.06496185
2025-12-04 14:00:00,26.224194,6.4638634,0.11804677,-0.7011874,-3.2342854,31.86652,3.9637783,-0.22746961,-0.2577,-7.7708035,0.5310364,0.5089778,-0.11378299,-3.4800153,-10.415715,-9.953922,-5.4347544,-3.4416986,-20.658344,-5.581173,-11.89292,-118.1412,-6.014214,-0.19078523,-25.3409,0.037327442,-0.0028744168,0.10775505
2025-10-03 18:00:00,-10.296824,0.1468855,2.5013123,8.828471,-29.296549,-8.718871,0.5339135,-0.42818102,1.3186535,1.7434176,0.29456106,0.26558417,-16.909725,-26.787735,-25.820303,-2.3820508,6.793905,4.586285,0.49190345,0.007639723,2.1359966,-36.600243,2.294119,0.37527034,2.54799,0.017259626,-0.048200782,0.716399
2025-08-12 03:00:00,-67.80401,2.128247,1.0854639,3.4756494,8.284069,-30.914118,0.19787297,1.0012105,0.20873122,1.9071015,0.19425291,0.19060649,-13.03452,-22.200573,-32.658512,2.481461,-2.5167856,1.291555,8.4661045,0.35073036,3.4947922,-150.55096,-5.1915555,-0.45135885,7.355332,-0.009101082,0.007256528,0.17106551
2025-09-28 02:00:00,-79.54705,-3.6155975,0.43719816,2.267193,-29.892046,-25.993227,-0.49160367,0.973816,-0.0053229546,0.119346514,-0.36593407,0.11440355,-22.161762,-46.69548,-43.5765,6.696582,1.2352128,0.446865,11.69256,1.0122055,3.2762427,-137.59866,-4.26193,1.7928562,6.490499,0.076404355,-0.056846917,0.13264571
2025-09-02 20:00:00,-3.6965396,-0.32426968,-1.7393248,0.49939108,-28.481285,-13.447511,-1.1094168,3.6884704,-2.1454732,-2.698846,-0.3894778,0.20158206,-6.1309743,-8.880702,-16.81003,-1.6092273,2.7837288,3.4428537,-0.121389136,-0.40533572,6.84819,-39.17057,5.3918705,0.6501597,3.2643468,-0.030957758,-0.005683952,0.116796926
2025-12-06 23:00:00,-25.40013,-1.0584532,0.010526343,0.91834706,-43.332653,-49.70355,-0.3130888,-0.3604094,-0.13536063,-7.878201,-0.37807465,0.13412635,7.9128637,3.890365,-8.554401,-22.62067,-13.333518,-12.138419,-15.742278,-11.791556,-7.8144307,-89.28631,-16.334604,-0.24390629,-24.426998,-0.005218221,-0.014493099,0.064233854
2025-09-10 13:00:00,-11.101154,0.4963609,-0.5888868,-4.4809384,-37.802982,2.3338442,-0.09798838,-2.0935674,-0.31027386,0.110125564,0.22344415,0.3252159,-6.0115137,-14.233554,-22.182102,11.538954,8.992727,2.0637393,34.873238,0.13754472,7.296604,60.78243,5.587193,-0.013455586,8.433303,0.014673026,-0.20152453,0.33234692
2025-10-29 05:00:00,58.87015,6.818454,-0.26917863,-3.6181266,50.15423,17.326551,4.007545,-0.3323373,-0.1390529,-1.8839564,1.7163002,3.0351222,42.44192,87.392235,31.153175,-9.279153,-1.8770688,-1.7028745,-1.2692736,-7.192435,-0.8017945,67.78504,-0.5368011,-0.28186405,-3.392286,0.009406364,-0.0041349,0.07929438
2025-11-16 01:00:00,-74.33114,-3.6183293,0.43216527,0.46648893,-28.216513,-46.147903,-0.86526144,0.27627823,0.26881835,-2.2936401,-0.47329155,0.4188886,31.83732,43.340584,12.349122,-16.757254,-10.786897,-9.950045,-7.75725,1.9824277,-3.0274403,-73.112404,-8.777997,-0.017518044,-1.3675325,0.017135322,0.019128457,0.05704624
2025-07-20 17:00:00,-18.730293,-5.861324,-0.105445825,3.4597368,-34.778667,-15.373508,-2.699079,0.39900675,1.0435567,-3.117942,-0.9127572,0.27226377,-20.895754,-35.18103,-27.11156,8.97676,3.5323908,2.5468044,-2.0528083,-0.15886022,-1.4278384,-20.04073,0.50433236,0.34954667,-1.4093813,-0.018208342,0.038976476,0.7297004
2025-09-28 01:00:00,-121.47284,-1.5385797,1.632122,2.1777968,-48.397224,-59.038197,0.28371313,2.1129391,-0.33604398,-1.1333636,-0.10193329,0.11595882,-26.23705,-47.00191,-46.169243,7.8479915,4.0369024,1.2422146,9.667469,2.4031718,2.1493874,-64.039734,-1.5425775,-1.3483576,8.865964,0.0661975,-0.010458985,0.23141408
2025-12-20 11:00:00,23.94679,-2.7065287,-0.9903221,-0.220019,-36.993603,6.5061293,-1.6738065,-1.1205479,0.22782013,-6.4103985,-0.4314663,0.32781416,-8.06068,-11.991867,-17.513594,12.743636,3.5936456,2.7385876,-22.603392,-12.05795,-9.638474,64.1294,-2.5442557,-0.41313186,-15.835952,0.033656165,0.0020636024,0.03842507
2025-08-15 05:00:00,7.629435,2.4930534,0.9191895,1.3216453,8.348986,-9.182783,1.5055467,-0.6902357,0.13377872,0.85749835,0.57163435,0.38328508,-4.903229,-6.0704947,-22.170296,5.4696164,2.4933825,2.5600812,2.9882448,-0.8980476,3.1380436,-68.83139,-3.0910668,-0.4312114,0.44622898,-0.0044206325,0.08584812,-0.7714165
2025-08-03 01:00:00,-105.950294,-1.4038466,0.97988456,1.9530109,-43.315807,-56.024246,0.21702424,1.1091801,0.018851763,0.22785638,-0.09804705,0.10529631,-19.993824,-32.87801,-35.75512,3.4738164,0.7596352,3.3906233,0.83047456,2.4074008,2.4767237,-83.55944,-5.8566833,-0.12838678,7.485165,-0.04519296,-0.02169751,0.22773471
2025-10-25 01:00:00,-71.113914,-1.3830738,1.1435457,2.7148833,-26.365316,-48.56047,-0.13544488,-0.48351863,0.02788596,-2.0194218,-0.3015169,0.20754187,14.909517,17.700712,6.4187064,-14.298244,-5.6736836,-1.513627,-3.5462441,12.019987,-2.2591712,-50.718357,-3.3622468,-0.084152505,9.327716,-0.02532234,-0.0009861768,0.05080987
2025-08-28 01:00:00,-108.364845,-0.2688358,1.2267468,2.752848,-41.832287,-63.14213,-0.17666233,-1.3574368,-0.24557768,0.36501163,0.03930129,0.13043453,-11.856425,-20.059776,-29.807432,0.84635204,-0.080052234,2.4282622,2.3937018,7.1488185,2.04944,-66.94846,-5.7570662,-0.5752534,8.097232,-0.015404917,0.02009403,0.1421511
2025-11-16 06:00:00,44.926567,-19.501984,-2.0984693,-7.887522,59.14325,11.90643,-8.17342,0.0039930595,-0.67563194,-1.4500303,-4.5281034,1.6168195,18.753716,102.35159,168.19135,-5.7956114,-2.6870334,-4.904489,-7.0468554,-0.8026457,-4.5842195,131.29611,-2.6608076,-0.07575985,-6.0081806,0.024704918,0.008395039,0.054744344
2025-07-31 02:00:00,-80.874306,-0.1556637,0.500377,3.1770911,-27.095655,-26.078735,0.46955797,-1.3368932,0.21020758,3.057005,0.18847731,0.1445586,-12.670923,-28.486181,-32.6005,5.326553,9.496512,1.5037903,13.005655,2.1056414,5.509913,-142.59279,-6.0774655,0.99178267,6.956856,0.02224008,-0.042147215,0.2124424
2025-10-30 13:00:00,-34.924625,1.424824,0.0911282,0.43561795,-67.70256,-26.164465,0.9659373,-0.70663184,0.22011966,-5.0919285,0.3669653,0.37907812,-3.378276,-3.8518326,-8.970765,-2.9732192,-4.2031016,-1.1774398,-21.564869,4.6526356,-7.70194,-28.610119,11.064074,0.018130679,7.726665,0.04144775,0.023377053,0.10941513
2025-07-05 01:00:00,-102.58849,-2.3786345,0.7725175,-0.5686539,-39.916367,-51.504574,0.13051301,-0.92704815,0.022995165,1.5135475,-0.22886178,0.10516277,-31.844688,-61.436016,-43.80394,15.132873,3.364193,3.3861058,16.575052,3.25677,-2.8482065,-87.98693,-6.257293,0.37970185,3.1633863,0.15703776,0.06896984,-1.2881826
2025-07-08 14:00:00,70.072296,5.9077406,-0.14581525,-4.370278,55.44331,61.91112,1.7128083,0.3416848,0.14133061,7.880369,0.70476127,0.3188855,-9.086994,-25.280373,-15.516932,20.591719,8.782244,4.844125,43.37928,1.1018733,17.314531,124.36022,6.998053,-0.7521561,10.904788,0.19218308,0.040608164,0.093153656
2025-08-12 16:00:00,-28.251427,1.5527815,0.20110647,0.04078647,-52.57285,-13.280978,0.44810635,0.80011845,-0.1930072,0.4201384,0.32083032,0.3826245,-21.661533,-36.303425,-28.743319,10.258532,4.8001885,3.4690373,9.407927,1.9354758,3.402588,36.513603,5.051854,0.045834366,1.0640925,0.007212303,-0.13231024,0.57182354
2025-09-20 14:00:00,69.101234,-13.534039,-0.50653005,-1.6597424,53.234474,63.47259,-7.0753746,-1.3241571,0.064562134,-0.18907632,-1.6081287,0.28398824,-2.7455156,-10.863017,-13.173979,19.985336,8.807843,8.218159,43.29287,2.3999524,11.48358,38.741714,8.137083,1.0098797,12.105642,-0.08155387,0.045527548,0.34750074
2025-12-04 20:00:00,-23.295033,-1.5857972,-1.1256845,-6.4343734,-19.610584,-22.846436,-0.46443027,-1.693841,0.7174093,-6.6512547,-0.1243821,0.13517328,-6.880743,-8.629658,-12.796829,-13.594221,-8.525617,-2.7560534,-20.722885,-3.0483916,-8.585036,-55.70915,-12.791264,-0.08501822,-13.590851,0.008444873,0.009809639,0.08790218
2025-08-07 07:00:00,6.819475,2.6732607,-0.817135,0.38947916,5.786885,2.0210614,1.8123237,-0.44896477,-0.24233459,-0.80526495,0.5297454,0.5728928,-5.5827227,-6.790373,-18.040869,2.3463418,3.9814434,0.24320427,21.321272,1.1434268,4.1857514,-4.627342,-2.450672,1.5266756,0.7142514,-0.002082915,0.21725881,0.17374717
2025-12-07 21:00:00,-4.6276026,2.340115,-0.5728619,-2.875772,-8.015281,-17.503887,2.172443,1.832279,0.38890317,-6.227437,0.35218996,0.09949201,0.30205354,-0.46192637,-8.393099,-20.010387,-9.723329,-10.946847,-23.686573,-8.603427,-9.509187,-110.210556,-13.923923,0.018844988,-13.441021,0.0072883917,0.00753355,0.08340275
2025-11-25 17:00:00,49.02748,1.9300789,0.25224185,1.9934398,29.044796,42.401436,0.86892945,0.32124746,1.9256027,8.47845,0.5517583,0.5389481,8.826351,16.13883,2.8149314,-0.85675365,-3.1676793,1.098223,-4.085958,-0.14286922,0.59979546,29.685352,0.39708087,-0.11393714,5.94273,0.02043943,-0.0005870479,0.110253535
2025-07-11 02:00:00,-80.02642,-0.8129574,0.61192596,2.8210113,-27.270853,-25.228128,0.6368736,-1.143125,0.31752694,3.0561957,0.14628562,0.15417822,-13.845783,-23.848124,-32.573235,3.6006174,5.773217,1.8498241,3.4680905,1.4938817,2.087489,-135.88031,-4.79855,1.4455403,6.289951,0.0045118164,0.024429694,0.18343948
2025-09-01 06:00:00,35.567772,9.208849,1.1139461,2.3003075,34.729095,0.08026676,3.3950434,0.7770399,0.8146533,1.5888613,1.4846368,0.78449875,-1.3927877,0.3995049,0.79581803,2.2127092,1.9269553,1.9537433,5.5955906,1.1344608,5.4640326,9.435305,-1.6510321,1.7063234,1.8226476,-0.027457424,0.42410454,0.17788675
2025-10-21 21:00:00,-3.5766184,0.65830785,-1.0069512,-2.8358374,-16.365297,-14.924077,-0.64716357,1.6965562,-1.8863918,-5.677269,0.064107046,0.065243356,-5.420396,-2.2936296,-6.920336,-23.251278,-7.3580914,-0.9035042,-24.667625,11.215174,-7.714885,-8.587087,-2.9296403,-0.46006697,3.1632793,-0.06392067,-0.014124774,0.07031332
2025-12-13 07:00:00,29.15086,-10.703192,-1.0440538,-10.490744,26.584543,19.871918,-4.747244,-0.6046441,-0.11868678,-0.9353092,-2.3020911,0.7542904,14.762968,101.33161,185.01938,6.980698,1.201428,8.631457,-2.0236645,12.161412,1.3291441,195.05502,4.4930058,-1.5089415,6.375158,0.00950966,-0.013697898,0.056006614
2025-10-22 02:00:00,-38.771027,0.7097593,0.60404575,1.7438604,-8.658725,-22.370745,-0.13884644,-0.4399114,0.11174035,-2.2937744,0.15555333,-1.4800661,16.689308,16.013346,2.5598884,-11.967399,-5.845272,-8.623218,-7.493506,9.973376,-2.7973685,-68.95363,-7.458825,-0.21146332,5.762666,0.024325645,0.026477301,-0.6299237
2025-08-17 05:00:00,0.24247785,-7.84483,1.1456813,2.3636308,2.911042,-6.3257537,-3.546315,0.32176104,0.21987112,1.6058885,-0.9330754,0.34137684,-4.6097236,-7.674609,-25.619375,-3.9462783,-1.2814515,-1.6740624,2.4404755,2.5604079,3.988839,-102.71026,-2.79192,0.46856624,-1.4863358,-0.0016635859,0.0100609455,0.07904941
2025-09-16 21:00:00,78.32107,1.4123725,-1.3273458,-5.773062,43.178886,22.216978,-0.8731187,4.288344,-1.0723846,-0.85406196,0.18673888,0.160866,-5.1254525,-18.6273,-16.240128,34.32661,16.398611,8.308491,40.492004,6.2150497,11.202801,4.4217167,0.73655117,0.063115396,7.1707206,-0.04238906,-0.030678978,0.20117745
2026-01-01 23:00:00,-21.65852,-0.27034456,-12.205885,-17.308348,-62.64818,-102.028946,-0.104719765,-0.65527815,0.15005414,-6.5037684,0.17389776,-1.0750157,-12.129754,-4.215747,-11.561887,-17.157442,-11.850366,-16.484985,-14.755648,-46.56814,-9.4461,-85.51819,-33.0223,0.04151537,-50.12496,0.0050427294,0.008879617,0.08210103
2026-01-01 18:00:00,16.968119,0.39524764,0.73507184,5.3766136,20.393608,9.584644,0.49319658,-0.4952312,0.45015773,-0.2709106,0.21431753,-4.0092545,-2.4131863,-1.1973246,-9.195194,5.508084,2.915887,2.0310104,-3.5678997,-0.43305153,-0.42379278,62.725994,3.9446409,-0.27625263,-1.9884993,0.089820996,0.0036237964,0.05361374
2026-01-01 11:00:00,28.312145,-0.108212374,-4.007332,-2.4939244,-40.61242,10.907361,0.42455924,-0.85430044,0.08800681,-6.390981,0.19393714,-3.399167,-8.820057,-20.016884,-28.56705,12.490319,6.153486,3.903437,-21.226397,-12.310717,-10.300918,67.432175,-4.5201483,-0.27534124,-16.520575,0.08642958,0.0051928414,0.05758409
2025-12-13 20:00:00,-21.37613,-1.282511,-1.3522735,-4.9417534,-29.126337,-20.019505,-0.2023018,-0.98880535,0.613052,-5.6298304,0.14765324,0.08954262,-2.870396,-3.770946,-8.618688,-9.1569605,-4.857423,-1.761645,-19.503336,-3.5896568,-8.22572,-34.700912,-14.772785,-0.30448824,-14.468977,0.012210416,-0.0086101005,0.07119657
2025-10-03 00:00:00,-63.229343,0.9679708,1.2082279,4.3141346,-23.673616,-54.67451,2.5626502,-0.65743786,-0.7181867,-3.4422796,0.12498029,0.15135764,-1.480371,-0.6523718,-10.853497,17.653141,6.8655047,3.513925,-4.5563297,12.901736,5.5888696,-7.186001,-1.7543706,-0.7926666,13.604089,-0.112792134,-0.057245277,0.0877639
2025-06-28 13:00:00,-0.89568174,-3.4417188,1.5697126,-5.4771237,-16.832241,15.390197,-0.984013,-1.3440884,0.52782947,11.663941,-0.1678975,0.15097053,-11.061607,-28.294355,-24.578289,26.969042,12.509839,5.5649805,67.8093,2.8041282,23.36132,138.88744,6.021251,1.4284225,13.054037,0.29630136,0.037389655,-1.0708826
2025-09-08 23:00:00,3.5929737,3.2121804,0.06605298,-1.5280536,-25.853134,-44.258,1.0893639,1.7941505,-0.53126633,-0.37235865,0.096755184,0.26175195,-9.772927,-20.608538,-26.922314,9.928524,7.998627,-0.43744558,10.874674,1.7239834,6.908854,75.122185,-4.315616,0.5345873,5.7103662,-0.054711092,-0.10520272,0.117708415
2025-09-25 08:00:00,44.223236,6.308829,0.3461066,0.6877514,19.722584,11.549643,4.2481403,-0.6041961,-0.0060559027,-0.4106731,1.4317628,0.68277913,-0.05828362,0.36966947,-8.66816,3.7871718,7.9551344,5.62507,21.300766,0.13613924,8.797443,5.775743,-1.5219927,1.979138,3.4105592,-0.014247179,0.2634176,0.2065477
2025-09-19 03:00:00,-67.7578,-0.61702526,1.0643729,2.5016372,6.3014264,-30.715618,0.8108108,-1.3906336,0.20637536,0.98147315,0.22256988,0.17627151,-14.505502,-27.74375,-38.524693,6.1763525,2.2368093,0.5755727,13.68101,1.5261171,3.1083732,-156.37755,-4.3190203,0.6115858,6.434727,0.053384766,-0.03061444,0.18937826
2025-11-12 05:00:00,46.27572,7.5722055,-0.46220067,-8.60559,41.615993,10.287218,3.8756895,0.023425467,-0.10457769,-1.346519,2.1212122,2.3882298,32.23306,99.592995,147.29346,-8.350699,-3.4672885,-2.9121602,-6.2559123,-4.064458,-4.664454,99.49415,0.32904422,-0.6008416,-10.301006,-0.026793446,-0.0087869,0.046821266
2025-10-12 07:00:00,10.810049,-7.3635707,-1.6314266,-3.9322789,11.953083,1.8086286,-3.4393103,0.2664866,-0.22940822,-2.7193923,-1.6750588,0.81700903,18.10223,32.552513,9.65228,-10.815111,-6.0562806,0.43252057,-2.077899,-2.8997002,-1.1214211,78.326645,-4.59698,-1.017732,-5.368491,0.011690377,0.029507944,0.078664236
2025-09-25 14:00:00,78.653244,4.2944436,-0.8842975,-2.4495778,53.505283,71.71431,2.52082,0.08519726,0.81928724,0.39031827,0.7856726,0.42715055,-1.2786334,-9.976593,-11.80753,23.814013,7.858606,7.397647,31.95887,2.879012,11.204475,14.078678,-4.628574,-1.758709,12.858185,0.032912724,0.018373415,0.49889588
2025-08-09 02:00:00,-77.59166,-2.7320573,0.63485813,2.3281267,-27.06871,-26.795235,-0.84181905,-1.0024441,-0.049413167,1.2030684,-0.2783119,-1.2006735,-16.69214,-39.19186,-43.404156,6.03553,1.8662523,1.2429106,13.082712,1.0978382,3.690191,-136.83357,-3.8768144,1.1238155,6.356608,0.034404013,0.033801835,0.13897336
2025-08-11 18:00:00,-24.829653,1.9926107,0.8349006,3.6771898,-51.447098,-20.887571,0.74631935,0.76486194,0.85093266,-2.1309903,0.3093434,0.35096553,-22.955788,-43.33762,-39.134315,3.7251036,0.429914,2.0616627,-0.16875428,-1.9704279,0.19516037,-35.348934,-0.19494428,0.98417735,1.5536367,0.090675175,-0.1026476,0.6606308
2025-12-21 20:00:00,-12.15526,3.5053895,-1.5848565,-5.096177,-24.567377,-14.5802965,1.0548346,1.613003,0.40795773,-7.1776447,0.26380765,0.16853733,-5.6469774,-6.398743,-11.12488,-4.4297724,-6.0542903,-4.1756268,-17.185057,-6.7913632,-8.064213,-19.658594,-3.6088715,-0.06137597,-14.810367,0.022447156,0.0035694488,0.07403012
2025-12-06 15:00:00,20.036459,-3.8845663,-0.04128954,-0.46661013,-25.477112,47.361275,-3.564047,0.038605507,0.40622815,-2.5207312,-1.4486339,0.47198305,5.6114655,5.026844,-7.527163,-3.2694266,-3.5337517,-3.3131483,-14.513264,-7.449166,-5.732704,-38.97731,-1.3716491,-0.30689347,-17.313646,0.007853685,0.011496465,0.10871406
2025-09-24 07:00:00,6.6736336,4.664251,-0.4547176,-0.67319363,6.268398,0.5855109,1.2947556,-0.51579547,-0.26437107,-1.4161811,0.57659996,0.5823351,-2.908988,-4.222263,-17.128195,3.8873703,4.230188,4.917549,17.524933,-0.9996969,3.9858892,-8.432226,-1.9107438,1.9108123,-2.0215502,-0.010743911,0.18623999,0.16214551
2025-12-20 16:00:00,18.223127,-3.3361788,-0.113191985,-0.9382515,-36.393814,29.926392,-2.5501912,-0.27598906,0.26142955,-2.30243,-0.6417406,0.3693717,-1.3983219,-1.9257749,-11.070369,-0.8962989,-3.309071,-3.3489864,-8.594457,-6.0476117,-4.4756074,-36.071613,-1.8619083,0.06769641,-11.8913555,0.014323708,0.005876224,0.11752154
2025-06-27 15:00:00,-35.314423,-1.1718441,0.15327387,-4.4321947,-17.74988,25.314234,1.3986185,-1.4101012,-0.07746493,4.2149467,0.6638561,0.16615528,-28.216782,-57.746204,-31.291758,19.567686,11.330647,3.427918,36.259064,2.077749,9.232263,112.08079,2.4839735,-0.48213157,5.833807,-2.5451925,0.055683322,0.12847897
2025-07-27 06:00:00,-22.364698,-9.504712,0.5559139,2.784002,-11.514222,-22.84728,-3.8931139,0.4164616,0.66845465,1.4809985,-1.8921312,0.27094337,-13.137074,-31.116203,-46.63052,2.7512572,2.6596808,-2.3316455,13.732619,-1.3018303,1.1818963,-125.391365,-2.0075064,0.42482883,2.2064779,-0.00530823,0.06484953,0.20362417
2025-12-17 00:00:00,-91.60205,0.8996821,0.41750813,-5.701587,-45.36276,-73.17232,-0.7199263,-0.31448874,0.003975116,-3.273597,0.18331063,0.29426086,26.675177,4.953086,-6.5221763,-21.487358,-14.578159,-17.254047,-9.856057,-26.548807,-4.901122,-70.08855,-19.777357,0.9882679,-40.803745,-0.027603254,0.049544632,0.058922783
2025-10-01 09:00:00,160.09145,6.029511,-0.119564965,-1.7589773,92.29809,75.703445,3.6987488,-0.5283603,-0.21883832,-5.126299,1.6547915,0.5745155,5.83625,6.016673,2.7780266,12.754022,6.9516377,6.2352633,20.909634,-1.0688854,22.381174,96.82966,5.726465,-1.3180125,5.429699,-0.13782118,0.0007650746,0.047905322
2025-07-14 13:00:00,-13.12496,3.0429914,0.29422006,2.4917831,-37.70412,0.81761444,1.6006979,2.2597544,-0.13858478,5.578349,0.22399738,0.4291272,-7.3001146,-10.479,-22.211683,11.030555,8.0202,3.0326798,17.41044,3.9416032,9.360717,60.238388,3.7715676,0.328685,6.369987,-0.08951956,0.023890082,0.1708222
2025-09-30 09:00:00,172.25249,7.3868885,0.04295821,-2.0766335,97.40745,81.63465,3.6960592,0.6855642,-0.26445478,-1.0854733,1.5115414,0.45075145,2.9836624,-1.3005551,-8.340198,18.109203,5.752615,6.1231837,60.42024,0.28943372,23.013903,119.62004,8.741082,2.693178,6.455882,-0.11933752,-0.0723458,0.044152543
2025-08-04 01:00:00,-110.777565,2.2319808,0.9527682,1.107867,-46.120243,-57.087566,0.64298254,1.3327129,-0.13492252,0.35028523,0.061797287,0.1261108,-25.030582,-44.96841,-39.996796,2.6011996,-0.3207748,2.7636092,0.7647554,-1.24236,1.8551549,-90.08223,-5.808061,-0.66142666,6.5087247,0.0037495887,-0.03429171,0.17864265
2025-12-09 08:00:00,35.720097,2.2698548,0.109158464,-1.7155416,13.569814,14.071583,-0.09060639,0.59598565,0.28954253,-2.1461754,0.37854746,0.2854732,-8.606365,-6.716899,3.8055422,-4.9777074,-5.83995,0.53452855,-12.76755,-4.8657336,-5.2460723,91.24014,0.24335566,-0.083628535,-1.5142872,-0.018499147,-0.009377637,0.0740458
2025-12-05 10:00:00,53.158142,0.9990128,-1.0653791,-2.8901534,-5.905381,43.737354,2.1331072,-0.3561768,0.01689578,-7.0361137,0.06061352,0.3298098,-6.0188546,-6.1067066,-12.010915,1.1190944,-1.5239995,2.5957263,-29.991257,-12.164775,-17.209314,101.70912,-4.515224,-0.11218256,-20.19841,0.041114915,0.003577175,0.037712168
2025-12-23 12:00:00,6.2200737,1.963717,0.14098917,1.0769801,-58.97115,-3.7920873,0.1806088,0.46737358,-0.17831433,-4.6735783,0.32782984,0.3064287,-8.6093445,-13.723672,-24.236248,5.69833,3.9354098,1.8436795,-15.183806,-23.070717,-9.385989,-42.728844,-4.6399474,-0.13920231,-23.294495,0.03800592,-0.007969524,0.10975355
2025-11-01 17:00:00,48.013058,-3.1618083,0.7714654,6.2044406,28.294794,39.876217,-1.9693756,-0.4129837,1.9495193,11.483915,-0.7843032,0.37998343,4.9135013,11.792857,6.84337,4.7916217,1.7880371,0.78145945,-0.14341003,-0.1568257,1.1752886,8.818172,1.5321412,-0.23353387,3.1750073,0.0013823,0.0036426543,0.1528419
2025-11-18 12:00:00,8.940893,2.1398,0.67385423,1.8748982,-46.089756,-6.499297,0.50080687,0.27222157,0.67720205,-4.0206027,0.34218615,0.45555905,-3.9362097,-2.393459,-8.2175045,-1.5198011,-1.6464003,-0.9779908,-21.404001,1.1376766,-10.035351,-15.50953,4.610975,-0.616141,-5.947493,0.00409954,-0.016261054,0.092579715
2025-11-03 19:00:00,-26.84506,2.4711158,-4.0210447,-8.794081,-4.0610323,-6.622076,0.8726368,1.4013269,-1.8381636,-4.6805415,0.09281302,0.35648367,-6.0914288,-5.590803,-3.825417,-8.609375,-2.3583355,-1.0774933,-14.113344,-0.80349845,-6.1722817,0.068473406,-1.7192266,-0.45835364,-3.7857397,-0.06296527,-0.06904108,0.07306685
2025-08-17 15:00:00,-22.407274,-6.8348556,-0.27234912,-0.29310653,-11.408959,24.34967,-4.2922554,0.6064767,-0.11577714,1.1713333,-1.5461982,0.36880928,-7.0197496,-14.359383,-24.506617,11.466507,-0.059023578,2.855413,6.275338,0.96456754,4.857383,61.981678,2.923541,0.20002092,4.538686,0.010182749,0.02405407,0.11373354
2025-08-03 16:00:00,-18.650208,-4.788515,0.2537434,1.1531459,-40.801582,-11.123932,-2.6751223,0.83313626,0.18120062,-0.6592409,-0.86805475,0.2743588,-11.436292,-19.257374,-21.195852,11.735008,5.175494,5.996047,5.2375255,0.6082317,3.6571183,5.9615664,2.6619568,0.7483733,2.4357543,-0.09002341,-0.04516497,0.37857163
2025-10-25 15:00:00,7.1349425,-4.7159805,-0.047023013,1.1613264,-23.23239,45.966225,-3.3619404,-0.31601492,-0.1614571,-2.6814232,-1.0872177,0.4882604,-0.7293897,0.98916876,-8.1382475,0.09162189,-1.6710922,1.5753928,-14.714544,6.3365965,-5.1407986,15.242398,7.489103,-0.047356036,4.842611,-0.0702217,0.010209505,0.07321765
2025-12-08 02:00:00,-45.660095,3.2475326,0.014818436,-0.118416294,-15.646481,-30.636421,0.7231659,0.82087815,-0.015810134,-2.4997952,0.39263213,0.5616975,39.74522,61.364353,22.623423,-11.23188,-6.1819615,-8.701681,-9.431178,-7.9870224,-3.516083,-106.68751,-11.483701,-0.7584094,-7.4758,0.02292821,-0.013114863,0.048056137
2026-01-02 06:00:00,72.30423,3.765597,0.4115669,13.130752,105.31169,26.501186,3.703797,-0.3058946,-0.03445079,-0.93787676,1.4357879,1.3866265,54.284042,142.4668,244.31071,-0.79080176,-2.0251575,18.113346,11.03475,15.835087,5.4518213,222.26231,1.9694214,-1.2558122,2.524725,-0.0102431225,0.009531717,-0.5647885
2025-07-04 00:00:00,-78.64385,0.53699195,0.79126304,-2.667028,-29.489323,-54.20424,4.474166,-0.9550849,-2.2035391,1.1543735,0.1332803,0.151231,-32.259224,-59.52309,-37.98042,18.202719,6.2485747,3.5156982,16.019636,-11.945614,-1.3235153,-1.9018841,1.3670665,-0.057527486,7.7869368,0.30265436,0.046058428,0.074892566
2025-08-22 02:00:00,-77.26577,-0.6598409,0.5782447,3.1705184,-27.39514,-28.65475,0.5895146,-0.879121,0.0930549,1.2280365,0.13181914,0.1429759,-20.399557,-45.107136,-44.64815,7.2009907,0.33239305,-0.40180686,13.654512,0.24299496,3.5676742,-140.63043,-4.1646748,1.992713,7.075103,0.07704056,0.008628821,0.15686335
2025-11-24 05:00:00,49.66221,12.14313,-0.44062132,-4.602689,42.962643,10.20785,4.748056,0.66323364,-0.3405766,-1.5360914,2.444314,2.4259348,36.492065,109.84432,159.25998,-12.571596,-2.13845,-0.9125859,-6.9790707,4.165752,-3.2535224,97.16347,-1.7948326,-0.5249973,-9.004856,0.0045102076,-0.011091026,0.04866055
2025-07-09 18:00:00,-33.78454,-0.45194235,0.5950508,2.891194,-63.78574,-31.984888,-2.2862723,-1.0960896,0.9659715,0.70308244,0.21289964,0.19017059,-34.15582,-76.26949,-39.49322,10.411198,2.7697241,3.5919857,5.811203,-6.288608,8.820136,-129.31541,0.9624358,0.18037598,3.6720903,0.20721908,-0.18966003,0.44732612
2025-12-12 20:00:00,-24.134243,-1.7842535,-1.6012422,-4.899516,-32.812763,-22.451757,0.089316785,-1.5781757,0.6308379,-6.69208,-0.007898188,0.17338526,-8.629018,-9.725196,-12.9053545,-11.091754,-4.784096,-2.5085208,-16.688627,-7.8413734,-8.6276455,-20.95042,-12.366348,-0.29461727,-14.040968,0.02332166,-0.00093891507,0.082061045
2025-10-06 13:00:00,-24.06239,4.0087614,-0.31758198,-1.4095039,-55.19685,-15.756888,1.6312338,1.3961508,0.18651031,-5.669999,0.32754073,0.3792508,-6.6211886,-9.905688,-17.154404,4.0790186,7.77949,4.0808883,6.339445,8.709396,6.481032,-31.482868,0.19638903,-0.12908624,8.495305,-0.04763227,0.018575678,0.114079185
2025-10-22 13:00:00,-28.64712,1.5461981,-0.23806047,-0.17233808,-62.281723,-17.601776,0.25032791,-0.5994275,0.17456353,-4.5512347,0.32368976,-2.3335814,-1.2494738,-0.7580153,-1.1673571,-8.196705,-6.521947,2.6452813,-25.09269,13.522053,-7.7907405,-7.5161886,6.5234323,0.058307268,5.995903,0.10823288,0.006664399,0.10433746
2025-09-02 09:00:00,164.3119,6.7196903,0.1327292,1.4911233,97.570625,75.91442,3.8336153,0.3545906,-0.28169966,-0.5278311,1.4690319,0.5616998,5.854972,6.7808943,0.428412,14.187642,4.673228,6.0810575,8.348754,-0.7852159,17.66762,113.453354,6.983317,0.39580542,5.368457,0.16627328,0.00016141623,0.048662964
2025-12-11 05:00:00,67.56471,7.146826,0.9299618,1.4481124,56.61651,17.875502,3.969643,-0.16517375,-0.004291032,-1.4364626,1.8944937,2.0163093,35.31821,107.87369,71.10532,-9.72145,-3.5561674,-3.9744723,-1.9276804,6.091033,-2.362805,76.933586,-0.032004967,-0.14753471,1.6463388,0.009908815,-0.003634568,0.07522323
2025-12-20 13:00:00,-30.389156,-3.1434233,0.32152912,-0.14666985,-66.6759,-22.52591,-1.7038022,-0.6639942,-0.3390846,-7.5461836,-0.4131109,0.23932506,-9.047731,-15.879817,-26.289867,0.023614302,-1.9772837,-0.6440696,-21.430964,-24.811214,-10.232837,-115.719574,-4.407731,-0.41781062,-23.231264,0.08969357,0.01605341,0.114074014
2025-08-13 19:00:00,28.52907,-1.4088663,2.301563,12.283243,7.845505,6.343826,-1.1997298,-2.6521385,1.0488602,3.3688455,-0.39825466,0.20513237,-17.2577,-38.9932,-26.64603,12.703855,7.8392935,4.2721214,14.346758,0.4016763,6.145024,-66.893814,-0.7247318,0.7416925,6.755918,0.03348346,0.029692657,0.4564743
2025-12-22 09:00:00,164.18651,4.502546,-0.06725161,-0.66964793,87.45121,73.68929,2.9201179,1.4069461,0.29688296,-3.7380967,0.39295357,0.35956094,-3.5844672,-2.7221596,6.640931,15.825473,10.688467,4.230906,-3.468347,-6.440509,-7.9223375,157.00699,-4.3965387,-0.46003807,-10.165433,-0.16360971,-0.0052446346,0.045940157
2025-06-28 05:00:00,-27.474794,-5.156822,-0.36634886,-0.34406188,-9.584792,-15.071581,-2.4153593,-0.65657794,-0.19188584,3.296296,-0.9222562,0.21950944,-20.031301,-48.33118,-51.5134,5.5715876,1.2870377,1.3267423,20.782461,-3.007052,4.669649,-151.6012,-2.938032,0.038945064,-5.81016,0.007720286,-0.015937857,-2.7533314
2025-10-08 12:00:00,8.83622,1.4082756,0.22952043,0.2899742,-43.089005,-3.2311623,-0.2526317,-0.8105918,0.20530106,-5.51578,0.28871083,0.3823972,-3.782232,-3.7365503,-8.8810625,7.240422,5.711658,4.914474,-15.08656,1.1501701,4.233017,-12.899085,9.877283,-0.33523393,6.8802075,0.010649504,-0.008036549,0.09069198
2025-08-31 10:00:00,62.12749,-2.2492268,0.44508722,-1.0620335,7.3314385,53.65932,-1.6763492,0.46935788,-0.2666305,1.1350871,-0.5546923,0.30675477,-0.5384055,2.3636796,-5.581969,15.754347,9.612589,3.9679036,26.406588,1.7082365,12.576485,104.21706,4.537909,1.8285301,6.188186,0.018735804,0.03905278,0.002681381
2025-09-10 08:00:00,43.5763,9.542826,0.5685123,1.0626386,18.181265,9.745914,3.5358748,-0.67140007,0.0031289458,-1.0509971,1.5367525,0.6255608,-2.2726398,-2.9077685,-7.2639523,5.3951297,7.7564197,-0.34849346,21.685425,0.595114,3.6206956,8.540582,-0.9410756,2.2186308,2.6220863,-0.012938884,-0.049988057,-2.047644
2025-07-13 14:00:00,55.338436,-10.933354,-0.601249,-1.715082,41.026073,44.977448,-6.618482,0.14910969,0.77490836,6.2165375,-1.7925086,0.3517047,-3.3278701,-5.5763707,-15.189085,24.348885,8.927123,3.8973536,20.367086,2.973807,13.311015,79.91004,0.40269238,-0.33351654,10.067107,0.0065523777,0.067433774,-0.4703674
2025-12-09 16:00:00,20.487793,3.702498,-0.020825272,-0.52518445,-38.470997,29.229805,1.4707928,0.26261178,0.34680024,-1.9296379,0.44984555,0.4870579,0.9407307,2.2324479,-2.8893504,-7.755834,-7.1977925,-2.0910835,-9.583011,-2.9077039,-3.690075,-23.762167,-0.58614236,-0.19894391,-9.831204,0.016610054,0.030862877,0.09236531
2025-09-28 11:00:00,29.431702,2.6098986,-0.2027165,-6.4647737,-24.390917,17.024021,0.29733756,2.7128112,-0.28983185,-0.9501209,0.4144453,0.19350432,-4.4180613,-5.3043814,-11.90378,16.197786,6.8584394,4.6231894,37.264618,1.4427215,8.967149,127.56744,5.2037086,1.1638848,3.1444225,-0.015447179,-0.40079904,-0.01946104
2025-07-30 10:00:00,65.760864,0.763442,0.96432656,-0.33932585,10.185727,60.69981,-0.38831288,-0.7105623,-0.0020203711,6.2812986,0.15028685,0.25161773,-4.598166,-2.1264083,-12.697428,17.266766,6.4557786,5.0551896,31.747107,-0.034506556,23.375938,142.76118,7.9812675,-0.98053104,7.3470745,-0.1527833,0.022799667,0.04060154
2025-08-19 17:00:00,-20.093315,2.3667126,0.011634939,1.3915583,-43.675472,-10.851017,0.8567017,0.3193945,0.9175798,-4.38249,0.39860424,0.32555938,-22.961075,-42.563908,-35.05074,7.9753,3.031986,4.143117,7.6496077,-0.8488256,0.43950105,-31.22547,0.35510206,0.15565607,-2.7981384,0.059795834,-0.08916544,0.72241205
2025-10-29 02:00:00,-37.95488,1.1104416,0.2918995,1.2447615,-10.066401,-24.65791,0.5553205,-0.3850577,-0.047108155,-2.1268575,0.27484965,0.3972243,28.024994,23.568151,7.705371,-15.3945675,-6.952708,-7.8361683,-6.444466,7.2477756,-2.568101,-66.7545,-2.370978,-0.01355412,4.728833,0.0049168426,0.011607131,0.062093448
2025-11-10 06:00:00,56.250378,8.612113,-2.038547,-13.404245,106.21288,17.879248,3.998035,0.89074284,-1.0236002,-1.3130369,1.8492053,2.2677004,50.20243,121.71229,208.30014,-8.6652,-4.012176,7.537247,-12.562526,-28.048573,-0.93660265,236.50992,1.6561462,-0.6324497,-11.370382,0.07721414,-0.0066577042,0.05743893
2025-12-03 19:00:00,-15.440774,0.34507626,-2.5875168,-7.024826,4.125133,-3.1734614,-0.09018156,-0.66102475,-0.7363833,-3.8964636,0.11758341,0.36981386,-4.5321507,-3.9172575,-1.6117413,-4.6171055,-1.5866083,0.6378731,-11.70556,-1.0631713,-5.63042,-5.5574355,-13.451248,-0.27416813,-10.928572,-0.027572703,-0.043103345,0.08027537
2025-12-17 13:00:00,-35.425957,1.6887726,0.12912516,-1.1210802,-66.15614,-31.147963,0.3147449,-0.560583,-0.34610826,-5.9189053,0.21277277,0.28942636,-8.564977,-12.967127,-25.34218,-5.9990797,-3.8453653,-1.1021805,-23.642584,-22.810719,-10.595671,-103.69014,-5.0660744,-0.2654985,-21.759817,0.114284836,0.017945757,0.11862863
2025-07-07 01:00:00,-109.57365,5.6896176,0.6390521,-0.72471297,-41.99979,-47.379856,1.1013812,2.2638052,0.055346888,2.3691375,0.08057942,0.15247308,-31.977047,-66.14663,-43.953583,14.645792,3.9044974,-0.6379658,11.51794,2.2719913,-0.4267773,-100.01626,-5.232848,-0.94622,4.733138,-0.28028664,0.037633825,0.12679976
2026-01-10 09:00:00,167.74658,-5.4685464,-2.7198298,3.0342684,83.79058,71.06338,-2.409491,-0.70099115,0.044883028,-4.0349135,-1.0761265,0.2663334,-6.089216,-2.4913807,1.9037948,19.1537,14.987093,5.923548,2.845553,-3.4071314,-0.2781581,161.68694,-3.2342227,-0.19231133,-7.540171,-0.21736822,0.029665668,0.049941365
2025-12-05 18:00:00,0.2177407,0.020947665,-3.613941,-7.571371,0.91756254,6.6862855,0.9610857,-0.4492445,-2.1459694,-4.3025255,0.27722454,0.34087992,-6.2214823,0.5622884,-6.9945846,-1.0062752,-1.8997827,-0.5537907,-13.427105,-5.234354,-6.0848823,83.00921,-10.392402,0.14961195,-4.683932,-0.03700376,0.0062745325,0.02874727
2025-08-14 00:00:00,-76.77706,0.19745588,0.45764223,-0.16403407,-27.509428,-55.856163,0.52126545,-1.0457629,-2.4482262,-2.1189063,0.17559946,0.15392582,-23.132475,-47.21566,-34.217033,12.819457,9.201936,5.1259303,11.979514,-2.7628157,5.0812716,-16.373959,-5.7712274,0.43757117,8.545039,0.059472755,0.017181644,0.11771668
2025-10-03 06:00:00,38.95833,4.7318463,0.5120987,1.9118851,35.51222,1.359932,2.313185,-0.38501996,0.65248275,0.11543918,1.5090759,0.7262289,1.1759971,3.1100948,-0.044150308,2.511858,1.4361956,2.8882322,1.0001595,-0.19622713,2.2928567,5.2116275,-1.7797825,-0.37337926,1.0960153,0.008633091,-0.05332205,0.19824898
2025-07-24 00:00:00,-83.084465,0.5457638,0.980549,4.166088,-22.631538,-58.892483,0.21988602,-0.030013628,-1.6350393,2.375445,0.18710998,0.15506493,-16.279762,-23.392258,-21.906454,14.023768,11.413294,5.533456,9.878583,7.900471,3.3730435,-15.302362,-2.6209164,-0.50341934,-7.6142592,0.026312182,0.044735484,0.2132673
2026-01-04 21:00:00,17.166191,2.7707646,-3.1141956,0.13894042,-3.564996,-0.74135953,1.0219184,1.8309089,0.551502,-5.2349987,-0.09682583,0.14534843,-9.574623,-6.418386,-14.926383,-12.81479,-4.967777,-2.6354022,-22.418541,-7.0311937,-8.500433,-46.84055,-23.233686,-0.14510845,-16.698288,0.018597078,0.011335509,0.075743556
2025-10-22 10:00:00,49.187183,1.067322,-0.09171987,0.047507122,-1.4826927,43.888233,0.08084762,-0.49267936,0.13043056,-5.4088864,0.3153003,-3.8407352,-0.70634055,4.8018513,3.1690202,-7.3002267,-4.371742,2.8993993,-27.876432,6.6803536,-12.703366,70.07051,5.5242558,-0.6331891,6.8702435,0.030603439,-0.00023466768,0.05681635
2025-09-02 07:00:00,-7.9943066,2.8613508,-0.9873773,-1.5268548,-1.0561535,-4.798288,0.83025986,0.5843548,-0.17274676,-2.084955,0.7492285,0.45690003,-4.2708564,-0.24081293,-3.451256,-2.893876,-0.23284805,2.5984185,-2.4614532,-3.2386417,4.307122,73.765305,-5.425449,1.4313139,1.3361012,-0.013961817,-0.0008549335,0.06352753
2026-01-05 10:00:00,56.81136,1.0991998,-3.6188595,1.0543569,-10.351185,46.916843,1.0842983,0.9571018,-0.16765395,-8.854008,-0.042165343,0.31549737,-10.731321,-14.753419,-22.889042,11.832043,6.3040185,3.6401262,-22.378084,-8.443017,-16.69352,121.37446,-6.198559,-0.54572785,-22.729025,-0.032897204,-0.008510718,0.03672898
2025-08-20 20:00:00,23.356218,-1.6218247,-0.81655055,-2.7963574,-11.44404,3.93191,-2.0355802,-3.069669,-1.0131586,-1.7081884,0.031640157,0.14749742,-8.056887,-18.38605,-13.376149,17.949291,12.005948,8.522789,29.970108,3.9233112,10.187348,-15.510924,-0.27409247,0.19368827,4.359486,-0.048664294,-0.011619012,-2.8231068
2025-09-06 11:00:00,25.733868,-1.0097,0.05970518,-0.980591,-27.730097,15.700126,0.19309711,-1.426008,-0.10575569,-1.8541322,0.23668368,0.19430086,-5.464796,-6.722588,-7.6576343,8.7718315,6.3799205,3.7576761,8.397398,0.5935804,4.9305573,118.76534,6.4357195,0.21743067,3.3549845,-0.02798755,-0.009414219,0.028896933
2025-09-05 05:00:00,14.240285,1.7384876,0.77851844,0.91696936,8.685947,-7.0589843,1.3757088,-0.44917423,0.11718845,1.3269329,0.58891034,-5.229544,-2.4079092,-0.9044483,-6.436948,-6.868403,-2.5773408,1.3915858,5.780067,-1.022896,2.9324665,-83.93589,-2.985737,0.88742536,1.2695447,0.05776544,-0.34744483,0.082676515
2025-09-30 05:00:00,-13.7793045,4.234335,0.5373365,4.8282514,-2.6203108,-12.163977,0.9176066,0.9393921,0.38259655,1.3142277,0.48498747,0.3283452,-16.01999,-28.94989,-43.944714,4.1056347,2.5292118,0.7041148,14.131883,0.12222703,2.2617097,-139.9265,-3.2988198,0.6796543,1.1075377,-0.022183258,-0.07295922,0.22021516
2025-08-27 22:00:00,55.128033,0.08568554,-0.10137252,-0.6751781,47.970158,4.585981,-0.5343538,-1.8480221,-0.5349063,2.0363677,0.19734716,-1.5312803,-2.929685,-4.531932,-13.493932,18.017197,9.989118,5.8176312,11.028816,1.0365547,7.118748,4.976434,-6.1593637,-0.21567452,5.4334445,-0.1594213,0.102358446,0.15542825
2025-12-10 14:00:00,22.837421,6.8648295,0.15520315,-0.7233026,-5.037767,30.357141,3.6247087,-0.4167843,-0.27179065,-7.8744216,0.5305952,0.49522164,-0.953993,-5.1189594,-12.402174,-9.68628,-5.8449097,-2.8894682,-20.867142,-16.620794,-12.122182,-119.68058,-7.1428967,-0.2075867,-26.727314,0.0204684,-0.0009587223,0.10184772
2025-11-21 16:00:00,12.948513,0.96657646,-0.2765138,-0.044414017,-42.162968,25.559694,0.5285643,-0.35441747,-0.037325867,-1.9365724,0.4807722,0.50809425,2.3206115,3.8099015,-2.5584161,-8.042656,-4.792773,-1.9396629,-9.343612,-4.5178623,-4.4119925,-5.6056967,-2.6007953,0.5398726,-3.711708,0.0095457295,0.07126144,0.117469095
2025-07-07 08:00:00,43.22838,14.45801,0.42286783,1.6551753,15.462892,14.829945,5.143711,1.4217014,0.4136229,4.0047045,1.5599995,0.6034745,-0.01980547,0.4341331,-10.267914,7.5345554,6.654176,0.6141163,31.24128,2.8446977,10.069529,-39.672665,4.0948358,2.1019769,3.4856017,0.04489381,-0.0028263824,0.1341207
2025-09-02 05:00:00,30.500425,6.359187,0.44763377,0.81440777,20.409739,-4.180649,2.365681,0.43864885,-0.04086244,0.84717345,1.1371521,0.62661815,4.140396,7.210545,4.7483444,-0.6189221,0.25209293,1.1222732,1.6476128,0.7294373,3.0468326,-40.755497,-2.0484002,1.2364783,1.6299695,0.004941122,0.017671138,0.09742959
2025-08-15 11:00:00,21.457428,-0.65707,0.68709874,-0.091315046,-34.016758,7.582198,1.4764556,-1.4553452,-0.11071056,2.3019333,0.5116743,0.35278913,0.51651496,1.041275,-6.5603795,12.746324,6.006396,2.0669806,12.692817,0.919012,8.17515,71.27895,8.203536,-0.02226811,3.9825964,0.037455652,0.0038617298,0.015167717
2025-09-25 22:00:00,51.420464,-0.44981003,-2.1117215,-10.671823,49.9672,3.8364139,0.24870744,-1.7784072,-1.6653994,-0.8587492,0.1548703,0.23492335,-2.605248,-13.07555,-19.976053,30.307352,13.431864,8.545947,29.526506,2.828212,10.704079,89.39905,-1.0562713,-0.5773943,4.1562223,-0.07980137,-0.024382416,0.07124893
2025-06-28 17:00:00,-22.016836,-5.42208,-0.9091586,-3.0676353,-32.378384,-15.623291,-2.3500004,-0.87087953,-0.6439384,-0.50061,-0.7019008,0.18820368,-22.707394,-83.25989,-30.733639,34.909184,16.007065,3.760284,15.370116,-1.2869167,4.460233,-117.98839,2.4031029,0.24798888,-12.116863,0.3356194,0.069973454,0.40851182
2025-08-20 14:00:00,83.954445,5.1331997,-0.59796554,3.3839996,60.23573,73.9351,1.9558519,-1.4090469,0.06636586,3.4231448,0.8861252,0.427586,-2.4970922,-15.542048,-13.806064,15.059716,3.6315365,7.4924436,30.716898,4.1182632,9.849808,27.430449,11.332842,-0.55928147,13.426598,0.093052074,-0.0042774067,0.3619486
2025-07-26 00:00:00,-78.13504,-1.5192678,0.85395086,-0.5890639,-24.641489,-53.3945,2.022831,-1.9736903,-2.5758016,1.592036,-0.37364012,0.12747152,-28.898336,-56.08989,-36.400707,21.854637,10.023655,4.7176843,19.394575,-13.987295,5.2353363,-19.607035,-1.7205195,-0.13041489,7.868969,-0.4889549,0.09605409,0.068057194
2025-10-07 16:00:00,-3.0861712,2.981258,0.45462158,0.40939113,-42.87942,9.622446,1.1178377,0.8229135,0.10648867,-2.141466,0.343589,0.38504943,-5.0485845,-4.776048,-10.857358,3.314078,5.062996,4.491369,-7.11759,1.3384696,1.1635069,-1.8980337,3.9387524,-0.3253235,2.1847308,-0.031657,-0.0232121,0.114611164
2026-01-07 05:00:00,51.08244,6.1712337,-0.9160847,4.799385,46.57911,13.222956,3.4832523,-0.15697855,0.047356777,-1.3318684,1.5670671,1.5974246,18.883802,102.912346,179.14302,-11.674482,-5.9950957,-4.1873183,4.415564,9.646383,8.946037,79.7809,3.6361368,0.71215856,3.6606247,0.021214437,0.004693891,0.06232279
2025-10-25 20:00:00,-32.982155,-2.2277787,-2.4169328,-7.5109854,-39.772423,-25.399565,0.45567155,-1.3015817,-3.058265,-7.666472,0.15037198,0.13843028,-5.6367335,-5.292798,-9.637929,-4.2862263,-5.1796546,-1.0315957,-17.142097,0.85151666,-7.2445493,-30.845747,-3.423852,-0.41110364,1.885655,0.0133914575,-0.0064685387,0.090860926
2025-12-14 01:00:00,-84.99324,-3.640601,-0.1589393,-5.4574413,-30.826504,-58.8998,-0.75442064,0.2465934,-0.13396129,-2.5071564,-0.46353588,0.33283895,36.110493,39.015305,6.595469,-18.96135,-12.779688,-9.844471,-7.2148085,-8.876283,-3.1890502,-60.58194,-13.579723,0.32504436,-22.471416,0.00052192865,0.03439944,0.053242184
2025-10-05 16:00:00,-18.703083,-3.374667,0.007935536,-0.728096,-44.31093,-6.3680387,-2.6715224,0.86303407,-0.13066034,-2.8354897,-0.61441797,0.30094957,-4.7090473,-5.653253,-16.36545,11.445556,5.4390316,3.1892838,1.7946388,0.50742495,4.48751,30.516336,4.394134,-0.24995752,2.0161552,-0.02892,0.0022563124,0.11441968
2025-09-23 08:00:00,45.475075,12.29109,0.5745999,0.36074054,19.233337,11.001276,4.237036,0.76206475,-0.10378918,-0.8384768,1.4824331,0.63210744,-0.7041092,1.1343081,-9.668208,8.627553,4.8410616,4.4873953,28.250996,3.1064625,8.380209,6.5408344,-1.0595566,1.9477514,2.7043004,-0.0037692143,-0.0849766,-2.1404636
2025-07-25 11:00:00,28.39236,-1.8850931,0.5791503,-2.2522128,-30.33035,22.094618,0.6172766,-2.3085172,-0.035186753,4.741875,-0.1382996,0.1848469,-12.448649,-18.75135,-19.359146,14.533143,8.392387,4.4264436,41.9668,3.235131,6.346809,136.19113,6.6440234,0.4416778,2.6715825,-0.061950237,0.014364491,0.1617385
2025-11-20 13:00:00,-37.83678,1.4007571,0.055760946,-0.30921373,-73.27536,-26.945654,1.051526,-0.48301324,0.6506927,-5.6074,0.3133783,0.33594283,-3.881911,-5.3012466,-10.845195,-4.949169,-4.7225432,-3.2568893,-25.965866,-5.8748755,-11.276985,-45.755043,0.40527576,-0.04760557,-5.2407537,0.0628786,0.0052828672,0.11001146
2025-11-05 00:00:00,-65.66205,0.556984,0.39030653,2.0519793,-32.88156,-49.13751,-1.2917286,-0.32140356,-0.06008358,-2.699409,0.11465621,-2.1112826,16.570833,9.504763,-2.928069,-16.744501,-10.740621,-8.518643,-7.4497795,9.195983,-4.3701878,-52.879055,-13.445612,1.0878764,-4.0538216,0.021925444,0.0325854,0.056590635
2025-11-08 10:00:00,49.042953,-2.0045962,-0.6148153,0.50001276,-3.0346787,36.9994,-1.3126328,-0.47739312,0.7292611,-5.099743,-0.3411123,0.34740615,-1.6817683,6.7807984,4.3444085,-1.1331909,-1.4072573,1.4246569,-31.698631,-2.367525,-13.100133,82.002106,-1.7127724,-0.6358406,-6.034008,-0.0018676827,-0.024785286,0.030030547
2025-10-14 18:00:00,2.548183,0.46025652,0.72515523,1.0987227,-6.119479,1.7311822,0.18227893,0.75164557,0.7612131,0.2533995,0.21307412,0.51483065,-2.3229222,-2.2469516,-8.708135,5.181266,-0.14062034,1.8289256,-6.7909856,-2.7975755,-2.1704721,61.699703,1.4133831,-0.40688506,3.7315207,0.06290526,-0.009890004,0.04610249
2025-07-08 07:00:00,6.7608647,7.073199,-0.3002975,1.9466943,5.9083977,1.6548995,1.7515235,0.5894278,0.34929264,2.6761563,0.701003,0.5172032,-7.134758,-9.491037,-18.935963,1.0587198,5.032912,0.17638914,22.603897,0.06052725,9.300017,0.6081557,-1.1232983,0.85057074,1.6188415,-0.030227482,-0.10458124,-1.8337162
2025-09-25 13:00:00,-9.245097,-0.4971312,-0.48864326,-5.230649,-36.462444,1.6784291,0.7138896,-2.5491571,-0.38328075,0.32064342,0.1749662,0.34528747,-4.9128847,-13.91608,-20.724527,16.202337,8.673229,5.448871,34.68997,0.18636936,12.419364,78.42574,3.7034466,0.739312,8.462276,0.0017664146,-0.30253342,0.1793125
2025-09-28 07:00:00,-0.4061038,-12.781547,-0.5129275,-0.8633203,-7.05243,-2.0805137,-5.033392,0.407132,-0.40784356,-0.68530655,-1.5249434,0.29653803,-5.51657,-10.511499,-24.468897,3.5590966,2.7959583,-2.033938,18.198103,-4.020855,3.49301,-59.58719,-2.4724224,0.43329912,-1.7540425,0.0025596789,-0.53622055,0.12186236
2025-08-27 16:00:00,-12.762576,1.6799152,0.20800936,1.0292645,-43.88375,-4.004456,0.49897906,-0.96237135,-0.05522086,-0.7074209,0.3633273,-3.0169811,-13.256242,-20.148787,-19.633669,10.27502,6.296491,5.7002463,1.2623471,-0.27285346,3.202244,-8.900442,2.983585,-0.06984958,1.898755,-0.011768056,0.33173504,0.53084403
2025-10-18 15:00:00,4.4784822,-4.780405,0.039283216,0.83654064,-22.034443,47.48465,-2.8950264,-0.5358372,0.04542306,-3.3607914,-1.0484354,0.39623624,-2.713797,-1.986258,-10.982442,5.045262,2.6961453,0.5313556,-9.708833,3.6290305,-4.2844076,3.7046626,8.461892,0.7159688,6.84702,0.051358502,0.012894905,0.08605488
2025-11-21 15:00:00,16.377232,0.98269135,-0.17741264,-0.75240785,-24.937801,48.60484,-0.051868025,-0.19649783,-0.13970245,-2.371182,0.6057188,0.49206904,-0.57909566,-0.43568006,-10.167835,-8.804237,-4.470151,-1.1935943,-17.628681,-5.218918,-7.9682703,-37.96556,-0.75798666,-0.0512257,-9.247737,-0.0037860153,0.006740566,0.13225043
2025-11-28 07:00:00,33.469273,1.9397346,-2.387576,-10.979508,20.236103,19.767746,2.0224023,-0.21784413,-1.2961475,-0.6922672,0.8747975,1.0462255,11.433169,69.12986,82.037605,0.44125375,4.193736,6.476367,-4.9304657,-5.404006,-2.208088,166.43501,-0.52035314,-0.71479094,-1.1482981,-0.0002478605,0.023429386,0.06011467
2026-01-03 15:00:00,15.919347,-6.577861,-3.0873363,-4.673685,-17.816368,42.260387,-4.965927,-0.22799072,-0.06570894,-4.081838,-1.1292927,0.3107401,-3.5516093,-7.0844336,-32.15926,2.5823874,1.2343138,-0.9812853,-12.467665,-13.913105,-7.1628237,-84.9318,-12.155082,-0.121307485,-17.419153,-0.0025701886,0.012140036,-0.973627
2025-07-27 17:00:00,-25.057327,-5.308314,0.09686866,1.3170547,-36.047264,-19.389317,-1.6937084,0.48974276,1.0204743,-4.5800524,-0.70588225,0.197668,-30.079954,-63.102203,-33.788174,12.438079,12.23965,3.293775,15.5968,-1.4861591,-0.66944253,-45.550484,-0.20159672,0.2581119,-2.3105187,0.020919219,0.14246204,0.64642876
2025-10-19 06:00:00,49.997196,-14.057255,-0.57650363,-2.29508,54.016518,9.175611,-6.0115643,0.117851965,0.0043554367,-1.5846452,-2.4094617,0.65368116,16.610945,23.859674,9.565926,-5.470618,-1.3889638,-3.586882,0.13735896,2.2313435,-0.36151674,89.01976,-2.0892174,-0.2324103,-0.24615906,-0.01607215,0.0056868712,0.06850232
2025-07-10 09:00:00,160.7183,5.3148603,0.47478983,1.6296598,97.957306,79.72437,4.526958,-0.35176373,0.29984316,5.753983,1.5219537,0.47543374,7.798114,4.388738,-2.683013,19.788128,8.884146,8.646368,45.654507,-6.2966757,29.913311,113.34462,0.042470746,1.6029358,1.9728105,-0.116253465,-0.07474646,0.037985094
2025-09-27 04:00:00,-36.858875,-4.728218,0.71704066,2.3212996,-8.31024,-27.304676,-1.8076425,-0.97762364,0.095485575,0.8507884,-0.8112476,0.1635001,-11.923007,-20.982048,-34.282722,2.7706103,0.49860153,1.5483807,13.504194,1.6059268,2.5744584,-142.16171,-4.645273,0.4571059,2.7624693,0.029705785,0.033558495,0.15296724
2025-10-23 09:00:00,148.23921,3.981428,0.21658188,1.0713433,79.23099,65.70761,2.5055218,-0.033145346,0.18753704,-4.539047,1.0084814,-5.1992135,3.3176258,10.604425,9.567818,-6.3622265,-3.8231077,1.6826276,-22.650377,3.2149167,-7.3562474,104.27568,-0.2881035,0.647129,6.7204647,-0.016541436,0.0011014785,0.0713992
2025-10-06 17:00:00,2.8472211,3.8711412,1.485188,2.3473022,-20.091873,10.742889,1.3792858,0.7311849,0.9125728,1.6499224,0.31434926,0.45503327,-1.4969594,-2.1307101,-9.009798,8.095386,4.5655866,3.3603897,-2.1416497,-0.83523124,0.07121417,-11.176096,1.4319835,-0.2291412,-3.0567036,0.05779661,-0.008181389,0.17689647
2025-12-18 23:00:00,-37.744324,0.033614136,0.16836672,-1.3167169,-46.632824,-68.43818,-0.0397677,-0.50516576,-0.124104194,-6.0425735,0.08940968,0.108726546,-3.3237247,-2.6658618,-11.929671,-23.303185,-14.820876,-15.74643,-16.443596,-39.84666,-9.467387,-90.992615,-22.70722,-0.119826436,-27.565603,-0.009553835,-0.0002727624,0.084806636
2025-08-10 16:00:00,-20.956244,-3.2201953,0.10989451,1.267072,-42.145374,-6.616521,-2.3395834,0.6515485,0.234074,0.14330529,-0.5178844,0.33411002,-5.1185746,-11.858484,-22.306961,-1.4855416,8.218773,4.006343,-3.0121753,1.3529003,4.409879,38.900215,2.7886546,0.5302011,1.2091023,0.14317675,-0.0144527545,0.18447518
2025-09-23 12:00:00,9.38946,2.4666903,-0.27457196,-3.955376,-29.578646,16.415098,-0.07539894,3.0004795,-0.33674183,-1.0118815,0.114808634,0.31274676,-5.8634295,-14.671304,-18.298431,11.557546,7.228609,5.464795,35.345497,3.0667143,11.728641,72.207886,9.49453,0.21187347,7.185083,0.041808385,-0.0010395627,0.06697612
2025-08-25 23:00:00,-1.5400897,1.1525882,0.29029506,-1.4520687,-30.652214,-41.96226,0.8999908,1.5394304,-0.33123925,1.2023987,0.09812324,0.23152612,-4.5558014,-8.821356,-21.116785,16.283615,9.667833,2.5956416,9.151222,0.7881355,6.53062,77.2973,-6.2724524,1.1824445,5.170346,0.04284096,-0.071355,-0.1239001
2025-09-23 13:00:00,-7.33028,2.8679323,-0.261679,-5.806656,-36.031475,2.7385864,0.15879336,2.9857635,-0.38046798,0.19306014,0.1664309,0.29506466,-5.178479,-13.540951,-19.062914,19.374102,10.625489,5.9989295,40.7737,5.256938,12.907437,82.96218,4.4383535,0.65144455,8.853264,0.060499515,-0.12019322,0.11122323
2025-09-21 17:00:00,-17.595198,-5.927606,0.04089537,3.404536,-29.824774,-14.976961,-2.015444,0.7466217,0.6040429,-4.527054,-0.9643635,0.23354489,-20.153362,-33.673347,-29.65771,8.004142,2.55752,4.370433,0.44816542,-1.8743874,-1.6479124,-34.427795,-0.11521792,-0.42739543,-3.0796278,-0.011856626,-0.06828799,0.78967786
2025-10-24 02:00:00,-41.63957,0.16996098,0.31447455,1.5210229,-6.999418,-26.139027,0.5511376,-0.4744262,0.023330253,-2.4000833,0.20469797,0.33153692,24.544847,18.045214,5.791609,-14.701801,-5.9598722,-8.348082,-5.9075084,9.147302,-2.563895,-89.096535,-2.5300891,-0.12783071,5.3433676,0.019541815,4.2448984e-05,0.055415265
2025-11-24 02:00:00,-45.7039,3.3959274,0.292788,-0.14553922,-13.564642,-27.265823,0.7223372,0.67266434,0.15495096,-2.0299911,0.36798784,0.6240401,34.28482,57.19888,27.243973,-13.260934,-7.3233395,-9.178386,-9.087934,-1.7351139,-4.0085273,-95.94012,-1.8900017,-0.17868128,-2.820871,0.014634844,-0.0017150244,0.050425146
2025-11-03 01:00:00,-67.7402,2.2329335,0.6786202,3.0732021,-26.703066,-51.814816,0.6691333,0.76543325,0.21555397,-1.9765515,0.17311758,0.3793156,30.102995,20.699377,7.206539,-12.612568,-5.2082114,-6.502212,-6.284497,14.356992,-2.1480184,-51.56472,-8.670603,-0.18992175,1.6115247,-0.045783438,0.0028856485,0.046420466
2025-07-17 03:00:00,-63.363068,0.18261622,0.91528976,4.0508213,8.799466,-29.289349,0.51466936,-1.0425668,0.45394656,3.8800793,0.1991573,0.17652646,-12.372834,-15.876657,-33.25877,2.7925358,-0.11576158,0.88145113,12.56724,1.5500207,3.7397165,-152.24957,-8.055085,0.75973254,2.424627,-0.016759746,-0.026588447,0.11392886
2025-12-16 16:00:00,21.74216,3.7379348,-0.032670815,-0.39330342,-37.234306,29.662792,1.6220901,0.2716809,0.21018699,-1.8274609,0.44133893,0.45835766,1.6972466,2.77105,-5.5171385,-7.759439,-4.6813965,-1.1078886,-10.226427,-4.4214015,-3.9963167,-24.631435,-0.8183799,-0.05104212,-11.041809,0.01691459,-0.002819981,0.11263981
2025-11-18 04:00:00,22.20393,5.580551,-0.41972896,-3.9553568,8.538267,-17.389126,1.7433102,0.18080196,-0.21337798,-1.3663764,1.108578,1.0436956,30.764896,69.29652,108.03644,-13.035429,-5.806846,-13.875424,-4.6282024,-0.15236466,-4.1384764,-18.4456,-1.2120498,-0.46183237,-3.4618556,0.022097297,-0.06349,0.14350934
2025-10-03 13:00:00,-20.65418,0.07982238,-0.4142705,-0.91089314,-42.219254,-5.170409,1.1064553,-1.3134544,-0.26426905,-6.4471316,0.23847136,0.33894965,-7.446736,-13.3206415,-26.752888,2.3617148,8.452569,5.4629426,-1.2622405,4.0081034,8.643906,56.321518,3.8516312,-0.2032228,6.437526,0.016004838,0.029453069,0.20159751
2025-10-05 10:00:00,61.69917,-1.8452728,-0.56745076,-3.1123018,7.983401,52.044575,-1.1944728,0.3007975,-0.07476155,-6.4449153,-0.05232461,0.23805098,-0.8846384,2.6773348,-4.560574,13.848399,7.1110563,4.9366293,16.411798,0.9188319,10.481867,132.39876,-0.3714206,1.3043822,4.316101,0.00706161,-0.02721607,0.033541497
2025-09-10 21:00:00,66.1228,-1.2546028,-1.398044,-5.8428845,38.430077,16.703756,-2.766774,-3.6864502,-1.1042104,-0.016313689,0.1913963,0.13977095,-3.1903741,-12.552382,-13.42316,32.43563,12.731099,-6.277388,40.455578,3.8476408,9.570792,-7.0886393,-0.9215742,0.052444972,6.552412,-0.13127781,0.045548957,0.2790768
2025-12-10 19:00:00,-14.350396,0.37951782,-2.4616148,-5.888911,5.873586,-0.9097793,-0.08827149,-0.6355771,-0.6657462,-3.5626493,0.13604826,0.3298664,-6.367396,-5.5843353,-2.900034,-2.201403,-2.9719932,-0.5683625,-10.652795,-3.0300148,-5.1740327,-1.0549173,-8.667385,-0.39363807,-10.770464,0.01615197,-0.036907427,0.08788367
2026-01-12 12:00:00,8.468544,3.6672475,-7.3656373,-11.735611,-65.59761,-3.6920812,1.3940295,0.82542175,-0.4746348,-4.8165317,0.25009406,0.28830263,-13.955266,-24.49603,-38.76822,8.073559,5.214882,2.0149343,-17.603113,-26.188532,-2.8555732,-59.7507,-7.1193447,-0.22270742,-25.016281,0.07884901,-0.11347365,0.36112562
2025-09-23 00:00:00,-81.28441,1.0813342,0.5661,-0.17782454,-26.066751,-54.56239,-4.542578,1.5449538,-2.6797428,-2.3374436,0.19994147,0.15382008,-21.261475,-37.574745,-31.717731,24.435465,6.798311,5.055454,15.475826,4.1194353,2.6289978,-13.943552,-0.33161575,0.817117,8.706379,0.04899084,-0.000901778,0.1210117
2025-10-22 18:00:00,2.5982735,0.60031575,-0.6524872,-0.9762724,2.3241193,3.6149893,0.0042423154,-0.5722641,-0.21475187,0.29932085,0.2579489,-4.0799346,3.228657,9.281829,1.9684857,-1.8269922,-0.77223456,2.6588957,-7.7855887,1.7209501,-1.6259055,64.830734,0.16945678,1.1747483,3.123823,0.058561526,0.076256305,0.06367298
2025-08-08 15:00:00,-23.727488,-0.90911406,-0.6356266,-2.3923922,-14.940118,22.543026,1.2512848,-1.3508335,-0.31882527,0.247126,0.4707895,0.20041175,-22.871946,-34.18498,-31.401642,14.983961,7.6862164,3.9095118,22.507566,0.9188282,3.6771119,117.21378,2.2487886,-0.24009775,-4.65592,-0.41948897,-0.013087004,0.1707075
2025-09-23 04:00:00,-36.615974,3.1349075,0.743277,2.4440289,-5.7835894,-32.695446,0.48349214,1.265505,0.091473185,0.75732255,0.26927477,0.20454548,-11.573669,-14.077277,-32.87102,3.3855698,0.8845193,1.5829647,14.702009,1.4172558,4.9124727,-144.85779,-5.041139,0.8621325,4.122732,0.047356054,0.02762775,0.13756222
2026-01-07 04:00:00,39.03418,4.0793734,-1.6270227,3.8911495,37.23529,-13.349674,1.4057112,-0.29749694,0.24136965,-0.6030951,0.8366674,0.8786678,31.9824,71.61818,58.148136,-14.596445,-5.245517,-13.927777,0.803786,5.489716,2.3546972,-38.92478,-8.446366,0.41049755,-3.9263067,-0.0076523074,-0.0009607357,0.11432074
2025-11-21 07:00:00,20.036804,1.0672576,-2.1886117,-15.815768,2.728616,13.283859,1.3337218,-0.24894436,-1.4124666,-1.6635027,0.39879993,0.8453525,-14.116828,38.71601,145.8732,-1.2326937,2.0566027,2.343751,-9.948331,-15.71642,-6.079791,149.99237,-1.6176172,-0.8121779,-1.8889973,0.0091030635,-0.0037161426,0.06936933
2025-09-13 01:00:00,-107.85919,-1.4636309,0.8473673,1.0475702,-44.06598,-61.35048,0.4193325,-0.6670539,-0.41690573,-0.90717006,-0.007221784,0.11932797,-20.679216,-35.25397,-41.472996,4.8081436,2.766211,-0.25406176,4.022135,2.857707,2.0723312,-68.12077,-4.0702105,-0.032657873,8.590068,-0.08878559,-0.0090761585,0.25033036
2025-09-06 23:00:00,9.000256,-2.0763984,0.17383997,0.1264753,-24.831076,-35.1559,-0.5011397,-0.91750103,-0.49477926,0.06479113,-0.3004731,0.23804578,-5.083669,-10.802522,-22.556623,8.735721,3.9240496,4.0525603,6.214551,5.7189393,6.44832,54.798035,-4.6456766,0.039602727,6.0313544,-0.011566894,0.25360653,0.08992118
2025-07-24 18:00:00,-27.45803,0.89339983,0.7429356,5.7916446,-52.42482,-29.74703,0.75569063,-0.7959816,0.94122714,-0.35934845,0.24048023,0.22796763,-32.891727,-67.64764,-42.165695,6.092775,2.1175313,2.573165,1.5176964,-4.122107,-0.2748909,-104.04946,1.281425,-0.049844418,2.5285935,0.12776686,0.1380483,0.51288414
2025-11-24 08:00:00,30.712324,4.132784,-0.39007476,-2.0648186,9.72463,3.6145723,1.9579785,1.1089618,0.24400732,-2.525392,0.6050226,0.5317545,-5.3327227,2.371155,10.510386,-12.089213,-6.825653,-0.92442966,-19.425558,-4.3229203,-6.674454,76.442,-2.7814035,-1.034928,-1.8771099,-0.045457926,-0.01908493,0.06171079
2025-10-06 14:00:00,47.310623,6.6796937,-0.48749727,-1.7164246,38.112915,46.70128,2.5520692,0.511128,-0.098066986,-7.963281,0.53420365,0.44517228,-8.354484,-6.66993,-12.592525,6.602616,6.7699428,7.5634084,8.932199,6.9890976,5.4898973,-131.84132,17.449791,0.3381106,13.709999,0.05517301,-0.00301795,0.13929863
2025-08-08 10:00:00,66.71941,-0.16294038,0.7824922,-1.0945069,8.4028225,54.78282,0.87905085,-0.44171882,0.27094388,0.27071318,-0.020282902,0.25211564,-6.2752457,-5.7940445,-15.084591,20.4025,9.596139,6.152267,43.428802,0.42689753,14.431039,127.76344,-0.5320689,1.5420808,-8.385402,-0.053520497,-0.056003228,0.044902466
2025-09-10 16:00:00,-29.00209,-0.26970088,-0.28825057,-2.458996,-48.007244,-14.807199,-0.8147867,-1.4026566,-0.16152927,-1.2318653,0.30963418,0.36558747,-19.190422,-41.357826,-31.067379,13.285903,3.8251653,0.5469973,11.888741,-1.5384037,1.572189,35.509644,0.9621189,0.12624456,1.2453985,-0.03117059,0.42913455,0.564519
2025-11-29 03:00:00,-35.045773,-3.6430812,-0.30025244,-2.2082791,16.323122,-26.436525,-1.7510631,0.0033212686,0.03690829,-1.7506261,-0.864936,0.53930926,28.172522,50.30506,21.860786,-15.799415,-9.274318,-10.062032,-8.5859165,-2.0689368,-3.9090197,-53.1692,-3.794662,-0.03410586,-2.3584275,-0.0049654962,-0.0039716554,0.06923622
2025-08-16 08:00:00,23.491243,-13.598124,0.5038151,2.8225913,10.605072,4.1592298,-8.158817,-0.18166421,0.41187713,0.49127632,-3.8569558,-5.810913,-0.18184915,1.2012749,-2.1661215,-0.9171024,5.561592,1.3464186,-1.6501887,0.36324918,5.186663,20.171919,3.0303273,1.5696392,2.335889,-0.12295863,0.012951774,0.17336723
2025-09-06 15:00:00,-21.622164,-6.3935533,-0.55151373,-1.8375674,-16.787786,25.783743,-4.0724177,-1.3007182,-0.47664574,-1.1503571,-1.2412716,0.30431908,-8.6502495,-11.401698,-25.83036,9.952648,7.092861,2.758499,2.1680632,0.016427465,3.1961176,72.04195,2.3711786,-0.537882,2.9872093,-0.02345154,0.086732656,0.111839466
2025-12-09 12:00:00,3.5728564,2.0561757,0.38589162,0.83317536,-58.44394,-5.333504,0.2625212,0.36832148,0.0133204255,-4.0432873,0.35851547,0.33294287,-6.0144997,-7.9732265,-11.3979845,-2.4517012,2.1341507,1.4512081,-20.158527,-17.809143,-8.442423,-40.741383,-3.3484035,-0.38608643,-21.165648,0.0532993,-0.0063164667,0.07487814
2025-09-07 02:00:00,-70.94667,-1.514618,0.8760049,2.1766365,-20.143772,-22.910042,-0.43634146,0.80889857,0.28097534,0.8071843,-0.17539465,0.14529349,-10.441688,-12.6630125,-24.954514,-2.7529635,-0.633698,1.7175025,2.8206832,4.6267548,2.279209,-126.70769,-5.3450227,1.0944856,6.1292844,-0.013283186,0.08743554,0.07595512
2025-07-06 14:00:00,56.72546,-10.543017,-0.54556614,-6.078828,47.267113,50.01075,-4.0899925,0.29570884,0.37374067,8.716841,-1.5565857,-2.1874273,-2.8246195,-12.104773,-15.340686,24.071661,12.021215,6.5153737,49.290928,-2.1722133,15.991675,107.451515,5.541078,-0.432806,13.1741495,0.03186877,0.09381513,0.10010802
2025-08-14 12:00:00,6.3982754,-0.4096667,-0.60855025,-3.2852583,-31.589466,11.31487,0.5994723,-2.025319,0.050188974,0.44838357,0.011159164,0.2825829,-6.6680727,-10.351921,-14.938462,14.463465,7.587091,4.50059,35.860844,1.6969557,10.315021,86.46822,1.1443428,0.5421065,5.941805,-0.0048345616,-0.0966125,0.0070073996
2025-07-07 11:00:00,23.982199,2.769332,0.6876008,-1.5094764,-31.338606,17.052227,1.299928,3.5564165,0.0053907256,6.160533,-0.22935505,0.19485287,-7.7575727,-9.241632,-12.258605,16.622332,5.7957916,5.029868,35.205433,0.06987743,11.872292,131.31955,0.7042074,0.75791836,3.8261957,-0.022263737,-0.041114826,0.004088979
2025-09-26 12:00:00,10.470935,-0.65191454,-0.52440095,-4.030791,-29.118168,16.399326,1.372481,-2.308095,-0.33495465,0.2624236,0.16022994,0.31513903,-5.8144116,-14.473892,-19.564331,12.82047,7.0499387,4.9263854,29.478094,0.6703009,10.238752,80.89856,8.389915,0.74307466,7.569786,-0.023216799,0.038538158,0.14657916
2025-08-12 11:00:00,24.183996,-0.5924125,0.5808022,-1.6822098,-30.191536,17.072107,-0.94113696,2.1467736,-0.10250885,0.46476898,-0.077685304,0.2064331,-6.7718463,-8.86236,-12.596652,15.055263,4.365403,3.2514746,26.468882,2.1372263,8.606027,114.17525,2.9685166,0.51161134,3.4352956,0.007011906,-0.11184014,0.0014406565
2025-06-29 00:00:00,-54.434418,-1.2500688,2.924022,-4.572526,-30.574387,-40.390133,0.94692653,1.0315881,2.37627,12.156978,-0.37800434,0.14360254,-14.360096,-39.1221,-28.493542,49.680756,21.149416,4.77487,19.107973,2.7922013,6.116361,35.65607,-3.556834,1.0267997,12.299545,-0.20709266,-0.018961325,0.15081689
2025-09-18 13:00:00,-10.737185,-0.30907783,-0.2560106,-5.472897,-38.14984,1.635999,0.5214566,-2.5666182,0.85759264,-0.1621138,0.17404838,0.28828725,-6.732778,-19.061882,-23.288021,15.761691,2.566156,5.7726126,37.741856,3.6680157,10.61659,72.8668,-4.051462,0.8600185,8.212277,0.027693726,-0.16156955,0.17967857
2025-09-16 22:00:00,50.647682,1.0012114,-2.5461128,-11.793419,49.515892,5.961436,-0.8624763,2.296305,-1.6508545,-1.2654884,0.16359743,0.11286474,-7.9365025,-20.511974,-25.991571,28.059986,13.643289,7.9997754,33.332447,1.4283116,10.688846,104.06038,-4.544597,1.5013983,5.672708,-0.016921876,0.084482215,0.03556616
2025-10-31 15:00:00,6.4216137,1.6651958,-0.04449224,0.64702386,-24.712837,53.69552,0.88067955,-0.23907246,-0.18102504,-2.8265007,0.5827128,0.5247016,-2.6002092,-1.3504717,-11.616873,-2.6806855,-0.6225069,1.127775,-13.521468,0.7499079,-6.6151557,-1.519077,7.592239,0.15772088,6.5361447,-0.06499291,-0.003063171,0.11218185
2025-12-25 22:00:00,15.241118,0.3448035,-0.2841004,-2.6822994,17.970774,-12.904121,0.37651077,-0.69604146,0.07090441,-9.620106,0.15808195,-1.516398,-0.040052705,-1.2926811,-9.272072,-17.033575,-9.602105,-4.8739066,-18.67289,-14.62224,-9.017169,-101.701126,-19.137598,0.18676178,-19.306936,-0.023074081,0.0039210827,0.09117243
2025-10-23 05:00:00,60.84383,5.58146,-0.7206348,-1.5879164,43.610775,13.68621,3.0069747,-0.46175808,-0.14396667,-1.9010079,1.1769152,-13.674199,31.065872,39.03008,18.720873,-9.862414,-2.0526338,-2.6461775,-1.8961434,-2.6780808,-0.5514951,4.103716,-1.304938,-0.19636342,-1.9427072,-0.08895431,-0.10715066,0.11926967
2026-01-02 10:00:00,59.95067,0.38611272,-3.6359081,3.954931,-11.610059,45.599888,1.6221744,-0.72235024,-0.079358764,-8.401794,-0.04506562,0.25261953,-12.806137,-11.878618,-20.7441,16.76366,10.204459,5.186778,-19.420593,-9.301399,-17.492767,136.09846,-5.2985377,0.65553087,-21.115988,0.19258039,0.0066903504,0.043227427
2025-10-13 07:00:00,0.26635477,2.9794219,-2.0135689,-5.7090974,3.6226094,-2.908148,1.7089503,1.4745257,-0.9425813,-3.0220375,0.34470472,0.3926104,-2.8543694,8.691156,3.3474293,-16.626255,-10.430172,2.9054182,-9.248385,-5.943859,-2.987839,99.98779,-3.7174594,-0.8168098,-4.971978,0.029418547,-0.011676984,0.06461145
2025-09-22 08:00:00,41.331123,12.630251,0.114763334,1.6142201,16.39716,9.217923,4.5849757,0.85983247,-0.13336463,-0.9781887,1.1801162,-7.9888377,-3.217694,-3.6644263,-14.876355,-0.27138588,6.979888,4.015619,12.057856,0.34474686,7.9622536,2.7754538,3.7225246,1.9114462,0.73616445,-0.11497589,-0.042799998,0.1845354
2025-11-10 14:00:00,28.953875,8.911574,0.09471198,0.89916116,1.1207317,34.252087,2.752364,0.7318124,0.5202153,-6.797941,0.68471766,0.62997705,1.7283297,3.5380058,-2.2904894,-16.386072,-7.3318396,-1.8367163,-28.115944,1.8924385,-10.394005,-107.56316,6.263071,-0.42622498,-10.610119,0.035747014,-0.021065995,0.09760043
2025-10-28 19:00:00,-24.352041,1.1780368,-3.437723,-8.6405325,-6.948703,-3.4346313,0.12694316,0.8575698,-1.719353,-3.7831635,0.023630181,0.3644943,-5.6208754,-4.8224473,-3.0203047,-8.559277,-3.648604,-0.9221313,-13.572611,0.5887152,-6.0259256,1.3693424,-1.2157342,0.74726164,2.425361,0.013989492,0.2481253,0.07872707
2025-08-17 14:00:00,57.20081,-11.59116,-0.6119119,0.7428554,43.716312,51.58628,-6.655212,0.16105898,-0.3807194,2.1255126,-2.0132673,0.399086,-7.044665,-7.595326,-18.95742,13.200295,-1.6545973,3.2505004,16.57806,2.756813,8.767271,69.473076,10.207481,0.3296035,10.554018,-0.023503372,0.039375104,0.09199874
2025-06-30 16:00:00,-26.870756,5.2352915,0.47628093,-0.46934164,-49.66062,-13.348172,1.8310963,1.6366601,0.23910105,3.6187243,0.36889455,0.36151406,-13.112039,-30.576448,-25.448343,8.641652,5.467296,5.8236766,2.534145,-1.237038,9.273108,30.132523,3.3589983,-0.09289942,0.54182,0.008157529,-0.09919093,0.6451194
2025-10-06 19:00:00,-4.2617884,0.96072495,-0.5507421,2.0546908,-17.196733,-3.3453772,0.18805811,2.349831,0.21265543,-2.6617706,-0.27705738,0.29205975,-4.6252213,-2.6262038,-11.029131,14.817644,9.646738,3.320313,3.3948095,-1.3468466,5.519922,-7.1779337,0.6554736,-0.55819476,3.8544319,0.075379886,-0.04498409,0.14647375
2025-09-13 03:00:00,-61.701057,-3.6856277,0.9538577,2.5671177,6.505631,-26.773026,-1.0403705,-0.8688256,0.12627383,0.9854719,-0.46570775,0.13320957,-12.895556,-23.911896,-34.318535,3.2804022,0.9277922,-0.9808495,7.693959,1.1781241,3.1820443,-148.76646,-9.604149,1.4324342,6.265299,0.012092935,0.010227125,-1.9643549
2025-07-17 13:00:00,-9.179801,-0.36396244,-0.30469778,0.40824595,-35.749107,0.7873922,0.8895782,-2.1349142,-0.0930629,5.7269607,0.18716088,0.30396667,-6.173957,-16.007696,-22.17967,12.836434,9.121678,3.1471376,30.191309,4.314294,8.013336,74.73406,5.468345,0.008297767,7.0148683,0.007995503,0.07732093,0.15328951
2025-11-27 09:00:00,133.85765,2.6561193,0.5543679,1.2264979,69.60518,63.61311,0.8646499,-0.15813646,0.66540545,-4.043942,0.666368,0.64722353,-3.071073,0.67615086,4.512567,0.6708709,0.5274931,1.2228496,-38.90101,-9.339137,-16.712633,67.8171,0.03916838,-0.7650012,-10.64773,-0.03724949,-0.0006421248,0.06973213
2026-01-10 07:00:00,70.92741,-4.7651916,5.242096,23.908888,49.091587,37.904144,-2.18927,-0.35861486,0.16251911,0.08101508,-0.7076717,0.48993987,11.114485,82.790794,106.927895,19.003263,10.814678,10.7410555,20.766247,42.03445,17.704523,224.56909,8.231617,-1.8426981,14.514232,0.04490467,0.03937635,0.061459392
2025-09-11 09:00:00,162.08736,5.045656,0.028960343,-0.833726,94.94407,78.69888,4.054074,-0.3455795,-0.37076735,-0.2926072,1.0482376,0.6153289,7.094294,5.4582424,-1.6029621,16.908943,7.913368,6.8081574,44.830257,0.6407464,17.476995,91.565605,7.6089873,0.9621329,5.733803,0.30864152,0.0033636885,0.026154408
2025-08-02 02:00:00,-76.648735,-2.9028018,0.7232097,2.7061763,-22.725653,-24.773575,-0.85477006,-0.6181329,0.25641823,1.3761309,-0.2706466,0.12776989,-13.55983,-28.922802,-31.601925,1.4398798,1.6782109,2.3885858,4.834294,1.1716104,3.1978369,-134.73706,-4.4511056,1.1842515,6.6367264,0.02431863,0.037697084,0.15975155
2025-11-30 22:00:00,3.2783263,-2.2503467,-0.60741603,-3.4562848,0.82997626,-11.936239,-0.7356387,0.6212796,-0.34544587,-5.979444,-0.46164152,0.17778568,5.359491,5.473356,-3.511887,-29.047947,-9.280067,-10.941801,-24.510689,-7.7715797,-9.601754,-57.825085,-3.2830565,-0.4516747,-9.719391,-0.03225583,0.0015413187,0.06233095
2025-08-03 21:00:00,75.79076,6.2206855,-1.4761392,-2.936521,27.43814,31.379091,2.4895885,5.7485785,-0.94253474,-1.516174,-0.21707846,0.1421925,-0.2516774,-9.33093,-13.715136,27.550974,16.49326,7.3451734,21.752544,-0.04840652,13.288639,121.97803,-0.67419034,1.2486781,4.894716,-0.031039303,0.011354815,-0.41030604
2025-09-12 15:00:00,-25.07971,-0.07072012,-0.38354594,-3.8183188,-16.745487,25.27143,0.91298985,-1.003728,-0.36720613,0.022444552,0.58269787,0.2496213,-13.114554,-20.007116,-25.670452,18.31012,4.0923347,2.0161538,14.48257,0.57436615,3.6851757,79.619835,2.4466162,-0.4066561,4.263784,-0.062050715,-0.0032541382,0.2158216
2025-11-22 22:00:00,6.668492,-2.3213334,-0.3773793,-1.5082058,7.936625,-14.090247,-0.92933714,-0.5631883,0.12635821,-8.80432,-0.4249564,0.16522235,8.014551,5.5858483,-5.607141,-22.51605,-11.921025,-11.653867,-21.105951,-1.8358017,-9.327484,-102.81399,-9.041398,-0.47688505,-5.6752477,-0.037230212,-0.0034259404,0.07277549
2025-10-15 10:00:00,52.242905,0.5974232,0.025421241,-0.7862765,2.4867935,46.934082,-0.48626265,-0.634386,0.23333947,-6.175403,0.08437148,0.38113615,-3.0467288,-0.34821007,-1.3237449,0.79971,1.3330786,2.4858556,-13.851521,-2.1074026,-13.348654,115.29193,8.487349,-0.2952217,6.146027,-0.09229046,-0.0015054175,0.050594337
2025-07-31 20:00:00,18.225332,-2.238045,0.8842332,4.5568333,-11.600702,1.284014,-0.47738883,-5.2919316,0.20525192,10.968716,-0.040042467,0.14228062,-7.480442,-8.024126,-12.868244,23.204603,14.081967,6.9856453,21.238197,-1.8436992,18.351822,-18.678692,0.094436355,0.055368528,4.2279096,-0.011721136,0.070682354,0.2431811
2025-07-11 07:00:00,-1.0536646,1.5650837,-0.49380735,1.8218418,13.674358,-3.6924863,2.1747367,-0.4891881,0.19533214,3.5756485,0.5780936,0.5302596,-2.2958488,-2.3715305,-14.887011,7.8967886,11.51675,6.244994,11.989737,-0.2172293,5.3315525,71.41658,-4.084154,2.5682094,1.4251468,-0.0069039566,-0.0009974949,0.067662776
2026-01-01 19:00:00,-3.4176428,-0.24626838,0.005606627,1.4608345,7.047859,1.2471758,0.38711587,-1.0881925,0.52632874,-4.4406695,0.12766853,-3.1341498,-4.6190457,-3.4093912,-9.289507,4.873801,0.2937868,0.53226984,-7.111209,-2.8210988,-5.1049933,-1.2151158,-0.046566784,0.015383703,-10.361734,0.057699718,-0.0016173243,0.07068316
2025-07-08 20:00:00,49.41017,1.2124745,0.5774204,3.0688372,10.9726515,12.197572,-0.10697523,5.648527,-0.31179726,9.686506,-0.10860239,0.12275005,-21.409761,-42.41948,-10.552717,22.426308,15.07929,6.490379,41.36438,3.4696615,18.957691,-52.43613,0.27227792,1.0787942,6.4705844,0.13502073,0.21718675,0.1968888
2025-08-07 20:00:00,25.615988,-1.2171596,-0.9879266,-2.635364,-0.098280735,7.5958877,-0.12300716,-3.4392624,-0.9790349,-0.5575785,-0.025555229,0.12370577,-10.6457,-17.854502,-14.672393,20.687063,12.56734,6.8757067,39.20181,7.8709974,9.799788,-24.61334,-0.25840706,1.1515901,-5.861272,0.06275807,0.041638605,0.20891806
2025-07-12 07:00:00,4.626228,-8.435963,-0.15425102,1.1910323,2.9346344,2.713656,-3.1023402,-0.22377276,0.46347073,1.2489082,-1.503515,0.41022632,-1.5314809,-4.035683,-14.561786,1.9712942,2.1961956,4.743589,10.512037,-2.5699432,3.032898,-44.786537,-2.554783,0.9447439,-2.2955928,-0.080704644,0.0132803805,0.10866448
2025-08-05 06:00:00,3.29623,4.4005613,1.0924599,1.5759825,11.735166,-12.968658,1.623014,0.43377888,0.7326319,1.0438625,0.82552356,0.39105526,-3.4281437,-9.014298,-25.170507,2.6986582,-0.674509,3.0702038,11.751145,-0.7184081,1.6413906,-100.69908,-3.824402,0.6861933,2.4750342,-0.0010102337,-0.42253923,0.086946905
2025-10-01 22:00:00,56.41405,0.8152982,-1.9743972,-3.4152539,50.116123,6.7352753,-0.5840117,-1.4691697,-0.5251938,-5.2526703,0.2569582,0.17185776,-3.7175505,0.15218225,-14.776122,16.572554,25.99877,6.252018,11.0355625,3.3174834,9.509574,0.7985643,-0.8269056,0.24342489,6.8324366,-0.1812296,0.00790614,0.20349434
2025-07-28 18:00:00,-39.090992,2.8682241,0.49980095,7.107123,-69.136665,-36.605057,1.022236,1.296318,0.9768523,0.6767806,0.20443942,0.25525266,-30.892637,-96.526024,-42.408833,7.4002924,5.2016816,2.2568069,13.449977,-1.2964805,2.815454,-135.16656,2.127015,0.2579371,3.0682676,-0.66957617,0.05501221,0.39717263
2025-10-12 13:00:00,-29.08862,-4.4194417,-0.2105484,-0.21047686,-56.796116,-13.012094,-1.7237735,0.7342262,0.1420329,-5.297809,-0.65830284,0.27964774,-2.1520407,-2.642322,-3.1043816,-2.193366,2.19087,3.84045,-24.63987,8.028874,-6.275496,9.989164,8.468855,-0.06969517,4.927823,0.086347625,0.02618918,0.0803618
2025-11-16 08:00:00,27.257174,-5.8989573,-1.4612978,-8.218888,-3.9217029,12.2632675,-1.9852437,0.3567472,-0.6308136,-0.9865804,-1.8147808,0.77825546,7.4257774,53.89315,69.65691,-6.3574133,3.2505407,-5.42126,-19.68856,-6.642256,-4.644287,141.94885,-2.0487535,-0.31207913,-2.3292465,-0.014034843,0.0030648382,0.07820052
2025-11-28 04:00:00,25.202122,3.533131,-0.35344082,-2.432439,11.8197975,-17.87593,2.1224074,-0.30991226,-0.21669117,-1.2262701,0.9491088,1.0362802,30.602545,69.7043,112.856705,-11.92516,-5.446646,-14.362628,-3.1765254,1.64077,-2.6159415,-22.694563,-4.5722346,-0.6305399,-3.333552,-0.0010407993,0.19971243,0.14074296
2025-09-09 18:00:00,-23.24302,1.0443969,2.453337,7.853772,-43.085716,-18.345984,-0.00421787,0.6121551,0.7897687,-0.864593,0.27016222,0.2735327,-24.291916,-58.433838,-38.51746,8.016767,2.575758,0.46364212,-0.6799886,-1.1741686,0.53300035,-50.102966,0.63343835,-0.10144952,2.2435958,0.019190261,-0.04657457,-5.6806884
2025-12-04 10:00:00,48.42027,0.63261133,-0.8588277,-2.072359,-7.502728,45.082012,0.22849551,-0.14636637,-0.050901823,-6.6837707,0.2095222,0.47117248,-6.847789,-5.70102,-6.417888,0.5305949,1.3975383,1.7438295,-32.65441,-6.3564353,-18.125908,68.72429,-2.904752,-0.27174142,-17.626963,-0.010876229,-0.004946423,0.052737813
2025-08-24 11:00:00,29.849318,3.5871568,0.62379974,-2.0439818,-26.14455,17.599253,0.04046695,2.4698265,-0.26498315,1.068421,0.25294653,0.2021596,-3.4193563,-2.1080043,-7.6544604,15.762402,4.1293592,4.0002794,20.146208,2.1542425,10.004857,118.18613,3.855232,1.1262401,4.661501,-0.015114527,0.09575382,-0.0033613732
2025-12-10 03:00:00,-33.733837,2.3118355,-0.32898736,-2.6155632,17.332312,-29.114122,1.8539443,-0.15599424,0.116723515,-1.8200024,0.4937828,0.55925524,33.018135,57.049107,20.452576,-13.735869,-7.11269,-9.830171,-9.172029,-2.8024862,-3.570759,-70.27052,-10.672585,-0.2535492,-10.218782,0.002552358,-0.00071112684,0.07973878
2025-11-18 18:00:00,-2.343775,0.8224694,-4.0212626,-8.008299,1.1731845,4.8401465,0.23713015,0.5618988,-2.1915345,-3.4321647,0.29300818,0.36494413,-2.318183,5.9006414,-1.3944767,-5.520942,-4.373095,-0.35098645,-15.231024,-3.1042068,-7.595864,77.38986,-2.1880689,-0.11369624,-0.7432928,0.046469465,0.011199803,0.032437965
2025-12-18 05:00:00,57.42149,7.6376715,0.82785034,2.2111921,52.778618,15.19,3.563343,-0.15995672,0.11126557,-1.391748,2.0047975,1.8697269,35.775787,121.07141,177.27443,-6.944403,-4.3583174,-0.5787174,-2.1596522,12.361786,-2.1930778,136.94296,2.6655514,0.38734457,4.1281085,0.009752125,0.0062180352,0.06805414
2025-11-27 11:00:00,26.905985,0.86189306,-0.42794722,-0.43799824,-36.907967,2.269475,0.57358056,-0.51360255,0.52854,-4.9310837,0.28729486,0.36896428,-4.780779,-2.9930499,-1.1062477,0.002214211,3.4206107,1.83815,-23.13287,-8.242363,-9.982281,19.769348,1.4836832,-0.4108968,-5.531884,0.021241859,-0.0007535487,0.071218796
2025-08-15 13:00:00,-17.238745,-0.018522229,-0.009352709,0.68601954,-45.32146,-6.9672704,1.3908077,-1.754438,-0.32914165,2.229823,0.32881218,0.336172,-0.9291222,-2.1316257,-7.3803744,15.805815,6.5326595,3.9959748,14.160767,2.9990873,8.601457,49.628784,7.351145,-0.41727737,7.732498,-0.003817537,0.023823218,0.06565244
2025-10-19 19:00:00,-24.53499,4.440014,-3.8295953,-7.4810557,-20.26011,-8.667397,0.8296779,1.2211732,-1.8994025,-7.501657,-0.03172592,0.355746,-2.2303483,-1.4985245,-9.242221,0.8421875,2.042033,0.0034315176,-18.841333,2.4850006,-5.4369984,43.429436,3.0280397,-0.4170847,2.7190585,0.021248871,-0.024979183,0.034809556
2025-12-19 06:00:00,75.223946,4.6310387,-0.86833316,-7.642783,124.36682,28.227856,3.9728677,-0.17252353,-0.21434504,-0.95525587,1.5932856,1.2571126,64.93747,150.14658,245.9055,1.3037354,-2.326956,16.936256,6.00025,20.257816,3.211329,273.4863,7.073137,-0.8575043,4.9533253,-0.009766607,0.0066030542,0.053113997
2025-11-22 03:00:00,-34.814972,-3.8974943,-0.24169867,-1.6747323,14.488998,-25.5673,-1.9282502,-0.020967565,-0.0004003141,-1.6437799,-0.91845787,0.51804996,29.566397,52.918316,24.715773,-15.767028,-9.515173,-11.142529,-8.102016,-3.0209959,-3.9837835,-55.385563,-3.0386052,-0.32007924,-2.3278418,0.0017801031,-0.003986698,0.07119187
2025-11-09 23:00:00,-21.421293,-0.9046962,0.070771515,2.1074994,-34.174683,-40.89924,-0.22906847,0.45924234,0.12819457,-4.665117,-0.3535213,0.2722313,15.4758,9.331026,-0.5533653,-21.072786,-11.380279,-8.832766,-17.589985,8.991235,-5.7685833,-67.991844,-6.365297,0.17119938,-3.2403362,0.004009695,-0.002614975,0.06618666
2025-06-30 21:00:00,55.506916,1.5724437,1.4813559,1.255674,29.755404,14.618022,0.5882966,5.721904,0.6489867,8.982877,0.16460015,0.20688948,-3.713379,-2.0119727,-10.884752,25.052902,17.88914,5.5996823,26.585491,-4.659426,16.709251,-45.241238,1.1510694,-0.048950188,7.5391116,-0.098563336,0.014130091,0.17171544
2025-12-27 13:00:00,-35.373753,-3.7618442,-0.12245529,-1.2199602,-83.724365,-27.938086,-2.1026478,-0.6204068,-0.21008909,-5.2552767,-0.53067255,0.2728942,-7.5628667,-11.858499,-21.962923,0.37339804,-0.7578222,1.2680656,-21.75651,-24.947586,-10.990867,-60.154873,-5.795238,-0.45060107,-25.60778,-0.30819255,0.011294601,0.07407045
2025-11-10 07:00:00,15.231715,3.9430647,-2.3277643,-16.776144,4.722882,10.67521,1.89401,0.6343494,-1.5019783,-1.8367561,0.39661154,1.1803771,-12.554106,34.321102,132.00963,-11.038776,-9.125914,-5.520206,-20.325598,-27.298998,-0.4117577,150.45854,-2.8217106,-0.90232265,-2.95888,0.047477726,-0.0075490195,0.059723757
2025-06-28 19:00:00,18.961195,-3.7050154,-2.5517402,-4.213103,1.7911497,-1.6891083,0.92625964,-2.564121,-1.7667637,3.4764855,1.017176,0.11278998,-10.847958,-16.522278,-25.176239,25.975813,7.098592,5.6135116,26.37437,0.4294112,6.552136,-73.515785,-0.30682614,-1.197633,-1.6115854,0.017473722,-0.10093435,0.42203003
2025-06-29 13:00:00,-8.262183,-0.067767665,1.0270748,-3.3044498,-27.798737,3.0020113,-0.52518135,2.9802613,0.5818123,10.961029,0.015993448,0.17730571,-4.8400655,-5.703705,-18.439322,22.822344,14.931232,6.367938,39.052303,4.112114,20.213459,97.835045,9.880817,0.015420248,8.813968,0.033800256,0.116436355,-0.0050423825
2025-07-30 05:00:00,-9.822939,1.7060435,0.9256959,1.383158,-2.7635572,-14.63936,0.8756726,-0.89790386,0.30548406,1.6972343,0.42032465,0.37962475,-7.7525268,-13.177166,-32.83527,10.181453,3.9305594,-0.6047284,10.600077,1.3805943,5.1819673,-116.064575,-3.1614413,0.3373062,1.8645817,0.053010557,-0.028916838,0.10058454
2025-07-11 17:00:00,-16.120861,0.1906366,-0.027237222,1.1892056,-41.882187,-11.307388,1.2000946,-0.17819028,0.77821594,-3.182635,0.37744346,0.29713055,-24.100096,-48.904053,-31.296072,7.3578515,2.6809132,6.133517,-2.663377,-0.00045937812,-1.8442519,-21.545242,1.4756428,1.1197358,-2.411307,-0.0053747883,-0.032194093,0.84998566
2025-12-22 21:00:00,-8.334893,1.3935952,-0.6421607,-3.5354836,-10.331768,-14.87443,0.532157,2.5371993,0.72868437,-6.017282,-0.08019851,0.17119001,-9.940889,-8.509814,-12.139748,-23.033157,-9.618567,-2.8920448,-21.724237,-10.954109,-9.577653,-90.79522,-6.223442,0.099531576,-15.294356,0.03755399,0.008400468,0.06895481
2025-07-29 18:00:00,-25.843233,1.8258638,-0.35282266,1.9278945,-56.118683,-24.5042,0.31205022,0.481433,0.9069932,-0.9232145,0.304144,0.22905806,-19.23889,-28.368816,-31.633194,18.515938,3.7849512,5.020106,20.521803,1.0472289,7.244114,-30.456865,-0.39364505,0.5480908,2.0598507,0.016871562,-0.04642928,0.614709
2025-11-03 03:00:00,-34.191875,3.1731977,-0.22735815,-0.36292332,18.547329,-29.11199,0.8744864,0.78159255,-0.060901016,-1.818627,0.4204466,0.6525794,29.69517,36.80158,11.362622,-14.86948,-7.972965,-8.728306,-9.162516,3.1121051,-3.6842651,-59.898396,-8.679152,-0.55894434,-1.0327064,0.03240141,-0.0068534263,0.06317925
2025-09-04 20:00:00,-6.084919,-1.8486158,-1.2961019,-3.0587244,-30.062365,-11.971955,-0.61866874,-2.8010583,-1.8852825,-4.4525657,-0.20815024,0.18744907,-7.698888,-12.055744,-19.692087,5.1084256,-0.16244541,7.361681,2.5506208,3.588687,4.0138493,-20.138208,-2.0191584,0.7483729,3.7512932,-0.0493446,0.11943971,0.15962882
2025-09-22 23:00:00,-1.4656614,2.4317448,-0.37363172,-3.5560853,-29.380613,-45.933144,1.3223941,2.2389922,-0.48069072,-0.54226923,0.081740126,-1.2522697,-11.012593,-21.39074,-24.673027,20.952028,8.448277,4.922859,24.403095,1.880578,7.0845437,85.2904,-4.7174077,-0.47567928,6.281126,-0.2527953,-0.0877774,0.030804193
2025-11-26 16:00:00,13.9081335,2.3937917,-0.21199144,-0.6608619,-41.168644,25.27276,0.99730265,-0.40171435,0.19511758,-1.838017,0.4773856,0.51189435,3.0967605,6.228939,-0.8276665,-8.555905,-5.0773454,-1.2528161,-10.053316,-3.483636,-3.8638089,-6.4917254,-1.4911642,-0.078537315,-3.2672148,0.011347199,-0.01523386,0.12774307
2025-11-09 09:00:00,124.497314,-8.150293,0.15511341,1.4470148,66.13128,51.97211,-3.7587492,0.1500425,0.47218022,-3.3082225,-1.846158,0.7758602,3.2342992,13.055833,18.147612,-4.5942883,-2.147472,-1.6845877,-30.963732,-1.4983195,-6.073398,96.38507,-1.9878484,-0.01626886,-6.329731,0.00053327857,0.027870033,0.05938996
2025-12-09 19:00:00,-25.296055,0.7391772,-3.6427689,-9.088434,-2.5135942,-13.0506735,0.25268155,0.82839644,-1.0090333,-6.9249754,0.13104136,0.44187385,-4.9480057,-6.248089,-7.1933165,-2.917532,-5.6968675,-1.051849,-18.282614,-2.6569562,-7.4291487,23.953264,-2.0634227,-0.5021479,-7.877293,0.03563209,-0.036788076,0.05588348
2025-07-01 10:00:00,64.48152,1.5035425,0.9045343,2.0863285,9.796355,59.06292,0.096776165,0.31108063,-0.20089778,4.8333635,0.20809355,0.23955104,-3.3653793,-1.0483822,-4.774801,13.49718,5.0925384,3.08605,21.074165,-0.3092672,21.209692,131.12682,7.454784,0.26519912,6.1480484,-0.11652097,0.00016940045,0.04814914
2025-09-01 00:00:00,-61.34359,0.15116316,1.238515,3.6640081,-21.747112,-51.12394,2.2061176,0.8946382,-1.7614747,-2.142019,0.12243525,0.16342984,2.2534,1.4348258,-11.727416,22.314726,11.5721445,5.6054735,1.1584569,12.305787,6.790604,-7.01792,0.80971724,-0.100762695,13.544535,0.060845207,-0.030855054,0.09755909
2025-10-21 06:00:00,58.44443,6.509331,-0.44847143,-2.8275483,60.662476,12.233696,2.8161397,0.29614562,-0.14131518,-1.2637057,1.1921537,1.010937,22.433573,20.425753,15.877787,-11.400841,-4.0279317,-0.8179618,-6.570733,-0.9524161,-1.1113968,75.65396,-2.8647704,-0.2130525,0.8059249,0.020763252,-0.008313978,0.06680123
2025-11-13 11:00:00,19.836815,0.4973858,-0.690257,0.3951429,-30.516817,3.2154868,0.6839016,-0.7314957,0.5072346,-5.394983,0.29479817,0.49659744,-4.2981634,-3.9995844,-1.9267837,-2.1310573,-2.082742,0.09094545,-27.521105,-4.374369,-10.249519,47.71427,2.4041102,-0.3323267,-4.652055,0.00481948,-0.0011231598,0.06427972
2025-08-03 23:00:00,1.9285704,2.2945387,-0.27383327,-2.6101947,-29.058674,-43.242523,1.099937,1.2020433,-0.61898506,0.96356606,-0.24392532,0.11334833,-11.518139,-21.79925,-27.757286,13.297737,9.157769,5.165033,10.757725,2.625939,7.1649256,88.90036,-6.2815204,0.59201556,5.17113,-0.021028847,0.17123058,0.08442437
2025-07-01 13:00:00,-8.115518,2.0514414,0.16941193,0.34063375,-33.635242,5.68319,-0.1688255,1.7831585,-0.2477625,5.189926,0.20130788,0.29167828,-5.9779954,-20.955553,-21.298895,14.976008,8.551332,4.3891673,24.245466,1.4230489,14.602162,87.412285,5.5529256,-0.32477552,8.299536,-0.0058402037,-0.19606525,0.13984512
2025-09-04 15:00:00,-16.78619,1.9963433,-0.27206373,-1.366284,-6.7382903,33.17948,1.8697,-0.8232346,-0.084535286,-0.34726313,0.56380135,0.37107787,-8.220281,-14.559477,-27.395727,8.950165,4.344902,4.13087,3.1533818,0.7735964,4.089493,60.667152,-0.043704253,-0.6890841,5.1797276,-0.049266838,0.062143445,0.11360989
2025-08-18 10:00:00,60.75586,2.3724706,0.722008,-0.68577236,6.8908987,58.537273,1.4560604,0.5425892,-0.23479211,1.2077677,0.1711339,0.38142803,-5.1523776,-2.8598533,-11.002506,11.727624,4.7590914,4.231493,17.518305,0.14085083,12.976054,144.88217,-0.45366818,2.6614096,6.6910176,-0.065884285,-0.014329923,-0.50468785
2025-11-05 21:00:00,-23.517471,-1.1778557,-1.1740267,-3.1753283,-20.944246,-26.114613,-1.287117,-1.2581503,-1.4567649,-10.517535,-0.06593666,-1.0715798,-6.201116,-6.6052933,-12.495779,-24.421825,-13.115336,-3.45508,-24.781897,-2.7681348,-11.482171,-125.19564,-4.4444184,-0.14544877,-8.809033,0.0149799725,-0.00052069547,0.08893094
2025-11-07 09:00:00,151.3449,4.047839,0.17195982,2.6194673,64.501175,74.41377,2.3257263,0.29825392,0.41244745,-2.4589548,1.1604779,0.82391006,1.126496,7.125758,7.3458962,0.6311855,-0.6414664,2.000426,-24.363796,-1.0202687,-5.611267,24.070438,-5.8730245,0.15577395,-14.531805,-0.0125910975,-0.0077054463,0.13244145
2025-11-03 14:00:00,36.1905,5.931316,-0.4167296,0.32985544,3.533071,46.16325,1.9017711,0.74892443,0.49060068,-4.5486217,0.64721876,0.61421293,-1.4473093,-1.8184437,-4.9747806,-13.262543,-1.6273469,-0.1985675,-21.168365,15.223083,-8.247789,-60.20298,2.6924486,-0.08388025,-13.65568,0.04100348,-0.017480781,0.094134994
2025-08-15 03:00:00,-66.352486,-0.11067214,1.007116,2.8081257,11.375138,-29.717087,0.8480698,-0.99764013,0.14396018,1.5933626,0.15464917,0.13481629,-8.911656,-6.1192555,-23.329575,13.140652,0.5713296,2.7166235,3.5967603,0.93970513,3.1657536,-137.87482,-6.0096593,1.0747514,7.280477,-0.01623265,-0.016392937,0.09124404
2025-11-23 14:00:00,11.999056,-16.442095,0.42727357,-0.3918676,-7.1055284,17.761332,-6.246688,-0.0042361384,1.2107811,-7.9871125,-1.4319729,0.36256352,0.08747034,-2.9815545,-9.769591,-15.507896,-5.568404,-4.41267,-27.958626,-12.919975,-12.142288,-118.22716,-5.627155,-0.1220097,-13.857297,0.015233168,-0.0155448485,0.07821857
2025-12-18 04:00:00,33.539135,4.3610067,-0.15654868,-1.3513259,10.644113,-16.575958,1.7464557,-0.34038702,0.11944675,-0.79764235,0.9578282,0.8954144,33.41336,73.87406,119.642815,-10.5764265,-5.4886584,-17.133171,-1.0471969,2.300291,-0.7924174,-46.14551,-8.291403,0.058272216,-3.9908388,-0.011605045,0.005028564,0.11043194
2025-07-14 19:00:00,22.759401,1.1032562,0.8839127,8.375394,7.2693596,1.2224997,0.27327913,4.801134,1.8670467,8.428752,-0.54332685,0.17359272,-11.782678,-20.852598,-26.052464,9.231881,5.474048,3.5586069,6.7579517,-0.82541716,5.4911795,-91.07084,-0.74067235,0.20681438,6.125052,0.007949556,0.05829081,0.36406395
2025-11-21 00:00:00,-72.648254,0.39958337,0.041272085,0.12590924,-37.25538,-53.675064,0.88710576,-0.179811,0.2596828,-3.1242473,0.16452032,0.29854396,23.863327,9.553088,-0.48228136,-25.047281,-17.5472,-12.306033,-9.222529,-4.912333,-5.6682844,-77.64236,-10.299748,0.7385254,-6.634678,0.013403571,0.028813329,0.0608522
2026-01-12 22:00:00,23.55044,2.2067947,-4.364018,-6.509668,26.285923,-2.8989196,0.8962155,1.2859514,0.19972064,-7.5469623,0.15534042,0.1788348,-8.914882,-8.8960085,-20.125946,-9.807971,-5.2570553,-0.58986497,-11.530283,-19.060408,-3.0905163,-81.1341,-24.645796,0.076226205,-28.465656,-0.039112996,0.009993151,0.05391366
2025-08-04 14:00:00,80.63555,8.88962,-0.086547196,4.952527,58.49677,67.70445,3.7856748,1.2106465,-0.04611954,3.9811487,0.9676839,0.6380222,-0.98547083,-10.045957,-14.799211,15.328995,7.9501457,6.9939804,30.713377,3.8820357,14.191754,68.62076,7.181132,0.8813738,13.8757105,-0.14032006,-0.01910164,0.4395484
2025-09-13 02:00:00,-74.86326,-2.950731,1.0264496,1.9687868,-24.907047,-25.456196,-0.74482936,-0.60226494,0.05378594,0.5555947,-0.19823883,0.12175165,-17.978651,-31.694384,-38.40383,2.7264304,0.92854196,-1.053717,6.7462735,1.3050925,3.5189347,-136.89395,-1.4996619,-0.85438323,5.502359,0.016734943,0.023971938,0.25316724
2025-12-15 22:00:00,12.763871,2.9669213,-0.2688968,-2.5174255,16.819017,-16.205395,1.0339719,1.2645826,-0.063668616,-9.612148,0.18889554,0.1965178,0.48571098,-1.4892393,-8.229343,-22.959534,-13.080017,-8.601165,-19.280632,-13.10762,-9.471353,-104.69026,-16.058626,0.21074344,-17.93022,0.0440969,-0.0055913455,0.06132237
2025-08-24 20:00:00,18.764378,12.361659,-0.5102049,-2.326679,-20.660513,6.699377,3.1929798,4.5277805,-0.96740943,-2.0506523,1.1056945,0.23550189,-4.3887124,-6.028572,-13.782604,18.8488,15.116985,4.6133547,13.963693,-2.7178226,13.024159,78.54786,1.9618015,1.199891,4.071714,-0.063480586,-0.0042634085,0.052829795
2025-11-06 20:00:00,-37.518436,-1.639718,-1.9372342,-7.1409025,-39.16103,-28.14701,-0.41418386,-1.5709591,-1.5133411,-7.1807117,-0.06576498,0.12156166,-5.1321626,-7.339077,-8.952762,-10.443373,-5.0669904,-1.5435183,-21.637573,0.31616458,-8.350549,-45.591118,-2.927374,-0.3748259,-7.719017,-0.00909244,0.0020835372,0.10140976
2025-08-28 16:00:00,-24.017538,0.6258204,0.13588147,0.51320475,-46.313072,-10.827728,1.045243,-0.58383495,-0.08563424,-0.045679446,0.3591173,0.35887113,-20.991966,-44.04111,-31.04679,9.08606,8.002132,5.7987895,4.2005606,1.0030669,2.6295066,40.136677,1.4370974,0.13717848,-0.25046182,-0.008596513,0.44860038,0.66946113
2025-08-17 04:00:00,-29.781023,-3.6756828,0.69403154,2.0897202,-5.464273,-24.15331,-1.8599367,0.7490522,0.29247096,2.062565,-0.56173,0.20042153,-6.6749353,-11.362675,-27.771217,-4.379602,-1.1753359,-1.52753,3.2372637,3.8364007,4.3723207,-128.05913,-3.671618,1.5023601,1.1496732,-0.016138205,0.052159466,0.096042395
2025-11-11 22:00:00,8.369899,1.7336292,-0.5589273,-1.0355355,9.046642,-16.38301,0.30681407,0.69508904,0.0695962,-8.972353,0.2479061,0.20793776,8.828135,2.820925,-5.2840977,-26.109615,-15.080887,-5.27574,-21.71089,-2.1450846,-9.672979,-105.2068,-6.212457,-0.66911644,-5.718849,-0.022969743,-0.009339161,0.070544764
2025-12-15 18:00:00,-0.8863305,1.984318,-4.555961,-7.050002,2.999588,4.375143,1.2186869,0.9089767,-2.1592972,-3.8395092,0.28058153,0.30887893,-3.9415224,5.73766,-4.205661,-6.1059103,-2.6614616,0.7692905,-13.465955,-3.9457948,-4.5750837,79.561806,-0.13066971,-0.43879595,-4.8178377,0.060047872,-0.0077394573,0.02856509
2025-10-30 16:00:00,1.6936371,1.7660683,-0.32480028,-1.2395889,-41.36308,17.25739,1.5915612,-0.4747958,-0.22660366,-2.7151995,0.40652466,0.4843618,0.06502983,2.0129552,-4.332771,-1.437865,-1.6215794,-0.5717127,-9.707911,0.41077954,-4.5604067,27.302128,-1.0462495,0.47911432,2.3726132,0.008758546,0.08427396,0.09606237
2025-07-09 21:00:00,64.646835,-1.2809684,-0.07158482,-4.098817,42.245087,8.2697115,-3.8970177,-4.368348,-0.18822278,12.719213,0.15726778,0.1180957,-4.3128266,-10.029397,-18.530544,55.54723,20.182804,11.919932,37.360844,-1.3571082,17.977282,-150.35732,-2.7923274,-0.7229372,7.468189,-0.020748507,0.029180216,0.20234394
2025-12-28 13:00:00,-36.79867,-5.4708376,-0.088891275,-0.5590143,-82.33582,-28.599054,-2.1009798,0.5766905,-0.28341204,-5.8736687,-0.7264484,0.23076065,-7.895749,-13.652754,-24.212255,-4.809532,1.8958117,0.5451248,-24.862865,-25.930983,-11.158905,-54.138554,-4.1807585,-0.21814696,-25.611841,-0.31002465,0.020333363,0.08027683
2026-01-02 15:00:00,16.070461,-0.9824514,-3.0793302,-6.4229636,-17.149614,39.58395,-0.40883356,-0.113582216,-0.1456593,-6.2829976,0.51281846,0.41308722,-7.2061462,-15.924731,-35.794785,-4.3748727,-1.0246147,-1.6570045,-14.636751,-17.33211,-8.2025175,-120.77865,-4.112349,0.03858338,-19.332603,0.054130457,-0.031979825,0.14264347
2025-11-13 20:00:00,-37.9408,-1.0142157,-1.671833,-5.582668,-40.94399,-30.126667,-0.14855345,-1.5637085,-1.358772,-6.868365,0.009313854,0.14568472,-4.8483696,-5.73716,-8.680328,-15.338817,-10.11471,-3.0287485,-21.091166,-2.3468888,-10.888398,-17.735443,-3.065033,-0.24021755,-7.1720867,0.009102019,-0.01901938,0.086172014
2025-11-14 22:00:00,7.608109,-0.39942077,-0.5642395,-1.4707313,8.845869,-14.36575,0.38839543,-0.6442528,0.03162279,-9.118884,0.23163451,0.18503472,7.294015,2.219656,-5.292648,-24.820963,-11.816579,-10.77304,-20.280962,-7.678518,-10.09189,-105.75043,-2.64949,-0.06755724,-5.7587414,-0.025019214,-0.005715934,0.0785151
2025-12-15 03:00:00,-34.65408,4.9741707,-0.2629024,-2.1691692,25.552845,-26.783203,1.0253177,0.48109928,0.1290263,-3.0296798,0.616384,0.7282931,30.650572,58.43697,19.113499,-14.077125,-8.66356,-9.872526,-9.96272,-4.3303623,-3.5607908,-19.129509,-9.27029,-0.18219201,-10.946103,-0.022753758,-0.021596339,0.11005463
2025-08-07 23:00:00,-6.166059,-1.3795162,-0.20126116,-3.0017173,-27.945368,-45.185562,-0.8201065,-1.5157851,-0.39185324,1.1104623,0.026687568,0.09880357,-18.161787,-28.916697,-30.497875,17.247553,7.963734,4.5813737,22.599344,-1.612438,6.623402,100.678925,-6.4363985,-0.17496999,-5.2454586,0.09271285,-0.112340316,0.03562066
2025-12-17 09:00:00,158.21622,2.9084187,0.7389993,0.6251774,78.67981,75.189064,0.9216089,-0.4257607,0.4356009,-4.573707,0.6797819,0.4468566,-3.31608,-4.027932,3.8191736,7.113837,3.4233527,3.7612867,-23.801044,-9.627609,-12.476222,107.719765,-4.2300167,-0.98353314,-12.778549,-0.107077226,0.004575414,0.057237167
2025-10-09 15:00:00,-4.652649,2.43737,-0.7121893,-1.3266163,-23.519745,41.948914,2.2877462,-0.4340907,-0.19357814,-4.164788,0.5624174,0.52032787,-2.8416183,-3.45724,-16.920074,1.1461319,4.3611503,1.8023856,-19.964792,0.145127,3.3569138,61.29483,6.255426,0.13227515,3.4189348,0.014019049,-0.0059181056,0.055214327
2025-11-08 18:00:00,-1.4415414,-2.2000473,-4.008414,-6.0074697,0.4213158,3.956344,-1.1432836,-0.545985,-2.0391717,-2.1845982,-0.53284156,0.30052146,2.05474,15.641153,2.5426047,-0.40473,0.28680953,2.3174663,-14.128171,-2.3160856,-3.3300076,75.07049,0.46624357,-0.04959614,-0.29172766,0.019360319,0.1078841,0.03384357
2025-08-27 04:00:00,-28.593897,1.0858876,0.73549384,1.2288113,1.6714962,-33.293564,0.4861996,-0.69505054,-0.1672319,1.2898535,0.20492868,-2.1451166,-5.049963,-4.0650268,-20.673225,-3.5957782,-1.0894934,0.9662485,4.758977,2.6581242,3.991017,-110.85205,-3.2919385,1.3344084,5.036498,-0.0075389994,-0.020344839,0.08057459
2025-08-17 02:00:00,-61.125885,-3.290819,0.7275493,3.0234647,-24.613726,-13.713473,-0.6503152,0.699705,-0.15079875,-0.22566491,-0.3630846,0.19172518,-5.6698694,-11.189852,-25.081654,-1.0349876,2.7147593,-1.6605043,4.5506377,3.2832425,5.267327,-2.0213099,-3.3064163,-0.7659168,-0.72546184,0.0047001885,-0.047923055,0.11385789
2025-09-22 14:00:00,76.96745,8.9311495,-0.83443195,-1.109664,56.08941,66.78648,3.5264642,1.1635935,-0.08010695,0.27998215,0.76102513,-5.585144,-2.4676738,-11.583789,-13.632022,16.097694,4.691076,6.96396,40.784714,2.9764364,13.7927685,64.24126,3.431598,-0.14151558,12.878997,0.11312014,0.16289067,0.3548508
2025-09-21 14:00:00,57.37501,-12.110881,-0.8726036,-4.2929378,46.421516,50.662647,-6.654682,0.0076378677,-0.2697929,-0.36240518,-1.4554181,0.348363,-7.159914,-6.6286244,-18.34557,22.131958,6.974184,5.898108,35.621933,2.569722,13.210906,61.09102,7.2310905,1.2346537,9.954244,-0.05095496,0.041883763,0.07775088
2025-08-16 17:00:00,-2.1376069,-3.9877822,0.12557489,1.0792671,-9.192196,0.6100303,-1.9114057,-0.433564,0.89836395,-6.900748,-0.46204883,-2.8477623,-11.284035,-21.449142,-26.857113,-2.157872,5.4425983,-1.283657,-3.0115545,-2.4341764,1.6452122,-39.624363,1.2663764,-0.4585545,3.8384483,-0.110604025,0.020314222,0.30409607
2025-11-26 00:00:00,-74.7888,0.875529,0.06729594,-0.5712604,-40.56796,-56.6658,-0.60597646,-0.20636943,0.24941777,-2.875113,0.17469354,0.29581955,30.557194,9.960907,-0.9765346,-23.458385,-16.59895,-11.904378,-9.180832,-15.2116785,-4.3970876,-72.19811,-16.004158,-0.28242964,-7.1162047,0.017177878,-0.1389365,0.05137352
2025-07-13 21:00:00,55.922184,5.967872,0.9684817,2.0656447,27.547098,14.200402,2.0347867,5.543082,0.2659208,6.807611,-0.08737944,0.14022526,-4.7784696,-4.7937727,-9.894617,26.108492,19.954641,6.9054184,18.82031,0.3176051,10.006277,-89.73256,-1.3255438,0.4959057,6.99119,-0.027167667,-0.01517589,0.1171323
2025-11-05 02:00:00,-36.900192,1.178376,0.4724941,0.884651,-15.861119,-22.683054,0.37379214,-0.31633312,0.13221163,-2.5245764,0.26740128,-3.031137,26.477377,19.633635,7.178303,-17.804058,-10.148425,-9.785606,-6.5464106,3.5542023,-3.7115085,-44.95721,-5.8152437,0.003219233,0.47593454,-0.027552813,-0.0019545462,0.060340714
2025-06-26 15:00:00,-30.816494,1.6301494,0.21149899,-5.00125,-17.659777,26.462702,1.656699,-1.3545796,0.14316492,3.5923338,0.56147766,0.14076583,-26.931576,-52.51674,-33.17775,17.122416,10.814116,4.3952155,20.735691,-0.21946928,8.566164,108.085686,3.665637,2.7093246,5.215036,0.9374961,0.11255298,0.08814995
2025-08-04 21:00:00,70.11681,6.0732007,-1.138928,-2.5926871,41.362865,21.899302,1.1066934,6.345609,-1.1284951,0.61535156,0.23142484,0.18802217,-0.8952161,-9.16489,-10.712792,36.13501,17.110907,8.653715,40.823853,-0.062239345,10.36012,-4.7754045,-0.8561979,1.0900946,6.236403,-0.049272466,0.058144685,0.28665233
2025-07-14 16:00:00,-30.682018,5.3231387,0.48648313,1.6520783,-48.018467,-19.126114,1.5858864,2.204183,0.26735842,3.2275093,0.31914765,0.43102154,-18.301722,-34.516224,-28.750515,9.295504,6.625178,3.3613052,2.359067,-0.04138367,3.1556735,36.54789,-1.4500346,0.98360133,1.5406028,-0.051719002,-0.1603204,-5.9678326
2025-08-20 18:00:00,-26.214775,0.3733281,1.1456977,6.4292684,-52.917328,-29.994051,-0.17499197,-1.0051401,0.9407101,-1.6690528,0.24732508,0.27092814,-27.082573,-63.2313,-39.15729,7.284654,0.8781184,3.368809,4.1991243,-0.39160803,0.6799903,-98.06395,0.235206,1.1676357,2.5369794,0.051586527,0.020056594,0.5943479
2025-09-27 10:00:00,64.862274,-2.203959,-0.4496675,-5.4598618,6.954083,56.246212,-0.51603496,-0.7281283,-0.15831375,-0.91863465,0.15828024,0.23720115,-3.4931903,0.89862114,-11.935331,18.747826,8.904416,5.6747274,37.770325,1.739672,13.888812,140.10904,3.1240153,1.8901454,3.3708494,-0.032502014,-0.0038831052,0.04091701
2025-09-04 11:00:00,23.00517,-1.3617785,0.16559304,-1.3370302,-31.004482,13.490587,-0.04703231,-1.3772545,-0.27897513,-1.4575896,-0.042209454,0.23021194,-6.9190893,-9.048595,-10.2816925,12.606538,5.4318204,2.3931005,-1.4599589,1.2946538,5.397183,107.943146,7.3305907,0.47108164,4.961853,-0.015704177,0.003927627,0.01855541
2025-08-31 07:00:00,0.7367064,-14.80187,-0.48667067,0.4713008,1.38231,0.8837072,-5.2578,0.05420252,-0.06831913,-0.20233926,-1.7712905,0.36135188,-1.8869153,-4.125267,-16.500498,-1.0856864,4.189171,-0.6499216,7.3727136,-2.0267742,3.4843478,-34.909748,-2.1206994,0.80278987,0.57975113,-0.0018981018,-0.07060327,0.08818545
2025-11-27 02:00:00,-43.577126,1.4712139,0.14534545,-0.14268962,-15.151868,-28.788326,0.41188267,-0.3234632,0.10768479,-2.3997877,0.38773224,0.52452546,35.269558,57.587307,21.509315,-13.266208,-7.0967064,-10.656599,-8.37959,-3.9123702,-3.4510546,-107.7103,-5.2070723,-0.7205974,-2.5496435,0.005169256,0.01785745,0.064309075
2025-12-28 05:00:00,46.42897,-22.871874,0.78311765,1.0854841,38.26214,11.726897,-10.278942,-0.24215807,-0.04892864,-1.501201,-4.724813,1.4113724,26.982464,98.405815,154.38622,-9.222277,-7.6583986,-20.53686,-2.185089,7.2959156,0.46900925,69.63801,0.80409634,0.25167105,-0.12699804,0.012477262,0.012224122,0.07694536
2025-11-18 03:00:00,-40.36798,3.1737525,-0.37869853,-2.241939,10.113376,-26.70986,1.1591096,0.13755946,-0.09773493,-1.7410659,0.54398155,0.6285571,29.175524,55.03542,33.677742,-15.389288,-9.0572405,-10.600087,-9.195492,-0.2598002,-4.229632,-59.874084,-3.1601245,-0.27313235,-2.3862903,-0.0053913007,-0.004408021,0.07183688
2025-10-02 03:00:00,-61.482468,0.6095227,0.8763743,2.2240927,12.130369,-30.13714,0.506756,-1.0774918,0.19655506,-3.2958586,0.13190171,-1.8057088,-10.909171,-11.263049,-20.382605,-3.8015132,11.225053,2.60604,5.3155675,3.5395138,3.9517999,-141.60773,-4.587111,-0.38163438,6.2940445,0.0011395896,-0.018504605,0.060600266
2025-11-26 06:00:00,66.54425,7.5523133,-2.0489273,-11.7882,107.7911,22.767738,3.5253167,-0.3948495,-0.8998122,-0.8969682,2.0048392,1.7404892,58.97906,134.52211,238.23088,-5.4807353,-3.2802193,8.798258,-0.7945552,14.469706,-2.487872,257.70135,-4.4823413,-0.5511459,-8.396972,-0.015385892,0.0009846252,0.055517428
2025-09-13 22:00:00,52.446022,-3.8167143,-2.2433465,-9.490274,44.989677,7.278362,-0.47485316,-1.9552542,-1.3290188,-1.4788862,-0.27314556,0.15252559,-4.20806,-13.797146,-21.251654,26.679853,12.927587,4.6488504,19.201378,-0.8680966,9.322188,100.7592,-1.9360713,0.16964701,4.1341963,0.2368286,0.0021973348,0.1010546
2026-01-10 04:00:00,34.719074,-4.9607854,-2.0047045,5.5639315,32.261784,-14.033636,-2.5059025,-0.1449004,0.2991017,-1.1390299,-1.37338,0.6678902,30.796297,69.34254,38.613613,-14.8353,-7.7193418,-12.0452795,0.6613984,6.656385,-0.27336833,-52.530285,-6.699645,0.48839435,-4.6315894,0.006561326,0.009575769,0.08233598
2025-12-11 06:00:00,87.65563,5.728951,-1.2084332,-8.225762,110.46559,29.000364,3.046992,-0.23964001,-0.14411637,-1.1645586,1.6997209,1.2873452,56.944412,140.15688,116.86886,4.633536,3.7617977,5.954274,2.5990348,8.414822,0.34746417,224.07332,7.6996875,-0.07939808,4.028986,-0.027446186,-0.0025363467,0.06388038
2025-12-31 18:00:00,3.1106253,0.2590839,-2.7033865,-5.3588657,3.0517998,8.317455,0.023333823,-0.48731533,-1.8152655,-2.6607127,0.28421366,0.33609402,-7.108616,-4.520976,-19.556877,0.37642348,2.3423293,2.7138371,-7.7544155,-2.7277873,-4.2927394,77.07504,3.2558124,-0.21996944,-4.58116,0.01783791,0.007335611,0.061532874
2025-10-06 16:00:00,-7.616211,4.328395,0.24845213,-0.32412475,-44.91776,6.402493,1.6005956,1.0075215,-0.089752756,-1.9499022,0.32217115,0.39004084,-2.5073159,-1.395589,-10.784433,9.606998,5.771335,4.093115,0.21272098,0.5965103,2.6410363,-5.7682343,2.348592,0.13794973,2.8049405,-0.0039246413,-0.029108377,0.17897242
2025-07-04 11:00:00,31.579702,-1.8949891,0.5462384,-4.0277305,-27.806805,21.434065,1.0061368,-2.5266035,-0.13046983,5.4108367,-0.13113098,0.13151863,-13.933983,-19.787199,-19.437231,18.886374,7.9975486,4.1391535,52.86587,4.4969273,9.082437,145.36758,8.51015,0.6406258,3.6775744,-0.05116766,0.047369372,0.14287801
2025-08-27 11:00:00,20.402008,-1.374584,0.5728545,-1.3259813,-32.52401,14.38132,-1.1492602,-1.1499438,0.15732202,0.573411,-0.094765894,-1.2107415,-6.6217165,-10.949956,-14.205657,10.787604,8.179082,2.9569054,8.987123,1.891759,6.7241187,118.84524,-0.31724337,-0.09576203,3.6275942,0.005909004,0.0039437395,0.03650679
2025-09-14 12:00:00,9.452075,0.4782372,-0.7402037,-5.199046,-26.164684,15.02023,-0.9067545,2.0611627,-0.48963776,-2.2391942,-0.121447206,0.2216683,-3.3626127,-6.5141115,-15.84522,16.114931,6.022014,3.346805,22.681004,2.0191958,9.145665,94.69889,7.6072154,0.11338915,7.9289594,-0.018369643,0.10033835,-0.005137414
2025-08-16 12:00:00,7.2405477,-2.8999257,0.119612694,0.5464348,-30.526033,13.153686,-1.0978526,-1.187714,0.5478182,0.52703625,-0.29690322,-2.594813,-5.043739,-9.486824,-18.978893,-2.466907,7.1130977,2.1394453,-3.292133,5.823751,8.227579,79.654686,-2.1556602,1.7765275,4.0630655,0.026368411,0.07515938,0.034895133
2025-09-29 04:00:00,-39.455166,5.712852,0.9850602,2.7231982,-9.690747,-29.423159,1.4763938,2.1778097,0.22716188,0.81150895,0.31218758,0.25012374,-15.833401,-30.87277,-37.216526,4.8358603,0.69040173,0.43881923,14.027205,1.6358402,2.227448,-148.86394,-1.9093511,-1.025045,3.642797,-0.024001544,0.014611509,0.2907404
2025-10-08 23:00:00,-3.681606,-0.023800997,0.607977,1.147922,-32.075832,-39.14181,-0.92132366,-0.34182236,-0.049737673,-4.028025,0.12443625,0.15758766,0.8888227,1.7649572,-8.209738,-12.084433,-2.3425863,5.1472006,-11.946797,3.932006,6.856397,-42.67241,-0.5624282,-0.3117798,10.129059,0.0038684686,-0.038508937,0.08070643
2025-11-24 17:00:00,58.091908,3.0717266,1.1902899,4.325128,47.498386,50.9675,1.3106157,0.95782197,2.2449286,12.57039,0.34929115,0.65796393,13.010825,16.549833,10.423237,-6.638457,-0.7775672,2.5841432,-3.2675943,1.5180413,1.0058953,8.224659,2.3316941,-0.06328219,6.8686423,-0.07268395,-0.029203573,0.1280619
2025-10-09 04:00:00,9.366419,2.4246135,0.04495028,-0.7370567,16.38815,-25.121634,1.1049161,-0.5374204,-0.28522477,-1.2751306,0.70082563,0.5037248,23.46323,24.207039,8.475614,-14.622461,-4.7589707,-1.2160724,-0.8511307,1.1649952,1.9635527,-43.43824,-1.9390912,-0.44635203,1.9663533,0.0049863174,-0.008702822,0.103000745
2025-10-30 22:00:00,21.99547,0.4319277,-0.62697077,-0.69812614,21.99787,-13.941226,0.432904,-0.68859684,-0.2381177,-8.884327,0.20516591,0.18723567,2.4571857,1.6391419,-6.762077,-23.61967,-12.290278,-3.5436866,-17.295483,2.9094841,-8.30007,-102.3744,-1.1893723,-0.21529059,7.3184733,-0.033005886,-0.0025053872,0.08540996
2025-09-07 03:00:00,-56.979713,-2.6151826,1.2245718,2.370071,10.352269,-24.305294,-1.3367192,0.80384815,0.109318614,0.51600087,-0.11932767,0.18065736,-6.780667,-6.4362063,-23.675013,-4.4071,-1.5176414,2.1211452,3.8361723,4.764269,3.5264795,-116.89011,-10.504578,1.3472704,6.962057,-0.0044635944,-0.01308629,0.08224474
2025-08-13 03:00:00,-66.33195,0.7889867,0.9277879,3.584501,8.747343,-30.878765,0.02433661,-0.9223174,0.120181,1.7770656,0.21071503,0.17626433,-13.197898,-20.578148,-34.67893,4.247371,0.19927903,0.6101396,7.0781984,1.0803449,3.1077647,-151.16801,-6.0209627,2.036605,7.0755363,-0.013080526,-0.0381611,0.20251083
2025-08-26 22:00:00,48.411293,0.8879842,-0.32892048,-3.4894667,45.248886,-0.9707144,0.009181401,2.3255382,-0.7958868,2.0278344,0.18659791,0.27549562,-4.27211,-6.150603,-16.223764,17.383217,12.326596,4.786595,12.551248,2.4032378,8.311439,49.494617,-5.08238,-0.14416136,5.115567,-0.13338675,0.09592439,0.073890336
2025-07-07 21:00:00,83.17079,4.526291,-0.644685,-4.0595922,42.52832,23.798038,2.3234951,7.8709807,-0.2620984,7.871498,0.19105326,0.20027564,0.022923581,-10.07303,-15.691034,34.849403,22.919527,7.495212,45.827274,5.1248293,18.848585,67.90346,-0.1326025,1.0672865,5.8125744,0.12334574,0.044546656,0.12362715
2026-01-11 07:00:00,52.718906,-9.361891,6.2772794,27.937475,45.710175,29.937664,-3.9930594,0.31104866,0.04287471,-0.4970848,-1.6022211,0.6631928,16.996374,114.90158,229.1835,11.579732,19.975496,12.902883,22.41022,54.479862,24.252485,256.04144,3.8396726,-0.2120682,10.777487,-0.0036740834,0.01350465,0.06257156
2025-11-18 22:00:00,7.815534,1.6855578,-0.5088142,-1.2922149,8.892296,-15.918743,0.21057238,0.6995877,0.13850677,-9.141947,0.25012946,0.2014781,9.092512,1.5668732,-6.4701004,-24.462831,-13.909822,-10.508565,-20.646719,-5.845447,-9.679835,-103.53739,-9.658945,0.33120465,-5.683375,0.045284875,-0.005574255,0.05431959
2025-11-06 14:00:00,34.409184,5.942167,0.2234233,1.3552369,7.578786,40.010864,3.0206263,-0.048004616,0.8832202,-6.220041,0.5275547,0.5817663,2.595464,4.6378856,0.20277578,-2.4657211,-2.4902642,-1.4802659,-15.994512,10.979265,-8.191907,-106.099236,7.563367,-0.49600893,-9.50217,0.023494227,0.0015548673,0.12268692
2025-08-20 07:00:00,-5.0304503,2.535892,-0.7067155,-0.53609985,6.5568013,-7.4643154,1.1459006,-0.5305793,-0.24134986,-0.52132505,0.3497187,0.59881157,-4.2892847,-5.570627,-17.742964,14.203175,4.359772,2.8163965,20.037556,0.10581824,5.3583803,58.908207,0.6747155,-1.065142,0.93410563,-0.004673556,0.0052834367,0.13346219
2025-10-02 02:00:00,-73.4921,0.49224856,0.73480517,1.4974884,-20.303305,-22.630062,0.2636586,-1.0387543,0.042478155,-2.6839013,0.09268074,-1.5054014,-12.093101,-12.682092,-25.685486,-1.3880587,12.958107,2.3246374,4.865722,1.1940348,3.8106208,-111.03284,-4.304724,-0.022917874,5.5248966,0.0089954855,-0.008099567,0.11932967
2025-07-05 15:00:00,-36.368057,-6.7184663,-0.7103785,-8.190378,-16.955158,17.019764,-3.0613513,-1.9758121,0.045935087,2.2422595,-1.0616918,0.16863425,-23.626781,-37.933025,-29.859426,18.881292,8.914757,4.889174,21.446901,-0.65881,3.8382332,93.96017,2.226197,-1.3293568,2.9408066,0.2537246,0.013246762,0.10651982
2025-09-07 17:00:00,-7.909676,-3.7667305,1.0178657,1.6282833,-10.794304,0.33678964,-1.8915284,0.63868695,0.12693965,-2.704172,-0.39277238,0.31122452,-3.7450113,-10.134387,-21.802347,10.343177,3.172632,2.1120765,-0.40814176,-2.0882154,0.33532095,-40.047264,1.8682884,0.22401488,-3.6018786,0.0012862531,0.032341257,0.24460182
2025-09-03 19:00:00,0.84330004,-1.1737633,1.1138072,7.036689,-16.585205,1.4266675,-0.7441479,-1.562178,0.63741314,0.73367846,-0.2358813,0.27373254,-6.942258,-9.736087,-17.680943,6.89271,2.2203834,5.9163413,0.24408281,-0.23578137,4.5063095,-16.42515,3.3644936,0.15001942,3.7365918,0.0014304427,-0.008380596,0.17551936
2025-07-20 14:00:00,54.790073,-10.5767,-0.22929198,-0.28429645,41.05011,46.198605,-5.6657653,0.31351572,1.5383974,6.0590777,-1.9675972,0.35672474,-4.1499424,-6.3861322,-17.880451,17.677351,8.203399,4.790343,24.544195,4.134392,8.135786,72.951256,-4.3670526,-0.85663134,9.436391,-0.0399138,0.10629949,-0.8711389
2025-08-17 13:00:00,-10.729299,-1.1324887,-0.09038068,0.83755666,-35.312073,2.795089,-1.0103055,1.5804037,-0.15086102,2.264892,-0.3345321,0.30067238,-4.79758,-11.029402,-19.385296,11.427614,0.4531148,3.7590303,15.596525,3.1745255,8.506608,85.91769,3.9774573,0.14430663,6.736487,0.038414463,-0.3509306,0.091966026
2025-11-09 19:00:00,-24.685463,0.41498497,-3.7808537,-9.518502,4.016539,-10.01276,-0.40871352,0.80667514,-1.9492638,-5.658074,-0.186644,0.39254805,6.875874,9.449202,0.638225,-8.460825,-2.289247,0.544288,-20.782356,-2.0427883,-8.065029,6.5411425,0.33654898,-0.20978537,-6.104383,0.011475339,-0.021023123,0.0678708
2025-09-14 01:00:00,-108.30128,-0.8542553,0.95787746,1.2478775,-46.12011,-59.59473,0.43489745,1.4894282,-0.41106576,-0.8982928,-0.012206915,0.12047776,-22.644356,-41.558506,-40.890343,5.9448047,1.4132988,1.1960092,2.5268707,2.390299,1.7022401,-68.79453,-2.465904,-0.49177283,7.4764357,0.05380548,0.035593636,0.23439318
2025-08-21 15:00:00,-23.804737,1.3698089,-0.57284135,-2.9672222,-10.009432,25.799625,1.2720727,-1.2453177,-0.21223742,0.53484094,0.39723015,0.2037179,-20.641682,-32.59658,-28.405619,14.267846,6.839086,5.277681,22.537926,0.20103335,3.6512094,110.18416,2.7728999,-1.578613,2.6764803,0.13528043,0.03243973,0.20161794
2025-09-29 22:00:00,49.943336,3.3709714,-2.5641682,-12.182855,48.685944,3.5944219,2.0130937,2.835501,-1.6613759,-1.2946382,0.1633432,0.15611733,-9.895109,-22.600824,-26.376091,26.285677,15.492855,7.855572,33.448864,0.7002777,8.736421,100.47121,-4.0786433,-0.5531678,4.2935,-0.2718525,-0.01383155,0.03263962
2025-07-13 19:00:00,29.146221,11.74638,0.3764149,4.2625375,0.17354357,7.335937,3.3748488,3.8625712,0.3809842,2.678695,1.3646796,0.20562966,-6.646761,-7.55137,-14.87961,15.204409,13.790829,3.6038055,9.052132,-0.60552967,7.849597,-38.94899,0.44579574,-0.7055823,3.8995705,0.026613869,-0.050834913,0.18959923
2025-10-12 05:00:00,47.915924,-20.927004,-0.56488913,-2.7863724,31.175873,12.790634,-7.7668037,0.06387639,-0.10589758,-1.7450205,-3.3604603,1.532089,30.502306,55.391,18.094835,-12.32947,-4.2094116,1.1923242,1.4916027,-5.958399,-0.21547408,-4.027862,-1.4617923,-0.41911855,-3.4739811,-0.0021635252,-0.017613245,0.12306718
2025-08-12 01:00:00,-110.21521,1.1291742,0.93817663,2.5004075,-44.98414,-52.150536,-0.7107551,1.0023597,-0.12947619,0.98207617,0.059230395,0.1298964,-22.608578,-41.814964,-38.81664,3.8538136,-2.4460504,0.7386334,5.1395426,0.38634098,1.895717,-97.15229,-4.7513013,-0.04455022,6.859318,-0.017292432,-0.026265204,0.19719455
2025-07-07 02:00:00,-80.898575,6.3145003,0.5094217,-0.37223965,-27.297808,-26.47378,1.1302698,2.210059,0.21171159,2.4899244,0.13647297,0.15986817,-24.212748,-61.12916,-39.233788,18.257341,8.128366,-1.9007936,12.861636,1.1746919,1.1304026,-177.04465,-5.196666,2.074088,5.821472,0.06700256,0.01716144,0.10968387
2025-07-08 16:00:00,-36.890667,2.2158904,-0.033458933,-2.9713926,-46.525608,-18.21412,0.27948952,1.1936079,0.24673146,2.8184278,0.31509882,0.25872007,-33.63035,-63.57733,-38.277542,11.303306,4.1304207,3.600052,14.569239,-1.2653486,7.183874,87.91956,0.31226334,0.20934209,0.2545926,0.6256566,0.20797811,0.25409868
2025-12-20 02:00:00,-43.9419,-2.4977252,0.094781406,-1.8751359,-10.946977,-29.44402,-1.2481425,-0.22360764,-0.065140806,-2.565226,-0.5926284,0.3969179,37.003624,48.107296,15.228611,-14.638704,-6.5532765,-12.641355,-4.75431,-8.810445,-3.9587843,-111.33292,-11.778655,0.095862165,-10.075578,-0.04337141,0.025988776,0.058113195
2025-12-18 01:00:00,-87.40974,0.7560546,-0.15967715,-4.924303,-30.860344,-64.02473,0.17142957,-0.3972942,-0.26605025,-2.5703614,0.16771372,0.31900293,37.904503,16.0115,1.1771064,-18.666649,-11.29918,-11.9936075,-7.0351515,-24.841965,-3.9361038,-56.434967,-15.62114,0.19399557,-26.546642,0.0115494765,0.056742396,0.060516965
2025-09-21 06:00:00,-11.5004015,-10.548507,1.1714303,4.614594,-4.960715,-14.926066,-4.1971955,0.5437016,0.71385026,0.9073934,-1.9111576,0.31906557,-8.25101,-14.298785,-32.53826,2.6537292,1.988429,-1.8427482,9.694507,1.4597752,1.3272282,-95.6704,0.6407536,-0.80663043,1.3816231,-0.0019766514,0.13444941,0.12025602
2025-11-05 05:00:00,58.47817,5.7547293,-0.7293714,-4.407138,49.5656,12.756152,3.2202373,-0.2602497,-0.017659744,-2.0556061,1.3118297,-19.817467,36.063374,78.89591,31.787077,-10.012284,-3.6750453,-3.1335297,-0.7939875,-11.293147,-0.7717653,65.42202,-2.3298285,-0.41574582,-7.5982566,0.034415003,-0.008354222,0.054743458
2025-12-22 05:00:00,70.07435,9.69181,0.88554144,2.0320003,61.59993,19.068264,4.6745734,0.97249186,0.024445625,-1.6614611,1.7498462,2.1688533,35.564598,108.98347,58.106358,-15.802148,-5.3223615,-5.1172986,-1.6474565,3.60923,-1.8810786,71.198975,2.1745167,0.2411858,1.9317884,0.0071037747,-0.00084769423,0.06316979
2025-12-04 19:00:00,-15.815215,0.055946555,-2.556922,-6.452968,3.4124591,-1.5259418,0.25446472,-0.92824835,-0.8132159,-3.9701765,0.14517361,0.3268323,-6.61216,-4.9836226,-2.546613,-0.44109714,-3.7015119,0.023042126,-11.892461,-1.8127294,-5.9464955,-8.59054,-10.453352,-0.12195003,-10.840994,0.015901411,-0.035818886,0.084570065
2025-09-02 08:00:00,27.974026,6.3242416,0.7063651,1.4697478,18.765484,4.447918,2.8207164,0.5599121,0.19003354,-0.4995978,1.2474153,0.6075532,-0.9870039,1.0091089,-0.86320484,3.9159472,1.1511914,2.9813383,3.8133647,-0.9295535,7.417789,61.603527,-3.363655,2.9218166,3.9666512,0.0039162184,-0.010414228,-1.4053845
2025-12-18 14:00:00,23.527092,6.3103743,0.19901906,-1.2925755,-5.7648587,29.17889,3.7545617,-0.16004358,-0.6016873,-8.299062,0.45228988,0.5219253,-5.5834618,-8.355086,-22.936718,-6.570055,-4.760227,-2.659114,-21.53647,-22.901587,-12.630834,-133.05893,-7.146352,0.24867035,-30.02412,0.015776316,0.002942615,0.100756705
2025-08-31 04:00:00,-33.994152,-3.9445865,0.9032269,1.7779049,-6.5174246,-23.546087,-1.9932213,0.84560215,0.17420901,1.8136004,-0.57775176,0.1808477,-7.963253,-10.732119,-27.02159,-3.0245533,-0.10399157,-0.73044777,7.008882,1.2618357,3.8925467,-127.86644,-4.3235707,0.87614834,4.2703066,-0.008415358,-0.031186974,0.09634274
2025-10-05 08:00:00,19.965965,-22.85629,-0.06541469,-0.12165274,3.9929602,5.154527,-10.293057,0.11260654,0.029153021,-2.3742402,-3.334509,0.51373917,-0.8519795,1.2677202,-1.6895227,2.445267,2.6475916,3.524921,5.6284604,1.5436013,3.6309826,-6.6022186,2.459011,-0.8356634,-1.1561635,-0.016300175,-0.0069690933,0.1734425
2025-07-26 17:00:00,-25.585844,-4.2438664,-0.29495257,0.08598122,-45.113903,-18.773836,-1.6388252,-1.4277173,0.97194785,-4.57441,-0.9118669,0.20037268,-40.720177,-78.75567,-39.816856,16.930744,1.6380203,5.143202,8.653855,-2.752812,-1.109283,-14.817219,0.14019674,0.58372897,-3.287239,0.20314947,0.08887818,0.5134973
2025-09-25 19:00:00,17.677156,-1.1303763,1.2162002,7.614268,-20.594425,6.384481,-0.08983852,-2.9026208,1.138841,1.4571607,-0.31690612,0.2482592,-17.751568,-27.524708,-20.647877,14.44336,7.28208,4.950631,16.831945,-1.3889102,6.9155483,-29.826788,3.558584,0.22551632,5.2000785,0.03736623,-0.012581305,0.521829
2025-10-02 12:00:00,6.0843973,0.2125307,-0.95691603,-3.8152392,-31.69228,7.636572,0.86071014,-1.3011601,-0.12946261,-6.625198,0.39552128,-2.2494924,-1.0566763,-0.94846475,-7.6124525,15.554001,8.033111,4.1169887,13.559245,1.2416154,11.681251,89.03529,9.462493,-0.10997177,7.7234983,0.024786385,0.03955767,0.012512637
2025-10-09 03:00:00,-44.34031,0.89802253,0.10971881,-0.07868424,21.613024,-34.13699,0.5169485,-0.54641503,-0.2111452,-2.1396983,0.32146403,0.3936083,19.842453,17.339853,4.694502,-17.831636,-6.9963984,0.5008176,-4.0840592,0.024678849,1.7151259,-62.826054,-4.601449,-0.6411151,4.590583,0.015853414,-0.0061703348,0.07852442
2025-11-24 18:00:00,-2.1918778,1.8231115,-4.694452,-8.6706295,1.1347963,4.8916674,1.1194266,1.197327,-2.13295,-3.2953937,0.3164795,0.46208456,-1.1468635,7.9822097,-1.178069,-8.454106,-2.8749764,0.503242,-16.007948,-3.370677,-6.458662,75.94176,-0.19600902,-0.33567786,-0.3367197,-0.14186339,-0.02051412,0.032266464
2025-08-19 18:00:00,-24.551628,1.2862706,0.53588235,2.9094343,-47.68805,-20.564194,0.23098007,0.62474024,0.9256531,-2.895875,0.27117828,0.2562275,-22.04487,-39.87156,-37.516453,10.831388,2.3217154,3.48506,12.189168,-0.8313034,2.5732048,-28.460007,0.84063935,-0.3977067,1.6009008,0.010275063,-0.08004032,-6.0134625
2025-07-15 02:00:00,-77.24064,1.4165775,0.728839,3.1092982,-23.890064,-26.711956,-0.08743825,0.9994722,0.41562292,3.2307997,0.14495735,0.16067015,-11.572122,-12.008437,-28.773756,2.882189,0.02904042,2.0714698,4.93951,3.7936802,3.0795708,-132.74031,-5.622671,0.5462925,6.464444,0.030684251,0.0078084576,0.09536916
2025-11-30 11:00:00,22.593216,-1.5683925,-0.6665561,-0.5672226,-29.822044,5.0330267,-0.6067237,0.8788837,0.41000524,-5.5288625,-0.34049883,0.37554574,-4.3666563,-5.099809,-0.6864896,-1.3998644,2.196224,1.8069555,-30.482397,-8.544649,-10.030131,61.72716,-0.89375967,-0.61614937,-5.4055967,0.022433575,0.022368629,0.036892705
2025-12-29 11:00:00,25.552753,2.155866,-1.0573837,0.4349347,-35.17708,7.305176,1.6599802,1.4502479,0.21743536,-6.3183126,0.19644058,0.43628022,-9.198864,-15.116154,-23.766903,5.4578247,2.0060642,3.5317862,-27.233938,-11.227602,-10.011949,73.78982,-4.2034883,-0.5343322,-16.805408,0.054274034,-0.01556808,0.027314296
2025-08-05 23:00:00,-0.50412434,0.16034234,0.23410535,-2.8715467,-29.213762,-43.869514,-1.5073905,1.4536275,-0.5208753,1.3482088,0.144162,0.18174076,-7.6900134,-16.890009,-23.065395,20.960318,8.241645,5.173912,19.98662,1.7193425,6.996916,78.719025,-4.077694,1.5629053,5.921884,-0.005286859,0.4557504,0.044351507
2025-09-22 05:00:00,-7.5513983,4.364404,0.75531256,4.673906,0.8370927,-11.345665,1.4727019,1.3181196,0.20977801,0.33897865,0.38792267,-3.659561,-11.21839,-17.736374,-34.84352,1.5360488,1.9655412,1.4541794,4.6063337,0.4528058,2.020698,-121.18238,-4.8658643,0.31399634,1.2026076,0.03372983,-0.051310305,0.101245105
2025-07-24 07:00:00,-0.23826674,2.1953485,-0.8480109,0.6229574,10.54399,-2.6977262,1.9366512,-0.6021672,0.198576,3.522753,0.9937299,0.43965188,-2.5727553,-3.3164525,-4.742646,11.629255,12.884465,1.5762758,14.821022,-1.6535014,4.81882,93.15311,-3.754112,2.6426744,2.0337675,-0.008980294,0.02076705,-0.6263154
2025-12-02 06:00:00,70.89823,8.115966,-0.89711434,-8.012753,115.30261,26.113136,3.670409,0.11609727,-0.15908504,-1.1011648,1.8725913,1.3628477,61.274345,146.30438,230.37381,-1.0971019,-5.1434503,-4.921579,-3.7056556,8.279231,-1.7299169,260.95874,5.5031376,0.018769745,3.3451664,0.0036028312,-0.0062776557,0.059963867
2025-10-15 07:00:00,1.4510742,1.2634133,-2.079685,-5.374173,2.7608747,-1.8181698,-0.35607013,-0.36257997,-0.35814828,-3.3139417,0.348264,0.3740599,-4.3296003,9.630277,3.3570063,-10.071898,-7.2786765,-1.8608239,-3.5430589,-7.895656,-4.333534,101.130135,-4.3670645,-0.9582899,-4.761463,0.21420358,-0.003630174,0.06526329
2025-09-28 23:00:00,1.96735,1.9751197,-0.39160454,-4.8451643,-25.27559,-40.235,1.3471942,1.6774176,-0.58619994,-0.29525214,-0.13575949,0.12696142,-14.031423,-27.081514,-29.728548,18.791378,6.9578705,5.046945,19.78533,1.5218744,7.1575036,94.75183,-5.1482472,1.4770896,5.955349,0.11500972,0.15603136,0.047810458
2025-10-10 15:00:00,1.693486,1.6802472,0.0026041635,-0.33729383,-24.319698,51.43727,1.0242753,-0.20254834,-0.20645258,-3.4869554,0.4361921,0.51564133,-3.5103292,-0.7901759,-10.426571,2.402732,1.7648078,3.707397,-14.319529,-0.1949583,2.3070953,3.249878,6.2239757,0.5280632,4.9826174,-0.063755974,-0.0040755197,0.10826052
2025-10-04 05:00:00,3.538815,-4.1125927,1.1649489,3.2979832,5.14817,-5.245416,-2.6234963,-0.44892114,0.36792794,-0.94487643,-0.9108386,0.3498432,-3.4616714,-4.7069235,-20.988539,-3.6420586,0.21516886,2.7185035,2.7873144,-0.11987089,2.5339146,-103.502785,-1.3403672,-0.4566209,1.175515,0.01781966,0.016564626,0.110770434
2025-07-13 12:00:00,8.362244,-1.2322738,-0.22174016,-0.40282372,-28.720688,15.6511,-1.4393576,2.1313589,-0.10399442,4.202699,-0.1626652,0.29089987,-3.5089338,-5.32262,-14.004536,14.504505,8.291865,3.755329,18.897383,3.4272885,10.109007,64.83147,8.377776,-0.074746534,6.272778,-0.044666357,0.047129467,-0.029242286
2025-09-24 10:00:00,61.945473,0.42492384,-0.61091405,-6.0933123,6.2153,57.51324,-0.12412135,-0.5317809,-0.3956797,-1.0188292,0.09022129,0.24542738,-4.2840953,-0.32604796,-9.232144,17.049284,8.24205,4.857925,31.13629,-0.7074713,14.085734,133.38855,10.4476795,-0.8714003,2.5418954,-0.07303981,0.046371065,0.042582456
2025-10-15 20:00:00,-31.0407,-1.8245689,-1.952997,-5.593817,-37.281612,-23.95663,-1.1630125,-1.4545738,-3.2494993,-8.492261,-0.0028110645,0.14724363,-5.8456936,-8.00826,-14.3049135,-4.8861547,-2.5636375,-0.6688165,-12.387008,-1.6935462,-6.4959903,-39.25718,-3.8149765,-0.7664786,1.8513848,-0.0017442477,-0.0055028847,0.07343795
2025-10-16 01:00:00,-72.43117,0.27312902,0.99020946,2.8308032,-24.811554,-50.29407,0.074447066,-0.6212537,0.036075372,-1.9643837,0.13598652,0.20281622,9.71587,12.828602,-0.75488865,-12.645182,-4.3512297,-8.299574,-1.9590106,7.692682,-2.395011,-66.27192,-3.585286,-0.29696262,8.981063,0.0042227563,0.015523614,0.053781636
2025-12-15 11:00:00,25.009966,2.853122,-0.9513713,-0.4860006,-33.26722,5.929123,1.5764961,1.5301125,0.3400993,-5.867723,0.27330858,0.39422527,-7.6381397,-11.675611,-15.386826,0.2285613,0.69277155,2.281822,-26.03792,-11.189598,-9.3022785,47.94078,-4.09144,-0.46461156,-16.217524,0.041348077,-0.02848353,0.056368876
2025-10-30 03:00:00,-42.13009,1.1993307,0.029887708,0.5510324,18.83777,-32.90962,0.53309673,-0.39683306,-0.2329096,-1.9658742,0.3450721,0.5289874,25.298145,32.500504,6.844059,-17.26552,-7.21593,-9.248628,-5.0421844,-0.006010457,-3.6014512,-60.087402,-4.059556,-0.46070915,3.562607,0.013532271,-0.00475929,0.071243286
2025-09-06 17:00:00,-8.859709,-4.3359165,0.45541748,2.1536257,-26.135033,-3.9397314,-2.6900568,-0.59414667,0.4521492,-5.550026,-0.7704842,0.28655878,-16.97799,-24.056177,-25.50576,4.318062,4.8486457,3.7299898,-2.0619502,-0.13185488,0.10191328,-10.3422,1.3422009,0.114612736,-2.873006,-0.039927393,0.018499658,0.42907584
2026-01-11 14:00:00,13.196742,-12.966902,-5.2947435,-13.171185,-6.280537,15.906809,-5.215991,0.15116253,-0.74422145,-9.440014,-0.98183364,0.2650977,-12.997204,-22.293154,-39.52723,-5.786324,3.490701,0.33416823,-22.167282,-26.26984,-14.626187,-159.81721,-10.368154,0.526322,-34.92366,0.007381239,-0.0063231345,0.14730375
2025-12-14 12:00:00,7.2004046,-4.2007165,0.21231326,-0.0855681,-52.364754,-3.0599568,-1.2572254,0.42947894,0.024195433,-4.6553884,-0.7618313,0.31536275,-5.712119,-6.995638,-10.794217,-1.9427826,2.6358562,2.2610672,-20.977732,-17.593153,-8.586764,-10.2841625,-3.5364275,-0.07560294,-21.723059,-0.14509031,-0.003866402,0.060113452
2025-07-14 07:00:00,-4.8122716,5.371021,-0.39036343,2.5604258,6.017503,-3.8811584,2.5533545,0.72431344,0.1663087,3.103291,0.64542246,0.7918421,-1.6483523,-2.269295,-9.705744,-4.3191385,1.0700008,2.0578263,9.949754,-0.7037475,3.7847185,49.25684,-2.185185,-0.10185994,3.1880689,-0.0356577,-0.014554637,0.10436385
2026-01-09 14:00:00,15.893214,-2.887567,-4.915138,-15.773559,-2.0756302,23.259863,-0.5707535,-0.063141674,-0.8211025,-10.236964,0.41087684,0.36635545,-14.097436,-28.609413,-42.046764,-1.5903348,-1.595119,-0.89404166,-22.813278,-28.285303,-16.123987,-149.84407,-11.288289,0.56319356,-36.866188,-0.0060864356,-0.097637534,0.43239495
2025-08-22 23:00:00,1.427058,-0.4456385,-0.12868139,-2.6630769,-23.3127,-40.320934,2.2370322,-1.6128309,-0.57730365,1.083778,0.0754233,0.20838715,-11.761234,-28.630941,-29.521143,17.950855,11.289966,1.7330465,23.220556,1.5332079,6.4844503,83.78587,-3.5873325,1.0101984,5.198191,-0.0050370744,-0.059703514,-0.007256505
2025-09-06 02:00:00,-69.5815,-2.1716783,1.1470256,1.7390547,-16.928465,-24.49918,-0.5404872,-0.60078794,0.20654419,1.0906346,-0.052832734,0.16827223,-7.029976,-6.824761,-20.175934,-2.7977953,-3.1969779,0.71634364,1.8664579,4.8215256,2.7744708,-119.833496,-3.9518871,1.1353078,6.1441236,0.015434987,0.005955975,0.07444065
2025-10-14 14:00:00,53.488777,5.674468,-0.79687315,-0.38700926,23.027704,56.12889,2.724284,0.081678644,0.14149168,-5.056856,0.68227863,0.6581914,-4.7042203,-3.9665904,-10.247494,-1.1104538,-1.5594447,3.220767,-15.032241,6.2523,-7.8083916,10.3769655,5.5372496,0.19580033,9.458269,-0.0050086174,-0.005938325,0.0965382
2025-08-15 01:00:00,-118.51433,-0.1781789,1.6792344,2.0463505,-44.985638,-61.471832,0.5733744,-1.7492907,0.021195998,0.05851439,0.040628538,0.13404337,-11.902337,-9.66771,-20.593119,16.64849,8.464937,1.9711118,5.1262097,2.742847,2.451756,-63.7556,-4.586362,-0.9249837,9.544104,-0.050411303,0.02879088,0.11798011
2025-11-01 19:00:00,-31.617085,-3.1415062,-5.22677,-9.989308,-14.4303875,-13.208622,-0.99135256,-0.81604207,-1.8772036,-7.1593604,-0.09544116,0.37613782,-4.034728,-4.868281,-9.049589,1.5748396,-0.95885473,-0.54769623,-17.231012,0.74671537,-7.9479275,20.625635,-2.7914312,-0.12287682,-4.6470118,-0.03361283,-0.077512346,0.06788471
2025-08-27 13:00:00,-13.890262,1.0780942,0.088493325,3.0402908,-46.006775,-8.921459,-0.018462626,-1.1720465,-0.28683352,2.3332267,0.25917998,-2.4951067,-10.054448,-17.382078,-20.89456,13.394581,8.462246,5.1333113,14.676373,8.469632,8.271071,-38.69754,1.2452139,-0.3334884,9.623714,0.028751766,0.029482257,-5.4464784
2025-10-25 21:00:00,-17.144234,-1.1082938,-1.1955423,-3.274539,-17.66881,-23.446642,0.99214476,-1.3829557,-2.4890113,-11.259229,0.08692552,0.10923078,-5.421677,-5.3072467,-11.022832,-21.093534,-9.026821,-1.899776,-23.75294,2.38661,-8.966288,-123.51179,-3.5152192,-0.4126851,3.7418447,-0.027466632,0.00016710162,0.063373804
2025-10-25 16:00:00,7.8411946,-3.0543318,0.17429847,1.9917043,-37.824585,18.058218,-2.2407534,-0.42971483,-0.42522636,-2.108237,-0.7784829,0.49733448,2.1370113,5.890519,2.2584617,0.18540901,-0.8880848,0.6978189,-6.8438463,4.447252,-3.3328733,-0.9941474,4.6450562,-0.040540192,3.1799424,-0.02331732,-0.008947524,0.11504206
2025-06-30 15:00:00,-25.094212,7.514965,0.29858044,-2.7548568,-13.613231,30.58819,3.0075736,2.3971913,0.028912075,3.2134545,0.74269277,0.41610792,-8.715088,-23.609678,-23.38898,10.566409,4.292695,4.50088,8.148779,-1.0672178,10.037961,66.34613,3.3811934,0.07337793,5.042594,0.020388626,0.0210215,0.15934037
2025-09-23 06:00:00,3.1647384,6.1920767,1.2720056,4.449864,5.567655,-13.7327,1.8402915,0.5969835,0.7217527,1.0123591,0.9512352,0.45781043,-8.017722,-13.230432,-31.808641,2.3978972,2.168849,2.8646502,18.9824,0.81453705,3.178359,-63.692295,-1.571438,-1.0538248,1.6737783,-0.004780357,0.1348873,0.12716207
2025-11-05 20:00:00,-39.764515,-1.1925334,-2.177307,-6.3895745,-43.80964,-29.40101,-0.5460507,-1.1532774,-1.7747608,-7.4480557,-0.049042456,-1.5725106,-7.377323,-8.1814165,-13.089722,-13.18888,-5.843941,-1.8695223,-19.047518,-2.7549198,-9.367663,-17.905073,-4.4419837,-0.7362654,-8.058322,-0.045071464,-0.014355168,0.07672826
2025-08-18 16:00:00,-25.327068,3.9378371,0.124394454,0.31488067,-44.93481,-12.014652,1.769858,1.7836655,0.01660135,-0.16877265,0.32522196,0.45441166,-20.047136,-40.803677,-31.789814,7.7586465,7.6343336,2.7377555,3.3456573,0.16059853,3.617235,36.062138,-0.95624197,1.1782274,-0.3340834,-0.019618185,0.6181814,0.6305714
2025-12-26 17:00:00,68.359,0.83131063,0.88857055,6.0677066,52.88173,58.831467,1.0836767,-0.23535788,2.4141495,14.294306,0.34718975,0.42739034,3.274494,7.4522653,2.7862554,2.94854,1.7957392,2.1877096,2.6173503,3.4239814,1.7849816,2.7339764,2.3030775,-0.17978321,6.8951917,0.013973817,-0.0064569614,0.14322308
2025-09-17 21:00:00,70.0535,-0.6810421,-1.0447598,-4.7717624,41.78483,21.36113,-2.6047595,-3.4427269,-1.0442436,0.12761329,0.1856104,0.12191893,-1.1916935,-18.690035,-15.022155,33.33038,15.014601,9.045975,42.563633,6.9235334,10.217827,-9.166643,-1.093512,0.21588403,6.769596,-0.041355412,0.04424796,0.29650426
2025-10-29 17:00:00,35.243866,1.7231185,0.22149219,7.235675,13.689954,33.054867,0.49019465,-0.4486749,1.7111561,0.48336864,0.30783352,0.51032674,3.1115456,6.0190105,4.085186,1.3206458,-0.6058132,-0.8379488,-3.9937363,-2.188104,0.18195914,10.102055,1.3756855,-0.34690174,-1.9885526,0.02089387,-0.0054792147,0.13339111
2025-10-28 20:00:00,-39.340954,0.038391832,-2.1074026,-6.754929,-40.51748,-28.636204,-0.56133324,1.4881047,-3.112868,-7.466114,-0.03861842,0.16139379,-5.424595,-8.360481,-11.190382,-16.935946,-7.558268,-2.395971,-22.021076,0.7035374,-8.934288,-32.673244,-1.5332644,-0.19148698,1.8762953,0.012682118,-0.0070111337,0.079605825
2025-10-22 03:00:00,-37.203712,1.2157493,0.12739438,0.9665469,18.552767,-28.613369,0.4447632,-0.45579174,-0.16967732,-2.423202,0.27972722,-2.2242982,15.897623,15.397471,2.087958,-15.324206,-7.0418034,-9.108616,-8.6091585,6.969572,-2.7753422,-58.411877,-3.579101,-0.34901157,5.0265617,-0.0074709035,-0.006138816,0.07470161
2025-10-31 11:00:00,18.57624,0.09060006,-0.10665316,-0.07089359,-30.484348,5.9427814,1.4434037,-0.8956295,0.17927095,-6.6033874,0.23330945,0.35046336,-4.8607507,-4.3553085,-5.021497,-1.1249498,-0.30235338,1.8418837,-22.379473,-0.19903678,-9.181317,86.57601,-0.047767885,0.23627442,3.7266457,0.021748886,-0.006252713,0.03185634
2025-11-23 03:00:00,-35.086094,-7.382674,-0.27444828,-1.4516299,10.445164,-22.434334,-2.4806955,0.0043787416,9.249896e-06,-1.642089,-1.1138313,0.5417777,28.152468,52.87804,32.1368,-14.752508,-9.171118,-10.79191,-8.353864,-1.4714822,-3.9988923,-64.29076,-1.814171,-0.31602144,-2.4781995,0.0020326925,-0.0011299079,0.077434905
2025-12-13 13:00:00,-31.590763,-3.2865891,-0.24366532,-1.9167062,-82.14901,-28.309288,-1.829229,-0.5114789,-0.07856954,-5.405366,-0.53491586,0.2548784,-7.9897027,-8.799554,-14.25326,-2.1668537,-3.3827045,-2.4887033,-24.01468,-20.3701,-9.933967,-67.34863,-4.5451083,-0.17064108,-23.386904,0.13202342,0.019622171,0.087974146
2025-12-09 11:00:00,31.922182,1.749326,-0.71858937,-0.38025257,-40.303127,2.4850357,-0.19886741,0.64587176,0.4022107,-5.1312275,0.30825278,0.39517692,-6.9930887,-5.6205077,-8.52735,0.8560509,3.360407,2.4194317,-20.55163,-9.5392065,-8.356141,1.1478757,-2.8414574,0.13384874,-17.687088,-0.080196545,-0.024762435,0.058134966
2026-01-05 13:00:00,-30.855007,3.4919646,-7.376961,-14.703016,-76.051315,-22.313341,1.2512822,0.79938537,-0.76963454,-7.432936,0.20643125,0.3041518,-13.347931,-24.244099,-40.308445,0.39804253,-1.4664562,-1.0968554,-23.775227,-26.761702,-13.7708025,-127.200035,-5.581975,0.17738518,-26.150763,0.07192674,-0.022542318,0.12695824
2025-08-31 21:00:00,52.420567,4.21152,-0.24640481,-3.2895794,17.978346,12.654006,1.6476145,4.620427,-1.1871538,0.21858855,-0.22080094,0.16529581,-4.8365536,-1.388968,-10.842459,29.292778,13.755343,5.289672,14.165901,-4.934203,9.965415,-36.832153,1.2359737,-0.5543414,6.0550585,-0.06505614,0.0068009524,0.08686572
2025-12-19 17:00:00,70.51537,0.74299663,0.73497,3.5088627,55.079205,60.015865,0.83211225,-0.2793487,2.5347743,13.8247595,0.26207224,0.46312526,1.6101146,5.0863967,1.0463309,3.8426301,1.9505266,1.2239891,1.5350727,9.032767,1.7039317,-15.5343075,5.937544,-0.16006052,10.360231,-0.03268305,0.0033143596,0.1873136
2025-12-01 22:00:00,9.92292,3.0319076,-0.43873385,-2.4210587,14.317669,-16.887173,0.96090806,1.2593138,-0.052527007,-9.605983,0.22095127,0.20057173,5.080671,0.20233777,-7.584972,-25.099,-12.84053,-10.336329,-20.582525,-10.8050585,-9.812862,-106.47731,-15.132532,0.21017416,-17.363306,-0.011411311,-0.013885909,0.059765387
2025-08-22 13:00:00,-9.622602,-1.1522406,-0.3824493,-0.05310912,-33.355347,4.8275948,1.4082165,-1.8299459,-0.005574489,2.3319993,0.26492754,0.26078632,-11.46909,-23.182207,-26.948488,14.820568,5.5665884,-4.8056154,39.33848,3.1500797,9.008293,42.951546,2.7131686,0.1125182,9.33226,0.005313399,0.04811707,0.34241325
2025-11-06 05:00:00,65.13481,6.703609,-0.6635238,-4.4773636,54.010777,17.329071,4.0601764,-0.32419083,-0.035184287,-2.1030161,1.9654484,3.3691657,43.354885,91.88348,38.534405,-10.024251,-2.7137537,-1.3649032,-0.22220768,-6.8930163,-1.0085396,61.21944,-0.6370322,-0.32260454,-6.4499397,0.0072827325,-0.007457121,0.112036794
2026-01-12 09:00:00,173.89412,3.602728,-3.1896832,-0.1530464,89.85679,71.54813,2.6604407,0.9628836,0.029874235,-4.4988885,0.47773293,0.33928373,-7.1760077,-6.305595,-7.801345,18.257242,16.167562,4.957198,-5.4739494,-5.5583034,3.063328,156.03796,-4.0488133,-0.45260894,-12.016871,-0.16974312,-0.005888036,0.053269017
2025-09-25 09:00:00,161.3138,5.3809032,-0.024035715,-0.7365306,94.92846,80.60345,4.185406,-0.31627828,-0.37310994,-0.3865251,1.1850684,0.54889005,7.882412,5.8011537,-1.618863,14.526809,7.228878,7.5282936,43.46354,-0.9588213,23.132004,95.40673,7.1846952,-0.91702896,4.7785983,-0.14124727,0.003992287,0.041636534
2025-07-12 21:00:00,65.20016,-3.7362263,0.27771786,0.94203323,31.249754,20.405384,-0.17874885,-4.510814,0.16920292,6.4775453,-0.26439422,0.16622482,-1.7918537,-0.08254105,-9.486562,30.750656,18.861061,6.287343,30.407227,1.8390533,10.723791,2.609244,2.014211,-0.06907947,4.6915236,-0.052377235,0.05598208,0.14801796
2025-11-06 15:00:00,5.3224363,3.047045,-0.38172856,-0.5803719,-22.42275,43.100586,2.1378157,-0.3378947,0.21314642,-2.968294,0.6130026,0.6363304,1.3634398,2.3541105,-8.901127,-2.009831,-1.0654123,0.5676915,-19.427027,3.0034492,-6.793863,45.751675,-1.3800396,-0.1309443,-5.428998,-0.024926655,-0.0018143371,0.072150305
2025-08-10 09:00:00,144.68544,-29.138195,0.27882794,1.7690827,68.53331,73.38342,-13.595507,-1.3318992,-0.077498004,0.6248782,-5.219626,0.5664251,1.6367025,5.7574377,5.641357,0.5218804,5.809792,4.0749464,2.2209187,-1.7366033,6.2742114,10.543704,6.5760984,0.16767098,5.2147784,-0.013684337,0.016841898,0.11977723
2025-09-26 06:00:00,5.345617,1.8454828,1.3730623,5.2802,10.27803,-12.945267,1.569182,-0.6043304,0.8175776,1.3189051,0.79781777,0.43220112,-4.7958403,-11.832043,-21.95129,0.27754223,2.2427769,3.1244833,14.814436,-0.70574874,3.042759,-97.766014,-2.4604132,0.5140092,2.1847332,0.059323773,0.17906047,0.10000838
2025-09-15 18:00:00,-23.457823,3.4062665,2.1102421,8.593572,-46.150806,-26.303448,0.6423012,1.5161039,0.7263913,-0.90192074,0.29272026,0.29967916,-29.758934,-66.64119,-40.712822,6.000154,3.7561767,0.63461435,6.145998,-1.7038093,0.86749256,-55.74072,0.14087081,0.7588421,1.8799609,0.064674854,-0.023363765,-4.484602
2025-07-31 03:00:00,-65.60123,0.11212426,0.83867055,3.299894,7.8335333,-29.74922,0.69425064,-1.3115699,0.19621745,2.7824595,0.15959658,0.1832525,-11.5608225,-13.602767,-30.332243,3.9265857,6.7783923,0.11603122,14.159543,0.55606437,6.5175943,-132.97746,-7.427266,0.96474105,6.9998965,-0.01553779,-0.03295986,0.11504271
2025-10-01 15:00:00,-21.25923,2.1109626,-0.5193593,-1.4246418,-16.238789,30.440351,1.2646519,-1.1575922,-0.17490043,-3.1580665,0.593789,0.40309075,-9.392438,-23.994389,-25.64053,9.933447,11.32889,3.2446547,5.141962,0.98247045,6.304579,64.04413,3.7255497,0.19335626,2.9657943,0.17329846,-0.0024936746,0.21180262
2025-08-30 17:00:00,-15.920196,-4.039734,0.041472267,1.2409706,-32.63605,-11.168024,-2.5079253,-0.7752755,1.101134,-6.8280673,-0.99008656,0.25071344,-22.717424,-36.164608,-29.783897,7.9488263,3.7317014,4.3645635,-3.7765012,-1.2930146,0.37078294,-18.599384,-0.6265295,-0.4156304,-2.3145235,-0.02211257,-0.043727465,0.829408
2025-10-24 19:00:00,-32.60781,-1.9182386,-4.528775,-9.355406,-24.773577,-10.735575,0.204621,-0.8800729,-2.1874282,-6.7004433,0.09809898,0.4291429,-6.2607603,-5.3055086,-12.277209,-4.1205025,-4.0419693,0.516182,-19.164177,0.20477566,-8.484786,36.076145,-0.76463026,-0.73372984,1.5804709,0.035304494,-0.06018499,0.05692779
2025-07-31 01:00:00,-112.931145,-0.40276188,0.9057892,1.9537541,-45.480083,-53.839214,-0.14277132,-1.7932215,0.092018366,2.5857723,0.06427425,0.12728846,-19.070814,-31.46882,-34.15865,9.398335,2.3517194,-0.6437598,10.4216795,4.601834,3.8235157,-93.90609,-4.900631,0.62378544,8.330117,-0.012365459,0.00033246097,0.2311481
2025-08-31 13:00:00,-11.262054,-1.4497484,-0.30088022,-1.0468744,-35.240894,2.1561782,-1.1191915,2.150128,-0.26467934,1.8931434,-0.31813967,0.29220474,-3.986473,-6.4099607,-16.7085,18.274588,6.792364,3.411809,25.504938,1.9058013,8.538828,70.454575,7.2868357,0.16056287,7.9072013,0.028400455,0.09854859,-0.0064689703
2025-12-30 20:00:00,-21.652979,0.2619439,-1.7625053,-5.3461447,-30.281105,-19.419846,-0.3232517,1.3695946,0.56573683,-8.0714245,-0.04008205,0.17188509,-8.356895,-9.195261,-14.972477,-4.3985066,-6.748978,-1.5020403,-13.856453,-5.4037166,-7.6697245,-19.515747,-5.8863444,-0.11905019,-14.740281,0.033684857,-0.0009483587,0.054787993
2025-12-14 07:00:00,29.177748,-10.727742,-1.1132057,-7.229107,27.054596,18.97709,-4.0713506,0.44652396,0.1372074,-0.8152984,-3.1043172,1.2254608,48.25462,112.58472,192.1928,-2.4998298,11.741265,2.775633,-9.8937,8.105563,2.2296572,176.62161,-2.6908815,1.7664186,7.0524354,-0.03606509,0.010106808,0.064120926
2025-07-12 06:00:00,0.17426747,-5.988219,0.94818676,2.2044744,5.7559004,-12.187967,-3.4265027,-0.4458024,0.2462874,0.4225469,-2.0527709,0.32761714,-2.8538637,-8.07587,-24.207798,-0.8541083,0.77149105,3.6890862,5.5913954,-0.35496584,1.4675651,-97.82331,-3.3888206,0.33018547,1.981661,0.01681184,-0.45688498,0.06819063
2025-11-20 02:00:00,-41.84296,1.0556897,0.033740826,-0.87599856,-16.816914,-26.733734,0.29914275,-0.30815482,-0.037148375,-1.9703649,0.37655726,0.5409136,32.30284,51.3967,16.95608,-14.028692,-7.643862,-10.204037,-8.782184,-2.8825498,-3.6715362,-73.32992,-5.508218,-0.0066078897,-2.452055,-0.002134528,0.026851058,0.06333264
2025-09-23 16:00:00,-30.076944,1.9670589,-0.03218173,-2.6279476,-58.267223,-17.477663,0.4656011,1.4964107,-0.26036814,-0.8494504,0.31393573,0.38338366,-18.3338,-32.94492,-27.146,14.379653,4.335477,5.618195,18.909277,-0.18205091,2.9410424,49.97688,4.665006,0.6110821,0.2065996,0.041110672,-0.1111044,0.307145
2025-11-08 06:00:00,49.07595,-12.981254,-2.621415,-10.424425,70.307434,14.441427,-7.494454,-0.09778661,-0.64877987,-1.2486979,-3.5336661,1.7886442,39.791565,101.02764,181.2936,0.4851929,-2.617816,7.0058293,-1.606542,-14.880651,0.7223754,134.94014,-2.5652626,-0.6419854,-7.9013634,0.05222345,-0.023174124,0.057213817
2025-11-25 06:00:00,61.29556,9.066238,-2.4631245,-8.128169,83.238884,19.909266,3.738705,-0.0065211914,-0.9035943,-1.1119974,1.8578273,1.9666272,39.514957,122.31516,202.0831,-0.23589224,-4.7149034,8.008714,-2.71065,9.0599575,-3.509623,170.4477,-2.4942477,-0.6522234,-5.9627542,-0.025419299,-0.007052896,0.056821726
2025-10-10 01:00:00,-75.00073,0.14138229,1.1290753,2.47313,-26.139471,-50.421062,0.72131836,-0.6650138,0.04020675,-2.0545397,0.16742323,0.20136909,14.368378,14.49989,3.3869925,-13.611256,-4.92424,1.6673971,-2.8838363,4.404229,1.3274556,-70.85034,-3.7623098,-0.11696417,8.207229,0.012412551,-0.13953362,0.052255627
2025-09-25 05:00:00,-5.4998994,1.0843693,0.97795004,4.1954436,1.2387071,-11.915015,1.122625,-0.71629924,0.26810974,0.65089524,0.35931116,0.3872976,-10.586852,-15.808947,-34.688488,0.5049884,2.1777186,1.7119918,10.058957,0.09477629,2.5681078,-123.08743,-2.9331195,0.73694617,1.8692548,0.10815867,0.01723211,0.10516586
2025-08-02 01:00:00,-106.457085,-1.6812888,0.9069215,1.4922924,-43.014275,-56.616478,-0.1316762,-0.44849274,0.025626268,0.27299142,-0.07251077,0.12106733,-18.576202,-31.257605,-35.851955,1.8431553,2.6044166,3.154803,1.9189959,3.5293708,0.8249597,-81.47973,-4.9757767,-0.3445018,7.006597,0.027255163,0.03874693,0.21741906
2025-12-20 15:00:00,14.494375,-4.9317865,0.20751615,-0.23769319,-18.897526,39.02933,-4.595672,-0.1332512,-0.03480394,-5.4763536,-1.3417873,0.33743888,-2.0146408,-4.5277987,-23.888792,-3.2393951,-2.9594042,-3.8468547,-12.417464,-14.296747,-7.524987,-103.848015,-4.638972,0.117530175,-17.757645,-0.0053570317,0.009294272,0.110883616
2026-01-03 20:00:00,-4.591842,-1.7821257,-2.0959578,0.23374842,-17.678335,-9.746447,-0.06888516,-1.0669355,0.68505514,-6.462979,-0.034523014,0.13242449,-7.8415403,-8.189977,-15.719413,-1.270148,-2.3479629,-1.9625589,-15.675691,-4.675363,-7.593421,-42.940002,-18.05533,-0.26746467,-15.620193,0.022264607,0.005175664,0.07804607
2025-07-19 14:00:00,57.743607,-10.775649,-0.40222278,-0.3485267,42.65272,51.622982,-5.8799047,-1.2872652,0.40223855,5.6112394,-1.9284644,0.3344941,-6.6850743,-7.0317683,-19.270922,16.627836,8.313855,5.553608,24.133207,2.0802953,8.504888,50.436558,3.2971835,-1.7877809,10.403715,-0.024837857,-0.21894361,0.15491052
2025-08-14 08:00:00,41.81308,6.023284,0.46300256,1.6670667,18.411705,11.956882,4.2087336,-0.49214834,0.12548424,0.32694715,1.3604809,0.6836569,0.23321314,0.55980504,-9.962301,8.5937,7.0614414,5.02184,27.844395,2.010979,8.7087145,6.0189066,-1.2810832,1.4283288,2.1695473,0.00905321,-0.03763688,0.21573523
2025-08-16 14:00:00,60.688183,-9.732047,-0.3902201,0.9262109,33.358494,57.2273,-4.96486,-0.5768505,-0.5649038,2.5868843,-1.9411032,-3.9495435,-2.3523986,-7.535852,-15.197109,-1.539361,7.8956017,1.2148564,4.617094,6.2805147,7.080518,16.228886,4.698844,-0.63028556,-5.2228246,0.0016116191,-0.064683154,0.13971226
2025-09-07 11:00:00,27.512817,3.072293,-0.12114342,-1.2497009,-26.963541,16.31929,0.45475575,1.583517,-0.22123358,-1.8565723,0.2718774,0.23663853,-3.2888556,-2.0117037,-5.863298,10.31047,6.2514834,3.4662843,10.759908,1.5421693,6.212857,130.91484,4.1695623,0.7600866,3.536327,-0.015264289,0.058430303,-0.21560697
2025-09-11 12:00:00,8.75495,-0.14163627,-0.6993142,-4.985799,-30.292065,15.108841,0.943201,-1.6793623,-0.3755154,-0.79608864,0.13654377,0.31355637,-7.4618626,-14.968013,-18.692125,11.268327,6.731413,4.8233495,28.098976,2.0882046,9.435187,80.37975,8.364438,-0.06164583,6.5260653,9.738188e-05,0.02316509,0.124163814
2025-06-28 09:00:00,165.31544,-14.748073,0.9099563,0.67245257,75.70474,92.428276,-9.739964,0.892476,0.20361407,6.6260815,-4.75668,0.405234,4.8068566,-1.1265182,-11.111974,19.917986,7.3444805,9.129102,61.209003,4.7640805,16.966301,20.66421,7.146796,-0.530901,6.5546336,-0.029431924,-0.1588336,0.18675411
2025-09-30 08:00:00,43.71471,12.936258,0.52304065,-0.8000865,17.4758,9.402225,4.173423,0.74275434,-0.034521736,-1.0033044,1.4675354,0.6830131,-4.5498896,-9.633198,-16.102978,6.5563807,7.224689,3.3234556,31.624056,4.549944,8.660258,5.1035714,-0.75438386,1.3943474,0.6269359,0.03634043,-0.043916017,0.26152903
2025-09-15 02:00:00,-75.84086,2.8742423,0.37817192,1.8374372,-27.755234,-27.837847,0.9064592,1.7092826,-0.022681586,0.329977,0.11048535,0.16250142,-18.338675,-37.916714,-40.72423,4.5725536,1.4363743,-0.7006239,4.2649674,0.44731063,2.6612775,-139.40955,-4.239777,0.8754356,5.1871243,-0.07200465,-0.04152078,0.23627208
2025-07-24 05:00:00,-0.57953066,1.6823406,1.0791801,2.675699,5.3164134,-11.560812,1.2038685,-0.67083186,0.3386501,1.8621362,0.38822556,0.3705574,-2.8268757,-5.343335,-25.787111,0.49487045,1.6867411,0.5055506,6.0656576,2.349284,2.8409474,-132.70062,-2.834607,1.0848315,1.1180248,-0.0051524146,-0.010850911,0.08525301
2025-07-28 05:00:00,-16.762121,6.400987,0.93420154,3.2567124,-4.668718,-14.548353,1.4407686,2.1895287,0.5716751,2.837488,0.44903043,0.3053204,-17.785229,-33.634186,-47.669537,6.576545,1.7443236,0.818637,13.347871,0.07878435,2.5754085,-146.24844,-3.9696064,1.3100775,2.647553,-0.027547114,-0.03657353,-2.5845618
2025-08-26 16:00:00,-24.048264,2.0689983,0.14268906,0.78911847,-49.31851,-10.235293,0.66598195,0.8085437,-0.16253963,0.36762118,0.3394563,0.37141618,-12.424625,-26.153519,-25.483444,8.68656,6.52082,4.5375113,1.4518931,0.4177817,3.4524791,32.223934,3.026019,0.20598672,1.8587815,0.18986984,-0.11930432,0.64317065
2025-12-07 16:00:00,10.187197,-14.66433,0.08296597,0.6758297,-17.961327,21.632097,-4.5711846,0.24059415,0.28584692,-4.068434,-1.204029,0.32521656,6.5868754,8.302468,-5.303489,-9.874378,-2.467292,-5.6202307,-10.592228,-8.837608,-4.2644963,-87.005554,-3.0268257,0.21558896,-10.582669,-0.0028618905,0.012515736,0.10965243
2025-09-10 14:00:00,75.69339,4.1669254,-0.78704435,-2.4043393,58.013283,68.87842,1.2970138,-1.612731,-0.2284356,0.24309254,0.6634134,0.5073751,-4.3353114,-10.714778,-13.694997,19.855907,7.040656,2.369707,40.029568,1.8665152,8.055796,62.363354,10.544545,1.2592537,13.68882,-0.086617045,-0.000864039,0.35643587
2025-10-29 10:00:00,51.23906,0.71224344,-0.024072919,0.43177855,-0.99185383,46.07811,-0.21046221,-0.45644012,0.32730162,-5.078845,0.21492693,0.5250991,-4.3962584,3.001186,0.7791779,-1.954156,-0.071135625,0.22004132,-25.382029,1.3323919,-11.749077,85.326126,5.141587,-0.43102473,5.8266573,0.03362351,-0.0041664485,0.023271993
2025-08-02 03:00:00,-64.92464,-3.2704928,0.98656577,3.3066733,8.508803,-28.065897,-1.0782832,-0.8435248,0.20011932,1.7062796,-0.30451667,0.14885789,-11.027679,-11.779284,-28.4224,-0.41155794,0.13515988,2.3095121,6.6679363,1.6868519,3.82457,-144.76242,-6.569048,1.3432248,7.1500134,-0.0026812775,0.02354056,0.08840185
2025-07-28 09:00:00,169.67868,9.622641,0.42156336,1.7345185,93.85728,82.59512,5.149004,1.3431512,0.2145472,6.671107,1.4059124,0.51807,4.161869,-5.410157,-8.89983,10.818483,9.647123,7.0653925,60.495277,1.936722,23.015228,122.72206,2.3555725,1.8949172,4.615581,-0.058848508,0.06671939,0.061644178
2025-09-03 13:00:00,-12.282518,1.0454599,-0.120593525,1.7938464,-45.120537,-2.9106286,-0.08817732,-1.2810347,-0.23499061,-0.47074065,0.27118146,0.29541078,-6.286722,-9.882853,-22.585852,11.145776,8.887674,3.7527394,6.3107886,1.3956519,7.7580967,15.608125,12.500945,0.14457157,7.1451635,0.017359158,0.03745174,0.13808332
2025-06-30 05:00:00,-14.213604,3.847668,-0.910063,-1.8522639,-2.0126238,-13.775558,1.6967492,1.1525124,-0.30883443,2.1331527,0.44811973,0.32997224,-5.228421,-6.9942374,-23.612514,10.6122465,4.8855925,3.673087,3.5541255,0.3692892,6.125632,-121.03646,1.7334023,-0.19261377,0.15428188,-0.031986743,0.005959294,0.11801393
2025-10-15 05:00:00,67.23506,7.3777714,-0.8079063,-0.89235955,45.818844,12.58371,3.1947207,-0.23130055,-0.057102583,-1.84993,1.249488,1.3359642,34.86325,28.283276,15.620102,-7.6731057,-2.4407754,-2.6318853,2.6902623,-1.6276121,-1.0166932,11.101382,-0.0011596587,-0.30008763,-0.075302176,0.007267248,-0.11154585,0.16398108
2025-10-24 01:00:00,-80.03389,0.16897707,1.5947006,2.926211,-28.052532,-50.932808,0.6480023,-0.7327202,-0.005175447,-1.9575099,0.17254528,0.22849788,15.227296,19.42989,7.2735214,-11.763049,-3.2839026,-5.272031,-4.6746984,11.691584,-2.057051,-51.099922,-1.5223275,0.3154587,10.619049,0.03695719,0.006847859,0.05301163
2025-11-01 02:00:00,-42.13255,-2.2258937,0.3945668,1.5411644,-8.71389,-24.960135,-0.83538556,-0.3154702,0.22283097,-2.204812,-0.3929964,0.29244488,25.133083,17.904219,2.825182,-15.935824,-8.337588,-10.069809,-4.316239,-3.7568367,-3.2872984,-68.0685,-6.514437,0.02073191,5.0322866,0.025819294,0.006592384,0.059854146
2025-10-12 08:00:00,17.936636,-9.522884,0.144956,-1.5617127,8.382281,0.9884525,-4.5622334,0.22862995,0.22289562,-2.932441,-1.7919687,0.6113122,9.814633,15.208688,6.0263853,-11.449319,-5.604391,0.836306,-6.895914,-0.9131681,-1.9806367,75.68516,-2.7243228,-0.040485255,-2.842524,-0.020786583,-0.13321425,0.06762466
2025-08-28 03:00:00,-62.857513,0.6092017,1.0972215,2.5721116,12.587063,-32.366524,0.4962279,-0.8693714,0.006324322,2.1734903,0.13279596,0.16551861,-7.9495287,-9.373303,-25.65972,-2.9734275,-0.03665483,2.513117,4.514189,4.2505198,3.7044086,-138.10072,-9.3037405,1.5099682,8.395164,-0.023127178,-0.006247028,0.102197655
2025-12-31 03:00:00,-35.686726,2.1581867,-0.3332903,-2.2371886,18.200075,-29.880005,1.7906042,-0.15207723,0.05347581,-1.8917329,0.41079092,0.56090873,35.054024,59.19135,19.680565,-12.704116,-5.720879,-11.960493,-3.793153,-4.077908,-3.03611,-95.13084,-10.527475,0.004229085,-9.025885,0.0043955366,0.06543879,0.072103634
2025-07-27 10:00:00,69.4943,-2.079305,0.6460791,0.30314735,11.55294,58.27357,-1.2826173,0.6296267,0.2035583,6.780858,-0.22385432,0.26586983,-1.103427,-0.19510087,-11.174383,21.516323,6.837805,3.7497988,58.26162,0.57946086,17.358376,111.62247,7.208719,0.8243414,6.5521293,0.10471377,0.08587731,-0.026962472
2026-01-04 04:00:00,37.619743,-12.865968,-1.574222,5.7090764,30.572386,-8.177313,-4.2155776,0.10095199,0.20076469,-1.0542791,-2.183091,0.6562086,31.148829,70.57988,61.41094,-11.830438,-6.256311,-11.638478,-0.9008032,8.8696785,-0.570987,-53.176388,-5.6447926,0.22962803,-3.9182475,-0.008886918,0.012177631,0.090024814
2025-12-07 08:00:00,45.17754,-3.6975062,-0.47516796,-6.086074,15.325883,17.188555,-0.842434,0.797198,-0.44783166,-0.9584307,-0.48278072,0.35632804,-4.5945625,14.95231,68.031845,0.3349835,1.9148643,-3.5032663,-12.330513,-1.2537502,-2.0502975,166.46298,1.9293537,-0.09596308,0.7745008,-0.012405452,0.007999484,0.07251458
2025-11-27 19:00:00,-24.468184,-0.16818754,-3.8670025,-9.917528,-2.9407523,-9.959337,0.35007626,-0.8192532,-2.0859144,-5.436893,0.100001715,0.37202722,-4.5352716,-3.6048148,-1.9227977,-4.162053,-3.226366,-0.25846788,-15.42002,-2.721935,-8.428573,1.0285895,-1.6433729,-0.4337398,-4.3631687,0.012482667,-0.03946357,0.07357141
2025-10-30 14:00:00,41.575745,5.539306,-0.15776908,0.66320544,18.432978,53.128876,3.2282078,-0.019626418,0.2524905,-4.9984417,0.41721576,0.51986843,0.71881586,0.9542892,-3.9889462,-0.67777693,-2.923666,-2.297469,-15.821861,6.826734,-6.9771123,-84.10331,17.418482,0.43711457,11.990784,-0.074888475,0.0043760105,0.10397799
2025-11-07 18:00:00,-2.4690554,-0.036574442,-2.9343827,-4.7133636,-1.3150339,3.563215,0.77311206,-0.47483212,-1.8004938,-2.9102933,0.28788477,0.30086198,-1.1048542,5.5888066,-1.4324772,-1.1637697,0.5566184,2.9347074,-13.285766,-2.8969913,-4.381376,77.59285,0.12588021,-0.764627,0.24809662,0.016317891,-0.0019943705,0.046278886
2025-08-12 07:00:00,-6.6675825,3.8495362,-0.5406334,-0.57154137,4.4411902,-4.549072,1.4666406,0.55857086,-0.14041126,-0.7565786,0.5351628,0.45579633,-2.4468327,-5.441344,-18.54813,2.909214,-2.8887348,1.6437532,22.830162,-1.6222363,5.8991785,63.601448,-4.0545526,2.5792112,0.95679444,-0.00011867721,0.017498493,-0.88458693
2025-11-02 00:00:00,-58.84266,-2.3522387,0.19831224,4.0579934,-31.357603,-44.325176,-0.3934462,0.36566466,-0.17605358,-3.0553384,-0.25529414,0.20533651,14.127146,10.107808,-2.075109,-13.629076,-9.214012,-8.720892,-7.422037,17.073608,-4.0472975,-58.814472,-4.2168055,0.9029809,-3.532249,0.015883325,0.010921983,0.053297542
2025-12-21 21:00:00,-0.42067647,3.962078,-0.7599056,-3.3773506,-8.5271435,-10.519805,1.8219965,1.7302231,0.5282814,-5.231755,0.27092227,0.105206154,-5.965914,-6.530727,-11.714258,-19.25117,-11.5548935,-2.570417,-23.931747,-9.922093,-8.851444,-88.430954,-12.07163,-0.013230221,-15.148956,0.021434465,0.0142305,0.08518455
2025-12-30 19:00:00,-21.065561,0.36178222,-3.5265388,-7.4042635,-4.5975966,-8.712702,0.17901625,0.9133204,-0.5937069,-6.5811515,0.12661053,0.36508298,-8.640645,-10.069908,-14.29143,-0.70999974,-3.9888966,0.29193866,-14.177381,-2.5970776,-8.057062,16.342031,0.2652904,-0.15556933,-8.8188715,-0.058334604,-0.007906706,0.046548914
2025-07-10 19:00:00,11.203786,-1.8418939,0.55672616,2.3171718,-18.56884,1.0376865,-0.6054742,-3.247119,1.1289332,1.2364008,-0.36830586,0.19090755,-12.785739,-17.735939,-20.695477,15.621429,7.860729,5.014593,7.038397,-3.512723,11.344384,-41.553555,3.2573364,0.702839,4.2518845,-0.011365511,0.0033827412,0.5505711
2025-10-24 10:00:00,52.77748,0.9249204,-0.28275016,-0.6589077,2.4071279,45.33236,1.6373763,-0.334524,-0.07625933,-4.759489,0.15776181,0.42024675,-4.066472,2.6758003,2.7651443,-3.9238305,-3.254957,2.0282078,-21.957874,6.100662,-10.78178,112.08471,4.5417275,0.14692447,4.925321,0.14494802,-0.0024818277,0.046065662
2025-11-27 03:00:00,-38.76964,1.9100312,-0.30383262,-1.865469,11.353787,-29.487066,0.716135,-0.2333062,-0.06603525,-1.544082,0.4927756,0.60274655,30.652248,56.006233,33.760582,-14.590643,-9.007926,-10.354392,-8.661165,-3.1267376,-4.2792645,-69.943985,-5.558335,-0.85798377,-2.8398776,0.028274145,0.00013447358,0.07155122
2025-08-29 04:00:00,-31.898739,0.09509131,0.9391002,1.6581688,-1.3169127,-33.482323,0.9615768,-0.75322646,0.10862603,1.8876723,0.24853653,0.2153211,-9.589006,-11.029775,-27.805483,-2.5154839,-2.0669444,1.8904364,9.996396,-0.28941554,3.758839,-131.27701,-4.658136,0.8360683,4.567266,0.044665113,0.014218542,0.122536026
2025-12-29 16:00:00,19.460014,5.3502474,-0.158922,-0.4414452,-37.882374,31.989307,1.8902609,0.8771986,0.2158116,-2.371546,0.3385106,0.43365863,-3.7666461,-5.6821837,-11.513776,-10.070482,-4.2132974,0.24812758,-10.287775,-5.620091,-4.6744194,-35.95969,-2.2884681,-0.14189577,-10.48175,0.027834179,-0.011504472,0.1044207
2025-07-20 19:00:00,27.61619,10.928336,0.6680664,6.1761847,-3.0148427,8.083314,3.29968,3.4185483,0.62499976,3.432914,1.4372895,0.18222618,-6.6793337,-8.025141,-18.609161,15.276447,11.759278,4.919782,12.824984,-0.9434994,8.533641,-31.52206,0.6448,-0.40281975,4.791289,-0.0024964453,-0.04840477,-2.072697
2025-06-29 12:00:00,14.31201,-3.6207561,1.4817219,-1.2604742,-26.93871,4.4120345,-1.3478762,1.8595985,0.6263918,10.748451,-0.54357725,0.17071226,-0.050539397,-2.119245,-10.284977,20.149649,19.121624,7.62371,38.127003,4.6360846,16.728275,-16.013058,11.647003,0.06821189,7.68457,-0.006841667,0.031850472,0.1369902
2025-08-25 14:00:00,58.151688,6.6174245,-0.26136544,1.9443676,52.26724,62.98526,2.7826853,0.6129913,-0.41287163,3.2992687,0.78010124,0.46241632,-7.16996,-7.350543,-13.934471,12.41593,5.220621,4.5376844,12.316842,3.3522046,8.8406515,-82.947914,14.573505,-0.2838573,11.846029,-0.18380903,-0.019979442,0.33077773
2025-12-23 08:00:00,53.0195,2.9324582,-0.2610405,-1.6556753,28.702549,19.239882,-0.053108927,0.66530335,0.31142697,-2.476951,0.31193388,0.2760419,-8.9602375,-4.4888625,5.802865,8.043101,-0.115255564,3.8733149,-5.226379,10.81297,-4.8856406,155.87003,-0.8386319,-0.6444334,3.4206762,-0.053308684,-0.0004132431,0.07642325
2025-12-20 06:00:00,64.79986,-11.838013,-0.9998969,-7.975039,104.8637,23.46874,-8.501736,-0.49379948,-0.21483603,-1.1053076,-3.3417325,1.0552976,56.56261,136.8698,228.53986,2.4445944,-2.4838903,-6.6107144,10.914525,24.586468,2.1043,259.15256,6.540501,-0.6024561,3.702286,0.024874637,-0.0134174265,0.059776463
2025-10-11 00:00:00,-57.145897,-0.8329775,1.3058329,2.7031395,-26.9271,-46.59635,0.39881217,-0.58198476,-0.27222827,-3.5518153,-0.29837173,0.1673138,2.074262,3.9988787,-1.526483,-14.517977,-6.7767873,5.311555,-8.642677,1.8415782,1.2600427,-45.715733,-0.1707554,1.0541039,11.625773,0.05770473,0.014308637,0.062805384
2026-01-11 01:00:00,-100.97207,-3.6086838,-10.820294,-19.462883,-37.206795,-70.557755,-0.9406117,0.2799451,0.07160999,-2.280566,-0.34817863,0.21354143,21.997955,3.4623382,-12.955719,-23.818268,-12.888131,-11.474837,-5.575859,-32.997643,-3.330718,-85.932236,-19.73067,0.47829586,-36.528683,0.0016279941,0.059732087,0.05081872
2025-12-07 07:00:00,32.690613,-12.799412,-0.86400634,-9.388164,27.968143,19.572035,-5.3082476,0.63240856,0.08590858,-0.96007884,-2.9596634,1.0339862,47.51907,113.394936,192.38255,3.3356557,2.8275428,2.4761167,-10.454098,9.258636,-0.013706723,214.44823,4.9084864,-0.41731864,5.710968,0.0012822424,0.013581907,0.061997846
2025-07-03 19:00:00,21.41697,-2.204164,0.9982043,-0.0006829442,-6.4508677,-4.533269,-0.35513476,-3.413545,1.4244508,7.4648004,-0.34925532,0.15715553,-29.09572,-58.903797,-29.29755,17.845266,6.827222,6.4242854,17.179535,-0.73143566,5.9100466,-84.01205,3.2332742,-1.055214,6.0078297,-0.5954141,0.051352326,0.3121617
2025-10-16 09:00:00,155.73833,5.602333,0.5932727,1.2449268,82.26334,78.06354,3.5423386,-0.00012003258,0.16993797,-4.9074984,1.7851866,0.91276187,2.1654613,7.9097304,8.546844,2.7518942,1.620241,1.5347356,2.1521463,-2.8519897,-5.652981,64.49693,-3.068387,0.4027447,7.564458,0.0027463832,0.015783252,0.09885637
2025-12-21 17:00:00,62.905533,-7.1183844,0.93561053,3.7801862,70.97858,58.94128,-2.3615074,0.422071,2.3033817,12.103383,-0.47920796,0.34220883,9.114636,13.913184,3.0159347,5.977268,4.27341,0.43198186,0.70507336,2.590563,2.8292284,-52.746197,2.3098564,-0.5733339,9.999097,0.013463596,-0.041529182,0.15799735
2025-10-02 06:00:00,19.599506,4.8554926,1.3233465,4.1100316,23.761414,-7.026109,2.33217,-0.47833034,0.8168807,0.8630288,1.0578785,-5.3817024,-2.0779214,-6.148945,-18.217487,-1.8501883,5.179914,0.89195746,4.135257,0.34966156,2.80651,-44.984535,-1.8150439,-0.9363093,2.3811858,-0.076452926,0.041186996,0.13389784
2025-09-11 17:00:00,-20.48592,1.3677741,0.21813169,1.7258325,-43.077717,-12.60448,1.2875277,0.010706106,0.48458338,-4.070832,0.37949723,0.30022436,-26.444967,-52.845284,-37.305992,11.211826,2.885186,3.4563336,2.812587,0.33034974,0.1848232,-21.060781,2.4720268,-0.0017720355,-1.6083606,0.07135438,-0.041345168,0.78866494
2025-10-02 20:00:00,-17.192171,-1.1862375,-3.1122754,-6.92089,-37.14064,-20.22108,-0.22570296,-2.8631933,-2.1654396,-9.018292,0.07611806,-1.388735,-2.9359324,-1.5753111,-6.5346985,21.699179,9.235821,5.734231,3.6114228,-2.102382,11.436406,-22.508684,-0.62108934,0.5453339,3.4096093,0.048433386,-0.0119280005,0.10177689
2025-12-06 19:00:00,-21.753593,-2.900988,-3.6880121,-8.494732,-3.9229429,-10.096917,-1.2056834,-0.70778644,-0.78454775,-6.814597,-0.2612178,0.37686214,-4.316186,-4.5787606,-6.4020557,-1.4799514,-2.3355145,-0.77033675,-18.892776,-3.1466787,-7.853825,24.416065,-10.9431,0.32450098,-9.446802,0.016674137,0.2519504,0.04213416
2025-07-22 05:00:00,1.0984628,4.7433925,0.6336182,1.0940198,7.6215854,-13.325715,1.1453114,0.49592763,0.29945427,1.3682969,0.6760004,0.38613477,-11.146993,-16.797909,-35.092255,3.4953644,2.0472896,-1.031907,8.966672,-0.42795795,2.6322794,-58.08488,-0.3522663,-0.5874523,0.13849469,-0.007414994,-0.0068094004,0.09850591
2025-12-13 10:00:00,54.816788,-1.3924515,-0.9654395,-2.3247666,-5.7190986,43.757675,-0.9917458,-0.5444896,-0.046348102,-6.3808837,-0.3717483,0.27122986,-5.1163087,-3.0500448,-2.736655,6.8341155,-1.3916917,3.1769392,-28.073475,-10.1745205,-14.479827,99.63723,-4.383604,-0.045157075,-18.40084,-0.0055414396,-0.019611964,0.029936617
2025-06-27 10:00:00,74.18581,0.46334535,1.6453722,-0.56737167,14.45229,65.21232,1.6239762,-0.13108554,0.20893277,11.055152,0.13015805,0.18386927,-9.000391,-7.2133274,-12.897717,24.01313,8.975101,7.063025,65.33894,1.2846141,25.985376,154.38118,10.635794,0.7362351,10.441086,-0.07670781,0.023551026,0.11433277
2025-07-24 11:00:00,20.512272,-1.5746561,0.7202813,-0.28454268,-32.604977,14.334791,-0.1281341,-1.661984,0.26941705,5.305339,-0.100296706,0.17959788,-7.488528,-9.303284,-13.773063,14.863004,7.9297714,4.795623,16.722612,1.1122959,5.7064257,127.79879,-1.745761,0.30977416,1.464447,-0.079969525,-0.05260939,0.045338947
2025-12-02 05:00:00,58.38168,11.289878,0.37421957,1.8253553,54.976677,15.443061,4.6218257,0.066556625,0.13827887,-1.70381,2.4569788,1.8995099,44.7714,127.6743,178.50279,-6.371278,-1.3421791,-12.433399,-5.772079,13.284921,-3.2436504,151.14499,3.4527001,0.057922266,4.1375504,0.015152123,-0.0030828433,0.057460558
2025-11-12 11:00:00,19.572834,0.8687532,-0.51067036,1.0417536,-31.26498,1.745605,-0.21800956,-0.80673057,0.6614244,-5.294749,0.29951832,0.4431838,-5.186656,-4.956907,-5.0220747,-1.4375503,-1.9410592,1.887808,-27.519497,-4.112748,-10.041517,43.389847,-2.017696,-0.34172234,-4.2545037,-0.04342848,-0.01096956,0.073527224
2025-07-03 14:00:00,67.191216,3.7775054,-0.38015625,-4.6703787,49.681778,55.792496,2.5188863,0.45000863,0.20157672,8.9873495,0.70789033,0.3105449,-11.197759,-26.69532,-18.946608,16.587276,9.487045,4.680402,45.79156,1.1056716,16.51164,119.687645,9.342913,0.39370173,-13.381608,-0.2545808,0.03075851,0.10451188
2025-09-02 04:00:00,-12.558883,3.4240456,0.55978644,0.8153127,10.169594,-33.8026,0.7768553,0.65818274,-0.20026243,0.44666892,0.83399665,0.30042955,-0.47982496,3.7198925,-3.270216,-2.4087524,0.6225569,0.028001694,2.8192546,1.9099568,4.7774405,-44.931175,-1.3663826,-0.7562572,3.1519492,0.0034504584,-0.0056040115,0.09514947
2025-07-14 14:00:00,76.191216,8.26278,-0.4481937,-0.5719004,51.431313,63.846603,3.000181,0.44192976,-0.11358714,4.992897,0.8858363,0.4835777,-2.7146094,-7.183886,-13.906987,13.137568,7.4707,4.126461,18.239609,1.5142982,11.532183,29.859245,6.844372,-0.10106129,12.193284,-0.07022983,-0.029121164,0.2979728
2025-07-10 04:00:00,-37.598335,0.16920786,0.8050123,1.3172096,-7.156372,-33.87915,0.8550535,-1.2872895,0.48572323,3.4350073,0.25934762,0.19905806,-10.891233,-12.405063,-23.901058,8.089595,1.0790781,1.75342,14.158146,0.1705064,7.8996468,-146.50562,-4.88076,1.1990356,3.573462,-0.03599265,-0.03264623,0.10676422
2025-10-24 00:00:00,-57.655914,0.90862465,1.4564762,3.2596347,-27.683737,-46.61173,1.4391894,-0.47495773,-0.47703215,-3.6118164,0.17368186,0.22156513,5.4952445,7.4575152,-0.09561245,-14.79638,-5.772088,-2.2321157,-10.871175,16.500694,-3.0890799,-34.99012,0.27965268,0.89117515,13.408022,0.073803976,-0.0031427178,0.072445095
2025-08-26 15:00:00,-24.509388,2.7811482,-0.2924399,-1.1194923,-16.82488,28.657595,1.212727,0.9427536,-0.29215494,0.97358245,0.52904713,0.39041546,-9.67769,-14.632902,-23.839148,12.277037,6.7017183,2.6105888,4.8591933,0.33038157,5.317552,66.696236,3.458671,-0.03843498,2.9808586,-0.06776002,-0.017371582,0.1850144
2025-07-10 15:00:00,-28.663305,1.519575,-0.6450068,-5.2830906,-22.778189,22.574768,1.4215612,-1.3116145,-0.074961975,3.3331451,0.53861916,0.17846891,-9.381669,-8.038045,-24.491386,24.893719,16.494741,3.3052979,12.620235,-0.2117604,10.163092,78.522766,2.4749997,-0.8850645,1.7344576,-0.0137912575,0.101578616,0.04583153
2025-10-27 16:00:00,8.534968,4.969756,0.10753929,1.2331038,-37.902527,20.977217,1.7291802,1.2469921,-0.14637941,-1.8918947,0.42000076,0.50996464,0.2303583,1.80561,-2.6196458,-9.008001,-1.3795494,-2.1419423,-10.303199,4.7571487,-4.033644,-8.248909,6.420087,-0.43434453,2.844865,0.035129108,-0.016655214,0.11908955
2025-12-29 21:00:00,-7.383205,1.6771969,-0.7710076,-3.1241496,-9.780232,-18.191992,0.61408734,2.5209816,0.72809744,-6.8932858,-0.05827439,0.15290546,-9.436188,-7.646451,-13.917952,-21.260025,-9.764047,-1.9294817,-18.7931,-7.7818236,-8.71627,-105.48189,-9.500805,0.076541774,-14.941216,0.024551438,0.0030191015,0.074146084
2025-08-11 09:00:00,166.3839,8.64134,0.38652328,2.7833707,96.89136,79.84275,5.743723,0.5691006,-0.011401236,2.4616477,1.8239615,0.71574795,6.8821626,2.293008,-0.581076,1.7189652,0.10974805,6.4626193,26.931446,4.5297136,21.072657,116.5066,9.561841,2.5340056,4.416275,-0.0013245726,-0.023312248,0.04694749
2025-07-16 08:00:00,34.983063,7.4818625,1.0773625,4.3643928,23.917725,6.7494874,4.037288,-0.4934967,0.48288497,6.3171763,1.3887542,0.7489981,0.64052874,-1.8663431,-1.7879744,5.98181,8.918526,5.9145427,20.075819,-0.20934892,7.644412,60.44262,0.79827744,3.09307,4.3809996,0.035508115,0.0009591176,0.1600624
2025-07-27 08:00:00,15.47251,-21.348804,0.029510975,0.331545,-3.1131365,4.044183,-11.426877,0.5669909,0.31283855,2.6482372,-3.2145178,0.2923465,-5.6349306,-7.2174687,-24.468197,5.3878765,5.6934624,-2.0428324,27.354136,-0.40181214,4.2122602,-61.624844,-4.2100744,0.26987082,3.6183808,-0.007874273,-0.5021726,0.08642566
2025-11-18 16:00:00,15.112815,3.311414,-0.23427595,-0.11732368,-39.49823,24.426165,1.3889238,0.38885945,0.16942157,-2.33514,0.6164396,0.54534894,1.903017,5.5797043,-0.007158757,-9.167322,-7.0938168,-2.707711,-10.444741,-1.0404327,-4.4649205,-0.1882102,-2.067966,0.60298663,-3.1489644,0.0035839137,0.08883032,0.09497453
2025-08-06 17:00:00,-21.468065,1.0314419,0.18561472,1.4717098,-44.401436,-14.453718,0.5127727,-1.1382499,0.68545496,-4.750822,0.30831656,0.29538184,-30.742771,-69.46466,-35.09787,6.3361096,3.0801334,3.5594525,-1.4056418,-1.3722324,-0.72882026,-54.11905,-0.7004221,-0.9227781,-1.9192845,0.012969971,-0.043834742,0.8171917
2026-01-03 19:00:00,-8.214932,-3.4430935,0.028898256,0.9322325,0.19069502,-2.5026786,-0.92434347,-0.90886617,0.21338935,-6.319724,-0.16314107,0.33042905,-8.490537,-8.359996,-12.658309,3.2291958,-0.7838072,-0.18868694,-11.127679,-5.8278003,-6.9259324,27.103537,-12.506596,0.24672179,-9.47136,0.015680123,0.14046986,0.05016104
2025-10-19 08:00:00,15.256255,-8.638305,0.33494708,-0.7399208,6.931585,0.060556374,-5.5764885,0.27722827,0.25905687,-3.0227191,-1.6939683,0.5449831,4.7232623,10.986941,1.335987,-6.5658054,-4.178529,-4.274866,-6.2675285,0.89073324,-2.3664918,66.11647,-1.8490654,-0.18158701,-2.2708147,0.049164418,0.011175898,0.0749875
2025-08-27 05:00:00,7.879798,3.7634678,1.1413243,1.36078,8.534371,-8.616407,1.4152145,-0.35638955,0.13613382,1.5289034,0.6258486,-4.5870967,-3.1272902,-2.446224,-17.368303,-1.8900001,-0.1883095,0.7062098,5.17584,0.46396473,2.8723075,-60.1381,-1.5582119,0.49494445,2.8625283,-0.072506234,0.12059623,0.097688414
2025-08-17 01:00:00,-114.589005,-0.3231805,0.7125476,2.0699174,-47.007935,-51.64891,1.1255063,0.926064,-0.17045286,0.08996394,-0.10536406,0.20003992,-7.228138,-12.157851,-30.285616,2.5860677,2.0527105,-0.81688994,3.0724669,5.4002056,5.240983,46.178467,-5.799391,-0.20732607,0.013913073,-0.037905924,-0.00376694,0.08867192
2025-11-19 06:00:00,62.453167,7.006142,-1.8955487,-13.346165,109.469124,20.725536,3.2375016,-0.39618027,-1.108743,-1.239531,1.5380484,1.653624,55.565884,135.51189,217.35416,-0.027920187,-3.1932197,7.803136,-3.8921127,-3.1013558,-7.3744593,248.04642,2.2355335,-0.6458101,-10.274333,0.0055571655,0.012341204,0.055062126
2026-01-05 00:00:00,-112.26721,2.3176866,-14.275117,-25.480799,-56.621216,-83.68711,0.96220815,0.65911573,0.20540501,-3.148691,0.20960799,0.22709483,-0.62136716,-3.9636412,-15.434915,-23.003586,-14.960484,-20.130032,-9.747961,-44.811455,-4.488311,-83.874535,-24.230917,0.6860291,-52.271713,-0.061035465,0.006514194,0.04487187
2025-08-20 04:00:00,-33.392914,1.1080048,0.7427026,1.7154449,-4.086785,-32.73703,0.14554371,-1.1197796,-0.04643948,1.5583882,0.22470786,0.21071704,-8.949257,-12.864109,-29.42531,2.239758,-1.16775,0.18825214,11.996507,3.546958,4.7356925,-130.81018,-4.849655,0.99929214,4.462184,0.07786101,0.022334952,0.14044169
2025-10-19 20:00:00,-23.118889,6.400425,-2.0681703,-6.693692,-35.41889,-21.065456,1.5316212,2.0814338,-1.707598,-8.923705,0.038879,0.14949264,-3.9800556,-3.6618478,-8.934657,-1.053182,-1.1682049,-1.1499177,-14.2358465,6.8227935,-4.87176,-20.862831,-2.6245573,-0.32075068,2.928703,0.012377049,-0.0038633016,0.078002855
2025-12-26 22:00:00,19.585857,-1.1595412,-0.33561173,-2.399374,19.611338,-10.655558,0.0846743,-0.8095844,-0.03923313,-9.541198,0.15695,0.16729663,-1.1076696,-3.9202669,-12.169265,-19.726028,-7.8574915,-9.945545,-16.224817,-16.71311,-8.849649,-106.72693,-18.425905,0.11528369,-19.299467,0.09179697,0.009247356,0.07437056
2025-07-24 13:00:00,-5.4074144,-0.29502967,-0.18247502,0.8744384,-30.222807,7.83804,0.55214924,-1.7838485,-0.19305241,5.854713,0.17567055,0.3044686,-5.789976,-16.18132,-23.74652,13.201104,8.599268,4.232374,26.596596,0.16516654,9.817243,98.1369,9.396636,0.627345,8.236287,0.016729668,0.064127155,0.23429205
2025-12-09 14:00:00,21.856155,8.645415,0.31742635,-0.91224295,-5.861038,30.748617,4.116111,0.2629346,-0.109255925,-7.6696997,0.6445427,0.53090364,-0.13635938,-4.110609,-9.39619,-11.596507,-5.6809645,-3.0455582,-21.23,-16.51728,-11.777636,-118.38026,-5.592155,-0.13386999,-25.787548,-0.04853545,0.0021496187,0.07931091
2025-11-04 18:00:00,0.17209084,0.75713974,-2.0397868,-2.3002021,2.477777,4.0444007,0.22452724,0.47906825,-0.9836201,-2.1560674,0.26497746,0.37625876,-3.5040803,1.8710402,-4.233892,-1.7686255,-2.3006809,0.8648642,-11.375272,-2.5857532,-4.1059275,73.89631,-0.11122501,-0.49700704,-0.14671569,0.047978345,-0.009411696,0.06590671
2025-10-19 07:00:00,4.8369846,-6.550458,-1.4548866,-1.8869871,13.909841,1.7896487,-2.464817,0.26998597,-0.057033896,-2.5632255,-1.4047725,0.7095156,11.9266,17.75037,2.9963455,-8.398957,-3.275417,-4.2713194,-4.2319565,-0.08766145,-2.2934215,63.560654,-2.4318094,-0.9597473,-5.3407426,0.04480621,0.013189778,0.056990363
2025-11-20 06:00:00,62.332317,5.453989,-1.8068078,-12.5838585,105.9756,21.03576,2.8860252,-0.032826465,-0.6641028,-1.2532071,1.3634307,1.8170216,56.132183,137.33882,214.5868,0.9277393,-2.2216814,7.2209473,0.6058103,-0.085863,-5.6057405,246.77196,-3.1006894,-0.018470142,-6.5191717,-0.00700636,-0.0055250213,0.06642866
2025-11-16 07:00:00,22.769867,-10.987011,-1.236112,-9.043428,21.152481,13.301561,-4.0520897,0.3856133,-0.28149983,-0.8791299,-3.0003572,1.4592878,43.875164,115.902275,178.29982,-1.8842831,3.243755,-0.8788226,-9.782873,0.33284,-6.6786275,175.47491,-2.759052,-0.4642448,-5.4317913,-0.0020769192,0.006818318,0.06765977
2025-10-22 05:00:00,61.721165,6.8185067,-0.48913038,-1.4484959,43.353004,11.655884,3.1190894,-0.3024621,-0.11613594,-1.8533589,1.1607139,-10.005734,31.258432,26.828716,16.731586,-7.45524,-2.3148472,-2.3884897,-1.8886454,-1.8346758,-0.85022736,9.638096,-0.33205363,-0.33007577,0.026897296,0.0368841,-0.11148454,0.14036389
2025-09-18 20:00:00,15.266826,-1.6779577,-1.5632129,-10.867566,-15.373184,-0.14225122,-0.6931273,-4.1473546,-0.9338826,-4.2554936,0.026814751,0.16640128,-8.922267,-16.416237,-14.948991,17.326008,11.693843,7.7614646,34.18091,-2.1654096,9.888141,-16.20715,-0.73387337,0.10503091,4.3451867,-0.047670454,-0.015375517,0.19951345
2025-10-09 02:00:00,-46.844166,0.706835,0.5252024,0.67040455,-6.1544223,-26.829145,0.3925337,-0.5932613,0.034341242,-2.389241,0.22287503,0.2922461,17.503063,18.567535,6.4620705,-14.615104,-5.0092,2.5235417,-3.6326036,1.0838209,1.6885167,-89.21177,-3.7029004,0.047920063,5.999704,0.031560216,-0.0051167016,0.053680427
2025-12-06 10:00:00,54.265022,-2.0145051,-0.86924064,-2.290013,-5.019153,42.595684,-1.1588387,-0.4671117,0.0034536263,-6.828664,-0.33151734,0.33966437,-6.643305,-5.4330907,-5.2807803,2.4301646,1.2027414,2.757321,-29.288046,-11.534601,-15.962101,87.7276,-4.460929,-0.38768947,-17.727262,0.001138756,-0.016267264,0.025591707
2025-12-04 23:00:00,-28.231207,0.058837626,0.09888731,1.3327284,-37.151363,-56.6497,0.07167946,-0.48335928,-0.13083445,-5.7664413,0.11245885,0.115788765,2.7483695,-0.17983101,-8.809611,-21.918257,-13.946311,-12.837204,-16.459377,-2.332846,-7.131147,-83.446495,-20.138092,0.13229825,-25.219625,0.0046348805,-0.013436694,0.0762805
2025-11-22 02:00:00,-39.60155,-2.6954749,0.1299798,0.13648076,-13.59378,-25.68102,-1.4050816,-0.21349853,0.048631962,-2.4291086,-0.6518228,0.44563147,32.108715,52.369987,20.802586,-13.111709,-7.0461936,-10.202431,-7.31542,-4.6403723,-3.2980497,-103.74572,-11.157072,0.015165275,-2.03249,0.002479767,0.020578282,-0.55541235
2025-12-25 06:00:00,67.20212,4.6913533,-0.91179925,-4.240828,86.569046,22.49406,3.3285897,-0.11854308,-0.16398129,-0.8790414,1.542089,-12.700043,42.77489,134.88387,221.68242,0.044337213,3.7038374,14.1050825,5.74323,20.023952,4.463467,181.5942,5.553708,-0.1791283,4.1390367,0.008206223,0.0037737966,0.05790349
2025-09-16 09:00:00,166.18906,8.201295,-0.0065356847,-0.43558693,97.806816,85.398834,4.1804705,0.5889779,-0.36747473,-0.74707276,1.7743489,0.5292056,7.369854,3.7239044,-2.9320405,16.532122,6.7872086,6.6860433,56.97854,0.12139694,21.590727,88.896416,11.449892,-0.57047033,7.7454824,-0.10941914,0.0042669373,0.03521792
2025-10-30 09:00:00,154.39847,6.0409245,0.63179207,1.3153421,84.25479,76.01886,3.4366958,0.07503201,0.11164879,-4.890349,1.6777544,0.9230202,1.5987865,7.296775,7.4244714,-0.08119061,0.02661959,-0.6168012,-9.87809,0.07525547,-6.5514917,61.42742,6.254543,-1.0673698,7.6778116,-0.0059912447,0.00010962023,0.10897118
2025-08-19 07:00:00,-6.93304,4.249869,-0.702162,-1.1821848,5.3271117,-6.2448297,1.2722709,0.537003,-0.20840594,-1.1393213,0.45383507,0.53170216,-6.3110228,-8.46157,-20.938206,5.959588,-0.6111324,1.0446037,24.893936,-1.9001763,5.47764,63.735725,-2.8561003,1.3433999,1.2525806,0.0013424577,0.016535414,0.061357055
2025-12-28 12:00:00,9.441193,-3.8062928,0.20161478,0.35807937,-52.378033,-3.5517824,-1.1038392,0.35797012,-0.19334152,-4.792727,-0.69355744,0.2893962,-8.00652,-11.299142,-20.708418,-1.0685248,5.290906,3.6543102,-20.161325,-20.77144,-9.628637,-12.398142,-5.4746494,0.25475413,-23.607416,0.059922013,-0.001844888,0.07562319
2025-10-22 23:00:00,-6.2403445,0.13200445,0.69955033,1.1432009,-30.036196,-37.532047,-0.90790313,-0.42007518,-0.29732603,-4.2030993,0.11066124,-1.2959231,1.0239981,3.8129876,-0.7320968,-11.167711,-4.64658,-1.4189985,-14.201886,17.685654,-4.0278435,-31.986423,-0.5717174,-0.06444205,10.615906,-0.068946786,-0.046913825,0.08973203
2025-09-02 14:00:00,49.198353,5.071692,-0.3681871,0.87498385,42.570576,57.070717,2.4981163,0.3959491,-0.70675224,0.71440846,0.55461895,0.44247118,-5.4073462,-7.744705,-16.800314,14.189409,2.7686346,5.562534,2.560628,4.8800464,6.4615307,-96.254005,8.896506,-1.5894557,11.489001,0.0479097,0.018677402,0.19015417
2025-09-24 22:00:00,50.299107,-0.43569952,-2.088501,-10.915527,48.77384,3.6821394,-1.8392379,-2.0963826,-1.6436172,-0.8185761,0.1864127,0.21254851,-3.55162,-13.293025,-21.240664,26.63958,13.445612,8.588361,28.908857,2.1447425,10.587685,90.28135,-3.164832,0.20502664,4.468675,0.21424638,-0.025176108,0.0705027
2025-10-14 19:00:00,-26.16031,-0.13775228,-3.5031033,-4.385939,-22.393162,-8.326601,-0.09112059,1.0083904,-1.4937432,-7.1123443,0.077402845,0.47121212,-5.451281,-8.593872,-14.762652,1.5161518,-2.850496,0.44378802,-14.829733,-2.2123106,-7.351288,27.33938,1.0877432,-0.5521215,1.8948004,0.026198445,-0.053243928,0.067891255
2025-11-29 19:00:00,-21.45631,-2.8019161,-3.966349,-8.685138,-0.49255085,-7.2565594,-1.0215272,-0.64928716,-2.0210295,-4.751014,-0.40622714,0.33319733,-0.20287713,0.6520629,0.5324195,-1.125366,-2.7205102,-0.78464484,-14.208134,-2.3630219,-6.853256,0.6372557,-1.4169569,-0.38055554,-5.259339,-0.03119535,-0.05929859,0.07920378
2026-01-11 03:00:00,-42.792084,-6.028173,-2.300241,-3.5559003,17.649439,-29.301756,-2.101905,0.027735677,0.07965142,-2.297412,-0.8060245,0.40724525,40.90561,60.522255,10.609229,-15.6679,-5.8831515,-14.069259,-3.1405978,-8.469785,-2.022651,-135.86432,-10.151789,0.013407854,-8.71981,-0.006628942,0.012668857,0.06917119
2025-06-29 04:00:00,-51.242218,-5.634664,-0.10123291,-1.3179023,-21.03197,-16.36483,-2.9992363,2.2708302,-0.14208548,3.5603569,-0.7377539,0.1569927,-12.741038,-24.336172,-35.032772,11.393844,4.677973,0.8977442,15.596506,0.30541858,0.6196187,-141.50204,-2.8378823,0.68343306,-4.205714,0.012507109,0.013281739,0.21886946
2025-12-23 00:00:00,-97.4889,1.3851793,0.37173122,-5.0371375,-49.816666,-75.317566,-0.22801296,0.38355705,-0.05349767,-3.4134839,0.21047743,0.21784633,8.564356,-2.965973,-12.350716,-20.760336,-13.984327,-17.95044,-8.795997,-38.121487,-4.0692406,-68.30852,-22.872858,0.039339572,-50.911217,0.012638354,-0.20678821,0.046092592
2025-09-24 19:00:00,20.111855,-1.3904356,1.4188627,7.815265,-19.054802,6.387945,-0.865342,-2.4186747,1.0918083,1.845641,-0.34895715,0.2386926,-14.5229,-24.488075,-21.159399,14.624503,8.330418,4.3266835,16.258022,-1.3980721,6.2961884,-36.75576,3.3121786,0.42011985,4.150037,-0.017469905,-0.0018270861,0.5712972
2025-07-05 14:00:00,62.481617,-11.962969,-0.7870827,-7.7469954,54.56723,55.51463,-5.9896727,-1.390961,0.17776497,7.378863,-1.717312,0.28744426,-5.492206,-25.688957,-17.815683,26.082226,7.7776,6.93572,43.171272,-0.34917703,15.647684,107.9752,5.586398,-0.7411256,11.798867,0.047607075,-0.020554252,0.10448766
2025-12-08 13:00:00,-34.530315,4.0037894,0.102479964,0.44981062,-64.14543,-30.308033,1.4063855,1.2225288,-0.08957762,-6.058225,0.23067956,0.35289428,-6.0269427,-6.997039,-13.175644,-3.9014606,-5.1956024,-1.2182779,-23.853071,-16.528767,-10.175584,-101.66065,-4.478185,-0.17109878,-19.512814,0.106831096,-0.0065286667,0.078553006
2025-09-20 03:00:00,-67.74379,-3.822313,1.2484474,2.7920465,4.8065114,-27.770964,-1.6539861,-0.7511158,0.21772765,1.1706233,-0.39520288,0.12255649,-16.81783,-29.203127,-37.69634,5.8277326,1.4500996,1.2082049,15.569318,0.8214875,1.697404,-155.72392,-4.1934133,0.6067308,6.6140013,-0.022947893,0.0051851138,0.16623783
2025-12-06 05:00:00,47.393787,-12.873141,0.9520232,0.11652129,38.78855,10.8373995,-8.816498,-0.14249638,0.06538448,-1.3210123,-4.14988,1.5193355,27.751575,102.70617,164.73116,-9.5995,-7.99073,-2.1508386,-2.96021,8.175621,-2.6173532,83.80841,2.6842017,0.17914207,1.5019851,0.055416387,0.01032832,0.060241047
2025-08-17 03:00:00,-58.55269,-2.797044,1.0897965,4.0910654,6.7958426,-22.660717,-1.1867943,0.85157555,0.25417227,2.0244496,-0.302625,0.16043043,-10.89797,-13.6454,-25.60436,-3.1567974,0.62312883,-1.118099,3.4068658,4.6059036,4.4948144,-142.5654,-5.760424,1.1831793,2.008008,-0.0018706215,0.082883716,0.12358602
2025-12-03 10:00:00,46.82049,0.6404645,-0.91584355,-1.9610422,-8.305603,43.620243,-0.27022207,-0.43985635,-0.04823347,-6.835253,0.22368725,0.43484244,-6.985422,-5.731104,-7.7330804,0.65273947,-1.1893457,2.041459,-34.996212,-6.9850554,-18.85614,69.84621,-3.5110607,-0.55369693,-17.509861,0.019741692,-0.0026268633,0.04741059
2025-06-30 01:00:00,-126.34982,3.1739664,1.7330903,0.14336455,-50.21205,-60.394535,0.4180274,2.1638715,0.102368936,6.03342,0.08287601,0.12328004,-16.297146,-26.071205,-31.943745,11.624883,23.826193,1.5759612,2.4587061,0.58492494,4.7361994,-55.731556,-3.3201482,1.8714103,10.92752,-0.027362412,0.20412615,0.26621318
2025-10-06 03:00:00,-59.948612,2.9043877,0.4603977,2.0859497,15.006877,-30.114223,1.1392015,0.7695812,-0.13888977,-2.9041722,0.28070858,0.24969886,-5.9136357,-3.9195986,-23.827871,-2.7635732,0.14734846,2.1149762,2.3030372,1.4874817,5.010604,-49.498165,-5.576277,-0.9329277,5.8440475,-0.0012012781,-0.048425883,0.08978194
2025-10-15 08:00:00,39.969616,6.117205,-0.5960138,-0.013906244,13.791163,10.025331,2.3333185,-0.3989389,-0.058246218,-3.4558825,1.0532254,0.7929844,-0.26324615,4.0909,3.5920238,-5.7338715,-3.8992307,-1.6741867,-4.653007,-0.34512475,-5.3057604,10.024336,-1.8351507,1.3672123,0.76715344,0.005541612,0.38507614,0.17699695
2025-12-23 18:00:00,0.8136867,0.46286568,-3.458066,-6.447117,0.68490523,7.0947614,-0.44534615,0.6580929,-1.7176362,-3.5327253,0.17049961,0.2510841,-3.6088507,0.55419916,-9.1144905,-1.1984708,-2.612872,1.5963846,-9.594705,-0.7516407,-3.7171602,95.92099,0.77704304,-0.2430146,-5.155657,-0.012124633,0.0025569093,0.038688432
2026-01-02 16:00:00,15.466375,-0.08233798,-2.6211514,-4.0363173,-38.874794,30.710331,-0.044049278,-0.306522,0.016830664,-2.788487,0.25990784,0.3729489,-5.3967934,-11.992492,-31.16998,-4.0592227,1.8884913,-1.8703998,-10.945023,-9.60938,-5.319033,-40.92108,-3.5749464,-0.15329108,-11.956212,0.005756391,0.007517771,0.13293654
2025-09-14 23:00:00,3.21591,2.9811637,-0.23402849,-3.4593852,-26.981035,-39.018417,1.3671277,1.3153578,-0.6176542,-0.41601136,-0.1640241,0.15086325,-10.952099,-22.58804,-26.299807,20.389744,9.937034,3.5889478,12.9217005,2.493119,6.870498,85.12135,-2.9749126,0.1842552,6.9622364,0.087153025,-0.056879573,0.08283843
2025-10-10 17:00:00,17.563889,0.90328616,-0.033574175,1.187353,0.47723064,24.772034,0.9456564,-0.43469977,1.2994801,0.36803693,0.2982502,0.35146683,-3.891009,-0.10332826,1.4162848,4.2517695,3.6414423,5.4990106,-2.922532,-0.90078866,-1.5191226,-2.1504672,0.3823026,1.106127,-1.9980468,0.013155154,0.032637894,0.13692306
2025-10-04 20:00:00,-7.965744,-4.029213,-3.6034925,-8.673222,-34.23487,-13.87215,-0.31139603,-2.396782,-1.6047888,-10.227698,0.55572623,0.14241794,-4.3042717,-8.806632,-17.215567,17.095596,-1.8375682,5.985623,8.464942,-1.3702475,8.904656,-17.886885,0.09632632,0.2939248,2.6614268,-0.048069175,-0.013413243,0.20968692
2025-09-24 03:00:00,-67.710815,0.74564517,0.98334414,2.1297185,7.0067983,-31.250809,0.07033234,-1.0479877,0.050073065,0.96755135,0.23874208,0.15331937,-13.528253,-24.07176,-36.871944,5.744474,0.9259622,1.0676283,11.411412,3.3592207,2.1430929,-151.87848,-6.9147644,0.6839872,7.195731,-0.028906384,-0.015187415,0.1857951
2025-12-25 04:00:00,37.64234,3.838039,-0.22035047,-1.5577927,31.213882,-11.356525,1.6477354,-0.31618935,0.0721617,-0.6475004,0.94087917,-8.051548,33.18392,71.628426,60.76364,-10.883697,-6.6508236,-10.416048,-1.2408668,5.5657187,-1.4928482,-45.05723,-9.759078,-0.55769837,-3.8741796,0.018435992,0.0061035384,0.089666046
2025-12-13 01:00:00,-85.630936,-1.9166728,0.052736737,-5.038223,-30.869123,-62.5404,-0.6788482,-0.20511879,-0.16060081,-2.5326252,-0.31684774,0.32388535,34.615173,24.531172,3.7995148,-20.521141,-13.185256,-9.256735,-7.0696454,-22.593235,-3.6019409,-60.258087,-13.060406,0.27467263,-24.766016,0.02002983,0.055953432,0.05536601
2025-11-02 10:00:00,49.936188,-0.5424503,-0.68321216,0.56326926,-1.4853666,37.85425,-0.69951224,0.24263132,0.64266557,-4.8626633,-0.4068985,0.4050842,0.17547941,8.621488,6.5794635,-1.2483318,1.1120803,0.7356318,-24.898455,1.286178,-11.709842,91.254005,0.45320395,-0.47532266,-5.231211,-0.0020223774,0.03382459,0.020277575
2025-08-13 16:00:00,-31.011782,-0.58624935,-0.035391256,-1.257464,-50.120224,-18.306822,-0.8508667,-1.7868485,0.01501209,-0.2823629,0.32492128,0.33074215,-23.37921,-48.921238,-32.54537,13.151868,6.2475357,5.5617957,11.877403,-1.2691153,2.8837762,36.53504,-3.9563015,-0.41647542,0.6481677,-0.07437879,-0.09899859,-5.9760475
2025-07-12 22:00:00,50.15217,-3.9972353,-0.98300445,-5.259106,39.225235,9.894745,-0.7890753,-2.6803958,-0.6734922,6.6470146,-0.26686308,0.2110284,-5.2539887,-4.6074724,-14.542841,25.481153,15.194849,5.9718795,20.946468,0.24202152,8.789476,93.69446,-9.676537,-0.012397967,3.4667861,-0.07122239,-0.054083947,0.018576816
2025-12-13 09:00:00,151.75655,-5.3548994,0.5018381,0.61922675,75.94073,71.27953,-3.340041,-0.6170189,0.49294215,-4.0196013,-1.3320026,0.41481316,-3.40891,2.4646704,12.38671,9.218162,-0.76828164,3.765406,-19.199284,-7.0324197,-8.487004,113.31144,-3.1665773,-0.11886403,-11.020251,0.10115911,-0.0029583522,0.05230458
2025-10-28 13:00:00,-30.977024,2.3922985,-0.08238479,-0.05427459,-62.57622,-21.479414,0.5389409,0.5418873,0.118539974,-5.6038284,0.2890896,0.3697984,-3.8322237,-3.383098,-7.0345745,-2.383133,-6.172004,-2.0826724,-28.655493,9.071616,-10.221701,-9.19184,6.513581,0.008481081,5.0203915,0.06498288,0.0057622036,0.084420234
2025-11-22 18:00:00,-2.5845957,-2.143291,-4.194611,-8.368469,-1.6149907,5.2346363,-1.2150427,-0.43356904,-1.9505249,-3.4678316,-0.7088161,0.3524764,2.2266824,16.502754,2.672828,-0.6459449,-0.8061213,-1.028605,-13.884431,-3.3770483,-6.4121904,73.38371,0.95498663,-0.2620873,-0.1602652,0.01957614,-0.024477176,0.04302783
2025-12-15 02:00:00,-43.682312,3.14063,0.061814614,-1.3496544,-13.88404,-29.382097,0.68964183,0.72573704,-0.06883548,-2.6299436,0.33022848,0.5053909,37.417385,47.23687,16.365053,-13.367597,-7.235809,-10.375342,-9.558363,-6.8791194,-3.2510219,-113.3342,-10.167668,-0.08083121,-8.185525,0.009589352,0.0064522303,0.050854858
2025-10-11 07:00:00,6.748338,-5.254154,-1.6250184,-3.3509994,6.8058424,-0.1410328,-2.1666508,-0.31918412,-0.35425794,-2.8662179,-1.4222512,0.59618014,12.542961,21.916164,6.650157,-11.349636,-5.349576,1.6832892,-2.8273227,-1.7400926,-0.31492293,74.57822,-2.0434415,-0.8953575,-4.0110373,-0.108661756,-0.0039587594,0.060321767
2025-08-24 07:00:00,2.8588624,-16.166676,-0.4484942,-0.07373081,0.23971389,1.9313225,-5.460848,0.13211936,-0.085607305,-0.38331226,-1.8159382,0.39469185,-2.5906053,-1.1126322,-4.496129,5.753156,5.0923085,-0.07479384,7.6826096,-2.2275693,2.2004602,-39.116444,0.7833671,1.1488457,0.65786386,0.00072106486,0.013507455,0.08654945
2025-09-04 04:00:00,-15.987341,1.0037165,0.47370756,0.7180782,6.8169017,-33.07636,0.79081607,-0.7686465,-0.17849258,0.6201666,0.46247047,0.24318337,-0.6395287,3.2604833,-4.9172606,-8.754723,-4.1902814,0.22862004,3.8155432,-0.209688,3.5190568,-80.761765,-2.3422759,-0.7694189,3.2295196,0.008063284,0.06777202,0.09150707
2025-12-29 05:00:00,57.43823,11.012969,0.9826834,4.024218,54.800816,15.303113,5.0950084,0.89972633,0.17523018,-1.3564999,2.057451,2.0668008,37.59733,120.82147,174.08018,-12.318912,-3.8304465,0.27790752,-3.1291664,9.319441,-0.8496176,121.47822,2.24112,-0.1848422,3.4522548,0.011736875,0.00058178534,0.05005183
2025-08-11 17:00:00,-18.9337,2.9805937,0.15045477,3.871993,-38.2468,-10.249204,1.4188213,0.9745616,0.60887367,-3.7538495,0.3360465,0.37018368,-23.87384,-50.357006,-39.743317,3.6308858,1.07697,1.4927346,-2.6053226,-2.9427905,-1.1349411,-43.92226,0.0606583,0.08811778,-2.2716734,0.047454927,-0.09104084,0.7510356
2025-11-28 09:00:00,145.61842,2.189263,0.15277289,0.47693896,77.272514,63.51966,2.4292107,-0.3039885,0.49208245,-3.5959628,0.64522505,0.46045402,-2.5863116,5.6846166,8.070259,0.18162912,0.89727175,2.7374,-33.75647,-6.029555,-14.109786,122.47479,-2.433074,-0.29004702,-7.621961,-0.052523866,3.605755e-05,0.05859112
2025-09-07 14:00:00,58.67477,-13.813737,-1.2745689,-2.7805102,40.25168,54.082764,-5.300611,0.28765315,0.26714644,-0.7200793,-1.603854,0.33435833,-4.7752094,-6.83734,-13.813923,14.049476,6.9467087,4.4851336,10.143114,5.4579067,6.006676,-3.5345504,-4.1050673,-1.4661204,9.354512,-0.03988166,-0.0013446214,-1.9575562
2025-08-22 07:00:00,3.2391813,0.8071173,-0.9155295,0.3091028,2.6592982,-1.7788533,1.7955813,-0.6289743,-0.17268722,-0.3057922,0.5965712,0.54664326,-9.118256,-10.685289,-19.862167,6.9272933,4.7343946,-3.559499,20.368853,1.3011551,4.2782426,2.778014,-2.0662417,1.4013292,1.8744023,-0.008000163,0.1855685,0.16553679
2025-10-04 23:00:00,10.959844,-1.9148746,-0.6097625,-0.14492013,-24.150259,-35.81012,-0.62430197,-0.67831737,-0.39276007,-4.4035063,-0.36800027,0.21225372,-3.5409143,-8.984858,-20.459352,13.698561,4.107848,4.8920903,8.149776,4.643314,5.1726937,44.60459,-3.5025,-0.019339995,5.7329698,-0.028520709,-0.10176017,0.11151538
2025-08-06 20:00:00,21.309898,-1.3019817,-0.77040625,-0.6004535,-12.567088,3.525465,-2.1299033,-3.1873178,-0.98578817,-1.9123286,0.016199928,0.15604836,-8.679429,-14.042099,-15.3336525,18.712172,13.201918,6.767325,23.805899,4.996635,10.611176,-16.939123,0.47598255,0.4078322,4.7462163,0.16281158,-0.005846934,0.37723613
2025-07-08 04:00:00,-36.71666,3.079711,0.61117387,1.454151,-9.149787,-30.473408,0.60073227,1.38153,0.29416072,3.0800164,0.38493785,0.20568979,-11.82468,-19.57358,-34.53322,3.8592765,4.573808,-1.0666243,13.383138,2.4831862,7.371141,-140.90247,-6.4303074,0.30250773,3.3756342,-0.010118394,-0.0210706,0.15294433
2025-09-07 09:00:00,145.58195,-29.512043,0.22035049,1.3795813,69.82081,78.41206,-12.456455,-1.0148339,-0.059087414,-0.61586505,-5.1075425,0.59592575,0.28670424,6.9316087,4.191348,11.658651,5.328974,3.3340294,11.207016,3.7138033,5.7301707,12.570075,2.4322865,0.43419534,6.7453656,-0.035965215,0.01574374,-1.0801485
2025-08-20 03:00:00,-63.865837,0.60814506,0.86899495,3.6040344,9.592844,-31.35593,-0.08617799,-1.1929609,-0.030382153,1.767523,0.19748741,0.17669255,-11.955723,-18.21228,-33.398224,4.062642,1.2839404,2.1138437,12.81806,4.065826,4.4844227,-149.86932,-11.84553,1.0979333,7.152218,-0.03486666,-0.034080364,0.1374048
2025-09-22 11:00:00,21.875465,1.4424524,0.019780623,-4.300818,-31.514835,18.687273,1.2173309,2.2564127,-0.11392846,-0.37882268,-0.1350255,-3.0833743,-7.968792,-11.496731,-15.277375,11.794299,7.0875936,2.780484,23.545813,-0.29320866,9.106748,109.36,0.34767455,0.7751216,4.0964527,0.09153051,-0.023847736,0.047343746
2025-08-03 11:00:00,29.113264,3.4818497,0.6894779,-0.2978983,-25.65248,18.257011,-0.30916324,1.9935409,-0.29646802,1.4067065,-0.017826544,0.19980313,-3.2140336,-1.9060911,-6.563939,14.13045,8.669875,3.628213,20.411308,2.1668308,9.314607,124.84759,6.268554,0.81054616,4.7290754,-0.008773243,0.058769666,0.013166871
2025-11-26 20:00:00,-32.884785,-1.1732012,-1.2089972,-6.845855,-35.695175,-26.239542,-0.94835025,-0.99918747,-1.4971807,-6.0655656,-0.08533386,0.13158262,-6.173057,-7.5486984,-10.138891,-14.953993,-10.792974,-1.5390158,-21.37884,-3.2506294,-9.336054,-46.507153,-17.025602,-0.017376773,-7.4675384,0.009938131,-0.002575432,-0.79098
2025-12-01 03:00:00,-42.29561,4.4436364,-0.2879681,-1.7557136,11.199478,-29.341604,0.9069735,0.49403483,0.05814878,-1.6738435,0.53549916,0.6812169,29.81799,56.077232,41.120743,-14.477956,-9.332189,-9.663862,-9.888823,-2.3172815,-4.2068934,-69.083595,-12.732683,-0.3522046,-3.3145573,-0.02093896,0.025103629,0.0630929
2025-06-29 19:00:00,24.217611,11.140325,-1.1690012,-2.2721615,-13.9694605,2.6603246,3.589939,3.3560991,-1.301973,3.4734962,1.5124669,0.18355474,-2.3494303,-1.0288134,-13.905138,19.917875,7.2240267,5.2327104,19.16626,-0.32669887,13.746214,-33.994373,4.0623302,-0.37730452,-0.91122466,-0.029456077,0.017648004,0.21320611
2025-11-20 01:00:00,-78.53988,0.86924785,0.33693692,0.43539762,-28.076765,-52.785545,0.25572821,-0.4297239,0.2307607,-2.2263768,0.22765927,0.42300642,33.123367,42.180157,8.756381,-19.406704,-11.813996,-10.8419075,-6.921487,-8.760187,-3.1909144,-75.11545,-3.8576176,0.23776387,-1.0864807,0.00962236,0.030736133,0.06154411
2025-11-28 15:00:00,17.759674,0.809876,0.059703648,-0.54779917,-20.095665,50.738598,-0.049360268,-0.27166125,-0.08586534,-2.3727815,0.5685323,0.49722984,-0.7453531,-1.5471264,-10.763683,-11.561555,-5.2516365,-1.6099114,-17.481503,-6.713713,-6.748783,-51.35359,5.96437,0.18347694,-8.065027,0.011145678,0.009627905,0.12980261
2025-07-22 14:00:00,57.181477,5.1106887,-0.84348273,0.45612594,54.391216,62.292027,2.2089028,0.2385909,0.014491343,4.725231,0.69658864,0.36569256,-6.954923,-10.990276,-15.093896,23.08633,8.065597,5.3919287,17.480469,2.6567314,8.131159,-84.74895,14.797577,-0.23898278,12.581635,0.064141825,-0.012082834,0.49879655
2025-11-18 14:00:00,29.623457,7.0043316,0.009050312,-0.040383156,3.2163694,39.526855,3.479716,0.2277203,0.6553732,-5.6142507,0.544946,0.57125413,-0.34312084,-0.8659767,-5.605223,-14.079724,-6.7513404,-4.2679434,-24.838497,-6.9460254,-11.825561,-86.20136,7.369796,-0.2395495,-11.770916,0.025272125,-0.0005123694,0.096908405
2025-09-23 10:00:00,63.03442,1.4096414,-0.5361143,-3.9835982,5.627859,58.69684,0.14896527,0.44574445,-0.34243217,-1.0547379,0.04405492,0.25892523,-4.0895615,-1.372095,-11.020123,18.836441,5.066061,5.324724,38.30696,1.775976,15.157173,131.528,5.036882,2.6942635,6.1206064,-0.123835735,-0.11597675,0.03805822
2025-10-15 19:00:00,-26.7577,-1.0045649,-3.665612,-4.228536,-25.018158,-7.7461314,-0.36956713,-0.9012578,-1.799696,-7.2448125,0.084719226,0.4544172,-5.4361205,-8.124662,-13.607366,1.1942313,0.43381396,0.4331049,-16.973114,-1.2186338,-7.7701316,37.1495,1.3039311,-0.7830186,1.5310299,0.034437135,-0.06842204,0.044133075
2025-07-14 00:00:00,-82.42041,1.714474,0.36816317,2.236534,-41.82201,-55.64981,2.3802247,1.3184569,-0.81531096,1.8792554,0.1380949,0.23383203,-10.260964,-16.645025,-20.701538,13.922386,9.122525,3.11913,4.3472776,4.4868417,4.0354586,48.16501,-11.580844,-1.1120868,7.0487795,0.013963872,0.07560134,0.09974243
2025-12-16 20:00:00,-22.167908,0.006215764,-1.2352923,-5.647911,-26.164362,-20.92057,-0.39690965,1.3138856,0.73717237,-6.425783,-0.10596197,0.15531795,-7.7825484,-9.606902,-13.327506,-11.931893,-10.191959,-2.318947,-19.238472,-6.1583104,-8.975433,-39.75695,-25.066278,-0.307741,-14.606403,0.03062197,0.006955075,0.04958365
2025-12-24 11:00:00,37.907364,0.8600606,-0.8858858,-0.1379068,-42.889606,3.470616,-0.96402407,-0.83410114,0.18150377,-5.7776427,0.27236402,0.35386488,-8.605053,-10.70957,-20.365494,9.044681,6.7254243,2.8211582,-15.584339,-13.297704,-8.437609,-2.1684594,-3.8810961,0.2068505,-18.038597,-0.07215744,-0.033592686,0.07809037
2025-11-02 12:00:00,5.3113413,-3.6719165,0.28866243,1.5223851,-37.187626,6.9338503,-1.3254862,0.46130362,1.1117541,-3.9562194,-0.80842334,0.39696795,-1.1412015,-0.5502237,-0.8538035,-1.2606964,3.0482981,-0.041204534,-18.472574,8.302996,-6.8592277,43.287964,-3.9939063,0.49016583,-3.9783838,0.0020647882,-0.08777487,0.04743146
2025-08-31 06:00:00,6.0592356,-14.147564,1.030742,2.3402824,6.9504557,-6.1344023,-5.6088257,0.28956583,0.73763514,1.1393323,-2.4737651,0.33011743,-2.4374568,-7.419066,-20.638847,-1.8562571,1.7244501,0.46004137,5.1894407,-3.142218,4.2860603,-72.38786,3.1361802,-0.18781269,0.35266674,-0.00016239376,-0.35535973,0.0779622
2025-12-05 16:00:00,19.756823,0.77127606,-0.19124447,-0.65222234,-39.83985,29.653236,0.37199715,-0.27793702,0.10215392,-2.3517294,0.4458168,0.44495353,-0.5611413,0.71987444,-8.224842,-7.807522,-3.941692,-1.9464467,-10.302831,-7.5589094,-4.404793,-16.852463,-1.3119233,-0.13442367,-11.991696,0.013053279,-0.004520152,0.12931208
2025-12-08 07:00:00,31.403427,4.829427,-1.8375934,-14.179176,12.697151,21.281284,1.7462014,0.9481726,-0.95397305,-1.3068643,0.39871582,0.62708825,-17.966915,57.360523,170.56035,-5.451623,2.8835387,10.345206,-16.826078,8.708403,-0.19805098,170.0336,3.333374,0.90645945,2.8677804,0.019775355,-0.001666933,0.058401126
2025-11-20 08:00:00,30.32964,1.6461833,-0.2891804,-1.8121734,11.260172,8.36469,1.038038,-0.4162486,0.29589272,-2.2677984,0.7180211,0.4314182,-4.9873495,-0.34998593,4.585473,-4.486469,-4.303749,-1.6235338,-15.566962,-3.894897,-7.203721,70.39881,-2.7598617,-0.44959083,-0.7052753,0.00996135,-0.002475556,0.092318244
2025-08-01 00:00:00,-61.820633,0.81353086,0.8999469,3.0196242,-22.622171,-50.250015,3.0089312,-0.29182371,-1.4071301,-1.6885213,0.1766457,0.15323257,-12.3744545,-24.816418,-12.310046,14.827486,12.310598,4.5498886,11.814785,8.948945,4.013821,-6.3291764,-3.380921,0.69252217,12.207951,0.003780724,0.020027049,0.23723719
2025-07-17 05:00:00,-7.3784566,1.3626406,1.1704305,1.8547034,3.76049,-13.400085,1.2116151,-0.4983831,0.62118006,2.217267,0.3610867,0.35881546,-6.6249166,-12.112946,-33.35305,-1.3489529,-0.7905765,0.22170109,12.20817,0.84907734,3.9150481,-130.48975,-3.337682,0.8184199,3.0115473,-0.02964738,0.015407834,0.09394336
2025-07-22 12:00:00,13.434331,2.3749826,0.56341153,1.8554084,-33.052265,13.909169,-0.030708225,1.3454401,0.063506,4.733825,0.22017108,0.2658541,-10.80431,-19.299883,-21.45233,11.890359,8.592053,4.504348,18.57659,3.8201058,7.4270897,-7.5727816,8.951747,-0.61041605,7.115037,0.038745467,-0.0065552355,0.4708623
2025-07-02 06:00:00,4.0937715,3.8466098,1.1275147,-3.5079331,11.056818,-14.749901,1.5261335,-0.42219973,0.839216,0.5600358,0.8833164,0.42045167,-8.128819,-13.355363,-27.393911,-1.0706999,0.7553814,3.5421596,12.835429,0.23620956,5.7344127,-72.49929,-1.953601,0.52941525,2.250416,-0.0071611376,0.13820918,0.12950188
2025-07-19 09:00:00,143.38234,-10.7433,0.22329377,3.0475678,85.15266,68.31979,-8.210278,-0.3873846,0.22165173,5.286638,-2.8673286,0.60884345,6.3289313,6.420726,3.4770653,16.980463,7.691953,8.474154,23.828207,0.572981,12.493503,72.05465,-1.3332045,0.5551455,3.8210402,-0.09230505,-0.0035329442,0.055229675
2025-07-19 17:00:00,-15.980819,-4.400949,-0.043830194,2.7737267,-38.162758,-12.649026,-3.2361205,-0.8533541,0.970909,-3.310703,-0.9207251,0.2625534,-20.708023,-36.73263,-29.206694,7.741831,4.0197444,4.2003803,-2.8316422,0.009648139,-1.2298481,-20.767712,2.0292752,0.5620393,-1.6918296,-0.010917116,0.022722641,0.82403
2025-08-03 00:00:00,-74.36435,-0.9000453,1.0224161,2.8956735,-23.094593,-54.80252,2.182105,0.91224235,-1.318244,-0.79117614,-0.39231426,0.14014348,-14.519348,-24.063892,-19.488329,15.563331,10.758113,6.444814,9.509567,4.417515,3.516405,-12.188776,-7.201929,-0.87275136,11.170797,-0.005443589,0.02875249,-2.143748
2025-08-23 10:00:00,66.05718,-2.1796803,0.27445576,-2.6146007,9.493465,57.53373,-0.4706157,-0.6870408,-0.3102654,0.9519188,0.049165368,0.24411693,-3.0276058,-0.4628247,-11.785931,23.145634,7.5774755,5.009923,39.21604,1.682603,14.343053,127.99137,7.215717,1.1055056,6.5013423,0.066351265,-0.0065701134,0.027789256
2025-09-02 19:00:00,1.0333862,-0.13737674,1.3867962,7.3056803,-12.071036,1.259966,-0.45759758,2.298684,0.9229871,-0.44175458,-0.39551607,0.3030889,-9.3307905,-10.998484,-18.581099,4.5443106,1.8053244,3.9504702,-0.7531897,-0.4222923,6.5045133,-13.777348,-0.11695965,0.95650387,3.790722,0.03853323,-0.03044119,0.15025753
2025-12-31 02:00:00,-53.62201,1.5268009,-0.057787456,-2.8948674,-13.261838,-32.87587,0.78702325,-0.31282243,-0.11850082,-2.589577,0.28172684,0.4467873,41.124226,42.69586,3.790566,-18.044697,-6.177397,-12.298791,-3.214425,-11.011488,-3.9327304,-117.2418,-13.127464,-0.22410423,-12.781308,-0.018599484,0.025363628,0.061204776
2026-01-06 12:00:00,7.3887773,1.6893716,-7.2073445,-10.979161,-64.61402,-1.4364649,0.1726012,0.40558875,-0.37877598,-4.8662176,0.32869717,-2.8261952,-13.494715,-26.152248,-40.188114,4.8804703,3.3804274,2.8638802,-17.401686,-25.627943,-9.584792,-27.432129,-6.5987644,-0.25964284,-25.089779,0.09913633,-0.03207696,0.3544414
2025-07-05 11:00:00,30.471596,-2.1536071,0.5618186,-2.5423036,-25.765308,19.271261,-0.22639799,-1.5305495,-0.06458169,5.7201967,0.5908665,0.13171704,-9.127109,-14.832644,-13.288227,17.357649,5.5462317,4.75387,43.580112,2.837914,7.664749,143.94518,7.756831,0.36017835,1.2111292,0.08969521,-0.02117735,0.05697323
2025-10-21 15:00:00,6.9898076,4.377734,-0.20315401,0.8659407,-25.984116,52.563347,1.6104217,0.11519201,-0.18112841,-1.8849764,0.83251375,0.4855718,2.1275187,3.179943,0.14571063,-11.140131,-1.3746308,2.563193,-15.603223,5.4764733,-5.2740846,-5.7672863,6.4791675,0.19360504,5.250181,-0.06339973,-0.0071595134,0.10545036
2025-11-22 13:00:00,-36.57426,-3.6001306,0.07188629,-0.94760716,-71.18574,-25.682823,-2.2482712,-0.46714687,0.59807384,-5.732299,-0.58355045,0.30906054,-3.759783,-3.5920792,-7.313189,-2.367547,-5.6844597,-3.20512,-25.747551,-6.176192,-10.914937,-54.069885,0.62274826,-0.18425596,-5.2128587,0.08826242,0.0063669253,0.10928432
2025-09-08 09:00:00,172.28717,9.401166,0.44564354,0.44763207,97.44228,78.05764,5.6447725,0.9393309,-0.021461077,-0.4057585,1.6319807,0.56295747,5.2766967,4.0874596,2.8327708,6.4837294,6.4844856,6.1259465,20.777426,2.497609,14.327405,128.98788,-0.79965526,2.5418017,5.2423635,-0.043130394,-0.02480936,-0.5144067
2025-08-13 11:00:00,23.339146,-1.4398724,0.30005842,-1.7129229,-29.583261,16.498243,-1.1014242,-1.4450573,-0.26432303,0.2562663,-0.09563289,0.22791636,-8.328456,-9.159067,-14.225907,14.742575,7.1637387,3.722762,27.573885,2.6726694,7.1782484,120.67004,5.726204,1.1239536,4.296473,0.07667348,0.045848362,0.03038874
2025-07-05 02:00:00,-81.24326,-3.3144953,0.61355835,0.26862672,-27.436808,-26.843119,-0.53123015,-1.2232933,0.18821752,2.7442954,-0.3911035,0.1199202,-24.17788,-53.320988,-42.13061,17.130516,5.4202704,4.5151005,18.376518,1.3883176,-1.417284,-131.49237,-10.651749,-0.13260311,3.3119216,0.07654181,0.0036198199,-1.2425963
2025-10-26 18:00:00,1.51844,-0.26667348,-1.1420953,-0.7390571,-2.2748518,3.3209462,-0.40991482,0.58342075,-0.7374661,-0.48785374,-0.5069288,0.37056,2.984069,11.321557,2.0600855,-0.17185792,2.4261024,0.89369166,-9.62436,0.25431225,-1.5438675,76.24066,2.7762964,-0.40037274,2.7995646,0.025290407,0.023475204,0.06645595
2025-10-03 03:00:00,-57.801285,0.23356234,0.915891,1.8403698,16.506449,-32.862297,0.8539533,-0.9026629,-0.046559926,-2.5234632,0.10657734,0.16246781,-4.6208897,-2.0420399,-15.947348,1.7379156,0.27357614,2.38136,-0.60540473,0.5850533,4.7371902,-121.71514,-4.1515803,-0.8628519,6.1180625,0.024250915,-0.0006213641,0.06604246
2025-09-09 12:00:00,9.953104,2.100677,-0.42965296,-3.3877492,-29.310516,17.28293,-0.25820026,1.2558568,-0.30972692,-0.51027316,0.1802747,0.38475105,-7.354836,-17.877106,-20.093884,13.033787,6.7101784,2.7811794,20.802141,2.1115131,6.578865,80.21811,4.9716387,0.8854164,7.127344,0.04184343,-0.08592584,0.12696573
2025-12-10 22:00:00,11.492487,0.91108394,-0.185781,-2.37549,16.166388,-16.226452,0.024901293,-0.61011076,-0.056927565,-9.496099,0.17478766,0.14795214,1.2428803,-1.2607437,-8.202312,-20.515837,-10.422614,-8.115262,-18.632113,-11.534646,-9.454439,-104.20272,-16.494173,-0.46104243,-18.41056,-0.034692224,-0.0053574885,0.080176026
2025-07-19 10:00:00,65.04598,-2.4987268,0.9867404,1.4788525,9.333997,55.540455,-1.1578654,-0.62134737,0.12497097,4.431468,-0.16308051,0.2346129,-2.2739716,2.610773,-4.9703975,19.087812,8.853273,6.0267243,25.080338,1.1431819,13.675719,138.75832,2.3643315,1.7228034,6.382763,0.19224164,0.029842423,0.03915425
2025-08-25 09:00:00,163.19553,9.226623,0.25010452,1.4442241,98.226204,79.23533,5.773194,0.6708244,-0.22981071,0.99297357,1.906089,0.7388527,6.9221873,2.2178051,2.536365,11.06065,6.97182,7.0847526,23.824745,2.9705467,22.679665,105.80489,8.739744,2.278674,5.330036,-0.015794616,-0.025989538,0.042506155
2025-11-19 13:00:00,-37.382717,1.867059,0.038757347,-0.84739774,-76.59873,-27.463415,0.60429305,-0.52648157,0.5533388,-5.6641574,0.2560699,0.39509812,-6.602583,-8.107889,-11.940168,-8.821515,-6.075586,-2.823865,-26.709585,-15.084679,-11.444998,-58.411297,1.4027166,-0.45108292,-7.2388134,-0.16669735,0.0049257213,0.114954725
2025-12-06 21:00:00,-9.731052,-0.08504697,-0.75840765,-3.1047208,-10.526841,-20.654585,1.3321728,-1.0149895,0.6525834,-6.078208,0.35297054,0.08017867,-6.361452,-4.5476017,-10.43455,-21.02994,-9.080451,-10.454956,-23.235697,-7.08737,-10.07708,-102.82904,-14.735422,-0.10991039,-13.873138,-0.0023426185,-0.0053905067,0.0868124
2025-11-11 21:00:00,-22.46255,-0.13645151,-0.77224934,-2.0723917,-23.062729,-26.32551,-1.0155213,1.8471675,-0.68678826,-6.973985,-0.079050384,0.120259844,-1.7909076,-2.871742,-8.036361,-28.473724,-16.913721,-3.4044926,-25.183475,-5.492559,-11.744222,-114.88233,-6.4266167,-0.27133042,-8.31819,0.0063142376,-0.006138654,0.07906402
2025-08-05 13:00:00,-6.353139,2.2249694,0.08915687,1.0001022,-32.772705,6.582844,-0.085064285,2.24699,-0.23086774,2.19622,0.12634973,0.36580423,-5.446,-13.203131,-20.967186,14.990533,8.738885,4.285337,37.0066,0.39058635,10.537584,73.97458,8.337721,0.50167257,8.707168,-0.013743326,0.087710574,0.14564629
2025-09-03 21:00:00,24.853727,-1.2071885,-1.6909088,-1.0688276,7.091106,-8.843796,-1.4332762,-2.5882819,-1.9615488,1.3708208,0.06327181,0.14780776,-7.0427046,-7.38534,-15.091454,-0.46795833,-0.029650237,4.9548273,6.3667946,0.063998185,9.348211,-89.73667,-1.8544866,-0.36723614,6.390645,-0.03161793,0.010264402,0.084259085
2025-09-24 09:00:00,163.95093,5.8557606,0.03124279,-1.152804,94.64101,80.51861,3.8471425,-0.5912662,-0.3437475,-0.68550587,1.2038741,0.57865846,8.195551,5.187384,-2.028903,13.548799,5.8647633,7.1289797,40.765697,-1.5392511,22.01621,94.021034,5.7415385,-0.68112826,6.1813273,-0.14386085,0.0013819945,0.046490096
2025-09-19 16:00:00,-18.922157,0.05866989,0.051203784,-1.6657239,-40.40392,-12.33371,1.4068792,-0.90648806,0.027396077,-2.0295644,0.39555827,0.2826101,-33.242558,-64.41925,-28.746119,12.58593,2.1840906,5.1459017,13.669981,0.41774696,1.779592,-11.710399,0.8096365,0.45801595,1.9637076,0.25275978,0.3944084,0.59091556
2025-07-18 13:00:00,-4.6961727,-0.72054255,-0.29543123,1.8719151,-36.90197,-0.07830841,1.4383323,-1.3906648,0.07825846,5.884946,0.315773,0.26677868,-9.896069,-18.738491,-21.416552,17.265118,10.261649,5.8335457,26.685669,2.0427334,9.151723,0.7952398,0.2401762,0.1343747,8.335884,-0.0018670204,-0.22162049,0.5302156
2025-12-21 16:00:00,9.714929,-12.704931,0.23780495,0.06670334,-19.349533,24.77524,-3.9981868,0.34060502,0.06654427,-4.3570313,-0.7073037,0.29811254,1.4411528,-0.047148444,-13.092274,-2.139245,-2.2792394,-2.5798693,-9.629765,-9.284172,-4.9844475,-86.51353,-6.6960063,-0.030240275,-10.396266,0.0073588397,0.017211398,-1.0944135
2025-11-14 23:00:00,-31.843739,0.20045559,0.1284967,1.3291472,-35.606728,-46.039436,0.66594344,-0.56353134,0.26635867,-5.1172647,0.10684807,0.22428209,10.745771,5.989067,-3.4210148,-21.701027,-12.183698,-11.112091,-14.90609,-6.583989,-8.033022,-87.324814,-8.065226,-0.18368521,-4.4367123,0.0023896354,-0.012096681,0.07592208
2025-09-11 06:00:00,11.440921,3.285744,1.5840156,4.7110915,10.459149,-9.116397,2.0402129,-0.5249221,0.6906323,1.7051654,0.9566028,0.45628837,-2.6118689,-4.942477,-20.841366,3.7275276,1.8743105,-2.8704126,13.859949,0.34195262,5.023058,-72.419586,-0.4765151,-1.2857425,2.181996,0.0026344492,0.11435144,0.11246363
2025-10-17 02:00:00,-43.84256,0.22449993,0.46518221,2.1007738,-6.236555,-25.959076,0.6563063,-0.45951903,0.062233597,-2.5049884,0.19285652,0.2226205,15.487447,15.597497,1.9361396,-13.223688,-5.860276,-9.651267,-2.8291578,3.490451,-2.8598983,-93.02653,-3.528459,0.05552843,6.598582,-0.007331698,-0.023512784,0.04722384
2025-11-21 22:00:00,8.977807,-0.20364983,-0.634703,-1.5026894,9.772894,-13.923519,0.31790295,-0.6644776,-0.042983636,-9.176049,0.23312923,0.17645411,6.402079,2.1746104,-5.631103,-24.839283,-11.915448,-10.953766,-19.411488,-11.366666,-10.013832,-108.07538,-3.2749972,-0.38179207,-6.2480154,-0.026466819,-0.008617881,0.079717875
2025-10-26 14:00:00,35.689053,-11.298669,-0.15746671,0.23433433,14.990022,48.066902,-4.4619007,-0.11495399,0.15632945,-4.401684,-1.0817966,0.43073136,-1.4150333,0.4829778,-2.1071312,-2.434567,-1.258081,-0.74244636,-18.726234,12.945997,-6.5379295,-54.02212,13.865416,0.033591874,8.937718,0.027682466,0.014563552,0.11026839
2025-09-01 19:00:00,2.627274,1.5196291,0.98330986,7.4528413,-12.996098,0.1863292,0.24802019,3.0095532,0.7598869,-0.21985245,-0.34409785,0.37366915,-6.3842044,-5.1408033,-15.767564,8.79996,9.798005,3.7334619,3.9679358,-0.7101929,9.666534,-15.938556,1.7871238,1.2047594,3.5812986,-0.0215938,0.19180945,0.13286896
2025-11-09 01:00:00,-72.33095,-3.261902,0.28717735,1.189805,-28.237015,-46.893055,-0.7875932,0.34785402,0.33794037,-1.8697675,-0.49371952,0.43331036,30.202772,41.762314,13.088776,-17.053768,-9.421158,-8.84015,-7.324872,5.904019,-2.1005342,-63.538437,-4.4725804,0.1634803,-0.5222376,0.016903596,0.019177074,0.057692837
2025-07-23 16:00:00,-18.006893,1.1883392,0.16148822,2.5255759,-39.666412,-11.02702,0.17273809,-1.3138075,0.4048062,3.6772418,0.43897521,0.28015777,-13.453631,-29.257704,-24.669886,11.566305,7.7374773,4.76939,6.6031766,1.0735724,2.9395463,17.723,-0.49900505,-0.2567533,-0.08449068,-0.07200499,0.36986315,0.6951127
2026-01-05 02:00:00,-58.023846,2.9573226,-2.3351786,-5.207622,-15.1289625,-33.394962,0.67021257,0.6177976,0.005097092,-2.5994976,0.29779524,0.45965812,45.721565,44.574116,3.6197765,-17.58598,-9.549987,-13.472676,-4.538688,-10.999908,-3.441979,-121.47169,-13.334278,-0.2041002,-13.625371,0.028782181,0.006004803,0.052439205
2025-09-09 07:00:00,-8.784141,3.6229198,-0.5558615,-0.7640519,3.1684332,-4.825679,0.80154294,0.44130775,0.003097577,-1.2541691,0.6172413,0.55479693,-3.992285,-7.370838,-15.789018,2.3070002,-2.2288039,-1.1338167,16.219065,-2.1876836,4.3708806,62.19527,-3.6274965,2.6128857,-2.7889736,-0.00022277847,0.014866662,-0.7577556
2025-08-06 08:00:00,45.928204,9.181127,0.4179329,3.864753,20.869574,13.327418,4.0020204,-0.5854021,0.039702613,0.66673166,1.4685433,0.6788964,-0.22854188,0.07045877,-5.190691,8.242815,8.329133,4.9517393,14.677239,0.5322968,8.040219,6.1106305,-2.0299141,1.8779966,3.6429055,-0.014276059,0.28153914,0.17780307
2025-06-26 09:00:00,169.48926,6.544871,1.1808673,1.1253995,100.688774,86.13662,4.9053135,-0.29059258,0.3070273,8.557662,1.6094097,0.4196311,6.5153704,2.1433947,-2.2599044,20.327267,8.176748,8.837399,63.64372,2.8571436,28.362032,107.06589,14.878418,-0.0051139155,9.084487,0.19985124,0.025791077,0.06745044
2025-11-13 05:00:00,45.375256,6.5057673,-0.4282971,-8.227,37.13359,10.345716,3.6017044,0.009521863,-0.16013958,-1.5126834,2.0283172,2.1037972,30.56147,99.80884,146.57579,-8.726172,-3.9352627,-1.4921083,-5.346576,3.2171946,-4.691653,77.77457,1.1021662,-0.5369468,-9.53704,0.01513935,-0.0070444555,0.07416455
2025-12-03 07:00:00,43.60827,2.345113,-1.6390823,-9.776257,30.624805,23.32307,0.121816136,-0.20015039,-0.6855566,-0.6482847,0.29014653,0.36730033,-10.520196,8.716296,58.127674,-0.7620433,0.11988363,3.3551676,-10.390231,-9.4829,-2.9824467,151.5935,1.6376086,-1.008229,1.945986,0.0046188887,0.013671979,0.058195632
2026-01-09 06:00:00,73.32723,3.4433856,1.4053898,19.76827,119.38071,27.61405,2.9498968,-0.45207626,-0.12757365,-0.8001999,1.2341729,1.2721504,56.799248,143.70964,258.06433,-0.2674047,-1.8890696,9.162719,14.680747,30.162945,16.411282,283.48938,8.421423,-0.29772818,4.474216,0.007854539,0.0051717153,0.06627132
2025-12-13 21:00:00,-9.182078,-0.33836374,-0.5922336,-2.3503163,-12.057678,-21.093822,1.3046019,-0.9064681,0.503308,-6.2397404,0.35750717,0.07967197,-0.741108,-2.3936665,-8.9480095,-18.500181,-11.479978,-5.4092884,-22.930218,-5.9513435,-9.639668,-107.80971,-14.764185,-0.123418204,-14.0097065,-0.0033589546,-0.0047699152,0.08529304
2025-09-30 19:00:00,6.040499,1.1923659,1.1488281,4.4571037,-20.811232,1.9645946,-0.9008534,3.525649,1.3538432,-0.3865022,-0.33306536,0.22438474,-13.582232,-9.676432,-15.972341,21.816637,9.976199,6.25972,27.063911,0.81423116,7.4380927,-14.526295,0.7209812,-0.7710798,3.8150644,0.0142182475,0.15234427,0.13052876
2025-09-13 23:00:00,2.2996113,-2.0336077,-0.2049867,-3.7281175,-26.283716,-38.55339,0.15103923,-0.9444523,-0.63143396,-0.6428281,-0.2150632,0.163191,-10.512367,-18.450378,-26.691587,21.289902,8.893005,3.9253452,12.904309,0.96639717,6.152596,80.19001,-3.4699724,0.13155936,5.0994296,0.078687765,-0.06591884,0.09077019
2025-07-06 16:00:00,-20.884829,-5.955396,0.3310078,-2.2211988,-28.283813,-16.559692,-1.4000707,0.70039016,0.6429932,3.25793,-0.9404691,-2.142716,-18.716259,-34.1622,-29.765516,12.4665785,3.7958128,3.3789172,23.331186,2.4116745,2.8079975,-13.421449,1.8068916,-0.65021414,1.5419971,-0.027580582,0.19608998,0.61101675
2025-10-01 01:00:00,-121.70094,-0.66873735,1.434155,2.1871402,-44.491932,-59.892002,-1.8275622,-0.7461898,-0.08512864,-2.2564666,0.05177831,0.12863094,-7.6026473,-6.450385,-18.924486,27.712093,8.725474,3.0184255,9.106742,4.5581255,2.1708477,-55.968098,-2.7388453,-0.29435042,9.995781,0.010308668,-0.015287983,0.118589155
2025-12-02 01:00:00,-84.66106,1.838217,-0.26158857,-0.650288,-30.77622,-60.332863,0.31914622,0.34891096,-0.06657788,-2.5526793,0.25302768,0.4301392,37.502995,42.55071,6.529612,-15.634928,-10.172678,-9.751394,-7.503276,-6.2485948,-2.8288372,-58.077774,-12.38827,-0.635801,-19.67024,-0.042864133,0.030954363,0.04654185
2025-08-11 10:00:00,61.67892,2.3784666,0.49376023,0.52996886,4.191456,56.864,1.4359589,0.44466093,0.38363466,1.6895082,0.07456764,0.3352596,-5.135363,-4.063677,-7.19932,4.7722526,0.76047975,4.6017,19.845642,1.0533482,13.051753,141.8891,-7.784898,1.9447773,2.7535226,-0.03898673,-0.008216909,-0.3959438
2026-01-05 22:00:00,24.012989,3.4813683,-4.2898974,-5.573168,22.221928,-7.310195,0.9678227,1.4466441,-0.01695453,-10.443357,0.13709916,0.18469878,-5.47458,-4.072881,-15.962073,-13.553909,-8.494498,-2.1632643,-17.204306,-16.931608,-8.736195,-106.08307,-20.396006,0.3018583,-22.843761,0.006686623,-0.0005041135,0.061396137
2025-11-10 01:00:00,-76.735756,2.8077996,0.32192576,0.91525877,-29.7715,-50.23569,0.7975709,0.77189755,0.41134602,-2.141236,0.2583616,0.5499496,32.18832,43.222046,11.853898,-15.5677805,-10.389184,-8.195216,-9.190601,6.034353,-2.273605,-70.532394,-6.967883,0.18429779,-1.7141855,0.022822838,0.0036022896,0.050481886
2025-12-19 02:00:00,-47.466644,0.56425226,0.13067256,-2.1146214,-13.489198,-32.044167,0.5601934,-0.3075516,-0.02901675,-2.5582721,0.3690771,0.47748536,38.35856,55.402046,10.818879,-13.393769,-6.4120336,-10.010492,-5.394482,-11.448552,-3.930863,-116.97444,-8.631891,0.05725235,-8.788531,0.015086369,0.026734851,0.06345642
2025-07-08 09:00:00,167.40195,7.162169,0.5109066,1.6665401,98.542145,85.67567,3.731708,0.61085165,0.29446113,5.9069223,1.703048,0.5524554,5.4289074,2.3426502,-2.136245,18.773344,9.091661,7.2532926,58.180866,3.9223902,27.218657,118.809555,0.11889292,1.0489343,5.3844776,0.15125404,-0.03687608,0.033396367
2025-08-04 19:00:00,23.259895,1.7259448,1.74026,6.074513,-9.054485,4.6535177,0.15816799,3.7875342,1.3597702,1.8475606,-0.45774752,0.27388075,-10.793134,-17.53707,-26.551037,12.936712,11.072733,4.5465484,20.12363,-2.046836,6.5337996,-41.8308,-0.61926883,-0.6107863,4.279787,0.075360835,-0.04564076,0.50799227
2025-12-27 05:00:00,49.5187,-12.193911,0.41771126,1.9132833,49.11167,11.994112,-8.016323,-0.23477635,-0.014043417,-1.335167,-3.9361267,1.5114126,24.739016,104.01877,172.24039,-10.077423,-5.3521805,-2.2165804,4.8119473,10.6137905,0.53570795,115.69392,2.0952134,0.75009525,1.3107167,0.052783914,0.0011779156,0.05917899
2025-12-07 17:00:00,70.72656,-4.7785954,1.5558113,4.300947,69.87769,64.00892,-1.447776,0.1859802,2.8850691,12.847923,-0.66910154,0.42642233,18.480051,27.60537,9.16708,1.6113948,1.5617301,-1.1443701,-0.4581586,4.880392,2.7603457,-16.678778,6.6878834,-0.064933315,10.792642,0.0048154667,0.008964661,0.15659036
2025-10-02 17:00:00,8.498133,2.2469568,1.2974931,2.362839,-0.50312334,15.165817,0.958366,-0.7506549,0.8492091,0.5486546,0.14617786,-2.963158,5.0142026,6.8294883,-5.853504,13.360857,5.1535854,4.907682,-1.730868,-1.0392554,-0.34580815,-56.45349,2.360008,-0.54598814,-3.624919,-0.15682,0.03738651,0.17170331
2025-10-22 16:00:00,7.714823,1.661662,-0.009989233,1.3341961,-37.98033,19.229313,0.6694836,-0.6399839,-0.5933772,-2.1222565,0.46993843,-3.809493,3.3978555,7.759981,1.5174001,-7.1553144,-4.0400534,2.4100277,-8.419574,5.4598107,-3.088466,-2.6616187,4.8509865,0.24799608,2.6063578,0.0601984,0.066635326,0.11638152
2025-10-29 15:00:00,8.365608,3.3192525,-0.053079844,0.8695832,-23.359987,52.152527,1.5482992,-0.3866843,-0.25914994,-2.968228,0.51259524,0.5885829,-2.9013708,-2.2363937,-9.035206,-2.9674814,-1.3628032,-0.7988336,-20.687342,0.7734317,-7.388802,17.027521,8.025289,-0.045864627,4.842463,0.037753034,0.00054910016,0.08258731
2025-07-07 17:00:00,-23.569597,5.999395,0.05802237,-1.679266,-39.307552,-16.254538,1.785573,1.4176621,0.8520562,-3.7390742,0.44597688,0.3161065,-32.171375,-65.87726,-34.960354,7.7072945,5.087475,2.290114,8.678683,1.6411513,4.38112,-33.98491,-0.12749745,1.3948761,-2.2640386,0.024047662,0.24309352,0.58646727
2026-01-12 14:00:00,25.032366,8.337447,-4.6812634,-12.799569,-2.1990104,30.163084,2.4348645,0.4595251,-0.49274915,-9.245309,0.5256429,0.37894884,-15.389846,-22.953842,-38.922783,-4.904247,-2.831214,0.4370486,-22.2371,-28.495054,-4.6004457,-164.8001,-9.526787,0.009742983,-33.79468,0.016410578,-0.055649355,0.10163304
2025-12-14 04:00:00,19.201015,-14.061994,-0.056471325,-1.9479206,-4.5354576,-14.441125,-4.318057,-0.0184452,0.14452055,-1.4826033,-2.1776195,0.6148297,29.11318,69.47727,112.26867,-10.830231,-5.9962416,-18.411274,-5.7331038,0.8554856,-0.65123016,-85.99147,-4.2739053,0.11605763,-5.782944,-0.010911526,0.054471012,0.07090983
2025-11-08 20:00:00,-34.964172,-1.2957742,-1.7908058,-5.6005287,-35.5696,-25.832806,0.27281463,-1.1941048,-1.3666914,-6.1706004,0.22482124,0.10208473,-2.2274942,-3.3249514,-6.4244413,-15.016941,-7.5967264,-1.9717845,-23.359865,-2.6968496,-8.931612,-39.779057,-4.4557934,-0.2724443,-7.133669,-0.023880873,-0.0144672915,0.10893201
2025-07-07 23:00:00,-5.6852126,1.9202007,-0.20420796,-5.9969096,-30.584824,-41.453568,1.2591287,2.3594968,-0.35228112,4.4707174,0.02993036,0.12946205,-10.430787,-24.34183,-23.672445,30.843475,16.196217,5.5706115,25.768385,2.9389045,8.98988,89.17423,-5.0334263,1.1260034,5.1300106,-0.0680072,-0.086015746,0.037102494
2025-08-05 17:00:00,-20.946709,2.3429615,0.042588603,2.6333377,-44.270245,-12.953322,0.9004821,0.7220099,0.6500797,-4.2677593,0.38927194,0.33388263,-24.16176,-52.223145,-38.002106,7.6490526,4.225801,3.0951667,4.304122,-2.27718,-1.4869177,-31.838512,1.1008795,0.2805613,-1.9228312,0.037604988,-0.08441162,0.7003468
2025-12-01 14:00:00,23.79953,9.85545,0.18506339,-0.30888245,-5.543876,29.61589,3.4098208,0.8182626,-0.122382596,-7.757893,0.71821696,0.57926244,1.6221733,-3.643343,-8.651193,-12.818898,-6.1900673,-2.8859642,-26.990345,-12.537572,-12.249241,-115.4847,-4.5493665,-0.38525903,-24.535273,0.034835797,-0.019510163,0.087031946
2025-09-26 14:00:00,78.26299,2.3572302,-0.96036685,-2.2581084,54.30645,70.42473,2.2719467,0.330286,-0.3571628,0.23417377,0.76830536,0.3883105,-2.8616178,-11.042897,-12.167504,22.272743,7.3365264,7.965082,37.112507,1.555957,10.975878,5.0052342,2.7406845,-1.7392107,13.223423,0.08042826,0.028077343,0.57848287
2025-10-31 03:00:00,-37.84923,0.5534924,0.12724066,0.3541269,20.141174,-32.693203,0.55900186,-0.43232352,-0.14343722,-2.0081275,0.37641907,0.50298417,24.826803,26.792686,6.470125,-17.697285,-7.241975,-9.664341,-4.440395,0.38916224,-3.7112625,-59.58605,-1.8632864,-0.12597264,3.5570474,-0.0023417985,-0.0012853736,0.092077024
2025-12-08 12:00:00,5.9650183,3.3636944,0.19474727,0.7509935,-57.7391,-3.4435952,1.4347938,1.1362528,0.0285639,-4.4554896,0.3568046,0.43239143,-6.2123146,-7.36267,-12.371201,-0.8782932,-0.97797716,1.0505855,-21.284143,-20.887243,-8.979339,-13.41445,-4.060727,-0.57088506,-21.713549,0.05917007,-0.029337024,0.076082475
2025-09-23 07:00:00,6.0398545,6.88213,-0.78729653,-0.09908702,5.9040594,0.57202244,1.5668063,0.6357145,-0.2359456,-1.4760686,0.6401115,0.5439231,-4.380568,-5.4854455,-16.80883,6.108098,3.789187,3.5728965,22.734676,0.90033615,4.644303,-8.327545,-2.7805388,1.5238798,-0.81910276,-0.0011469851,-0.07510331,-1.6706907
2025-11-21 11:00:00,19.947306,-0.014747777,-0.66920257,0.27516094,-31.23506,3.5524373,1.3827336,-0.7747375,0.66433007,-5.5727005,0.25751433,0.41356453,-4.8398266,-7.029002,-10.5374155,-1.7064255,0.5209399,1.9000992,-27.086264,-8.233785,-10.557567,44.306427,0.33387896,-0.39003325,-5.522975,0.01807475,-0.00053012394,0.07036306
2025-12-03 01:00:00,-78.94951,0.9694264,-0.08974805,-1.0494304,-31.179783,-68.0012,0.16075158,-0.18762282,-0.013267334,-2.2526805,0.10049552,0.35059756,35.5916,27.254908,5.3838153,-16.201893,-11.766432,-9.898066,-7.156118,-12.209423,-2.7955873,-42.010654,-15.042814,-0.9184772,-21.844503,0.017198803,-0.18329683,0.051626474
2025-12-29 09:00:00,164.85544,4.532665,0.6656531,2.259355,82.00125,73.76846,2.3472114,0.7841134,0.4212374,-4.8339586,0.6232786,0.47512516,-4.0624194,-5.439294,1.5483083,7.702993,2.782793,6.6124153,-24.317987,-10.043902,-10.578762,119.25745,-4.649,-0.69153094,-14.015763,-0.08579927,-0.0051614563,0.041480068
2025-09-05 19:00:00,-8.039424,-2.7988956,0.5636355,4.0266094,-29.406359,-6.6345625,-0.3426233,-2.1896393,0.2924338,-0.8372771,-0.27375564,-2.342223,-7.2782445,-8.344825,-23.837633,12.218729,1.1940684,4.70887,5.2468953,0.38463098,6.314205,69.03585,3.0867257,1.5389229,3.153222,-0.06920798,-0.0274562,0.11682595
2026-01-07 07:00:00,73.11007,2.8660183,5.7070084,26.715704,46.221767,38.722515,0.74120516,-0.31908455,0.15960635,0.07463109,0.38254333,0.5582905,9.009814,82.61201,120.85902,15.900504,11.359262,11.90532,22.731146,47.74241,18.458652,215.96733,9.428686,-0.61635804,14.440176,-0.020942809,0.004476822,0.076559365
2025-12-18 15:00:00,22.197649,3.6958015,-0.1510772,-1.1584861,-26.243208,54.066967,2.615317,-0.12910278,0.17622241,-2.2387717,0.51012015,0.49498096,-4.2021613,-5.180989,-16.261946,-2.9537504,-4.183709,-1.6019177,-14.760499,-11.177006,-8.363102,-32.472992,-3.3737442,0.29534218,-18.554873,-0.010097985,0.0063962233,0.13689162
2025-10-01 17:00:00,-8.141896,1.6481328,0.7822195,3.5891654,-32.004414,-6.975782,0.580391,-0.9885006,0.5640686,0.89658695,0.37108895,0.33279192,-20.654009,-36.843266,-28.687227,6.609308,3.813538,5.404456,-4.3897552,-1.2265337,-2.1159384,-5.5482826,2.1215553,0.49739912,-2.1321979,0.010135531,-0.013496018,0.82855934
2025-10-13 03:00:00,-39.062084,3.403109,0.14201032,0.28801486,20.557764,-31.691532,0.9536395,1.0421654,-0.22148094,-2.0793943,0.36897036,0.47781506,21.664959,17.137918,5.147212,-16.827913,-8.442904,0.2798664,-8.124355,4.2718086,-2.4103665,-62.373497,-3.1946437,-0.087550506,4.5683002,0.0064927214,-0.014551442,0.06637336
2025-11-01 03:00:00,-35.241306,-2.96906,0.14635777,0.77274674,20.15389,-29.01998,-1.4375291,-0.2237514,0.06368602,-2.072602,-0.512096,0.32339463,24.025393,17.945627,3.1567905,-16.399435,-7.9777217,-10.940024,-3.7733839,-3.1710033,-3.5250077,-60.148052,-9.346182,-0.15359159,4.275762,-0.0058850935,-0.000884291,0.07414722
2025-07-02 20:00:00,43.36839,-1.9099048,0.2538032,3.6125073,10.621577,9.050661,-2.6005006,-4.09837,-0.18552847,8.037897,-0.031231727,0.11595071,-10.270409,-19.02478,-18.47851,21.987839,11.2940855,7.1962037,41.42248,7.0313606,9.04561,-41.655552,-0.72872376,-0.0075084902,5.629535,0.0077023413,0.043784805,0.24355794
2025-12-13 18:00:00,-0.36835903,-2.2804017,-5.1046686,-8.42217,3.3471575,5.7350526,-1.4889381,-0.43522534,-2.6144965,-4.123071,-0.58598506,0.27973238,-0.46896124,11.903695,0.13284755,0.26403895,-2.9466853,-0.06983755,-13.839337,-3.3615143,-3.814601,74.71908,0.30709064,-0.2314055,-4.6584587,0.02069815,-0.02052994,0.040475897
2025-08-07 02:00:00,-76.895325,0.059620302,0.70121014,2.697512,-26.600737,-28.44298,0.4406308,-1.0381429,-0.057254057,0.977522,0.13268954,0.1338414,-18.181034,-39.88679,-41.56261,2.5129328,0.7255671,2.012694,10.3199625,-1.0195142,3.7643428,-142.6139,-5.936184,1.3563515,6.0317035,-0.026978387,-0.10418862,0.1472757
2025-10-11 18:00:00,1.7953621,-2.361722,1.1023917,0.6877357,-5.1351047,2.882494,-1.6069666,-0.5926329,0.13114381,0.18143728,-0.37806574,0.42516956,2.2576125,3.6363628,-4.324847,3.1124797,3.1167686,4.7889934,-7.8887005,0.6570846,1.7774074,60.078472,2.163871,-0.41759336,3.2785408,0.049270466,-0.018745035,0.07084018
2025-11-13 18:00:00,-2.1030443,0.30412117,-4.3582945,-6.79252,-0.4163337,4.190119,0.27363282,-0.49591517,-2.2938936,-2.964511,0.29383153,0.3270687,-1.6228836,6.4740596,0.10416515,-1.9411663,-2.1574876,1.5439135,-14.697308,-3.1693823,-7.2886086,75.922615,-0.1860497,-0.46545506,0.08029945,0.020333702,-0.005539685,0.049784184
2025-09-21 00:00:00,-66.102585,-0.7507022,0.7276672,0.71303964,-22.001764,-49.146446,2.896662,1.4163597,-2.7287743,-1.6957617,-0.38963458,0.15188435,-19.835686,-31.272184,-25.91597,27.032114,6.8268075,5.572928,16.212463,8.35101,2.7753663,-11.218196,-1.08605,1.0814403,12.385909,-0.07197529,-0.029338649,0.15207246
2026-01-02 20:00:00,-5.907541,-1.9647447,-2.2471492,-0.08885118,-19.737734,-10.200037,-0.13268639,-1.9460164,0.64543974,-6.3372846,0.00884027,0.14482604,-8.971641,-11.869833,-17.850098,-5.880355,0.8558289,-1.6101497,-14.462246,-6.5556,-7.6231165,-44.24794,-17.981564,-0.14111002,-15.2792635,0.011714005,0.0062798383,0.07815262
2025-08-06 22:00:00,50.210457,-0.49133706,-1.583185,-8.428821,44.813934,1.3230256,-1.5237702,-2.026681,-1.7014135,0.651402,0.16185726,0.12921347,-6.5177703,-16.739697,-25.139599,21.844841,16.451889,8.274786,29.856771,0.40726823,10.4633045,103.01135,-5.8304873,0.31260207,4.7861156,-0.08486171,0.09415352,0.06977897
2025-11-23 11:00:00,21.8885,-1.514555,-0.6977703,-0.2918995,-27.646885,5.7010555,-0.70228386,0.8252533,0.38973373,-5.6495385,-0.3523615,0.42651272,-4.4869204,-3.9075153,0.8208741,-2.2795334,1.4219403,-0.037543535,-31.098436,-5.4711714,-10.613529,60.671173,3.2025437,-0.46856678,-4.8670125,0.0068637435,0.02206239,0.036188304
2025-09-08 00:00:00,-54.640118,1.2208107,1.2332662,2.8564677,-23.404919,-52.372665,1.9051607,1.3144504,-1.4869148,-2.691613,0.10276951,0.251676,-3.8577332,-3.8588417,-16.276766,14.789323,4.493666,4.8835526,0.13209498,12.181763,2.9450974,-11.732168,0.2263784,-1.2878039,12.759112,0.088079035,0.2193857,0.091778465
2025-12-07 15:00:00,10.580156,-18.964108,0.2761837,-0.032239083,-19.7636,30.639523,-6.0373096,-0.16274998,0.14131719,-5.2027817,-2.0390456,0.33100244,-0.19808578,-1.6213018,-13.314434,-21.416323,-4.430694,-4.200074,-17.42707,-12.289596,-7.2971854,-105.330894,-3.3438365,0.13272415,-15.756668,0.017203052,0.011261323,0.09248501
2025-10-06 22:00:00,48.646572,2.1595948,-2.0040538,-3.8103368,44.807304,-5.684287,0.7015698,2.143817,-0.5207615,-9.719395,0.16047388,0.17936334,-1.2107959,3.7863178,-5.9755692,24.630384,10.696194,8.744469,5.0775976,0.89532703,5.786686,-109.6285,-2.310183,-0.90084344,9.194205,-0.12311158,-0.0061870646,0.066182494
2025-09-28 20:00:00,24.661152,11.457435,-2.0321925,-11.938311,-18.166698,3.0764952,3.7301977,5.176188,-1.0814135,-4.828933,0.78726184,0.20431966,-5.70486,-12.234454,-16.479443,22.545776,14.382003,6.642453,38.272625,-0.14306739,12.931709,58.847927,0.5800174,0.8753888,3.910956,-0.08536858,-0.0031930616,0.09108055
2025-10-26 04:00:00,10.506449,-9.007219,0.043689564,-0.2761223,18.023329,-17.655874,-2.9055614,0.15995684,-0.32923493,-1.1946279,-2.0474765,0.60817647,24.973185,40.396843,8.898057,-14.122979,-7.5091305,-6.68013,-2.888628,1.3332764,-1.996482,-32.27942,-5.8764052,-0.059445806,1.6250845,-0.007863767,-0.0027164158,0.07634262
2025-08-05 07:00:00,-6.520539,4.940416,-0.5342855,1.4993492,6.137913,-6.1699467,1.6500242,0.44102037,-0.20873919,-0.17496504,0.5680491,0.6412429,-1.5061156,-5.976471,-19.22731,7.7192025,0.29019967,6.5369816,20.614193,-1.658759,4.160746,46.548256,-0.038925853,1.6593493,-0.74738616,-0.0063238563,0.015600622,0.10430717
2025-11-21 23:00:00,-34.96916,0.24539104,0.17791615,1.0159056,-39.226814,-48.0328,0.6552622,-0.5678283,0.14026155,-5.1487374,0.118667364,0.21478555,9.866498,5.3239503,-5.6425085,-22.32001,-12.163849,-11.780646,-15.008923,-16.364855,-7.7152553,-91.24309,-8.538455,0.010366009,-4.8757863,0.002614996,-0.012293323,0.07690626
2025-11-09 04:00:00,17.356884,-14.223978,-0.2379591,-3.9529977,5.5577025,-13.002773,-4.1959085,0.010159087,-0.26761314,-1.2979642,-2.270205,0.90014416,27.182568,64.73025,114.074165,-13.452749,-6.0247035,-2.6436725,-7.8512387,-4.0649242,-0.36418626,-23.492859,-1.1084372,0.15505998,-3.297573,0.004123548,-0.017052483,0.11961591
2025-08-24 09:00:00,135.35736,-21.29949,-0.06414868,1.6808445,77.484436,61.68801,-12.604342,0.20556137,-0.05259435,0.989334,-3.7504973,0.53314614,5.0444317,6.897983,0.57316124,16.187202,6.9053025,2.7740362,19.561396,1.3403323,13.321134,72.39722,2.1153066,0.56681675,4.4794374,0.14253479,0.02090579,0.0866716
2025-09-01 12:00:00,12.28973,2.601387,0.118430905,0.90305096,-34.9504,16.991398,1.4711583,1.4089074,-0.19997202,-0.24136491,0.24611326,0.30972168,-6.551408,-9.037879,-18.687477,6.845688,6.8137426,3.093662,3.0666993,5.418431,8.323445,17.634357,9.365305,-0.69635344,5.405846,0.028252738,-0.019635946,0.12487173
2025-07-05 03:00:00,-65.540565,-3.8365898,1.1435475,1.8906732,0.7592762,-25.950666,-1.5240428,-1.1122209,0.40404224,3.510416,-0.39039242,0.14346293,-18.460314,-39.92482,-42.713383,8.817401,4.613345,1.3926424,17.314568,2.6905258,1.5440048,-156.69206,-4.0087166,0.46497858,5.3536897,-0.01761532,0.013821752,0.16048808
2025-11-20 22:00:00,8.601552,0.62678295,-0.52821696,-1.607247,11.191971,-15.73194,0.45730743,-0.5840783,0.116100095,-8.932991,0.24264659,0.18705274,7.4976835,2.465218,-5.653254,-22.575659,-11.973718,-11.224711,-20.381556,-4.731878,-10.002811,-105.81979,-5.979679,-0.014974967,-5.633784,-0.025586285,-0.006840809,0.080622636
2025-08-26 18:00:00,-18.148836,0.84254414,1.3277168,2.3616638,-41.070107,-15.524156,0.27841163,0.4617971,0.91776425,-2.468625,0.22062175,0.27570882,-9.897416,-25.234947,-25.74471,8.535621,4.461173,3.3107483,-0.39392683,-0.4580273,0.9025879,-45.30032,0.42662024,0.6915557,1.8040257,0.03241138,-0.040352207,0.5663234
2025-08-28 22:00:00,51.375946,-0.425359,-0.8000365,-3.9121132,48.677013,-3.8203485,0.24820156,-1.4276139,-0.93650824,3.1134906,0.12161763,0.22594503,-4.4805527,-17.381124,-25.365164,16.744593,10.637198,8.93967,18.070711,2.7927072,8.608962,63.151226,-2.7309053,1.0422535,4.0732913,-0.08833336,-0.025175838,0.17023881
2025-08-24 04:00:00,-34.276352,-3.939931,0.8936494,1.265373,-7.7107887,-24.974321,-1.8739591,1.2501788,0.11075167,1.7199749,-0.43895218,0.1750266,-4.767819,-5.5022564,-22.971828,8.49679,1.8630282,0.31410125,7.3217688,2.723057,2.5261104,-127.71799,-5.1607146,0.66550547,3.2741272,-0.020685954,0.018109497,-0.67964405
2025-07-07 09:00:00,171.50238,13.111192,0.3952119,1.3080094,88.16238,91.07515,5.4026113,-0.11868689,-0.029657058,4.2732596,1.8992456,0.66598594,6.5375495,4.670039,-0.49921787,11.723118,5.855668,8.234996,47.346138,1.1972893,19.955254,37.16753,9.797008,1.152829,-0.48797777,-0.049963936,0.0023772814,0.047436725
2025-11-15 19:00:00,-30.65713,-3.0789175,-4.7149186,-10.900719,-9.769728,-13.300294,-1.1718826,-0.7077663,-2.2856908,-7.1915545,-0.32896763,0.35237432,0.0032922924,2.039254,-3.3116055,-4.7573357,-3.0986433,-2.44822,-21.440552,-2.9936576,-9.896333,17.258642,-2.3632772,-0.4078034,-5.255666,0.015725724,-0.04626956,0.07381757
2025-08-28 12:00:00,6.9779115,-0.13208938,-0.08379726,0.54773873,-31.881126,15.641851,0.8441738,-1.0521135,-0.002025369,1.2076218,0.26917353,0.31822196,-7.2246094,-17.493773,-22.44736,10.326268,9.125619,4.345479,14.323792,5.1165276,6.8700085,69.309105,5.6425295,0.39339355,-7.534211,0.012561299,0.1029411,0.26122433
2025-07-26 05:00:00,-18.688343,-5.8696685,0.78276634,2.5334828,-2.0234451,-13.947256,-2.5647717,-0.6738835,0.4719789,2.8131394,-1.1121324,0.26088157,-13.651506,-30.095064,-43.757915,4.4218926,-0.11206903,-2.5476768,14.997663,-5.196779,2.1496544,-139.1534,-3.4953067,0.23763764,1.583461,0.03041343,0.077195995,0.1672912
2025-09-19 10:00:00,63.87745,0.13135059,-0.32898557,-5.7119412,4.9059496,59.51791,1.1304632,-0.21089831,-0.2871752,-1.236381,0.030662196,0.2581754,-6.801677,-3.9481966,-13.34883,18.111336,7.546552,4.9748564,34.590645,-1.061867,14.117349,138.12828,1.9558054,1.6243738,2.910845,-0.01350124,0.009112444,-0.45761293
2025-07-23 21:00:00,56.79958,-1.27953,0.23472627,0.75087863,31.071499,19.423357,-1.9978664,-4.5849237,0.06163928,6.0404053,0.14388132,0.13225682,-5.067962,-13.582281,-14.034957,26.45115,14.778101,7.4051495,21.796957,-2.3582404,9.523627,-0.9592869,-3.978053,-0.614221,-10.444458,-0.04338261,0.009469446,-3.093739
2026-01-10 15:00:00,16.20717,-5.776402,-4.0236077,-5.2936215,-11.743512,35.963104,-4.9144945,-0.28309032,-0.13875356,-5.748926,-1.2660062,0.30636394,-2.2266335,-8.822802,-31.96219,7.7496533,-1.0904591,1.3807983,-6.1032534,-11.728568,-5.7272105,-107.53105,-3.4444184,-0.083327875,-17.615345,-0.016508311,-0.02293166,0.14612815
2025-08-24 14:00:00,62.538677,-13.764176,-0.60525835,-0.5362259,46.823788,54.205982,-6.3102636,-0.24041808,-0.38469926,1.9446386,-1.9572604,0.30548295,-2.4252396,-3.9236672,-13.902061,25.461897,7.7482667,4.421631,14.527967,2.8059788,9.292042,-1.1284136,8.008982,-0.77797496,11.427326,0.0949132,0.03533525,0.20883363
2025-11-16 19:00:00,-28.684267,0.8954373,-4.6079316,-10.799811,-5.455303,-10.052816,-0.506589,0.83496207,-2.1827862,-7.7091384,-0.24812135,0.5332363,6.020477,7.734835,-2.534779,-10.302318,-3.4250956,-2.6889744,-25.823883,-2.8493066,-9.799334,26.101158,-2.1564195,-0.24994814,-4.682323,-0.02452644,-0.0378,0.06256341
2025-08-04 18:00:00,-23.495062,3.5852356,1.0059248,1.460934,-48.159985,-23.827993,0.7281761,1.6533215,1.0868051,-2.1739445,0.32063937,0.33640617,-22.747137,-42.795372,-38.658375,6.6373057,4.7980957,5.4488893,7.330732,-0.6688036,0.5978624,-76.77141,-1.6837958,0.6167836,1.0935568,0.014934113,0.09599611,0.60442674
2025-12-30 23:00:00,-22.716314,0.3143285,0.35541728,-1.7901597,-56.53052,-87.80911,-0.2920653,0.4392377,-0.08125064,-6.2111335,0.13853432,0.11004885,-12.537087,-6.4214745,-15.016827,-23.265806,-14.58983,-13.610597,-15.701202,-45.742577,-8.608128,-78.59002,-28.2755,-0.29009247,-50.944664,-0.0033054664,0.004967611,0.058702197
2025-07-04 12:00:00,11.429267,-0.7985231,-0.6255032,-5.691144,-28.948944,21.559074,1.3281263,-2.2740395,0.6047077,4.3161693,0.16782276,0.25075772,-11.007092,-27.313864,-22.913473,17.724974,5.3385963,5.19345,54.54814,3.958059,10.360841,101.41789,-2.1848738,1.2417305,7.705358,0.06681481,0.03164993,0.17086351
2025-10-12 19:00:00,-22.553772,4.778273,-3.4727015,-3.825072,-15.885348,-6.7053785,0.75645375,0.9547077,-2.1731005,-8.960497,-0.034283385,0.3082476,-3.2455504,-2.2190022,-10.647951,-2.468388,-0.2507898,3.2856433,-23.825544,0.7744031,-6.225005,53.999485,1.3256737,-0.5419662,2.526504,-0.0495287,-0.041887254,0.0542438
2026-01-12 08:00:00,62.569836,3.2661123,-0.52751136,16.249775,31.565851,22.16087,2.8008518,1.1407586,0.31228724,-2.3098226,0.52871305,0.3205529,-15.555178,-9.808991,6.61368,8.615538,13.538709,4.401131,-1.9602976,11.526527,0.42330927,161.53963,2.5669537,-0.13008355,3.1297228,-0.031508055,-0.0048110243,0.07288619
2025-10-08 16:00:00,-9.598834,1.3717606,-0.4177793,-0.4601007,-48.63095,8.225388,0.7512287,-0.7124475,-0.17243545,-3.134996,0.32330513,0.49578896,-1.4218639,-0.32876745,-9.479261,5.768116,3.2183707,3.4144166,-11.370498,-0.41778225,2.488363,41.04215,2.9754639,-0.5200435,1.6572092,0.00964635,-0.054906644,0.06477335
2025-09-12 13:00:00,-7.60977,-0.81215423,-0.43681145,-5.4909096,-33.594868,3.2290835,1.4121286,-1.9459652,-0.29049444,-0.3359485,0.20668925,0.3075886,-5.5430264,-15.698233,-21.571718,15.310593,7.8131785,2.4966316,31.18453,3.6210988,8.787857,87.33717,10.231823,0.057744168,8.070687,0.019451728,0.05738615,0.18541822
2025-09-10 19:00:00,25.882206,-2.3972306,1.9087702,11.422148,11.227011,10.140045,-1.309566,-3.0246348,1.2918243,4.056913,-0.45137277,0.22803782,-11.933598,-23.544983,-22.685564,16.762936,7.702366,0.25517195,16.104904,-0.21558027,6.490706,-62.45171,4.907486,0.41273382,6.833665,-0.020476963,0.032604363,0.36792144
2026-01-06 08:00:00,60.87069,2.4066625,-0.66449064,20.832695,33.806263,18.185938,0.5544543,0.6287374,0.43887335,-2.0269415,0.41298077,-2.8066761,-12.745173,1.4886836,9.281699,15.259289,0.021851491,3.404202,-1.6694925,15.374185,-1.8897054,159.18547,0.14725497,-0.58188343,0.14115584,0.03348915,-9.6001226e-05,0.08072084
2025-07-06 15:00:00,-19.111525,-9.283814,-0.40823922,-5.0833197,-4.146752,26.015497,-2.669144,0.57083315,0.2985868,2.7320788,-1.3679496,-2.0883377,-14.0367775,-27.670918,-18.692665,30.193455,12.784528,5.893457,32.060146,3.381084,5.4317627,3.7496731,2.6000574,-0.03911774,4.0976744,0.053009935,0.10198339,0.42034638
2025-11-25 12:00:00,2.798625,1.7186291,0.3155615,1.1154381,-49.732403,-7.579779,0.025458856,0.32907575,1.2436339,-4.3570223,0.30569342,0.37901255,-4.516112,-5.3820815,-10.584372,-2.2687235,-0.012915615,0.9554798,-21.4363,-18.352966,-10.218831,-5.0513787,-0.80035114,0.11566751,-7.5879364,-0.047227584,-0.015548397,0.067540675
2025-09-08 07:00:00,-9.611441,4.7569904,-1.0575837,-1.4628212,-2.6811368,-6.8906007,2.8208122,0.9962562,0.021617565,-1.8082473,0.77730143,0.58501786,-3.9283078,-4.382823,-7.9864135,-3.6889298,-3.3658705,1.5944065,4.2158947,-1.97092,3.5655518,72.60711,-5.478157,2.1338418,-3.9647732,-0.030328605,-0.011941411,0.061398473
2026-01-06 07:00:00,55.173176,4.0353637,7.149398,33.80498,33.728127,32.27242,1.3356246,0.34092546,-0.09426618,-0.74429905,0.41389516,-5.7930026,7.6710443,89.86975,228.67197,12.213121,3.2971163,16.154093,32.34918,63.639744,21.223055,231.64192,-1.5764148,1.9579363,10.510956,0.02623596,0.001537269,0.059373893
2025-12-15 23:00:00,-35.67034,1.7059999,-0.013900748,-1.3024156,-43.085583,-62.3436,0.75576216,0.8620819,-0.1320452,-6.110928,0.20034505,0.15932466,4.5941014,-0.29213798,-10.710479,-22.932621,-13.803765,-12.3396845,-17.515135,-27.13951,-8.531162,-88.43068,-22.664738,0.06269824,-26.43665,-0.035641305,-0.015196054,0.049745735
2025-08-04 12:00:00,9.915637,3.919464,-0.0050914977,-0.16970533,-28.242125,19.530579,1.9385997,2.7997193,-0.2655322,1.6657227,0.14314012,0.44602045,-7.5386043,-14.595927,-19.592924,9.390234,8.280947,3.803265,23.658438,3.1299462,10.27724,80.98203,11.962157,-0.03874417,7.270353,0.05515381,-0.003378866,0.100628264
2025-09-25 15:00:00,-22.576681,1.3224504,-0.80168265,-4.513109,-15.835989,25.25822,1.356933,-1.7197801,-0.3641487,-0.2942345,0.4259766,0.22767399,-13.460031,-20.102758,-24.310379,17.791368,6.562784,3.7536614,20.676294,-1.0349462,4.4371734,97.203964,1.3329227,-1.2849061,3.0921876,-0.07829066,0.014903285,0.14595267
2025-08-15 10:00:00,78.0007,2.1735525,0.72703034,1.3035402,-10.356385,67.054085,1.7786815,0.09026951,-0.34107214,1.0406488,0.34687278,0.55793685,-2.6209195,3.7581923,2.3369393,12.223302,7.1132946,4.4884505,17.763037,2.781708,9.753558,-3.4892035,4.62096,1.2142488,5.0365295,0.016371885,-0.0011187927,0.11539983
2025-07-07 13:00:00,-10.328612,6.760252,-0.057441376,-2.167342,-37.540066,2.5157363,1.6746513,4.4806457,-0.19678976,6.5930223,0.03532144,0.27619967,-5.9218993,-15.275191,-20.543873,18.737839,6.561911,6.096502,43.39747,0.23958735,18.032242,78.84877,4.341494,1.7288164,9.8083935,0.027946467,0.025282722,-1.3340064
2025-07-24 22:00:00,53.799866,-0.72380495,-1.6282248,-7.0478196,50.94708,3.7584677,0.1767889,-1.9268829,-1.1416785,7.724437,0.16645028,0.11913635,-10.944397,-30.316025,-28.54026,18.62832,11.408931,7.198292,28.323574,-4.7498374,10.046419,115.36617,-2.8283448,-0.15213469,4.1221666,-0.1323396,-0.0040862095,0.08060741
2025-08-30 21:00:00,66.20652,-4.322157,-0.34885976,-1.424752,36.048344,18.89478,0.18419379,-3.303799,-0.55015695,1.119234,-0.29979825,0.13547279,-3.599033,-15.308844,-12.554134,19.310677,15.796691,5.8916593,19.776096,1.2506434,10.050619,-10.466539,2.2358575,0.34582537,6.6917205,-0.13152105,-0.0005466551,0.3592652
2025-10-10 09:00:00,159.82033,4.365426,0.4230786,1.0120604,91.49678,73.77183,4.2157807,-0.12578337,-0.125817,-5.081729,1.0080111,0.5794592,1.6863201,7.694169,5.8160095,0.65793616,1.8734,6.106374,-6.255568,-2.3923817,10.195825,108.9205,4.9203477,0.10336758,5.1071234,-0.03247724,0.0011805401,0.058978617
2026-01-09 03:00:00,-45.731068,0.6748094,-2.123495,-3.2572696,19.753849,-34.28364,0.39834565,-0.20279293,0.15776567,-1.8428522,0.3639322,0.49877068,41.573673,59.659122,9.585646,-15.46942,-5.6097665,-13.735944,-3.314451,-8.43939,-2.1230073,-119.13481,-11.022512,0.4303236,-9.880901,0.005050596,0.011543427,0.07914688
2026-01-02 07:00:00,53.023933,1.1113553,6.4405127,32.26603,41.1687,33.597507,2.265558,-0.37852392,-0.12125989,-0.9881513,0.5924957,0.73241216,13.376612,110.570564,223.2888,11.730938,14.097661,18.756813,30.55866,57.57699,11.505831,243.00824,7.0000005,0.8892261,8.470532,0.003941238,0.0022897213,0.07520325
2025-10-19 15:00:00,4.892659,-11.729778,0.08310957,0.46889186,-22.597473,41.57966,-3.989692,0.2374288,-0.114750996,-2.2025833,-1.2447698,0.4297542,0.5076215,0.46563226,-6.1958337,2.8955774,3.2885005,-0.47328377,-9.402984,5.863549,-3.839339,-24.472528,4.090143,0.2132911,6.185678,-0.07603971,0.0063176546,0.11557859
2025-12-17 15:00:00,23.516262,4.057625,-0.13155332,-1.1949879,-19.947563,56.755863,2.4684498,-0.22636555,0.23418252,-2.7472029,0.49076927,0.48352024,-3.408048,-6.151905,-15.852864,-8.0121565,-3.8645287,-0.026846666,-15.105952,-12.473031,-7.6585255,-53.698124,-3.9048295,0.29231644,-16.373693,-0.003320598,0.013333644,0.11019622
2025-11-16 11:00:00,21.554882,-1.5350262,-0.92735094,-0.09474534,-28.170816,5.987103,-0.6920625,0.6372007,0.3293553,-5.4079933,-0.4386494,0.40380266,-3.101822,-1.3850164,2.6252632,-2.3844404,0.8895714,-0.008566408,-31.236925,-3.8646686,-10.936449,64.257515,0.10358636,-0.3660252,-4.972372,0.03179412,0.015321332,0.03166547
2025-09-14 15:00:00,-29.331017,-6.234242,-0.5870549,-2.6588387,-11.292567,20.110918,-3.443592,1.2788811,0.02132254,0.023711104,-1.5167358,0.23837404,-9.299359,-13.585534,-23.899496,15.235358,5.0709887,2.907087,14.904423,1.2814339,5.9337826,80.9374,3.1233053,-0.6146975,5.042569,-0.0567633,0.02683442,-0.3871468
2025-11-18 11:00:00,27.321383,1.9404745,-0.36215958,0.54700667,-34.301304,1.0874611,0.16014127,0.51903886,0.54692554,-4.955567,0.28870264,0.46533033,-4.64287,-1.6185293,-1.0050198,-1.7002616,-1.654206,0.2947693,-23.576132,-3.1884174,-9.750563,6.742022,3.961605,-0.371724,-4.88002,-0.012222633,-0.011493024,0.070748985
2026-01-04 11:00:00,30.512585,0.8225901,-2.8423326,-0.6255631,-38.473034,10.245261,-0.28654495,1.0162095,0.1858037,-6.933876,-0.26476815,0.2995446,-9.428725,-13.799348,-18.644695,10.702019,10.164238,4.847572,-24.293327,-8.859091,-10.615328,95.89744,-4.9242287,-0.44898266,-16.133877,0.032697797,0.050321348,0.02141443
2025-12-01 21:00:00,-10.665144,2.1576493,-0.52504903,-2.8523817,-9.184896,-25.911543,0.73293126,2.6739058,0.6969442,-10.749627,-0.11917801,0.14932674,-4.3346715,-5.731473,-10.043825,-26.341171,-15.76081,-10.3281145,-23.516335,-6.2489676,-11.236247,-121.80669,-14.22571,-0.17840053,-13.347661,0.008567301,-0.0106321825,0.06623948
2025-07-24 01:00:00,-104.58118,-0.2996394,0.8659633,2.3620014,-43.77098,-56.44454,-0.17938836,-1.4443195,0.0004902738,1.9300213,0.066902034,0.117892735,-21.640894,-32.995167,-37.75742,2.8660321,4.305354,1.9879334,0.9336144,6.4164777,1.7884132,-87.63767,-10.216892,-0.20157602,1.1650255,-0.02013009,-0.05862874,0.18924999
2025-07-19 03:00:00,-64.93221,-3.358599,0.9972383,4.5179043,6.244061,-26.918127,-1.0720385,-0.8959879,0.5853778,3.6742868,-0.29589823,0.17812614,-10.56245,-10.979894,-29.115215,1.0154456,0.12287316,1.4151344,6.599251,2.058019,3.2526298,-149.9854,-4.856489,0.6973299,7.1140885,-0.0046601156,0.017820528,0.100740075
2025-12-10 18:00:00,-2.2265966,0.42775944,-3.6819205,-7.6066084,-1.5555114,4.2961545,-0.29209158,-0.53539664,-2.1286435,-4.236616,0.2609602,0.2712314,-4.7865,2.7203503,-4.1622195,-2.406138,-2.5848627,-0.658465,-12.410611,-4.578542,-5.32101,84.0733,-1.5196571,-0.2547242,-5.0625596,-0.06559163,-0.003558042,0.042722043
2025-11-22 04:00:00,22.70041,-6.833994,-0.24923213,-3.167837,10.56665,-13.60905,-3.5873985,-0.03552212,-0.24011019,-1.041083,-2.116087,0.7876047,29.632698,67.55268,112.790016,-10.750201,-4.984291,-13.275713,-3.3099132,1.8782083,-3.2969878,-40.49073,-0.94661194,-0.5202627,-3.0859573,-0.010432705,-0.0049252263,0.08530476
2025-10-15 17:00:00,24.365194,1.5272121,0.075478256,1.6709193,0.17040676,24.107588,0.45723304,-0.6668735,1.6466595,1.1463361,0.31084493,0.4983297,-4.939103,-2.9711328,-1.0749838,4.0220103,2.8659847,1.5704921,-3.4188719,-0.9637196,0.9856442,1.3191199,0.67178386,0.08549718,-1.5083098,-0.008485233,-0.0065079248,0.11848836
2025-09-21 10:00:00,64.17841,-1.4235582,0.27564657,-3.4391222,7.098713,55.049404,-1.408842,0.5024226,-0.29043734,-0.60034937,-0.5233677,0.28637922,-0.51249653,2.0409758,-9.031468,18.594336,7.9515424,4.3706503,39.500275,2.0660818,15.303732,102.93814,8.287423,0.005600215,3.685397,0.010061455,0.08400835,-0.024734965
2025-11-15 16:00:00,13.2354765,-3.0248241,-0.12300374,0.22242124,-40.23787,21.001707,-2.3347316,-0.28263032,0.35874858,-1.5723559,-1.0818161,0.54886454,8.930598,13.20911,4.0031137,-7.768601,-3.2536106,-3.4406972,-10.058779,-0.52796066,-4.400596,3.2520282,-3.0297236,0.0042470796,-2.6961288,0.011400815,0.068617225,0.10131095
2025-07-07 04:00:00,-39.74304,5.1272826,0.7534094,1.2846338,-10.469684,-29.2302,1.6087707,2.7310584,0.32596618,3.327968,0.3565632,0.24301012,-11.383868,-18.439589,-36.497604,10.71326,3.0385344,-1.3224491,15.268809,2.7330356,3.9451299,-140.40067,-3.868451,-0.71598095,4.5199094,-0.035270434,0.01700105,0.16211434
2025-12-08 18:00:00,-0.09098529,1.9402715,-4.773302,-7.7979183,3.713137,6.144126,1.0766473,1.0014284,-2.398355,-3.8947382,0.29738545,0.3945236,-3.8678029,5.861416,-5.2934527,-7.763769,-1.9123796,0.33658955,-15.511514,-3.6255405,-5.4006295,79.65523,-2.853329,0.005796871,-5.0095787,-0.14289059,-0.0038435939,0.03487926
2025-11-10 08:00:00,29.944138,4.3002043,-0.38832164,-1.8755623,11.996972,3.6832652,2.3260384,1.1054891,0.35619736,-2.5886297,0.7348422,0.7444428,-2.9344468,4.0759525,7.8205037,-15.284693,-8.899986,-4.1371408,-20.142622,-1.6987332,-6.3491573,57.126774,-3.001355,-0.768803,-1.8309045,-0.0028002542,-0.012039399,0.06985434
2025-12-22 06:00:00,89.20486,8.160698,-1.4443457,-7.567775,101.787605,29.070662,3.8047512,0.913189,-0.34983808,-1.1246835,1.6777331,1.560744,60.618603,130.54971,109.877335,-10.555171,-3.1196918,6.517791,4.6143746,12.922734,2.4825459,200.83199,6.751655,-0.27369833,4.354513,-0.0039839963,0.00068968744,0.05632612
2025-09-14 20:00:00,21.213448,12.907346,-1.9645267,-10.874554,-20.508936,7.5133085,3.9871895,4.8762965,-1.0513111,-4.800317,0.7614801,0.15462218,-5.8399205,-7.7829165,-16.167625,23.526035,15.510935,1.8993013,24.670416,0.025047177,13.095221,91.77828,2.3135014,-0.21667038,5.193643,-0.05040351,0.004736144,0.05786105
2025-08-04 16:00:00,-18.218664,4.9115505,0.08144289,0.21889701,-45.046787,-13.37846,1.9486544,2.5257194,-0.28358328,-0.19417083,0.38416868,0.42193434,-21.105047,-39.559692,-25.297262,8.972478,5.0931573,7.0877957,12.403074,-0.09193369,2.9529827,7.7069373,4.8997016,-0.2171547,1.1201392,-0.027084224,-0.09646527,0.5432401
2025-07-22 13:00:00,-12.818112,3.0303302,0.34018144,2.6377676,-42.351135,-6.6715117,-0.018181715,1.4150969,0.110469565,5.848012,0.2790071,0.23184901,-11.709335,-21.72791,-22.684464,11.98647,9.430596,5.4076295,21.588316,4.617087,8.872252,-25.37262,1.0902624,-0.8048204,8.850307,0.012608524,0.03698684,-5.76121
2025-08-30 08:00:00,25.67175,-15.024184,0.49360248,2.295302,13.428721,4.649176,-7.995525,-0.30176356,0.28340662,0.7799869,-3.6762033,0.6263621,1.1090626,0.5821378,-0.93461055,10.118638,6.528142,3.8945267,11.792363,-0.7745688,7.398214,22.140802,-1.5907495,0.8028954,3.1847596,-0.0029661478,0.013330307,0.18597113
2025-08-08 16:00:00,-28.70756,-0.9955697,-0.022320753,-2.080958,-48.764797,-16.72991,1.6733776,-1.1623968,0.068762675,0.048186015,0.33882758,0.30004606,-29.683132,-59.730335,-33.992237,10.729835,3.8114586,4.4226346,15.796081,0.7714356,3.4830039,54.936394,-1.694705,0.4513214,-0.7884149,0.41715482,-0.11741174,-4.0200667
2025-09-28 00:00:00,-71.01712,-1.0472051,0.7508446,0.17617083,-22.982939,-48.73121,2.8082507,1.3608541,-2.6611865,-1.9780319,-0.42084765,0.14659612,-19.867525,-38.72987,-30.862497,27.825136,9.865697,5.6980915,15.201433,4.31334,5.0858483,-13.262277,-2.617943,0.3507132,11.294229,0.025474725,-0.103253566,0.10952089
2025-08-14 01:00:00,-109.71808,0.1615109,0.80275136,1.5498228,-44.89968,-57.522266,0.050769612,-1.6910139,-0.1840892,0.24971181,0.06315682,0.13663243,-25.96467,-50.370445,-48.07674,4.2147765,2.0299346,2.3211262,7.25556,1.1374716,2.4233449,-87.741486,-4.545712,-0.16230871,6.6947575,0.14303304,-0.023601757,0.098615825
2025-07-05 12:00:00,13.858599,-3.5675743,-0.293356,-5.5665355,-24.771534,22.346628,-1.0213816,-1.731651,-0.46192372,5.564011,-0.04455252,0.17149489,-8.475252,-15.2310915,-21.198679,15.380414,5.8028092,4.960776,40.480606,3.0317497,9.690568,120.514915,7.646953,-0.33766022,7.8946095,0.027195476,0.017780313,0.08376733
2025-12-21 12:00:00,13.710124,-2.825859,0.1686468,-0.572382,-48.270977,4.9597235,-0.66158056,0.63400227,-0.21093374,-5.2835655,-0.57189506,0.28907716,-7.55331,-12.850391,-23.590422,5.025306,5.9135017,1.9371154,-18.820402,-19.594786,-9.611302,5.2584367,-4.8061037,-0.0031417706,-22.810703,-0.036029994,0.0018440705,0.06878528
2025-07-16 14:00:00,66.648445,3.4871967,-1.0803376,-1.7209898,57.52064,66.13377,1.135656,-1.1535825,0.7050132,4.400948,0.6793875,0.34390315,-6.076462,-15.759851,-17.317272,23.033186,8.336827,6.2450447,17.860298,1.625963,8.741161,-55.71872,-5.1054883,-2.1619134,13.026268,0.06830414,0.028991444,0.66482854
2025-11-09 06:00:00,41.90638,-17.135029,-1.8442253,-8.452371,62.10809,11.355907,-8.140281,0.020106643,-0.37777203,-1.3577998,-4.700931,1.6668117,19.236092,90.72671,162.28456,-8.030359,-2.569689,-4.7856603,-8.0575485,-15.381343,-1.4517726,128.36609,1.7957706,-1.6174954,-8.987349,0.02343036,0.011820575,-0.40790135
2025-09-14 03:00:00,-64.60254,-3.403785,0.97480094,2.5843349,2.7240126,-23.825436,-1.3933407,0.9707091,0.13933922,0.99603415,-0.46061903,0.15540111,-11.385104,-24.390497,-36.154022,4.5463967,0.07562316,-1.1604639,6.5424504,0.69848233,2.554311,-148.70854,-5.107243,0.7663338,6.154661,-0.00085570174,0.025545778,0.23813036
2025-09-03 18:00:00,-13.009267,0.43860325,1.723964,2.160635,-30.59624,-4.886981,0.009698434,-0.69766086,1.654046,-0.987488,0.16780779,0.3024487,-7.0747185,-10.710467,-16.394583,6.863305,3.7575152,4.5482225,-1.8240348,-1.3008903,1.4697404,3.4688404,2.7391899,0.093795195,2.0830736,0.034153815,-0.0035313272,0.15843505
2025-12-04 05:00:00,69.714676,7.5314007,0.75090575,2.2427642,61.43366,18.117306,3.5122645,0.045099355,0.02206812,-1.3813198,2.349462,2.0628366,37.280552,118.795525,76.680534,-7.614057,-2.6390867,-2.8017874,-3.2933726,6.762948,-2.4698787,116.82217,0.66808975,0.23651847,1.4434801,0.011143621,-0.0040381704,0.06424257
2025-07-07 03:00:00,-72.42235,5.4278545,0.9721757,2.104062,3.2321784,-30.35679,1.0024109,2.49497,0.33604413,3.3987708,0.1742568,0.18888383,-19.70194,-30.55735,-40.485794,10.196949,5.310468,0.36258388,16.228365,2.8567126,2.546911,-182.16196,-5.384485,1.6508026,7.717086,0.0099717425,-0.008533427,0.15981801
2026-01-03 11:00:00,30.754444,-2.937304,-3.4222207,-0.017243817,-39.816338,8.830818,-1.8496965,-0.91662276,0.071862444,-5.9378257,-0.4092358,0.31558844,-8.957359,-15.21368,-24.950132,13.913961,9.562354,3.1071491,-22.721424,-9.605337,-10.486459,76.46932,-3.9842744,-0.43212858,-16.393625,0.042021543,-0.008815164,0.017702427
2025-07-12 11:00:00,27.235958,-0.52688307,0.45754066,-0.18730938,-25.47646,16.28115,0.3084884,-1.5549057,-0.08407031,5.4032264,0.40693292,0.17079446,-5.2863984,-5.2949033,-9.059099,15.024745,7.4673033,2.2015755,22.85027,0.13125576,6.6254454,132.92287,7.7144527,0.5511492,3.749389,0.07223489,-0.0024607943,0.00093191164
2025-08-01 08:00:00,32.007263,4.197862,0.6216936,3.323051,24.74108,3.9302647,4.146948,-0.5977418,-0.062997565,0.8382813,1.2949022,0.66350776,1.4832156,-0.21215652,0.43180108,14.550003,10.36696,6.9161696,17.58621,1.4727129,10.110082,66.42861,3.5062954,2.6023865,4.564344,-0.0060009924,-0.00055349537,0.13166524
2025-11-24 11:00:00,20.978998,3.162921,-0.6628709,0.20449172,-30.238493,2.959668,1.5715399,1.4272484,0.67704123,-5.7296863,0.26449838,0.53387314,-4.6337495,-6.0865183,-6.4090414,-2.0965245,-0.5698456,1.3752391,-29.692457,-7.9659915,-10.738006,46.850132,3.691597,-0.879821,-5.6482325,0.022241313,-0.0354095,0.058359586
2025-10-17 11:00:00,19.818502,-0.24954966,-0.06764172,-0.86278754,-29.41045,8.410884,0.986066,-1.0827662,0.14069526,-7.1167717,0.1937538,0.29401717,-4.6163607,-4.6112967,-4.601706,2.1378887,1.3481857,2.6646504,-20.010134,-0.63684416,-8.354457,91.717415,7.749728,-0.4538946,4.433069,0.0024273384,0.005364518,0.02402569
2026-01-11 11:00:00,33.5582,2.345379,-3.4776127,-3.0012112,-36.016247,12.250892,0.027917601,1.1696053,0.18253651,-7.159557,-0.0842401,0.20530677,-8.882975,-17.927166,-27.758108,14.148472,10.3009405,4.0291176,-25.555454,-8.739047,-7.565831,120.90317,-4.897519,0.3261366,-16.53909,0.043887727,0.05804373,0.021331633
2025-08-27 14:00:00,74.08019,3.9563668,-0.67246175,1.1413468,56.202766,67.54542,2.1045852,-0.94173807,-0.36199424,3.0633304,0.6731123,-4.3248334,-5.4867563,-3.742208,-12.974436,16.040209,7.8690495,6.455165,14.097625,4.1868505,9.056011,-30.791767,12.196621,0.048970897,11.723024,0.06275664,0.018862857,0.29110184
2025-12-11 21:00:00,-16.20587,-1.261472,-0.74505043,-2.9230096,-15.396,-27.61243,-1.0934705,-2.095933,0.7433177,-6.4846864,-0.084623426,0.108944885,-6.8267517,-6.2930202,-8.896061,-19.862686,-12.404159,-3.682675,-23.441786,-5.1805997,-10.298048,-108.54422,-15.757444,-0.23885399,-13.898697,-0.018428467,0.0021416722,0.093922585
2025-12-02 08:00:00,37.24898,3.0138633,-0.22520883,-1.5177454,14.506296,14.495655,0.60845596,0.4326567,0.24647218,-2.658219,0.51218104,0.42352936,-8.410019,-1.3572507,4.3771524,-4.874273,-8.179995,0.042129822,-15.7738285,-3.068082,-5.7962933,77.63052,-0.9503462,-0.9874439,-0.37336212,-0.031197464,-0.00784878,0.072815105
2025-07-19 13:00:00,-12.373302,-3.7837706,-0.36209908,1.4889733,-35.93341,-1.4156059,-1.7518307,-1.6715881,0.043874346,5.8798776,-0.43887615,0.26764292,-4.2151523,-6.7232122,-19.656618,14.099297,8.747347,4.8646803,24.863176,1.0403783,7.190034,67.58302,3.746641,0.037397295,7.8144994,-0.009452136,0.09128961,0.05422454
2025-08-17 10:00:00,62.6988,-2.9017704,0.48860234,1.202051,11.411573,53.947178,-1.3865799,0.25689536,-0.1892401,1.4040594,-0.37376386,0.32726926,-0.72137386,2.0694528,-5.9163737,11.712415,-1.2287749,2.5382736,18.685368,0.27448016,11.676723,130.76337,5.902813,1.073098,4.6185102,-0.023520961,0.01023341,0.05785511
2025-08-13 00:00:00,-82.36378,-1.2385318,0.7194318,2.0734377,-24.351068,-57.152824,-6.233313,-1.3948654,-1.7179481,-1.580207,0.20028464,0.15894614,-20.272142,-32.496193,-22.987717,15.081599,10.704835,4.982562,11.171536,5.186062,3.8606124,-13.828952,-1.6221639,0.70336354,8.102311,0.007392964,0.17068653,0.19784863
2025-10-08 05:00:00,64.62629,6.8131976,-0.7347757,-0.7203247,36.06481,9.948839,3.0683346,-0.22600728,-0.025463779,-1.9810599,1.0907682,1.3966993,38.729385,34.378254,15.745613,-8.931909,-0.01061956,1.5643817,3.7085385,-0.6585089,2.404009,12.228396,-0.665364,-0.47925326,-1.3058649,0.0059542516,-0.07125049,0.15852821
2025-09-17 00:00:00,-68.324005,-1.4948862,0.38684085,-0.83319116,-27.238684,-53.00301,-5.6332784,-1.5992984,-2.8942974,-2.908283,0.17809251,0.13143674,-26.682053,-49.11079,-36.576588,21.065332,7.133843,5.6970687,14.855927,-1.807161,4.7459755,-21.832142,-3.686467,-0.33026016,12.685166,0.41209638,-0.01989899,0.151889
2025-11-30 17:00:00,58.98108,-4.3317657,1.4166709,3.2674918,67.119484,55.05631,-1.6317294,0.32545295,2.0849292,11.086617,-0.64941674,0.45816794,19.131062,28.753115,11.966214,0.6410269,1.3191392,-0.708445,-2.1723185,3.4666166,2.170606,-29.499651,2.926805,-0.0076432475,10.190625,0.013205595,-0.03161564,0.14485127
2025-12-10 12:00:00,2.125763,1.1090856,0.6815209,1.3034987,-58.734646,-4.791154,-0.14492367,-0.6512904,-0.011017276,-4.133125,0.39181042,0.3807718,-7.2854533,-9.627038,-14.336783,-2.112774,-1.85304,0.7612052,-19.953272,-17.862967,-8.28617,-30.806997,-4.30335,-0.1344536,-21.571613,-0.0833435,-0.019499334,0.07034086
2026-01-05 11:00:00,29.05484,1.797227,-3.269479,-2.2442346,-38.702496,12.568208,1.3474936,1.0819262,0.14494637,-7.194051,0.09427004,0.29753342,-10.460435,-21.303005,-32.54295,7.8842835,4.325709,3.5488443,-22.882858,-9.238437,-9.823102,99.15632,-3.1598966,-0.25637487,-17.24349,0.05573078,-0.0051884293,0.045492277
