epoch,train_loss,val_loss,lr,model,seed
1,0.201532176222447,0.05943536013364792,0.001,"MLP v1 [64,32]",42
2,0.06732527840358146,0.043469011783599854,0.001,"MLP v1 [64,32]",42
3,0.0536062016387554,0.03492971882224083,0.001,"MLP v1 [64,32]",42
4,0.04614401155975233,0.029009873047471046,0.001,"MLP v1 [64,32]",42
5,0.04131795096859474,0.025139378383755684,0.001,"MLP v1 [64,32]",42
6,0.03981247596862035,0.023340752348303795,0.001,"MLP v1 [64,32]",42
7,0.0363451770702273,0.021237676963210106,0.001,"MLP v1 [64,32]",42
8,0.035756446293289314,0.019669199362397194,0.001,"MLP v1 [64,32]",42
9,0.034078965667886894,0.01913013868033886,0.001,"MLP v1 [64,32]",42
10,0.031982423425378825,0.018668806180357933,0.001,"MLP v1 [64,32]",42
11,0.030458176861493998,0.017133377492427826,0.001,"MLP v1 [64,32]",42
12,0.029738576559477974,0.016525521874427795,0.001,"MLP v1 [64,32]",42
13,0.028953387617589216,0.016030699014663696,0.001,"MLP v1 [64,32]",42
14,0.029504568847923393,0.015267424285411835,0.001,"MLP v1 [64,32]",42
15,0.029019355069370697,0.01763160713016987,0.001,"MLP v1 [64,32]",42
16,0.027452095949187023,0.016008075326681137,0.001,"MLP v1 [64,32]",42
17,0.026905494844582305,0.014239835552871227,0.001,"MLP v1 [64,32]",42
18,0.024438459426164627,0.013551468029618263,0.001,"MLP v1 [64,32]",42
19,0.026860011933528116,0.012823838740587234,0.001,"MLP v1 [64,32]",42
20,0.02717356069209509,0.012796787545084953,0.001,"MLP v1 [64,32]",42
21,0.024681010309794107,0.012880729511380196,0.001,"MLP v1 [64,32]",42
22,0.02624635715705928,0.012575631029903889,0.001,"MLP v1 [64,32]",42
23,0.024594965847860674,0.01210694294422865,0.001,"MLP v1 [64,32]",42
24,0.02432517622497264,0.013170897029340267,0.001,"MLP v1 [64,32]",42
25,0.024328904994682404,0.012050671502947807,0.001,"MLP v1 [64,32]",42
26,0.023864828385426105,0.013586670160293579,0.001,"MLP v1 [64,32]",42
27,0.022272610879757675,0.011044183745980263,0.001,"MLP v1 [64,32]",42
28,0.023379683662659693,0.014117912389338017,0.001,"MLP v1 [64,32]",42
29,0.023334434338215304,0.011236158199608326,0.001,"MLP v1 [64,32]",42
30,0.02455554916501603,0.010924453847110271,0.001,"MLP v1 [64,32]",42
31,0.02233869361134708,0.011015249416232109,0.001,"MLP v1 [64,32]",42
32,0.02282099286669888,0.013167418539524078,0.001,"MLP v1 [64,32]",42
33,0.02314606532329316,0.012046580202877522,0.001,"MLP v1 [64,32]",42
34,0.02193978770478324,0.011388889513909817,0.001,"MLP v1 [64,32]",42
35,0.02245514635092769,0.010745994746685028,0.001,"MLP v1 [64,32]",42
36,0.021554785672980713,0.010754532180726528,0.001,"MLP v1 [64,32]",42
37,0.021466917723692667,0.011233707889914513,0.001,"MLP v1 [64,32]",42
38,0.021455650677289564,0.01115869265049696,0.001,"MLP v1 [64,32]",42
39,0.022216642142901484,0.010490287095308304,0.001,"MLP v1 [64,32]",42
40,0.024034953074542956,0.010672363452613354,0.001,"MLP v1 [64,32]",42
41,0.02263454729587208,0.01178332231938839,0.001,"MLP v1 [64,32]",42
42,0.02239028342156712,0.011092046275734901,0.001,"MLP v1 [64,32]",42
43,0.023191735106406916,0.011009414680302143,0.001,"MLP v1 [64,32]",42
44,0.022220723437373125,0.010489090345799923,0.001,"MLP v1 [64,32]",42
45,0.020036566823937306,0.011750828474760056,0.001,"MLP v1 [64,32]",42
46,0.020910829254684793,0.010739904828369617,0.001,"MLP v1 [64,32]",42
47,0.0209257381315615,0.009999813511967659,0.001,"MLP v1 [64,32]",42
48,0.02151616931419391,0.011861199513077736,0.001,"MLP v1 [64,32]",42
49,0.02186701138573478,0.011739635840058327,0.001,"MLP v1 [64,32]",42
50,0.0200504626675083,0.010044097900390625,0.001,"MLP v1 [64,32]",42
51,0.021793058345251463,0.009442908689379692,0.001,"MLP v1 [64,32]",42
52,0.01933290998093881,0.00980368535965681,0.001,"MLP v1 [64,32]",42
53,0.02083874151752617,0.012783998623490334,0.001,"MLP v1 [64,32]",42
54,0.020803983866109807,0.01095480564981699,0.001,"MLP v1 [64,32]",42
55,0.021963186363569902,0.010454523377120495,0.001,"MLP v1 [64,32]",42
56,0.020008375507206185,0.011771047487854958,0.001,"MLP v1 [64,32]",42
57,0.02165688396957128,0.009732060134410858,0.001,"MLP v1 [64,32]",42
58,0.021124342800020013,0.00972086563706398,0.001,"MLP v1 [64,32]",42
59,0.020708590519717227,0.009946096688508987,0.0005,"MLP v1 [64,32]",42
60,0.020726808825042603,0.009768220596015453,0.0005,"MLP v1 [64,32]",42
61,0.019743638543429302,0.009710864163935184,0.0005,"MLP v1 [64,32]",42
62,0.01915161647094794,0.010295804589986801,0.0005,"MLP v1 [64,32]",42
63,0.020081782503194145,0.009592734277248383,0.0005,"MLP v1 [64,32]",42
64,0.019329734520778127,0.009431864134967327,0.0005,"MLP v1 [64,32]",42
65,0.01900874332803238,0.0104241743683815,0.0005,"MLP v1 [64,32]",42
66,0.01898864783560344,0.010418719612061977,0.0005,"MLP v1 [64,32]",42
67,0.019829583626437643,0.011270182207226753,0.0005,"MLP v1 [64,32]",42
68,0.019518245964237412,0.009404940530657768,0.0005,"MLP v1 [64,32]",42
69,0.019445292449585462,0.010516687296330929,0.0005,"MLP v1 [64,32]",42
70,0.01832420400147244,0.009394506923854351,0.0005,"MLP v1 [64,32]",42
71,0.0187204895308828,0.009422734379768372,0.0005,"MLP v1 [64,32]",42
72,0.019291501969267138,0.009369620122015476,0.0005,"MLP v1 [64,32]",42
73,0.019201807983529877,0.010697892867028713,0.0005,"MLP v1 [64,32]",42
74,0.019959789505555867,0.00913260132074356,0.0005,"MLP v1 [64,32]",42
75,0.01904275590551868,0.009281742386519909,0.0005,"MLP v1 [64,32]",42
76,0.0205473852042432,0.009991095401346684,0.0005,"MLP v1 [64,32]",42
77,0.019666613275751865,0.00994722731411457,0.0005,"MLP v1 [64,32]",42
78,0.02049434846397867,0.01051525678485632,0.0005,"MLP v1 [64,32]",42
79,0.019185330442477142,0.01013762503862381,0.0005,"MLP v1 [64,32]",42
80,0.019200915445013806,0.009583326056599617,0.0005,"MLP v1 [64,32]",42
81,0.020919717454000435,0.009442463517189026,0.0005,"MLP v1 [64,32]",42
82,0.018815986272969137,0.009057784453034401,0.00025,"MLP v1 [64,32]",42
83,0.01937493010322708,0.009609317407011986,0.00025,"MLP v1 [64,32]",42
84,0.019668250482944714,0.009710974059998989,0.00025,"MLP v1 [64,32]",42
85,0.018301049150150104,0.0098981112241745,0.00025,"MLP v1 [64,32]",42
86,0.020851694405093192,0.009495013393461704,0.00025,"MLP v1 [64,32]",42
87,0.019914322548360258,0.009003507904708385,0.00025,"MLP v1 [64,32]",42
88,0.01844777662535468,0.00944766215980053,0.00025,"MLP v1 [64,32]",42
89,0.02018264291896749,0.011129125021398067,0.00025,"MLP v1 [64,32]",42
90,0.02103885779550464,0.009204448200762272,0.00025,"MLP v1 [64,32]",42
91,0.01860463464015474,0.009221376851201057,0.00025,"MLP v1 [64,32]",42
92,0.019082202634776495,0.009383979253470898,0.00025,"MLP v1 [64,32]",42
93,0.020242296656390046,0.009083490818738937,0.00025,"MLP v1 [64,32]",42
94,0.019308212265635144,0.009383191354572773,0.00025,"MLP v1 [64,32]",42
95,0.01862259229362819,0.00935283862054348,0.000125,"MLP v1 [64,32]",42
96,0.019450999883118762,0.011682682670652866,0.000125,"MLP v1 [64,32]",42
97,0.019480487198749827,0.009212324395775795,0.000125,"MLP v1 [64,32]",42
98,0.01805576363051587,0.009189940989017487,0.000125,"MLP v1 [64,32]",42
99,0.019005003043809286,0.00880853645503521,0.000125,"MLP v1 [64,32]",42
100,0.019291765112543855,0.009029010310769081,0.000125,"MLP v1 [64,32]",42
101,0.018610083358915546,0.010959046892821789,0.000125,"MLP v1 [64,32]",42
102,0.019579806778037674,0.008910208009183407,0.000125,"MLP v1 [64,32]",42
103,0.018759118924832754,0.009879732504487038,0.000125,"MLP v1 [64,32]",42
104,0.01925573368365347,0.00888556707650423,0.000125,"MLP v1 [64,32]",42
105,0.017736783387964476,0.00902985967695713,0.000125,"MLP v1 [64,32]",42
106,0.018601160234053365,0.008882837370038033,0.000125,"MLP v1 [64,32]",42
107,0.018351062304567966,0.008949185721576214,6.25e-05,"MLP v1 [64,32]",42
108,0.01834695318799395,0.009465421549975872,6.25e-05,"MLP v1 [64,32]",42
109,0.01803699428510454,0.009193610399961472,6.25e-05,"MLP v1 [64,32]",42
110,0.019763620114978817,0.00947630126029253,6.25e-05,"MLP v1 [64,32]",42
111,0.01899573602274974,0.009288111701607704,6.25e-05,"MLP v1 [64,32]",42
112,0.01902673999065542,0.00885790679603815,6.25e-05,"MLP v1 [64,32]",42
113,0.02029074733160623,0.009489784948527813,6.25e-05,"MLP v1 [64,32]",42
114,0.01964547354841982,0.012318398803472519,3.125e-05,"MLP v1 [64,32]",42
115,0.018573753107471024,0.009458254091441631,3.125e-05,"MLP v1 [64,32]",42
116,0.019983159991750824,0.01202504150569439,3.125e-05,"MLP v1 [64,32]",42
117,0.017745645125559165,0.009067684412002563,3.125e-05,"MLP v1 [64,32]",42
118,0.018952069417148252,0.01023670844733715,3.125e-05,"MLP v1 [64,32]",42
119,0.01861625621992758,0.009146187454462051,3.125e-05,"MLP v1 [64,32]",42
1,0.2669752410919343,0.07155412435531616,0.001,"MLP v1 [64,32]",7
2,0.0705709793107229,0.04916437715291977,0.001,"MLP v1 [64,32]",7
3,0.059466727144571824,0.03796466439962387,0.001,"MLP v1 [64,32]",7
4,0.049440963355830835,0.032013386487960815,0.001,"MLP v1 [64,32]",7
5,0.0453955643250063,0.025969821959733963,0.001,"MLP v1 [64,32]",7
6,0.041818188424479784,0.023076262325048447,0.001,"MLP v1 [64,32]",7
7,0.03682306172659485,0.021037334576249123,0.001,"MLP v1 [64,32]",7
8,0.03539735852123437,0.019845254719257355,0.001,"MLP v1 [64,32]",7
9,0.03451320022987451,0.018528148531913757,0.001,"MLP v1 [64,32]",7
10,0.03239748083823056,0.016101764515042305,0.001,"MLP v1 [64,32]",7
11,0.032640627646709455,0.015772005543112755,0.001,"MLP v1 [64,32]",7
12,0.028859813282659443,0.016105296090245247,0.001,"MLP v1 [64,32]",7
13,0.02976083991313473,0.014754564501345158,0.001,"MLP v1 [64,32]",7
14,0.0285268493500074,0.02069447748363018,0.001,"MLP v1 [64,32]",7
15,0.028349559736698168,0.015238583087921143,0.001,"MLP v1 [64,32]",7
16,0.02863432313376481,0.014639302156865597,0.001,"MLP v1 [64,32]",7
17,0.028877730184818866,0.01438138447701931,0.001,"MLP v1 [64,32]",7
18,0.02690816308275271,0.01357230357825756,0.001,"MLP v1 [64,32]",7
19,0.026704285728799813,0.012258567847311497,0.001,"MLP v1 [64,32]",7
20,0.02546806290404187,0.011624076403677464,0.001,"MLP v1 [64,32]",7
21,0.026191308336227608,0.011881384067237377,0.001,"MLP v1 [64,32]",7
22,0.026909219996294427,0.01280636340379715,0.001,"MLP v1 [64,32]",7
23,0.026755030003738307,0.011505705304443836,0.001,"MLP v1 [64,32]",7
24,0.02504889359171295,0.012058237567543983,0.001,"MLP v1 [64,32]",7
25,0.025317668926865346,0.011323708109557629,0.001,"MLP v1 [64,32]",7
26,0.02452700335134997,0.011350130662322044,0.001,"MLP v1 [64,32]",7
27,0.023936741320501494,0.011404916644096375,0.001,"MLP v1 [64,32]",7
28,0.024644763699677844,0.010971702635288239,0.001,"MLP v1 [64,32]",7
29,0.024234941283094058,0.012344191782176495,0.001,"MLP v1 [64,32]",7
30,0.023992773791428418,0.012592584826052189,0.001,"MLP v1 [64,32]",7
31,0.02497743660145757,0.01198354922235012,0.001,"MLP v1 [64,32]",7
32,0.024904834695556478,0.010756898671388626,0.001,"MLP v1 [64,32]",7
33,0.023464706052999086,0.010618852451443672,0.001,"MLP v1 [64,32]",7
34,0.02089778674020067,0.011081639677286148,0.001,"MLP v1 [64,32]",7
35,0.02246678349618206,0.00999098177999258,0.001,"MLP v1 [64,32]",7
36,0.023761330531626407,0.010103462263941765,0.001,"MLP v1 [64,32]",7
37,0.022556088738734447,0.010844841599464417,0.001,"MLP v1 [64,32]",7
38,0.022732184168729665,0.01201725471764803,0.001,"MLP v1 [64,32]",7
39,0.022011433806497015,0.010346200317144394,0.001,"MLP v1 [64,32]",7
40,0.021395212107527,0.010301957838237286,0.001,"MLP v1 [64,32]",7
41,0.02292175365878578,0.010006854310631752,0.001,"MLP v1 [64,32]",7
42,0.0217800814697297,0.010487360879778862,0.001,"MLP v1 [64,32]",7
43,0.02074716398491338,0.010240122675895691,0.0005,"MLP v1 [64,32]",7
44,0.02258282634307253,0.009505026042461395,0.0005,"MLP v1 [64,32]",7
45,0.021072593811650414,0.010225209407508373,0.0005,"MLP v1 [64,32]",7
46,0.022197636785619358,0.010356607846915722,0.0005,"MLP v1 [64,32]",7
47,0.02235255373685883,0.009870916604995728,0.0005,"MLP v1 [64,32]",7
48,0.020463764867790606,0.01377640850841999,0.0005,"MLP v1 [64,32]",7
49,0.0218677879102706,0.009235430508852005,0.0005,"MLP v1 [64,32]",7
50,0.021203247586516226,0.009611085057258606,0.0005,"MLP v1 [64,32]",7
51,0.020960153829671604,0.009701438248157501,0.0005,"MLP v1 [64,32]",7
52,0.021299697122560406,0.010518033988773823,0.0005,"MLP v1 [64,32]",7
53,0.02160059624450695,0.00944915134459734,0.0005,"MLP v1 [64,32]",7
54,0.020704868072674052,0.010220814496278763,0.0005,"MLP v1 [64,32]",7
55,0.021991866396096994,0.009361181408166885,0.0005,"MLP v1 [64,32]",7
56,0.021626968352066202,0.00928516685962677,0.0005,"MLP v1 [64,32]",7
57,0.020464980115111057,0.009554511867463589,0.00025,"MLP v1 [64,32]",7
58,0.02124802686285675,0.009580723941326141,0.00025,"MLP v1 [64,32]",7
59,0.020850749686472124,0.009121316485106945,0.00025,"MLP v1 [64,32]",7
60,0.020330608372111487,0.01098365243524313,0.00025,"MLP v1 [64,32]",7
61,0.020840506424433785,0.009722806513309479,0.00025,"MLP v1 [64,32]",7
62,0.02038343208102666,0.009427652694284916,0.00025,"MLP v1 [64,32]",7
63,0.02339541818555429,0.008997962810099125,0.00025,"MLP v1 [64,32]",7
64,0.02122836261536163,0.008989793248474598,0.00025,"MLP v1 [64,32]",7
65,0.020532380375100488,0.009477417916059494,0.00025,"MLP v1 [64,32]",7
66,0.01997108114499956,0.009573723189532757,0.00025,"MLP v1 [64,32]",7
67,0.019993572049830894,0.008874096907675266,0.00025,"MLP v1 [64,32]",7
68,0.019011360380231268,0.00907846912741661,0.00025,"MLP v1 [64,32]",7
69,0.020930105208953602,0.009047876112163067,0.00025,"MLP v1 [64,32]",7
70,0.020297142130822447,0.009937243536114693,0.00025,"MLP v1 [64,32]",7
71,0.020304030927091918,0.009238054044544697,0.00025,"MLP v1 [64,32]",7
72,0.020596448549785977,0.008952400647103786,0.00025,"MLP v1 [64,32]",7
73,0.020943183224341112,0.00998745672404766,0.00025,"MLP v1 [64,32]",7
74,0.019693801245468514,0.01022977102547884,0.00025,"MLP v1 [64,32]",7
75,0.020859202752054117,0.009205642156302929,0.000125,"MLP v1 [64,32]",7
76,0.020782797252782807,0.008686085231602192,0.000125,"MLP v1 [64,32]",7
77,0.02196031331490257,0.008989010006189346,0.000125,"MLP v1 [64,32]",7
78,0.020886510694402827,0.008647851645946503,0.000125,"MLP v1 [64,32]",7
79,0.021566062880892092,0.009397871792316437,0.000125,"MLP v1 [64,32]",7
80,0.020000486732687995,0.009157465770840645,0.000125,"MLP v1 [64,32]",7
81,0.020177446470490728,0.008817589841783047,0.000125,"MLP v1 [64,32]",7
82,0.019584989167824092,0.009001991711556911,0.000125,"MLP v1 [64,32]",7
83,0.020377350437098242,0.010147301480174065,0.000125,"MLP v1 [64,32]",7
84,0.020388512868694822,0.00887554232031107,0.000125,"MLP v1 [64,32]",7
85,0.020311312980884608,0.009397248737514019,0.000125,"MLP v1 [64,32]",7
86,0.020347870012784826,0.009519115090370178,6.25e-05,"MLP v1 [64,32]",7
87,0.019363402485218024,0.009137582965195179,6.25e-05,"MLP v1 [64,32]",7
88,0.020555505132733826,0.008973212912678719,6.25e-05,"MLP v1 [64,32]",7
89,0.020934029568474462,0.008891565725207329,6.25e-05,"MLP v1 [64,32]",7
90,0.019172792444867304,0.009980541653931141,6.25e-05,"MLP v1 [64,32]",7
91,0.019652081127518237,0.008589678443968296,6.25e-05,"MLP v1 [64,32]",7
92,0.0208518657317886,0.009198945015668869,6.25e-05,"MLP v1 [64,32]",7
93,0.019307635031724574,0.009732178412377834,6.25e-05,"MLP v1 [64,32]",7
94,0.02055942686425528,0.010972246527671814,6.25e-05,"MLP v1 [64,32]",7
95,0.019960121796935258,0.008900567889213562,6.25e-05,"MLP v1 [64,32]",7
96,0.020323262032585013,0.008829942904412746,6.25e-05,"MLP v1 [64,32]",7
97,0.020190700927974366,0.010159581899642944,6.25e-05,"MLP v1 [64,32]",7
98,0.019670500409863484,0.008555835112929344,6.25e-05,"MLP v1 [64,32]",7
99,0.019492130560719294,0.00930881593376398,6.25e-05,"MLP v1 [64,32]",7
100,0.01986353392098633,0.009297960437834263,6.25e-05,"MLP v1 [64,32]",7
101,0.020045439774843556,0.008698344230651855,6.25e-05,"MLP v1 [64,32]",7
102,0.021080599521971558,0.009050059132277966,6.25e-05,"MLP v1 [64,32]",7
103,0.019935735926831396,0.009069147519767284,6.25e-05,"MLP v1 [64,32]",7
104,0.020032921120869532,0.008744039572775364,6.25e-05,"MLP v1 [64,32]",7
105,0.021645006028423213,0.009994303807616234,6.25e-05,"MLP v1 [64,32]",7
106,0.01987371400050523,0.008996403776109219,3.125e-05,"MLP v1 [64,32]",7
107,0.020007236373516802,0.009786204434931278,3.125e-05,"MLP v1 [64,32]",7
108,0.019627725633081877,0.008762494660913944,3.125e-05,"MLP v1 [64,32]",7
109,0.019233666305279017,0.008742013014853,3.125e-05,"MLP v1 [64,32]",7
110,0.020796033851180947,0.009160459041595459,3.125e-05,"MLP v1 [64,32]",7
111,0.019634229741605207,0.01039067655801773,3.125e-05,"MLP v1 [64,32]",7
112,0.020006393863776287,0.012838976457715034,3.125e-05,"MLP v1 [64,32]",7
113,0.01879065995147416,0.008707113564014435,1.5625e-05,"MLP v1 [64,32]",7
114,0.01862254015565791,0.009356158785521984,1.5625e-05,"MLP v1 [64,32]",7
115,0.020027482659286288,0.009848655201494694,1.5625e-05,"MLP v1 [64,32]",7
116,0.019631959962863446,0.008584631606936455,1.5625e-05,"MLP v1 [64,32]",7
117,0.020448180299789183,0.008988793939352036,1.5625e-05,"MLP v1 [64,32]",7
118,0.01830988172493132,0.009404958225786686,1.5625e-05,"MLP v1 [64,32]",7
1,0.21195959938372883,0.05789360776543617,0.001,"MLP v1 [64,32]",2026
2,0.06658939030130957,0.04065040871500969,0.001,"MLP v1 [64,32]",2026
3,0.054310941473445326,0.030820949003100395,0.001,"MLP v1 [64,32]",2026
4,0.04775988673001123,0.025041203945875168,0.001,"MLP v1 [64,32]",2026
5,0.04320438808822895,0.02241245098412037,0.001,"MLP v1 [64,32]",2026
6,0.039964863181303746,0.02026723325252533,0.001,"MLP v1 [64,32]",2026
7,0.037039250584709735,0.019230037927627563,0.001,"MLP v1 [64,32]",2026
8,0.0341787427662909,0.01694507710635662,0.001,"MLP v1 [64,32]",2026
9,0.034687496386455,0.016715314239263535,0.001,"MLP v1 [64,32]",2026
10,0.03176015234753162,0.016028905287384987,0.001,"MLP v1 [64,32]",2026
11,0.031282407751886496,0.015376043505966663,0.001,"MLP v1 [64,32]",2026
12,0.029714327967640418,0.014739562757313251,0.001,"MLP v1 [64,32]",2026
13,0.027507439414865185,0.014177474193274975,0.001,"MLP v1 [64,32]",2026
14,0.02741226110440635,0.013698497787117958,0.001,"MLP v1 [64,32]",2026
15,0.027251396190071542,0.013617141172289848,0.001,"MLP v1 [64,32]",2026
16,0.025872925410647788,0.013253008015453815,0.001,"MLP v1 [64,32]",2026
17,0.027727570174626053,0.012770658358931541,0.001,"MLP v1 [64,32]",2026
18,0.026110586534023685,0.012877415865659714,0.001,"MLP v1 [64,32]",2026
19,0.028403862855714238,0.012075725011527538,0.001,"MLP v1 [64,32]",2026
20,0.02371403019078193,0.0125218965113163,0.001,"MLP v1 [64,32]",2026
21,0.02378285012054698,0.011708124540746212,0.001,"MLP v1 [64,32]",2026
22,0.023869526815386892,0.011559413745999336,0.001,"MLP v1 [64,32]",2026
23,0.02464924830678244,0.011323997750878334,0.001,"MLP v1 [64,32]",2026
24,0.024697197977841066,0.01358082052320242,0.001,"MLP v1 [64,32]",2026
25,0.025167816440505197,0.011888071894645691,0.001,"MLP v1 [64,32]",2026
26,0.02447709484817343,0.012932615354657173,0.001,"MLP v1 [64,32]",2026
27,0.024765750645185654,0.012660509906709194,0.001,"MLP v1 [64,32]",2026
28,0.023952417664849485,0.010706714354455471,0.001,"MLP v1 [64,32]",2026
29,0.023718417912174442,0.010868791490793228,0.001,"MLP v1 [64,32]",2026
30,0.02458731173891402,0.01130689773708582,0.001,"MLP v1 [64,32]",2026
31,0.02454284656147782,0.010834475047886372,0.001,"MLP v1 [64,32]",2026
32,0.02264430217684517,0.011168730445206165,0.001,"MLP v1 [64,32]",2026
33,0.023481668837589332,0.012081841938197613,0.001,"MLP v1 [64,32]",2026
34,0.022641566348550815,0.010486520826816559,0.001,"MLP v1 [64,32]",2026
35,0.021765443519764584,0.010554928332567215,0.001,"MLP v1 [64,32]",2026
36,0.021649886551673537,0.010579324327409267,0.001,"MLP v1 [64,32]",2026
37,0.021982931153200318,0.01039769034832716,0.001,"MLP v1 [64,32]",2026
38,0.022258748777714093,0.01252513937652111,0.001,"MLP v1 [64,32]",2026
39,0.023569085682520672,0.010736922733485699,0.001,"MLP v1 [64,32]",2026
40,0.023150615429432614,0.011773091740906239,0.001,"MLP v1 [64,32]",2026
41,0.023159110726184897,0.011213995516300201,0.001,"MLP v1 [64,32]",2026
42,0.022415398161951754,0.012012925930321217,0.001,"MLP v1 [64,32]",2026
43,0.021923457763102908,0.010160509496927261,0.001,"MLP v1 [64,32]",2026
44,0.022011177537438177,0.010932069271802902,0.001,"MLP v1 [64,32]",2026
45,0.021970589401451433,0.011883481405675411,0.001,"MLP v1 [64,32]",2026
46,0.02077507274152708,0.010550588369369507,0.001,"MLP v1 [64,32]",2026
47,0.021705612666760975,0.010861923918128014,0.001,"MLP v1 [64,32]",2026
48,0.02178754909197623,0.011595161631703377,0.001,"MLP v1 [64,32]",2026
49,0.02235042692199984,0.010048670694231987,0.001,"MLP v1 [64,32]",2026
50,0.021743660351243838,0.010500580072402954,0.001,"MLP v1 [64,32]",2026
51,0.020401397958928962,0.010001039132475853,0.001,"MLP v1 [64,32]",2026
52,0.020559490383293653,0.010641557164490223,0.001,"MLP v1 [64,32]",2026
53,0.02159955030085659,0.009502789936959743,0.001,"MLP v1 [64,32]",2026
54,0.020831556006109073,0.013480744324624538,0.001,"MLP v1 [64,32]",2026
55,0.020599439130177536,0.009710956364870071,0.001,"MLP v1 [64,32]",2026
56,0.020915382380665357,0.010304190218448639,0.001,"MLP v1 [64,32]",2026
57,0.021074123813813295,0.013692598789930344,0.001,"MLP v1 [64,32]",2026
58,0.020358174799671124,0.010424205102026463,0.001,"MLP v1 [64,32]",2026
59,0.02074858596349276,0.010154233314096928,0.001,"MLP v1 [64,32]",2026
60,0.021361884139643617,0.011925934813916683,0.001,"MLP v1 [64,32]",2026
61,0.021705705747160322,0.011091677471995354,0.0005,"MLP v1 [64,32]",2026
62,0.019741878972989978,0.00986089650541544,0.0005,"MLP v1 [64,32]",2026
63,0.020395097715162534,0.009966328740119934,0.0005,"MLP v1 [64,32]",2026
64,0.01954219127416997,0.00962759554386139,0.0005,"MLP v1 [64,32]",2026
65,0.019192729085159878,0.009900225326418877,0.0005,"MLP v1 [64,32]",2026
66,0.019494233155826712,0.010169750079512596,0.0005,"MLP v1 [64,32]",2026
67,0.021319444524766903,0.009575420059263706,0.0005,"MLP v1 [64,32]",2026
68,0.01825042224242044,0.009268512949347496,0.00025,"MLP v1 [64,32]",2026
69,0.01944329198076561,0.009738359600305557,0.00025,"MLP v1 [64,32]",2026
70,0.02008346977224445,0.010217116214334965,0.00025,"MLP v1 [64,32]",2026
71,0.01846297105223738,0.010009752586483955,0.00025,"MLP v1 [64,32]",2026
72,0.02013119652582992,0.009097756817936897,0.00025,"MLP v1 [64,32]",2026
73,0.019200088263816886,0.008893379010260105,0.00025,"MLP v1 [64,32]",2026
74,0.019675611409801372,0.010175531730055809,0.00025,"MLP v1 [64,32]",2026
75,0.019441712474667066,0.009939259849488735,0.00025,"MLP v1 [64,32]",2026
76,0.018954648891660354,0.009839898906648159,0.00025,"MLP v1 [64,32]",2026
77,0.01992280709830049,0.010018914937973022,0.00025,"MLP v1 [64,32]",2026
78,0.019166704956618704,0.009602644480764866,0.00025,"MLP v1 [64,32]",2026
79,0.01950486396238982,0.009495013393461704,0.00025,"MLP v1 [64,32]",2026
80,0.01950816795892444,0.008988036774098873,0.00025,"MLP v1 [64,32]",2026
81,0.019535068068937223,0.009977382607758045,0.000125,"MLP v1 [64,32]",2026
82,0.01891748525258603,0.01049877144396305,0.000125,"MLP v1 [64,32]",2026
83,0.0188636962155842,0.009019081480801105,0.000125,"MLP v1 [64,32]",2026
84,0.01798646116635278,0.009066089987754822,0.000125,"MLP v1 [64,32]",2026
85,0.01906655648168676,0.009040232747793198,0.000125,"MLP v1 [64,32]",2026
86,0.019771940226523683,0.009215706028044224,0.000125,"MLP v1 [64,32]",2026
87,0.018764867069668862,0.010801599361002445,0.000125,"MLP v1 [64,32]",2026
88,0.018534628848067912,0.010117163881659508,6.25e-05,"MLP v1 [64,32]",2026
89,0.020770312915357754,0.009038690477609634,6.25e-05,"MLP v1 [64,32]",2026
90,0.018750274083148485,0.009132456965744495,6.25e-05,"MLP v1 [64,32]",2026
91,0.018713685385386626,0.009769579395651817,6.25e-05,"MLP v1 [64,32]",2026
92,0.019640399640445935,0.009040886536240578,6.25e-05,"MLP v1 [64,32]",2026
93,0.018713099470047567,0.009219478815793991,6.25e-05,"MLP v1 [64,32]",2026
1,0.20023375511219504,0.05132816359400749,0.001,"MLP v2 [256,128,64]",42
2,0.09003508403283929,0.04516000673174858,0.001,"MLP v2 [256,128,64]",42
3,0.07061836628814884,0.028376124799251556,0.001,"MLP v2 [256,128,64]",42
4,0.060507925541786016,0.03034868650138378,0.001,"MLP v2 [256,128,64]",42
5,0.054047341902087494,0.022374352440238,0.001,"MLP v2 [256,128,64]",42
6,0.053678789999853246,0.024484312161803246,0.001,"MLP v2 [256,128,64]",42
7,0.05043665047336652,0.02577720209956169,0.001,"MLP v2 [256,128,64]",42
8,0.04914037201615724,0.0196246188133955,0.001,"MLP v2 [256,128,64]",42
9,0.04758248750250494,0.01927393302321434,0.001,"MLP v2 [256,128,64]",42
10,0.04495966677496617,0.018998725339770317,0.001,"MLP v2 [256,128,64]",42
11,0.04563008723173639,0.01814332604408264,0.001,"MLP v2 [256,128,64]",42
12,0.043828243889307096,0.015998685732483864,0.001,"MLP v2 [256,128,64]",42
13,0.04154348933167794,0.015616292133927345,0.001,"MLP v2 [256,128,64]",42
14,0.043324130385770786,0.01496954821050167,0.001,"MLP v2 [256,128,64]",42
15,0.04193741062223075,0.01620703749358654,0.001,"MLP v2 [256,128,64]",42
16,0.04174384710619347,0.017569944262504578,0.001,"MLP v2 [256,128,64]",42
17,0.04130338255142116,0.013566991314291954,0.001,"MLP v2 [256,128,64]",42
18,0.03791971715607735,0.014972114935517311,0.001,"MLP v2 [256,128,64]",42
19,0.04089828052291002,0.01710137166082859,0.001,"MLP v2 [256,128,64]",42
20,0.040934539430999506,0.020767584443092346,0.001,"MLP v2 [256,128,64]",42
21,0.037646850391544674,0.016388002783060074,0.001,"MLP v2 [256,128,64]",42
22,0.03819649732443346,0.016582759097218513,0.001,"MLP v2 [256,128,64]",42
23,0.037937854087525855,0.012734966352581978,0.001,"MLP v2 [256,128,64]",42
24,0.037236213452955774,0.013884911313652992,0.001,"MLP v2 [256,128,64]",42
25,0.037995091257340824,0.012673096731305122,0.001,"MLP v2 [256,128,64]",42
26,0.035822312947647435,0.014882110990583897,0.001,"MLP v2 [256,128,64]",42
27,0.03543038806354643,0.012592821381986141,0.001,"MLP v2 [256,128,64]",42
28,0.03627831127182084,0.014994758181273937,0.001,"MLP v2 [256,128,64]",42
29,0.03729936966736692,0.011973794549703598,0.001,"MLP v2 [256,128,64]",42
30,0.037307264714928845,0.010926344431936741,0.001,"MLP v2 [256,128,64]",42
31,0.034005583616770016,0.012944474816322327,0.001,"MLP v2 [256,128,64]",42
32,0.03452442533490925,0.015655875205993652,0.001,"MLP v2 [256,128,64]",42
33,0.03538916050202203,0.011839168146252632,0.001,"MLP v2 [256,128,64]",42
34,0.03396207867057244,0.019883781671524048,0.001,"MLP v2 [256,128,64]",42
35,0.0337430502252391,0.010680747218430042,0.001,"MLP v2 [256,128,64]",42
36,0.033428888391092246,0.010996260680258274,0.001,"MLP v2 [256,128,64]",42
37,0.03347792013805482,0.011511916294693947,0.001,"MLP v2 [256,128,64]",42
38,0.03343415970413478,0.012428891845047474,0.001,"MLP v2 [256,128,64]",42
39,0.03462804299034335,0.011728593148291111,0.001,"MLP v2 [256,128,64]",42
40,0.03541183545398681,0.010697130113840103,0.001,"MLP v2 [256,128,64]",42
41,0.036380960929369446,0.014302282594144344,0.001,"MLP v2 [256,128,64]",42
42,0.03495352111285608,0.011129137128591537,0.001,"MLP v2 [256,128,64]",42
43,0.03420812227113556,0.010844266973435879,0.0005,"MLP v2 [256,128,64]",42
44,0.0329557985986508,0.011809663847088814,0.0005,"MLP v2 [256,128,64]",42
45,0.030632615186426945,0.009846514090895653,0.0005,"MLP v2 [256,128,64]",42
46,0.032350227360804874,0.010394569486379623,0.0005,"MLP v2 [256,128,64]",42
47,0.03182676324586643,0.010239231400191784,0.0005,"MLP v2 [256,128,64]",42
48,0.03141902683091081,0.011629737913608551,0.0005,"MLP v2 [256,128,64]",42
49,0.03225995821604047,0.009882813319563866,0.0005,"MLP v2 [256,128,64]",42
50,0.03094049542516445,0.010377700440585613,0.0005,"MLP v2 [256,128,64]",42
51,0.032301765097535184,0.010388651862740517,0.0005,"MLP v2 [256,128,64]",42
52,0.030045700272806522,0.010552287101745605,0.0005,"MLP v2 [256,128,64]",42
53,0.03052251463221514,0.011555752716958523,0.00025,"MLP v2 [256,128,64]",42
54,0.03099585834702395,0.010259298607707024,0.00025,"MLP v2 [256,128,64]",42
55,0.03094178833560069,0.009823079220950603,0.00025,"MLP v2 [256,128,64]",42
56,0.030352475931453314,0.010991872288286686,0.00025,"MLP v2 [256,128,64]",42
57,0.031214284364231976,0.01083575002849102,0.00025,"MLP v2 [256,128,64]",42
58,0.030967924742326076,0.009636024944484234,0.00025,"MLP v2 [256,128,64]",42
59,0.030599601512251103,0.010066702961921692,0.00025,"MLP v2 [256,128,64]",42
60,0.03125457875685404,0.009574898518621922,0.00025,"MLP v2 [256,128,64]",42
61,0.030595495152874724,0.010184609331190586,0.00025,"MLP v2 [256,128,64]",42
62,0.029938765213503266,0.010331657715141773,0.00025,"MLP v2 [256,128,64]",42
63,0.03022331473518502,0.0110333152115345,0.00025,"MLP v2 [256,128,64]",42
64,0.03024342375833505,0.010940983891487122,0.00025,"MLP v2 [256,128,64]",42
65,0.02992139729901077,0.010123527608811855,0.00025,"MLP v2 [256,128,64]",42
66,0.029175470826449293,0.009932216256856918,0.00025,"MLP v2 [256,128,64]",42
67,0.029938394423508492,0.013048850931227207,0.00025,"MLP v2 [256,128,64]",42
68,0.029658094964064026,0.00934574380517006,0.000125,"MLP v2 [256,128,64]",42
69,0.029441342189627278,0.010013391263782978,0.000125,"MLP v2 [256,128,64]",42
70,0.028851343181798342,0.010026474483311176,0.000125,"MLP v2 [256,128,64]",42
71,0.028069330344943817,0.010620481334626675,0.000125,"MLP v2 [256,128,64]",42
72,0.029696384163860168,0.010174470953643322,0.000125,"MLP v2 [256,128,64]",42
73,0.029246953163029093,0.01338954921811819,0.000125,"MLP v2 [256,128,64]",42
74,0.029741778016648315,0.009291155263781548,0.000125,"MLP v2 [256,128,64]",42
75,0.02916144744700835,0.010928526520729065,0.000125,"MLP v2 [256,128,64]",42
76,0.030398346053642715,0.010047822259366512,0.000125,"MLP v2 [256,128,64]",42
77,0.029955322153353968,0.010150831192731857,0.000125,"MLP v2 [256,128,64]",42
78,0.02976448837340014,0.010017473250627518,0.000125,"MLP v2 [256,128,64]",42
79,0.029239084533824004,0.01126781478524208,0.000125,"MLP v2 [256,128,64]",42
80,0.029140462018580737,0.010158472694456577,0.000125,"MLP v2 [256,128,64]",42
81,0.0300555920393101,0.010215303860604763,0.000125,"MLP v2 [256,128,64]",42
82,0.02878521166122233,0.010197573341429234,6.25e-05,"MLP v2 [256,128,64]",42
83,0.02993171517247128,0.009930978529155254,6.25e-05,"MLP v2 [256,128,64]",42
84,0.029996082957417798,0.009262427687644958,6.25e-05,"MLP v2 [256,128,64]",42
85,0.028442361205548036,0.009539337828755379,6.25e-05,"MLP v2 [256,128,64]",42
86,0.031158458826408286,0.009608887135982513,6.25e-05,"MLP v2 [256,128,64]",42
87,0.03025342507354247,0.009812796488404274,6.25e-05,"MLP v2 [256,128,64]",42
88,0.028781254039861627,0.010751461610198021,6.25e-05,"MLP v2 [256,128,64]",42
89,0.030239531107592893,0.010434974916279316,6.25e-05,"MLP v2 [256,128,64]",42
90,0.031030899033327713,0.00917099043726921,6.25e-05,"MLP v2 [256,128,64]",42
91,0.029121115496146297,0.010650291107594967,6.25e-05,"MLP v2 [256,128,64]",42
92,0.0287741229678422,0.00947519950568676,6.25e-05,"MLP v2 [256,128,64]",42
93,0.030708293881248086,0.009453357197344303,6.25e-05,"MLP v2 [256,128,64]",42
94,0.0296925134857591,0.010623459704220295,6.25e-05,"MLP v2 [256,128,64]",42
95,0.02874936293249555,0.010171878151595592,6.25e-05,"MLP v2 [256,128,64]",42
96,0.02979105495772098,0.012219324707984924,6.25e-05,"MLP v2 [256,128,64]",42
97,0.029412178808842674,0.009243513457477093,6.25e-05,"MLP v2 [256,128,64]",42
98,0.02790708824067675,0.0098795834928751,3.125e-05,"MLP v2 [256,128,64]",42
99,0.029725204529588312,0.009050446562469006,3.125e-05,"MLP v2 [256,128,64]",42
100,0.02993822664998809,0.009253565222024918,3.125e-05,"MLP v2 [256,128,64]",42
101,0.028899545240492347,0.010763761587440968,3.125e-05,"MLP v2 [256,128,64]",42
102,0.029378241237637864,0.0094152195379138,3.125e-05,"MLP v2 [256,128,64]",42
103,0.028319844171149123,0.011052076704800129,3.125e-05,"MLP v2 [256,128,64]",42
104,0.02869765685895161,0.009408360347151756,3.125e-05,"MLP v2 [256,128,64]",42
105,0.028336993667754065,0.009253536351025105,3.125e-05,"MLP v2 [256,128,64]",42
106,0.029414696825676486,0.009292037226259708,3.125e-05,"MLP v2 [256,128,64]",42
107,0.02963531145160544,0.009397076442837715,1.5625e-05,"MLP v2 [256,128,64]",42
108,0.02794317823347318,0.01042051613330841,1.5625e-05,"MLP v2 [256,128,64]",42
109,0.028330945747694476,0.00950634479522705,1.5625e-05,"MLP v2 [256,128,64]",42
110,0.02967771524772429,0.009685823693871498,1.5625e-05,"MLP v2 [256,128,64]",42
111,0.02899870889360387,0.010598433203995228,1.5625e-05,"MLP v2 [256,128,64]",42
112,0.029543099696254523,0.0091425571590662,1.5625e-05,"MLP v2 [256,128,64]",42
113,0.030665262282291668,0.010423943400382996,1.5625e-05,"MLP v2 [256,128,64]",42
114,0.029542351600918667,0.013156567700207233,7.8125e-06,"MLP v2 [256,128,64]",42
115,0.029015607186816082,0.009401689283549786,7.8125e-06,"MLP v2 [256,128,64]",42
116,0.030104599663308012,0.013294434174895287,7.8125e-06,"MLP v2 [256,128,64]",42
117,0.027653120931107843,0.009178970009088516,7.8125e-06,"MLP v2 [256,128,64]",42
118,0.029405230577361406,0.010799212381243706,7.8125e-06,"MLP v2 [256,128,64]",42
119,0.0288764761257226,0.009397570043802261,7.8125e-06,"MLP v2 [256,128,64]",42
1,0.20300782487989116,0.052585482597351074,0.001,"MLP v2 [256,128,64]",7
2,0.09067164245198486,0.03576979786157608,0.001,"MLP v2 [256,128,64]",7
3,0.07535373692493628,0.03150227293372154,0.001,"MLP v2 [256,128,64]",7
4,0.06309396936035694,0.02762770652770996,0.001,"MLP v2 [256,128,64]",7
5,0.05905015847447767,0.024809129536151886,0.001,"MLP v2 [256,128,64]",7
6,0.05421646494276667,0.01985791139304638,0.001,"MLP v2 [256,128,64]",7
7,0.05031053019942577,0.021202540025115013,0.001,"MLP v2 [256,128,64]",7
8,0.047819710272361746,0.02221125178039074,0.001,"MLP v2 [256,128,64]",7
9,0.046476595651827324,0.01796087622642517,0.001,"MLP v2 [256,128,64]",7
10,0.04565420268680402,0.016219304874539375,0.001,"MLP v2 [256,128,64]",7
11,0.044364531440321715,0.016338972374796867,0.001,"MLP v2 [256,128,64]",7
12,0.041010418915525426,0.015969011932611465,0.001,"MLP v2 [256,128,64]",7
13,0.0430005927863319,0.01793394796550274,0.001,"MLP v2 [256,128,64]",7
14,0.04121970441194624,0.016962070018053055,0.001,"MLP v2 [256,128,64]",7
15,0.04204071425442419,0.014961794018745422,0.001,"MLP v2 [256,128,64]",7
16,0.03993899123330771,0.014010279439389706,0.001,"MLP v2 [256,128,64]",7
17,0.04079011135714389,0.014062204398214817,0.001,"MLP v2 [256,128,64]",7
18,0.038602733694675886,0.01660381443798542,0.001,"MLP v2 [256,128,64]",7
19,0.038896260133732215,0.01319811213761568,0.001,"MLP v2 [256,128,64]",7
20,0.0382823138475976,0.014764375053346157,0.001,"MLP v2 [256,128,64]",7
21,0.03809961394686151,0.014680528081953526,0.001,"MLP v2 [256,128,64]",7
22,0.039492067980062454,0.013231992721557617,0.001,"MLP v2 [256,128,64]",7
23,0.03848176721702972,0.013814949430525303,0.001,"MLP v2 [256,128,64]",7
24,0.03836126935792458,0.014314280822873116,0.001,"MLP v2 [256,128,64]",7
25,0.037974907109663864,0.011493044905364513,0.001,"MLP v2 [256,128,64]",7
26,0.03690893108177862,0.011992418207228184,0.001,"MLP v2 [256,128,64]",7
27,0.03504150102068564,0.011441051959991455,0.001,"MLP v2 [256,128,64]",7
28,0.03585394000332567,0.015258521772921085,0.001,"MLP v2 [256,128,64]",7
29,0.036110111983772605,0.014888131991028786,0.001,"MLP v2 [256,128,64]",7
30,0.03617027954660114,0.012353716418147087,0.001,"MLP v2 [256,128,64]",7
31,0.038143487704175014,0.012206530198454857,0.001,"MLP v2 [256,128,64]",7
32,0.03550658770711156,0.010552048683166504,0.001,"MLP v2 [256,128,64]",7
33,0.0348200235839052,0.01152428425848484,0.001,"MLP v2 [256,128,64]",7
34,0.03273753502922414,0.01179210189729929,0.001,"MLP v2 [256,128,64]",7
35,0.03275975280719746,0.010467811487615108,0.001,"MLP v2 [256,128,64]",7
36,0.03411963700239618,0.01063130609691143,0.001,"MLP v2 [256,128,64]",7
37,0.03337996279143291,0.009997275657951832,0.001,"MLP v2 [256,128,64]",7
38,0.03514418349637428,0.01350993663072586,0.001,"MLP v2 [256,128,64]",7
39,0.03410789595918432,0.010268704034388065,0.001,"MLP v2 [256,128,64]",7
40,0.03362990368761593,0.012258779257535934,0.001,"MLP v2 [256,128,64]",7
41,0.033810719034043195,0.011134427972137928,0.001,"MLP v2 [256,128,64]",7
42,0.033563511749890675,0.012036541476845741,0.001,"MLP v2 [256,128,64]",7
43,0.03169707802736672,0.01032138243317604,0.001,"MLP v2 [256,128,64]",7
44,0.03536101908196239,0.011964789591729641,0.001,"MLP v2 [256,128,64]",7
45,0.03158850112783978,0.010676310397684574,0.0005,"MLP v2 [256,128,64]",7
46,0.03338393949345067,0.011616102419793606,0.0005,"MLP v2 [256,128,64]",7
47,0.0334312581907268,0.011109408922493458,0.0005,"MLP v2 [256,128,64]",7
48,0.03149239003272041,0.01170473825186491,0.0005,"MLP v2 [256,128,64]",7
49,0.03250492408784028,0.009586411528289318,0.0005,"MLP v2 [256,128,64]",7
50,0.03229394530727485,0.010043693706393242,0.0005,"MLP v2 [256,128,64]",7
51,0.03187295053899467,0.014320743270218372,0.0005,"MLP v2 [256,128,64]",7
52,0.032094882238559275,0.010463982820510864,0.0005,"MLP v2 [256,128,64]",7
53,0.0335787218099834,0.009623095393180847,0.0005,"MLP v2 [256,128,64]",7
54,0.03194474774463887,0.01000300981104374,0.0005,"MLP v2 [256,128,64]",7
55,0.032178772018155485,0.010199249722063541,0.0005,"MLP v2 [256,128,64]",7
56,0.031039086953619156,0.009643785655498505,0.0005,"MLP v2 [256,128,64]",7
57,0.030778829655673173,0.009289807640016079,0.00025,"MLP v2 [256,128,64]",7
58,0.031670343298024664,0.009243080392479897,0.00025,"MLP v2 [256,128,64]",7
59,0.02989477092317712,0.010763037949800491,0.00025,"MLP v2 [256,128,64]",7
60,0.031391564774066905,0.010849641636013985,0.00025,"MLP v2 [256,128,64]",7
61,0.03209896332068087,0.010017650201916695,0.00025,"MLP v2 [256,128,64]",7
62,0.030017045303619483,0.009925243444740772,0.00025,"MLP v2 [256,128,64]",7
63,0.032904721958345685,0.009425068274140358,0.00025,"MLP v2 [256,128,64]",7
64,0.030025383143039878,0.010100091807544231,0.00025,"MLP v2 [256,128,64]",7
65,0.029667709079536086,0.009330234490334988,0.00025,"MLP v2 [256,128,64]",7
66,0.029379971398267084,0.009275971911847591,0.000125,"MLP v2 [256,128,64]",7
67,0.028703850620572312,0.009152023121714592,0.000125,"MLP v2 [256,128,64]",7
68,0.02734088664790612,0.00920121930539608,0.000125,"MLP v2 [256,128,64]",7
69,0.030980868603451676,0.00935332290828228,0.000125,"MLP v2 [256,128,64]",7
70,0.030399501209254456,0.012464539147913456,0.000125,"MLP v2 [256,128,64]",7
71,0.029512016522230598,0.009831216186285019,0.000125,"MLP v2 [256,128,64]",7
72,0.029737931834800925,0.009055526927113533,0.000125,"MLP v2 [256,128,64]",7
73,0.030853184781182676,0.010930798016488552,0.000125,"MLP v2 [256,128,64]",7
74,0.029200532197680464,0.011283762753009796,0.000125,"MLP v2 [256,128,64]",7
75,0.03016855960474228,0.009540997445583344,0.000125,"MLP v2 [256,128,64]",7
76,0.02996382507682562,0.009587660431861877,0.000125,"MLP v2 [256,128,64]",7
77,0.031180955864355858,0.009670987725257874,0.000125,"MLP v2 [256,128,64]",7
78,0.03012378282943819,0.009020593017339706,0.000125,"MLP v2 [256,128,64]",7
79,0.030868837459453884,0.009682848118245602,0.000125,"MLP v2 [256,128,64]",7
80,0.029541208469236826,0.01001551654189825,0.000125,"MLP v2 [256,128,64]",7
81,0.030004774095448328,0.009570866823196411,0.000125,"MLP v2 [256,128,64]",7
82,0.029014279242646546,0.010097420774400234,0.000125,"MLP v2 [256,128,64]",7
83,0.03010521486641178,0.012573457323014736,0.000125,"MLP v2 [256,128,64]",7
84,0.029887884867117284,0.009554539807140827,0.000125,"MLP v2 [256,128,64]",7
85,0.030041084259473074,0.010740894824266434,0.000125,"MLP v2 [256,128,64]",7
86,0.029432136394225664,0.01099332980811596,6.25e-05,"MLP v2 [256,128,64]",7
87,0.028984661817686563,0.009772593155503273,6.25e-05,"MLP v2 [256,128,64]",7
88,0.02960170790120346,0.009122095070779324,6.25e-05,"MLP v2 [256,128,64]",7
89,0.03047852085644667,0.009556401520967484,6.25e-05,"MLP v2 [256,128,64]",7
90,0.027515192737774474,0.010238409973680973,6.25e-05,"MLP v2 [256,128,64]",7
91,0.029288604576129466,0.009125495329499245,6.25e-05,"MLP v2 [256,128,64]",7
92,0.030250851938461436,0.009640000760555267,6.25e-05,"MLP v2 [256,128,64]",7
93,0.028146798404032666,0.010202346369624138,3.125e-05,"MLP v2 [256,128,64]",7
94,0.030772439512287485,0.012975079007446766,3.125e-05,"MLP v2 [256,128,64]",7
95,0.029238225984502552,0.00917418859899044,3.125e-05,"MLP v2 [256,128,64]",7
96,0.02943932582897741,0.009567850269377232,3.125e-05,"MLP v2 [256,128,64]",7
97,0.02981517302447059,0.011176494881510735,3.125e-05,"MLP v2 [256,128,64]",7
98,0.029168303956236426,0.009247870184481144,3.125e-05,"MLP v2 [256,128,64]",7
1,0.1887359920284277,0.050111908465623856,0.001,"MLP v2 [256,128,64]",2026
2,0.0866364958067623,0.037252482026815414,0.001,"MLP v2 [256,128,64]",2026
3,0.06860691744046925,0.030028589069843292,0.001,"MLP v2 [256,128,64]",2026
4,0.06251253834675802,0.03168274462223053,0.001,"MLP v2 [256,128,64]",2026
5,0.055373220162332724,0.02529265731573105,0.001,"MLP v2 [256,128,64]",2026
6,0.05237142646547327,0.01985805295407772,0.001,"MLP v2 [256,128,64]",2026
7,0.04897950217932495,0.020554620772600174,0.001,"MLP v2 [256,128,64]",2026
8,0.04681079431279258,0.02123042196035385,0.001,"MLP v2 [256,128,64]",2026
9,0.04754501943215308,0.018728597089648247,0.001,"MLP v2 [256,128,64]",2026
10,0.04483128077884003,0.016447557136416435,0.001,"MLP v2 [256,128,64]",2026
11,0.04514590589774194,0.015288257040083408,0.001,"MLP v2 [256,128,64]",2026
12,0.04238296656831464,0.015171483159065247,0.001,"MLP v2 [256,128,64]",2026
13,0.04180515105467834,0.015168572776019573,0.001,"MLP v2 [256,128,64]",2026
14,0.04018573085114147,0.013693164102733135,0.001,"MLP v2 [256,128,64]",2026
15,0.040516696281111514,0.014274234883487225,0.001,"MLP v2 [256,128,64]",2026
16,0.0393753669884194,0.012973920442163944,0.001,"MLP v2 [256,128,64]",2026
17,0.039799814979654964,0.01398333627730608,0.001,"MLP v2 [256,128,64]",2026
18,0.03863354930496582,0.020754093304276466,0.001,"MLP v2 [256,128,64]",2026
19,0.04175060757955669,0.012344451621174812,0.001,"MLP v2 [256,128,64]",2026
20,0.037208567011453635,0.012447923421859741,0.001,"MLP v2 [256,128,64]",2026
21,0.03646977835514888,0.016178062185645103,0.001,"MLP v2 [256,128,64]",2026
22,0.036962370586589466,0.016086634248495102,0.001,"MLP v2 [256,128,64]",2026
23,0.036221838995794654,0.012852264568209648,0.001,"MLP v2 [256,128,64]",2026
24,0.037134862480423365,0.013032582588493824,0.001,"MLP v2 [256,128,64]",2026
25,0.0383344395435988,0.014273075386881828,0.001,"MLP v2 [256,128,64]",2026
26,0.03690792099633853,0.012238660827279091,0.001,"MLP v2 [256,128,64]",2026
27,0.03641024084428014,0.014933018013834953,0.001,"MLP v2 [256,128,64]",2026
28,0.036609926662796416,0.011914223432540894,0.001,"MLP v2 [256,128,64]",2026
29,0.036290324697771464,0.012653611600399017,0.001,"MLP v2 [256,128,64]",2026
30,0.035440668628669424,0.013145724311470985,0.001,"MLP v2 [256,128,64]",2026
31,0.035362150398040894,0.011497467756271362,0.001,"MLP v2 [256,128,64]",2026
32,0.03411592708557011,0.01382998563349247,0.001,"MLP v2 [256,128,64]",2026
33,0.0354228482782737,0.011332018300890923,0.001,"MLP v2 [256,128,64]",2026
34,0.033987882207879266,0.011424526572227478,0.001,"MLP v2 [256,128,64]",2026
35,0.03368225477329182,0.01059558242559433,0.001,"MLP v2 [256,128,64]",2026
36,0.03253702134015565,0.0128762386739254,0.001,"MLP v2 [256,128,64]",2026
37,0.03353180139040898,0.017842214554548264,0.001,"MLP v2 [256,128,64]",2026
38,0.033711578736753865,0.012503613717854023,0.001,"MLP v2 [256,128,64]",2026
39,0.035079852135495006,0.013051697053015232,0.001,"MLP v2 [256,128,64]",2026
40,0.03512805258703449,0.012799695134162903,0.001,"MLP v2 [256,128,64]",2026
41,0.0352405078407812,0.011134186759591103,0.001,"MLP v2 [256,128,64]",2026
42,0.03423663400329062,0.012070014141499996,0.001,"MLP v2 [256,128,64]",2026
43,0.033096314775697695,0.01029111072421074,0.0005,"MLP v2 [256,128,64]",2026
44,0.03200123009186868,0.01438398938626051,0.0005,"MLP v2 [256,128,64]",2026
45,0.03173126168991643,0.01321719866245985,0.0005,"MLP v2 [256,128,64]",2026
46,0.03121200190394577,0.01250378880649805,0.0005,"MLP v2 [256,128,64]",2026
47,0.03218005833836409,0.011102222837507725,0.0005,"MLP v2 [256,128,64]",2026
48,0.03182266282424426,0.011567372828722,0.0005,"MLP v2 [256,128,64]",2026
49,0.03312043446346046,0.009900170378386974,0.0005,"MLP v2 [256,128,64]",2026
50,0.03186136150376559,0.00962104182690382,0.0005,"MLP v2 [256,128,64]",2026
51,0.03126033968471557,0.009791507385671139,0.0005,"MLP v2 [256,128,64]",2026
52,0.03051125100576533,0.00988436583429575,0.0005,"MLP v2 [256,128,64]",2026
53,0.032048853136823485,0.0098331980407238,0.0005,"MLP v2 [256,128,64]",2026
54,0.03130814231030011,0.014905445277690887,0.0005,"MLP v2 [256,128,64]",2026
55,0.030947566149090427,0.009820722974836826,0.0005,"MLP v2 [256,128,64]",2026
56,0.03127808167682852,0.010705816559493542,0.0005,"MLP v2 [256,128,64]",2026
57,0.03170802200575858,0.011768710799515247,0.0005,"MLP v2 [256,128,64]",2026
58,0.03085685480682415,0.009423834271728992,0.00025,"MLP v2 [256,128,64]",2026
59,0.031113375164724892,0.010666798800230026,0.00025,"MLP v2 [256,128,64]",2026
60,0.031011006585313937,0.01074432022869587,0.00025,"MLP v2 [256,128,64]",2026
61,0.0320734361567289,0.01209328044205904,0.00025,"MLP v2 [256,128,64]",2026
62,0.030518642540980426,0.009480436332523823,0.00025,"MLP v2 [256,128,64]",2026
63,0.030142456895733142,0.012938293628394604,0.00025,"MLP v2 [256,128,64]",2026
64,0.030404253149860894,0.009874935261905193,0.00025,"MLP v2 [256,128,64]",2026
65,0.030198655217853785,0.010147515684366226,0.00025,"MLP v2 [256,128,64]",2026
66,0.02964725008697752,0.01108934823423624,0.000125,"MLP v2 [256,128,64]",2026
67,0.03143147458020027,0.010139361955225468,0.000125,"MLP v2 [256,128,64]",2026
68,0.028641645144235325,0.00984705239534378,0.000125,"MLP v2 [256,128,64]",2026
69,0.030110471085613405,0.010694140568375587,0.000125,"MLP v2 [256,128,64]",2026
70,0.029686209319999178,0.011395168490707874,0.000125,"MLP v2 [256,128,64]",2026
71,0.02885807316750735,0.011354357935488224,0.000125,"MLP v2 [256,128,64]",2026
72,0.031034296322388192,0.009493758901953697,0.000125,"MLP v2 [256,128,64]",2026
73,0.029084433248803266,0.009186545386910439,6.25e-05,"MLP v2 [256,128,64]",2026
74,0.030276104050546395,0.00970511045306921,6.25e-05,"MLP v2 [256,128,64]",2026
75,0.03037832591440817,0.011021334677934647,6.25e-05,"MLP v2 [256,128,64]",2026
76,0.029601898162816734,0.009972305968403816,6.25e-05,"MLP v2 [256,128,64]",2026
77,0.029502042683106747,0.010833323001861572,6.25e-05,"MLP v2 [256,128,64]",2026
78,0.030003953156001455,0.01045232079923153,6.25e-05,"MLP v2 [256,128,64]",2026
79,0.029545313414585456,0.009907658211886883,6.25e-05,"MLP v2 [256,128,64]",2026
80,0.029490121075972694,0.009553066454827785,6.25e-05,"MLP v2 [256,128,64]",2026
81,0.030258534655205616,0.011147239245474339,3.125e-05,"MLP v2 [256,128,64]",2026
82,0.029334536098774407,0.01205279491841793,3.125e-05,"MLP v2 [256,128,64]",2026
83,0.028737533025262052,0.010142565704882145,3.125e-05,"MLP v2 [256,128,64]",2026
84,0.028852296754857308,0.009506888687610626,3.125e-05,"MLP v2 [256,128,64]",2026
85,0.028287828160383027,0.009349167346954346,3.125e-05,"MLP v2 [256,128,64]",2026
86,0.030680586977207002,0.00945438165217638,3.125e-05,"MLP v2 [256,128,64]",2026
87,0.02945279204393369,0.010554065927863121,3.125e-05,"MLP v2 [256,128,64]",2026
88,0.028773989261527116,0.011171732097864151,1.5625e-05,"MLP v2 [256,128,64]",2026
89,0.029863448419927708,0.009256125427782536,1.5625e-05,"MLP v2 [256,128,64]",2026
90,0.029430629524358622,0.009585205465555191,1.5625e-05,"MLP v2 [256,128,64]",2026
91,0.028608409157448653,0.010379881598055363,1.5625e-05,"MLP v2 [256,128,64]",2026
92,0.03030063982010889,0.009559031575918198,1.5625e-05,"MLP v2 [256,128,64]",2026
93,0.028844062080227943,0.009145240299403667,1.5625e-05,"MLP v2 [256,128,64]",2026
94,0.02963070324940061,0.009131688624620438,1.5625e-05,"MLP v2 [256,128,64]",2026
95,0.028106323335278183,0.009404185228049755,1.5625e-05,"MLP v2 [256,128,64]",2026
96,0.029062678849019023,0.010017210617661476,1.5625e-05,"MLP v2 [256,128,64]",2026
97,0.02891744752738079,0.010235551744699478,1.5625e-05,"MLP v2 [256,128,64]",2026
98,0.029093202771269144,0.010026577860116959,1.5625e-05,"MLP v2 [256,128,64]",2026
99,0.02891930157302394,0.010560539551079273,1.5625e-05,"MLP v2 [256,128,64]",2026
100,0.028903173377070625,0.009230615571141243,1.5625e-05,"MLP v2 [256,128,64]",2026
101,0.03055195399428936,0.009252356365323067,1.5625e-05,"MLP v2 [256,128,64]",2026
102,0.028687178956264926,0.009377424605190754,7.8125e-06,"MLP v2 [256,128,64]",2026
103,0.030716897329105652,0.010073889046907425,7.8125e-06,"MLP v2 [256,128,64]",2026
104,0.029311280968945152,0.010842714458703995,7.8125e-06,"MLP v2 [256,128,64]",2026
105,0.03229940529846993,0.010860160924494267,7.8125e-06,"MLP v2 [256,128,64]",2026
106,0.028865898731900593,0.010583200491964817,7.8125e-06,"MLP v2 [256,128,64]",2026
107,0.029206503033781056,0.00921783410012722,7.8125e-06,"MLP v2 [256,128,64]",2026
108,0.02972873416368835,0.009467079304158688,7.8125e-06,"MLP v2 [256,128,64]",2026
109,0.029073890206065052,0.010954925790429115,3.90625e-06,"MLP v2 [256,128,64]",2026
110,0.02922397711211774,0.011888626962900162,3.90625e-06,"MLP v2 [256,128,64]",2026
111,0.029127665911060727,0.01065565925091505,3.90625e-06,"MLP v2 [256,128,64]",2026
112,0.029255111821931936,0.010075565427541733,3.90625e-06,"MLP v2 [256,128,64]",2026
113,0.02890966028658179,0.01195963378995657,3.90625e-06,"MLP v2 [256,128,64]",2026
114,0.028320704693761276,0.00925408210605383,3.90625e-06,"MLP v2 [256,128,64]",2026
1,0.7403594655112518,0.23169685900211334,0.0001,"MLP v3 [256,128,64] lr1e-4",42
2,0.3168702009977248,0.1021357849240303,0.0001,"MLP v3 [256,128,64] lr1e-4",42
3,0.24050920470327686,0.09088942408561707,0.0001,"MLP v3 [256,128,64] lr1e-4",42
4,0.20511904990996374,0.088995561003685,0.0001,"MLP v3 [256,128,64] lr1e-4",42
5,0.18519465999022175,0.07891421765089035,0.0001,"MLP v3 [256,128,64] lr1e-4",42
6,0.17352502546211143,0.07216766476631165,0.0001,"MLP v3 [256,128,64] lr1e-4",42
7,0.16491801041622886,0.07279970496892929,0.0001,"MLP v3 [256,128,64] lr1e-4",42
8,0.15130867085278885,0.06966951489448547,0.0001,"MLP v3 [256,128,64] lr1e-4",42
9,0.14545175512018974,0.06599217653274536,0.0001,"MLP v3 [256,128,64] lr1e-4",42
10,0.13506090365637255,0.06663256883621216,0.0001,"MLP v3 [256,128,64] lr1e-4",42
11,0.12968986165719518,0.06093568354845047,0.0001,"MLP v3 [256,128,64] lr1e-4",42
12,0.12526810343928174,0.05923058092594147,0.0001,"MLP v3 [256,128,64] lr1e-4",42
13,0.12029109549657589,0.0586099773645401,0.0001,"MLP v3 [256,128,64] lr1e-4",42
14,0.11594663015254388,0.058728452771902084,0.0001,"MLP v3 [256,128,64] lr1e-4",42
15,0.11428560997245121,0.0543171763420105,0.0001,"MLP v3 [256,128,64] lr1e-4",42
16,0.10891177064281944,0.0547935888171196,0.0001,"MLP v3 [256,128,64] lr1e-4",42
17,0.10691759191550915,0.053162023425102234,0.0001,"MLP v3 [256,128,64] lr1e-4",42
18,0.10306754810843993,0.05052880570292473,0.0001,"MLP v3 [256,128,64] lr1e-4",42
19,0.10045620982624483,0.050176575779914856,0.0001,"MLP v3 [256,128,64] lr1e-4",42
20,0.09516539339360162,0.05085041746497154,0.0001,"MLP v3 [256,128,64] lr1e-4",42
21,0.09306481571797204,0.04634924978017807,0.0001,"MLP v3 [256,128,64] lr1e-4",42
22,0.09210642630346795,0.046309031546115875,0.0001,"MLP v3 [256,128,64] lr1e-4",42
23,0.08795699284426607,0.04594966769218445,0.0001,"MLP v3 [256,128,64] lr1e-4",42
24,0.08832149604217182,0.044431429356336594,0.0001,"MLP v3 [256,128,64] lr1e-4",42
25,0.08475624036491382,0.043031200766563416,0.0001,"MLP v3 [256,128,64] lr1e-4",42
26,0.0832792001378632,0.041809044778347015,0.0001,"MLP v3 [256,128,64] lr1e-4",42
27,0.08006490325045788,0.03929873928427696,0.0001,"MLP v3 [256,128,64] lr1e-4",42
28,0.07964582575135738,0.04163825511932373,0.0001,"MLP v3 [256,128,64] lr1e-4",42
29,0.07851579290727857,0.039022017270326614,0.0001,"MLP v3 [256,128,64] lr1e-4",42
30,0.07664854647778355,0.03723683953285217,0.0001,"MLP v3 [256,128,64] lr1e-4",42
31,0.07275186817599963,0.0379670225083828,0.0001,"MLP v3 [256,128,64] lr1e-4",42
32,0.07331291669133644,0.03790490701794624,0.0001,"MLP v3 [256,128,64] lr1e-4",42
33,0.0713892615388296,0.03558644652366638,0.0001,"MLP v3 [256,128,64] lr1e-4",42
34,0.06936761378512353,0.03455135226249695,0.0001,"MLP v3 [256,128,64] lr1e-4",42
35,0.06965850417335809,0.034889914095401764,0.0001,"MLP v3 [256,128,64] lr1e-4",42
36,0.06719763975934251,0.03599415346980095,0.0001,"MLP v3 [256,128,64] lr1e-4",42
37,0.06716179587532603,0.035331837832927704,0.0001,"MLP v3 [256,128,64] lr1e-4",42
38,0.06530270596245721,0.033008892089128494,0.0001,"MLP v3 [256,128,64] lr1e-4",42
39,0.0646178495591748,0.03308560699224472,0.0001,"MLP v3 [256,128,64] lr1e-4",42
40,0.06605782931618912,0.03360963985323906,0.0001,"MLP v3 [256,128,64] lr1e-4",42
41,0.0657487229115391,0.030995119363069534,0.0001,"MLP v3 [256,128,64] lr1e-4",42
42,0.062361150248170426,0.03152400627732277,0.0001,"MLP v3 [256,128,64] lr1e-4",42
43,0.0631795106885972,0.03036554530262947,0.0001,"MLP v3 [256,128,64] lr1e-4",42
44,0.061960880455404405,0.029638070613145828,0.0001,"MLP v3 [256,128,64] lr1e-4",42
45,0.058302518355414376,0.031257547438144684,0.0001,"MLP v3 [256,128,64] lr1e-4",42
46,0.06023145600398749,0.031064394861459732,0.0001,"MLP v3 [256,128,64] lr1e-4",42
47,0.05992027635614683,0.029082512483000755,0.0001,"MLP v3 [256,128,64] lr1e-4",42
48,0.059147416961467754,0.02872311696410179,0.0001,"MLP v3 [256,128,64] lr1e-4",42
49,0.05712045070294013,0.029530290514230728,0.0001,"MLP v3 [256,128,64] lr1e-4",42
50,0.05805341997299534,0.027788151055574417,0.0001,"MLP v3 [256,128,64] lr1e-4",42
51,0.05880743988393865,0.029044589027762413,0.0001,"MLP v3 [256,128,64] lr1e-4",42
52,0.05680773989417595,0.0275398138910532,0.0001,"MLP v3 [256,128,64] lr1e-4",42
53,0.05541796419896042,0.026103569194674492,0.0001,"MLP v3 [256,128,64] lr1e-4",42
54,0.055375019042117536,0.027371972799301147,0.0001,"MLP v3 [256,128,64] lr1e-4",42
55,0.05319000003113046,0.025790289044380188,0.0001,"MLP v3 [256,128,64] lr1e-4",42
56,0.05348146800387668,0.025581615045666695,0.0001,"MLP v3 [256,128,64] lr1e-4",42
57,0.054141568800316675,0.028509894385933876,0.0001,"MLP v3 [256,128,64] lr1e-4",42
58,0.05403439852646114,0.027150625362992287,0.0001,"MLP v3 [256,128,64] lr1e-4",42
59,0.053825761551536115,0.025102170184254646,0.0001,"MLP v3 [256,128,64] lr1e-4",42
60,0.05334994790354268,0.026442524045705795,0.0001,"MLP v3 [256,128,64] lr1e-4",42
61,0.052510905072055455,0.02675618976354599,0.0001,"MLP v3 [256,128,64] lr1e-4",42
62,0.05190956786893631,0.026148049160838127,0.0001,"MLP v3 [256,128,64] lr1e-4",42
63,0.05042160280003248,0.02441323734819889,0.0001,"MLP v3 [256,128,64] lr1e-4",42
64,0.05077066480779038,0.023674100637435913,0.0001,"MLP v3 [256,128,64] lr1e-4",42
65,0.050480048935406634,0.024328595027327538,0.0001,"MLP v3 [256,128,64] lr1e-4",42
66,0.05088954181512636,0.02300466224551201,0.0001,"MLP v3 [256,128,64] lr1e-4",42
67,0.050436085945029484,0.02471853978931904,0.0001,"MLP v3 [256,128,64] lr1e-4",42
68,0.049972995931051735,0.02364235930144787,0.0001,"MLP v3 [256,128,64] lr1e-4",42
69,0.04958383653473413,0.023090600967407227,0.0001,"MLP v3 [256,128,64] lr1e-4",42
70,0.04806450548089239,0.022729843854904175,0.0001,"MLP v3 [256,128,64] lr1e-4",42
71,0.04847746939817125,0.0237777978181839,0.0001,"MLP v3 [256,128,64] lr1e-4",42
72,0.04811153645235694,0.023104386404156685,0.0001,"MLP v3 [256,128,64] lr1e-4",42
73,0.04774328833183263,0.022895503789186478,0.0001,"MLP v3 [256,128,64] lr1e-4",42
74,0.047614447233357324,0.02278958074748516,0.0001,"MLP v3 [256,128,64] lr1e-4",42
75,0.049543007270358236,0.022182000800967216,0.0001,"MLP v3 [256,128,64] lr1e-4",42
76,0.04884931101427636,0.021907959133386612,0.0001,"MLP v3 [256,128,64] lr1e-4",42
77,0.047664761789152923,0.021566838026046753,0.0001,"MLP v3 [256,128,64] lr1e-4",42
78,0.046918473265136144,0.021865099668502808,0.0001,"MLP v3 [256,128,64] lr1e-4",42
79,0.04647565605341279,0.02189207449555397,0.0001,"MLP v3 [256,128,64] lr1e-4",42
80,0.046294678112123816,0.021506477147340775,0.0001,"MLP v3 [256,128,64] lr1e-4",42
81,0.046647952326588964,0.02210957556962967,0.0001,"MLP v3 [256,128,64] lr1e-4",42
82,0.046611267155074104,0.0209418423473835,0.0001,"MLP v3 [256,128,64] lr1e-4",42
83,0.04596253841190897,0.019941354170441628,0.0001,"MLP v3 [256,128,64] lr1e-4",42
84,0.046156495570828904,0.02048943191766739,0.0001,"MLP v3 [256,128,64] lr1e-4",42
85,0.04606074005138269,0.020529592409729958,0.0001,"MLP v3 [256,128,64] lr1e-4",42
86,0.04625664839066621,0.020189719274640083,0.0001,"MLP v3 [256,128,64] lr1e-4",42
87,0.04615937857848963,0.022501816973090172,0.0001,"MLP v3 [256,128,64] lr1e-4",42
88,0.04446183022106737,0.02029372751712799,0.0001,"MLP v3 [256,128,64] lr1e-4",42
89,0.04548909972879719,0.019333194941282272,0.0001,"MLP v3 [256,128,64] lr1e-4",42
90,0.045747690140167434,0.019790323451161385,0.0001,"MLP v3 [256,128,64] lr1e-4",42
91,0.044436650955775744,0.019917774945497513,0.0001,"MLP v3 [256,128,64] lr1e-4",42
92,0.044342640949643186,0.019938500598073006,0.0001,"MLP v3 [256,128,64] lr1e-4",42
93,0.0453433369535702,0.019535690546035767,0.0001,"MLP v3 [256,128,64] lr1e-4",42
94,0.0440008539098924,0.020015796646475792,0.0001,"MLP v3 [256,128,64] lr1e-4",42
95,0.04451727398078753,0.019303949549794197,0.0001,"MLP v3 [256,128,64] lr1e-4",42
96,0.04339927747813462,0.020797356963157654,0.0001,"MLP v3 [256,128,64] lr1e-4",42
97,0.043744283382394486,0.019402191042900085,0.0001,"MLP v3 [256,128,64] lr1e-4",42
98,0.04217963966143227,0.019473085179924965,0.0001,"MLP v3 [256,128,64] lr1e-4",42
99,0.04366054100859684,0.01981174945831299,0.0001,"MLP v3 [256,128,64] lr1e-4",42
100,0.04337949231427914,0.019375279545783997,0.0001,"MLP v3 [256,128,64] lr1e-4",42
101,0.04325507716825067,0.01872420310974121,0.0001,"MLP v3 [256,128,64] lr1e-4",42
102,0.04223246817124658,0.019456783309578896,0.0001,"MLP v3 [256,128,64] lr1e-4",42
103,0.041955727029698645,0.0185629203915596,0.0001,"MLP v3 [256,128,64] lr1e-4",42
104,0.04288617168397488,0.018696295097470284,0.0001,"MLP v3 [256,128,64] lr1e-4",42
105,0.04141266261547407,0.018018022179603577,0.0001,"MLP v3 [256,128,64] lr1e-4",42
106,0.04209546698061741,0.0189334936439991,0.0001,"MLP v3 [256,128,64] lr1e-4",42
107,0.04081559379257733,0.018013212829828262,0.0001,"MLP v3 [256,128,64] lr1e-4",42
108,0.04165750667837278,0.018563227728009224,0.0001,"MLP v3 [256,128,64] lr1e-4",42
109,0.041945788526068666,0.017801854759454727,0.0001,"MLP v3 [256,128,64] lr1e-4",42
110,0.04150234003969634,0.017520824447274208,0.0001,"MLP v3 [256,128,64] lr1e-4",42
111,0.04061719561598102,0.017415260896086693,0.0001,"MLP v3 [256,128,64] lr1e-4",42
112,0.04211877308518578,0.018393773585557938,0.0001,"MLP v3 [256,128,64] lr1e-4",42
113,0.041173592146334495,0.017498228698968887,0.0001,"MLP v3 [256,128,64] lr1e-4",42
114,0.04147300099312265,0.01836087740957737,0.0001,"MLP v3 [256,128,64] lr1e-4",42
115,0.04200856270040339,0.017231447622179985,0.0001,"MLP v3 [256,128,64] lr1e-4",42
116,0.04162965499139141,0.01871107518672943,0.0001,"MLP v3 [256,128,64] lr1e-4",42
117,0.04001626946308326,0.018663546070456505,0.0001,"MLP v3 [256,128,64] lr1e-4",42
118,0.04061980817999414,0.01732931286096573,0.0001,"MLP v3 [256,128,64] lr1e-4",42
119,0.040017515165199545,0.016759777441620827,0.0001,"MLP v3 [256,128,64] lr1e-4",42
120,0.041112532968153745,0.016780396923422813,0.0001,"MLP v3 [256,128,64] lr1e-4",42
121,0.040397905057380425,0.01876720041036606,0.0001,"MLP v3 [256,128,64] lr1e-4",42
122,0.03973771023949512,0.017022937536239624,0.0001,"MLP v3 [256,128,64] lr1e-4",42
123,0.03976240198686853,0.016810977831482887,0.0001,"MLP v3 [256,128,64] lr1e-4",42
124,0.04003894828160699,0.016764728352427483,0.0001,"MLP v3 [256,128,64] lr1e-4",42
125,0.0385531177499508,0.01743943803012371,0.0001,"MLP v3 [256,128,64] lr1e-4",42
126,0.039470755650146544,0.016639189794659615,0.0001,"MLP v3 [256,128,64] lr1e-4",42
127,0.038778691175825726,0.01690341904759407,0.0001,"MLP v3 [256,128,64] lr1e-4",42
128,0.039458346003160234,0.016900934278964996,0.0001,"MLP v3 [256,128,64] lr1e-4",42
129,0.038086273725666836,0.017408784478902817,0.0001,"MLP v3 [256,128,64] lr1e-4",42
130,0.03842251344157999,0.016334375366568565,0.0001,"MLP v3 [256,128,64] lr1e-4",42
131,0.037907665331874674,0.01688455231487751,0.0001,"MLP v3 [256,128,64] lr1e-4",42
132,0.03784004895877798,0.015819529071450233,0.0001,"MLP v3 [256,128,64] lr1e-4",42
133,0.03783736673053982,0.016100529581308365,0.0001,"MLP v3 [256,128,64] lr1e-4",42
134,0.03886302363283491,0.015968989580869675,0.0001,"MLP v3 [256,128,64] lr1e-4",42
135,0.03833601502845815,0.01700819469988346,0.0001,"MLP v3 [256,128,64] lr1e-4",42
136,0.03827426096226193,0.015966514125466347,0.0001,"MLP v3 [256,128,64] lr1e-4",42
137,0.038703355897514384,0.016120953485369682,0.0001,"MLP v3 [256,128,64] lr1e-4",42
138,0.03634717508495126,0.016059817746281624,0.0001,"MLP v3 [256,128,64] lr1e-4",42
139,0.03905971740708551,0.01564786024391651,0.0001,"MLP v3 [256,128,64] lr1e-4",42
140,0.03888690001081479,0.01551262941211462,0.0001,"MLP v3 [256,128,64] lr1e-4",42
141,0.03740306316931809,0.015702692791819572,0.0001,"MLP v3 [256,128,64] lr1e-4",42
142,0.03786122675577833,0.01546941976994276,0.0001,"MLP v3 [256,128,64] lr1e-4",42
143,0.03786227537425686,0.015160340815782547,0.0001,"MLP v3 [256,128,64] lr1e-4",42
144,0.0384258686281096,0.015314274467527866,0.0001,"MLP v3 [256,128,64] lr1e-4",42
145,0.03711298704022164,0.015835238620638847,0.0001,"MLP v3 [256,128,64] lr1e-4",42
146,0.03762960089684663,0.015681777149438858,0.0001,"MLP v3 [256,128,64] lr1e-4",42
147,0.036941842225531235,0.01498311385512352,0.0001,"MLP v3 [256,128,64] lr1e-4",42
148,0.03835027965542779,0.015412676148116589,0.0001,"MLP v3 [256,128,64] lr1e-4",42
149,0.03601974101537533,0.015581328421831131,0.0001,"MLP v3 [256,128,64] lr1e-4",42
150,0.03753907454588913,0.015304054133594036,0.0001,"MLP v3 [256,128,64] lr1e-4",42
151,0.03721362476495403,0.0144829535856843,0.0001,"MLP v3 [256,128,64] lr1e-4",42
152,0.037574305909565196,0.015189619734883308,0.0001,"MLP v3 [256,128,64] lr1e-4",42
153,0.036619448625503516,0.014771446585655212,0.0001,"MLP v3 [256,128,64] lr1e-4",42
154,0.035293573415498984,0.015086092986166477,0.0001,"MLP v3 [256,128,64] lr1e-4",42
155,0.03626895414192136,0.015066317282617092,0.0001,"MLP v3 [256,128,64] lr1e-4",42
156,0.03644146401778026,0.014612846076488495,0.0001,"MLP v3 [256,128,64] lr1e-4",42
157,0.03610549259653229,0.015662606805562973,0.0001,"MLP v3 [256,128,64] lr1e-4",42
158,0.03612093758439297,0.01528359018266201,0.0001,"MLP v3 [256,128,64] lr1e-4",42
159,0.036792200618408655,0.015517129562795162,5e-05,"MLP v3 [256,128,64] lr1e-4",42
160,0.035959681699656645,0.014817522838711739,5e-05,"MLP v3 [256,128,64] lr1e-4",42
161,0.03581241374308073,0.014806350693106651,5e-05,"MLP v3 [256,128,64] lr1e-4",42
162,0.035669855211503676,0.014529848471283913,5e-05,"MLP v3 [256,128,64] lr1e-4",42
163,0.03522527824381413,0.014677789993584156,5e-05,"MLP v3 [256,128,64] lr1e-4",42
164,0.0351384399870278,0.01442581694573164,5e-05,"MLP v3 [256,128,64] lr1e-4",42
165,0.03629653177888085,0.014006711542606354,5e-05,"MLP v3 [256,128,64] lr1e-4",42
166,0.03674118007561975,0.015368908643722534,5e-05,"MLP v3 [256,128,64] lr1e-4",42
167,0.03562207767809409,0.01509720366448164,5e-05,"MLP v3 [256,128,64] lr1e-4",42
168,0.036048231473185643,0.014605285599827766,5e-05,"MLP v3 [256,128,64] lr1e-4",42
169,0.03572413623940969,0.01657726988196373,5e-05,"MLP v3 [256,128,64] lr1e-4",42
170,0.035629205424935396,0.013910901732742786,5e-05,"MLP v3 [256,128,64] lr1e-4",42
171,0.03551346280300344,0.01459524966776371,5e-05,"MLP v3 [256,128,64] lr1e-4",42
172,0.034979037906973216,0.014415258541703224,5e-05,"MLP v3 [256,128,64] lr1e-4",42
173,0.03583437898276191,0.014199669472873211,5e-05,"MLP v3 [256,128,64] lr1e-4",42
174,0.034864800285780886,0.014356805011630058,5e-05,"MLP v3 [256,128,64] lr1e-4",42
175,0.03545877858003934,0.014917959459125996,5e-05,"MLP v3 [256,128,64] lr1e-4",42
176,0.03565304513654545,0.013919703662395477,5e-05,"MLP v3 [256,128,64] lr1e-4",42
177,0.0355828061774078,0.014173929579555988,5e-05,"MLP v3 [256,128,64] lr1e-4",42
178,0.03481126830856239,0.014101207256317139,2.5e-05,"MLP v3 [256,128,64] lr1e-4",42
179,0.03504100962838505,0.015261616557836533,2.5e-05,"MLP v3 [256,128,64] lr1e-4",42
180,0.03532574514009136,0.014432957395911217,2.5e-05,"MLP v3 [256,128,64] lr1e-4",42
181,0.03485041000793908,0.014299538917839527,2.5e-05,"MLP v3 [256,128,64] lr1e-4",42
182,0.035473482363434755,0.014110978692770004,2.5e-05,"MLP v3 [256,128,64] lr1e-4",42
183,0.03615140246975526,0.015035420656204224,2.5e-05,"MLP v3 [256,128,64] lr1e-4",42
184,0.03614034416523069,0.014007039368152618,2.5e-05,"MLP v3 [256,128,64] lr1e-4",42
185,0.03528758283755036,0.013839519582688808,1.25e-05,"MLP v3 [256,128,64] lr1e-4",42
186,0.03491368435513683,0.013753567822277546,1.25e-05,"MLP v3 [256,128,64] lr1e-4",42
187,0.035556839819477624,0.013829879462718964,1.25e-05,"MLP v3 [256,128,64] lr1e-4",42
188,0.03456954241221862,0.014076580293476582,1.25e-05,"MLP v3 [256,128,64] lr1e-4",42
189,0.03523710032807211,0.01359288115054369,1.25e-05,"MLP v3 [256,128,64] lr1e-4",42
190,0.03456291205869007,0.01480054296553135,1.25e-05,"MLP v3 [256,128,64] lr1e-4",42
191,0.03545111572495331,0.014015311375260353,1.25e-05,"MLP v3 [256,128,64] lr1e-4",42
192,0.03532380026048877,0.01394300814718008,1.25e-05,"MLP v3 [256,128,64] lr1e-4",42
193,0.03436020505969427,0.013831613585352898,1.25e-05,"MLP v3 [256,128,64] lr1e-4",42
194,0.034398806547719464,0.013897789642214775,1.25e-05,"MLP v3 [256,128,64] lr1e-4",42
195,0.03592173327250053,0.014278451912105083,1.25e-05,"MLP v3 [256,128,64] lr1e-4",42
196,0.03426238321251591,0.014864709228277206,1.25e-05,"MLP v3 [256,128,64] lr1e-4",42
197,0.0354420225799073,0.014618642628192902,6.25e-06,"MLP v3 [256,128,64] lr1e-4",42
198,0.03436796869119218,0.013590808026492596,6.25e-06,"MLP v3 [256,128,64] lr1e-4",42
199,0.03520192677591237,0.013542327098548412,6.25e-06,"MLP v3 [256,128,64] lr1e-4",42
200,0.03453607375215085,0.014966007322072983,6.25e-06,"MLP v3 [256,128,64] lr1e-4",42
201,0.03490899960074221,0.014257118105888367,6.25e-06,"MLP v3 [256,128,64] lr1e-4",42
202,0.03540607967125501,0.014610213227570057,6.25e-06,"MLP v3 [256,128,64] lr1e-4",42
203,0.033653214353463176,0.013815563172101974,6.25e-06,"MLP v3 [256,128,64] lr1e-4",42
204,0.03580868590234652,0.01356371957808733,6.25e-06,"MLP v3 [256,128,64] lr1e-4",42
205,0.036208768379129626,0.014357337728142738,6.25e-06,"MLP v3 [256,128,64] lr1e-4",42
206,0.03585043255689907,0.015076013281941414,6.25e-06,"MLP v3 [256,128,64] lr1e-4",42
207,0.03502378452309508,0.014185694046318531,3.125e-06,"MLP v3 [256,128,64] lr1e-4",42
208,0.03511599524709538,0.01411434169858694,3.125e-06,"MLP v3 [256,128,64] lr1e-4",42
209,0.03564503337871867,0.013737029395997524,3.125e-06,"MLP v3 [256,128,64] lr1e-4",42
210,0.03625662587931766,0.014642102643847466,3.125e-06,"MLP v3 [256,128,64] lr1e-4",42
211,0.034537006300544015,0.014293694868683815,3.125e-06,"MLP v3 [256,128,64] lr1e-4",42
212,0.035043651200754936,0.014525439590215683,3.125e-06,"MLP v3 [256,128,64] lr1e-4",42
213,0.034625675788085085,0.014537172392010689,3.125e-06,"MLP v3 [256,128,64] lr1e-4",42
214,0.034263549767971954,0.014041731134057045,1.5625e-06,"MLP v3 [256,128,64] lr1e-4",42
215,0.03427382250296659,0.014168988913297653,1.5625e-06,"MLP v3 [256,128,64] lr1e-4",42
216,0.03500934536853258,0.014090544544160366,1.5625e-06,"MLP v3 [256,128,64] lr1e-4",42
217,0.0355376617550013,0.01398550532758236,1.5625e-06,"MLP v3 [256,128,64] lr1e-4",42
218,0.03539740971949984,0.013676436617970467,1.5625e-06,"MLP v3 [256,128,64] lr1e-4",42
219,0.034427239956238344,0.01383200567215681,1.5625e-06,"MLP v3 [256,128,64] lr1e-4",42
1,0.7301479481025631,0.22977972030639648,0.0001,"MLP v3 [256,128,64] lr1e-4",7
2,0.3115419410280888,0.08153869956731796,0.0001,"MLP v3 [256,128,64] lr1e-4",7
3,0.23838674990831554,0.075611412525177,0.0001,"MLP v3 [256,128,64] lr1e-4",7
4,0.20121475086233045,0.07061436772346497,0.0001,"MLP v3 [256,128,64] lr1e-4",7
5,0.19097085022796148,0.06843934208154678,0.0001,"MLP v3 [256,128,64] lr1e-4",7
6,0.17111470889790525,0.06272907555103302,0.0001,"MLP v3 [256,128,64] lr1e-4",7
7,0.16121469750476458,0.059557124972343445,0.0001,"MLP v3 [256,128,64] lr1e-4",7
8,0.15207436834043433,0.05763493850827217,0.0001,"MLP v3 [256,128,64] lr1e-4",7
9,0.14465976715245255,0.05810282751917839,0.0001,"MLP v3 [256,128,64] lr1e-4",7
10,0.14084566510712188,0.05429207906126976,0.0001,"MLP v3 [256,128,64] lr1e-4",7
11,0.13532047357276525,0.052131157368421555,0.0001,"MLP v3 [256,128,64] lr1e-4",7
12,0.12737021903348372,0.04995563253760338,0.0001,"MLP v3 [256,128,64] lr1e-4",7
13,0.1227215521889661,0.053152937442064285,0.0001,"MLP v3 [256,128,64] lr1e-4",7
14,0.11576897553320795,0.052665673196315765,0.0001,"MLP v3 [256,128,64] lr1e-4",7
15,0.11417283368657134,0.04815113544464111,0.0001,"MLP v3 [256,128,64] lr1e-4",7
16,0.10832651402699794,0.04610205441713333,0.0001,"MLP v3 [256,128,64] lr1e-4",7
17,0.10717558582622608,0.04542955011129379,0.0001,"MLP v3 [256,128,64] lr1e-4",7
18,0.10204211317676035,0.04918757453560829,0.0001,"MLP v3 [256,128,64] lr1e-4",7
19,0.09960676402883571,0.0450562983751297,0.0001,"MLP v3 [256,128,64] lr1e-4",7
20,0.09644968583187422,0.04468079283833504,0.0001,"MLP v3 [256,128,64] lr1e-4",7
21,0.09297909180088432,0.044422075152397156,0.0001,"MLP v3 [256,128,64] lr1e-4",7
22,0.09105789549107828,0.04190724343061447,0.0001,"MLP v3 [256,128,64] lr1e-4",7
23,0.08896501509314694,0.04244619980454445,0.0001,"MLP v3 [256,128,64] lr1e-4",7
24,0.08502972709321466,0.04048104211688042,0.0001,"MLP v3 [256,128,64] lr1e-4",7
25,0.08314598870924021,0.03945545852184296,0.0001,"MLP v3 [256,128,64] lr1e-4",7
26,0.08261656098547895,0.038177914917469025,0.0001,"MLP v3 [256,128,64] lr1e-4",7
27,0.07915617650305254,0.0379691943526268,0.0001,"MLP v3 [256,128,64] lr1e-4",7
28,0.07957109454498419,0.038888879120349884,0.0001,"MLP v3 [256,128,64] lr1e-4",7
29,0.0784235757810363,0.03739187493920326,0.0001,"MLP v3 [256,128,64] lr1e-4",7
30,0.0754467788089027,0.03748016059398651,0.0001,"MLP v3 [256,128,64] lr1e-4",7
31,0.07601997200129171,0.03776511549949646,0.0001,"MLP v3 [256,128,64] lr1e-4",7
32,0.07238216633883528,0.034909870475530624,0.0001,"MLP v3 [256,128,64] lr1e-4",7
33,0.07187340380846345,0.0353943407535553,0.0001,"MLP v3 [256,128,64] lr1e-4",7
34,0.07018483695607075,0.03528902679681778,0.0001,"MLP v3 [256,128,64] lr1e-4",7
35,0.06941452745710774,0.034209586679935455,0.0001,"MLP v3 [256,128,64] lr1e-4",7
36,0.0690054749837732,0.032229408621788025,0.0001,"MLP v3 [256,128,64] lr1e-4",7
37,0.06742616216847122,0.031640082597732544,0.0001,"MLP v3 [256,128,64] lr1e-4",7
38,0.0671778091749309,0.03246643766760826,0.0001,"MLP v3 [256,128,64] lr1e-4",7
39,0.06561955925737496,0.031778715550899506,0.0001,"MLP v3 [256,128,64] lr1e-4",7
40,0.06494838696477881,0.031789008527994156,0.0001,"MLP v3 [256,128,64] lr1e-4",7
41,0.06393883765131847,0.030054284259676933,0.0001,"MLP v3 [256,128,64] lr1e-4",7
42,0.06236370924140931,0.030101347714662552,0.0001,"MLP v3 [256,128,64] lr1e-4",7
43,0.062352189376412015,0.030152786523103714,0.0001,"MLP v3 [256,128,64] lr1e-4",7
44,0.06252114973416009,0.02903793752193451,0.0001,"MLP v3 [256,128,64] lr1e-4",7
45,0.06024151029516551,0.028856581076979637,0.0001,"MLP v3 [256,128,64] lr1e-4",7
46,0.060931334638386715,0.029355142265558243,0.0001,"MLP v3 [256,128,64] lr1e-4",7
47,0.060259355783112034,0.02860831283032894,0.0001,"MLP v3 [256,128,64] lr1e-4",7
48,0.05847269544939198,0.028882645070552826,0.0001,"MLP v3 [256,128,64] lr1e-4",7
49,0.05997063128884981,0.02760043554008007,0.0001,"MLP v3 [256,128,64] lr1e-4",7
50,0.05904181927109944,0.027757080271840096,0.0001,"MLP v3 [256,128,64] lr1e-4",7
51,0.05896416459790044,0.028236282989382744,0.0001,"MLP v3 [256,128,64] lr1e-4",7
52,0.057046405259342334,0.025742491707205772,0.0001,"MLP v3 [256,128,64] lr1e-4",7
53,0.05711103033162202,0.02573356032371521,0.0001,"MLP v3 [256,128,64] lr1e-4",7
54,0.055272451420530874,0.02593001164495945,0.0001,"MLP v3 [256,128,64] lr1e-4",7
55,0.05620658104899735,0.025106927379965782,0.0001,"MLP v3 [256,128,64] lr1e-4",7
56,0.05510984219321895,0.0249747633934021,0.0001,"MLP v3 [256,128,64] lr1e-4",7
57,0.05594204029576426,0.02403174340724945,0.0001,"MLP v3 [256,128,64] lr1e-4",7
58,0.054123367261703484,0.024655284360051155,0.0001,"MLP v3 [256,128,64] lr1e-4",7
59,0.05402165355685449,0.02392275258898735,0.0001,"MLP v3 [256,128,64] lr1e-4",7
60,0.053512710755156484,0.025023911148309708,0.0001,"MLP v3 [256,128,64] lr1e-4",7
61,0.051527856900656796,0.023707469925284386,0.0001,"MLP v3 [256,128,64] lr1e-4",7
62,0.052419351092191584,0.024813519790768623,0.0001,"MLP v3 [256,128,64] lr1e-4",7
63,0.051836244732438336,0.023937296122312546,0.0001,"MLP v3 [256,128,64] lr1e-4",7
64,0.051381848509749,0.023197317495942116,0.0001,"MLP v3 [256,128,64] lr1e-4",7
65,0.05041771971666554,0.0223741065710783,0.0001,"MLP v3 [256,128,64] lr1e-4",7
66,0.05041966445142305,0.022394094616174698,0.0001,"MLP v3 [256,128,64] lr1e-4",7
67,0.04988823336551674,0.022868765518069267,0.0001,"MLP v3 [256,128,64] lr1e-4",7
68,0.048161908936349626,0.021947288885712624,0.0001,"MLP v3 [256,128,64] lr1e-4",7
69,0.051005802232739476,0.021464858204126358,0.0001,"MLP v3 [256,128,64] lr1e-4",7
70,0.049998705977564825,0.02156747691333294,0.0001,"MLP v3 [256,128,64] lr1e-4",7
71,0.04907908409004178,0.02240319736301899,0.0001,"MLP v3 [256,128,64] lr1e-4",7
72,0.04741295196762409,0.021193616092205048,0.0001,"MLP v3 [256,128,64] lr1e-4",7
73,0.04872033493762098,0.021794378757476807,0.0001,"MLP v3 [256,128,64] lr1e-4",7
74,0.04822694758961613,0.021108023822307587,0.0001,"MLP v3 [256,128,64] lr1e-4",7
75,0.048978396292946196,0.02129782736301422,0.0001,"MLP v3 [256,128,64] lr1e-4",7
76,0.048115313314656946,0.021446116268634796,0.0001,"MLP v3 [256,128,64] lr1e-4",7
77,0.04910900771973743,0.020329680293798447,0.0001,"MLP v3 [256,128,64] lr1e-4",7
78,0.048406240365684895,0.020899316295981407,0.0001,"MLP v3 [256,128,64] lr1e-4",7
79,0.046518784000276876,0.021895963698625565,0.0001,"MLP v3 [256,128,64] lr1e-4",7
80,0.04668498895217445,0.020595911890268326,0.0001,"MLP v3 [256,128,64] lr1e-4",7
81,0.04653951295321906,0.01978899911046028,0.0001,"MLP v3 [256,128,64] lr1e-4",7
82,0.046525613562061224,0.020323939621448517,0.0001,"MLP v3 [256,128,64] lr1e-4",7
83,0.0459081798780262,0.02069777250289917,0.0001,"MLP v3 [256,128,64] lr1e-4",7
84,0.04527309434380006,0.020219825208187103,0.0001,"MLP v3 [256,128,64] lr1e-4",7
85,0.04670596091582125,0.020628532394766808,0.0001,"MLP v3 [256,128,64] lr1e-4",7
86,0.04576243511052974,0.020933959633111954,0.0001,"MLP v3 [256,128,64] lr1e-4",7
87,0.04558915019591473,0.01954892836511135,0.0001,"MLP v3 [256,128,64] lr1e-4",7
88,0.04504259822195666,0.019167069345712662,0.0001,"MLP v3 [256,128,64] lr1e-4",7
89,0.04524715038008168,0.019344182685017586,0.0001,"MLP v3 [256,128,64] lr1e-4",7
90,0.04502285847731617,0.020081499591469765,0.0001,"MLP v3 [256,128,64] lr1e-4",7
91,0.044360189582514586,0.019165724515914917,0.0001,"MLP v3 [256,128,64] lr1e-4",7
92,0.04402486376619047,0.01814774051308632,0.0001,"MLP v3 [256,128,64] lr1e-4",7
93,0.043428134490115206,0.018815621733665466,0.0001,"MLP v3 [256,128,64] lr1e-4",7
94,0.043154400991396384,0.018332792446017265,0.0001,"MLP v3 [256,128,64] lr1e-4",7
95,0.04346558025343055,0.018554236739873886,0.0001,"MLP v3 [256,128,64] lr1e-4",7
96,0.04262803611834553,0.01792732998728752,0.0001,"MLP v3 [256,128,64] lr1e-4",7
97,0.04249867236740833,0.018205609172582626,0.0001,"MLP v3 [256,128,64] lr1e-4",7
98,0.042615609004562474,0.01901153475046158,0.0001,"MLP v3 [256,128,64] lr1e-4",7
99,0.04244768347192838,0.01812603697180748,0.0001,"MLP v3 [256,128,64] lr1e-4",7
100,0.04289002246733589,0.017683641985058784,0.0001,"MLP v3 [256,128,64] lr1e-4",7
101,0.04181114830488877,0.01720336638391018,0.0001,"MLP v3 [256,128,64] lr1e-4",7
102,0.041703446306977594,0.017338726669549942,0.0001,"MLP v3 [256,128,64] lr1e-4",7
103,0.04261770272768518,0.01869961805641651,0.0001,"MLP v3 [256,128,64] lr1e-4",7
104,0.04194891425384975,0.018510982394218445,0.0001,"MLP v3 [256,128,64] lr1e-4",7
105,0.04297913401356897,0.017762472853064537,0.0001,"MLP v3 [256,128,64] lr1e-4",7
106,0.04050785560707621,0.016900042071938515,0.0001,"MLP v3 [256,128,64] lr1e-4",7
107,0.04179615511118715,0.01874789223074913,0.0001,"MLP v3 [256,128,64] lr1e-4",7
108,0.041337098803813324,0.01716592349112034,0.0001,"MLP v3 [256,128,64] lr1e-4",7
109,0.04060282567322619,0.016695721074938774,0.0001,"MLP v3 [256,128,64] lr1e-4",7
110,0.04086502954197519,0.016220636665821075,0.0001,"MLP v3 [256,128,64] lr1e-4",7
111,0.03972993635931365,0.017110537737607956,0.0001,"MLP v3 [256,128,64] lr1e-4",7
112,0.041106092011862036,0.016999009996652603,0.0001,"MLP v3 [256,128,64] lr1e-4",7
113,0.03865722883535178,0.01721513457596302,0.0001,"MLP v3 [256,128,64] lr1e-4",7
114,0.03993089312993077,0.016837574541568756,0.0001,"MLP v3 [256,128,64] lr1e-4",7
115,0.041509763842729565,0.01630609668791294,0.0001,"MLP v3 [256,128,64] lr1e-4",7
116,0.039734259782454893,0.016774848103523254,0.0001,"MLP v3 [256,128,64] lr1e-4",7
117,0.04026129770499596,0.016902122646570206,0.0001,"MLP v3 [256,128,64] lr1e-4",7
118,0.038421267649606114,0.015826718881726265,5e-05,"MLP v3 [256,128,64] lr1e-4",7
119,0.040548400752908914,0.015731876716017723,5e-05,"MLP v3 [256,128,64] lr1e-4",7
120,0.03950304537743319,0.01593698188662529,5e-05,"MLP v3 [256,128,64] lr1e-4",7
121,0.039683822051565086,0.01650979183614254,5e-05,"MLP v3 [256,128,64] lr1e-4",7
122,0.04029909913674789,0.016375180333852768,5e-05,"MLP v3 [256,128,64] lr1e-4",7
123,0.04044796702660219,0.015871873125433922,5e-05,"MLP v3 [256,128,64] lr1e-4",7
124,0.03980104206828428,0.016783621162176132,5e-05,"MLP v3 [256,128,64] lr1e-4",7
125,0.0398351332020977,0.01564568467438221,5e-05,"MLP v3 [256,128,64] lr1e-4",7
126,0.039457766749800775,0.015924781560897827,5e-05,"MLP v3 [256,128,64] lr1e-4",7
127,0.03877017946866227,0.016875123605132103,5e-05,"MLP v3 [256,128,64] lr1e-4",7
128,0.0383470072568028,0.015730271115899086,5e-05,"MLP v3 [256,128,64] lr1e-4",7
129,0.040508962375489975,0.01627015322446823,5e-05,"MLP v3 [256,128,64] lr1e-4",7
130,0.038917318064275515,0.015656448900699615,5e-05,"MLP v3 [256,128,64] lr1e-4",7
131,0.03980379253643752,0.016260255128145218,5e-05,"MLP v3 [256,128,64] lr1e-4",7
132,0.03856034098769971,0.015396051108837128,5e-05,"MLP v3 [256,128,64] lr1e-4",7
133,0.03827952354078846,0.015584845095872879,5e-05,"MLP v3 [256,128,64] lr1e-4",7
134,0.03767446756092895,0.015683064237236977,5e-05,"MLP v3 [256,128,64] lr1e-4",7
135,0.039209023323663356,0.016065241768956184,5e-05,"MLP v3 [256,128,64] lr1e-4",7
136,0.03939109485156966,0.016911836341023445,5e-05,"MLP v3 [256,128,64] lr1e-4",7
137,0.038346648910073375,0.01592187024652958,5e-05,"MLP v3 [256,128,64] lr1e-4",7
138,0.03792365692707008,0.01602637767791748,5e-05,"MLP v3 [256,128,64] lr1e-4",7
139,0.03797555752979254,0.01598578691482544,5e-05,"MLP v3 [256,128,64] lr1e-4",7
140,0.03791462793610083,0.01592540368437767,2.5e-05,"MLP v3 [256,128,64] lr1e-4",7
141,0.03787745261509193,0.015502315945923328,2.5e-05,"MLP v3 [256,128,64] lr1e-4",7
142,0.03952560396559897,0.016842689365148544,2.5e-05,"MLP v3 [256,128,64] lr1e-4",7
143,0.039188737771912494,0.016432618722319603,2.5e-05,"MLP v3 [256,128,64] lr1e-4",7
144,0.038412756660409324,0.0162919033318758,2.5e-05,"MLP v3 [256,128,64] lr1e-4",7
145,0.03824395393166138,0.016043851152062416,2.5e-05,"MLP v3 [256,128,64] lr1e-4",7
146,0.039079629950566006,0.014969532378017902,2.5e-05,"MLP v3 [256,128,64] lr1e-4",7
147,0.038329232054037536,0.015605688095092773,2.5e-05,"MLP v3 [256,128,64] lr1e-4",7
148,0.03744455432832477,0.015228058211505413,2.5e-05,"MLP v3 [256,128,64] lr1e-4",7
149,0.038116375523305636,0.015875445678830147,2.5e-05,"MLP v3 [256,128,64] lr1e-4",7
150,0.038652235252469094,0.014998281374573708,2.5e-05,"MLP v3 [256,128,64] lr1e-4",7
151,0.037934776024952606,0.015361449681222439,2.5e-05,"MLP v3 [256,128,64] lr1e-4",7
152,0.03852305111211416,0.015788454562425613,2.5e-05,"MLP v3 [256,128,64] lr1e-4",7
153,0.03764101780381478,0.015000179409980774,2.5e-05,"MLP v3 [256,128,64] lr1e-4",7
154,0.037901721213432715,0.01530043501406908,1.25e-05,"MLP v3 [256,128,64] lr1e-4",7
155,0.03751270899938733,0.015993177890777588,1.25e-05,"MLP v3 [256,128,64] lr1e-4",7
156,0.03913777102118893,0.01606295071542263,1.25e-05,"MLP v3 [256,128,64] lr1e-4",7
157,0.03746329001312523,0.015038116835057735,1.25e-05,"MLP v3 [256,128,64] lr1e-4",7
158,0.03905661586798584,0.01515536941587925,1.25e-05,"MLP v3 [256,128,64] lr1e-4",7
159,0.03820322612142929,0.014942836947739124,1.25e-05,"MLP v3 [256,128,64] lr1e-4",7
160,0.03799920319772333,0.014946014620363712,1.25e-05,"MLP v3 [256,128,64] lr1e-4",7
161,0.03708655321669939,0.016052652150392532,1.25e-05,"MLP v3 [256,128,64] lr1e-4",7
162,0.03765117666330584,0.015650779008865356,1.25e-05,"MLP v3 [256,128,64] lr1e-4",7
163,0.03705703784091038,0.01577470824122429,1.25e-05,"MLP v3 [256,128,64] lr1e-4",7
164,0.03739411451059287,0.01521760318428278,1.25e-05,"MLP v3 [256,128,64] lr1e-4",7
165,0.038595897124893135,0.015034166164696217,1.25e-05,"MLP v3 [256,128,64] lr1e-4",7
166,0.0388346557488329,0.01479288935661316,1.25e-05,"MLP v3 [256,128,64] lr1e-4",7
167,0.03832469829706303,0.015136540867388248,1.25e-05,"MLP v3 [256,128,64] lr1e-4",7
168,0.03742171212499717,0.015987636521458626,1.25e-05,"MLP v3 [256,128,64] lr1e-4",7
169,0.03729120710345858,0.015583861619234085,1.25e-05,"MLP v3 [256,128,64] lr1e-4",7
170,0.03736108660583491,0.01537120807915926,1.25e-05,"MLP v3 [256,128,64] lr1e-4",7
171,0.038079722967415915,0.014880174770951271,1.25e-05,"MLP v3 [256,128,64] lr1e-4",7
172,0.03615845825250883,0.015030456706881523,1.25e-05,"MLP v3 [256,128,64] lr1e-4",7
173,0.037670836120407565,0.015609066933393478,1.25e-05,"MLP v3 [256,128,64] lr1e-4",7
174,0.038232035699328294,0.015216547064483166,6.25e-06,"MLP v3 [256,128,64] lr1e-4",7
175,0.038193820690165955,0.014894871041178703,6.25e-06,"MLP v3 [256,128,64] lr1e-4",7
176,0.03729008607048669,0.014776237308979034,6.25e-06,"MLP v3 [256,128,64] lr1e-4",7
177,0.036604356907641605,0.015448168851435184,6.25e-06,"MLP v3 [256,128,64] lr1e-4",7
178,0.03748438333146758,0.01573464274406433,6.25e-06,"MLP v3 [256,128,64] lr1e-4",7
179,0.03759898336712201,0.015117182396352291,6.25e-06,"MLP v3 [256,128,64] lr1e-4",7
180,0.03704927319862627,0.016097070649266243,6.25e-06,"MLP v3 [256,128,64] lr1e-4",7
181,0.0374512006606351,0.015781676396727562,6.25e-06,"MLP v3 [256,128,64] lr1e-4",7
182,0.03747816864107389,0.015041795559227467,6.25e-06,"MLP v3 [256,128,64] lr1e-4",7
183,0.03785074498742679,0.015539906919002533,6.25e-06,"MLP v3 [256,128,64] lr1e-4",7
184,0.03761576040711964,0.014878529123961926,3.125e-06,"MLP v3 [256,128,64] lr1e-4",7
185,0.03779697568959067,0.015650419518351555,3.125e-06,"MLP v3 [256,128,64] lr1e-4",7
186,0.037517715903546904,0.015706386417150497,3.125e-06,"MLP v3 [256,128,64] lr1e-4",7
187,0.03730549227562999,0.015592498704791069,3.125e-06,"MLP v3 [256,128,64] lr1e-4",7
188,0.03737019248227176,0.015610668808221817,3.125e-06,"MLP v3 [256,128,64] lr1e-4",7
189,0.03853882659979046,0.015490961261093616,3.125e-06,"MLP v3 [256,128,64] lr1e-4",7
190,0.03774312963146172,0.015222768299281597,3.125e-06,"MLP v3 [256,128,64] lr1e-4",7
191,0.03845274732720304,0.015058903954923153,1.5625e-06,"MLP v3 [256,128,64] lr1e-4",7
192,0.03859217582945776,0.01460588164627552,1.5625e-06,"MLP v3 [256,128,64] lr1e-4",7
193,0.037818929181396996,0.016529059037566185,1.5625e-06,"MLP v3 [256,128,64] lr1e-4",7
194,0.03703437763989709,0.015154924243688583,1.5625e-06,"MLP v3 [256,128,64] lr1e-4",7
195,0.037749162235495196,0.015442554838955402,1.5625e-06,"MLP v3 [256,128,64] lr1e-4",7
196,0.037792649391006336,0.015546946786344051,1.5625e-06,"MLP v3 [256,128,64] lr1e-4",7
197,0.038058464227944566,0.015784651041030884,1.5625e-06,"MLP v3 [256,128,64] lr1e-4",7
198,0.03718730465085527,0.014668794348835945,1.5625e-06,"MLP v3 [256,128,64] lr1e-4",7
199,0.037892351244626234,0.01496522594243288,1.5625e-06,"MLP v3 [256,128,64] lr1e-4",7
200,0.03825400906598083,0.014575003646314144,1e-06,"MLP v3 [256,128,64] lr1e-4",7
201,0.03674735252131982,0.015328881330788136,1e-06,"MLP v3 [256,128,64] lr1e-4",7
202,0.03676382412104193,0.014925934374332428,1e-06,"MLP v3 [256,128,64] lr1e-4",7
203,0.03744939525388061,0.015110213309526443,1e-06,"MLP v3 [256,128,64] lr1e-4",7
204,0.03733574878972046,0.014551539905369282,1e-06,"MLP v3 [256,128,64] lr1e-4",7
205,0.038070134381336364,0.015089144930243492,1e-06,"MLP v3 [256,128,64] lr1e-4",7
206,0.0384771763499646,0.015298299491405487,1e-06,"MLP v3 [256,128,64] lr1e-4",7
207,0.037310346790247285,0.01504382211714983,1e-06,"MLP v3 [256,128,64] lr1e-4",7
208,0.036715634372391566,0.015503274276852608,1e-06,"MLP v3 [256,128,64] lr1e-4",7
209,0.0383576511591047,0.015563557855784893,1e-06,"MLP v3 [256,128,64] lr1e-4",7
210,0.036964911904481514,0.01565137878060341,1e-06,"MLP v3 [256,128,64] lr1e-4",7
211,0.03750452243947731,0.015221880748867989,1e-06,"MLP v3 [256,128,64] lr1e-4",7
212,0.038228533179869705,0.014589747413992882,1e-06,"MLP v3 [256,128,64] lr1e-4",7
213,0.038281142126000346,0.015423508360981941,1e-06,"MLP v3 [256,128,64] lr1e-4",7
214,0.03757228022697206,0.014805298298597336,1e-06,"MLP v3 [256,128,64] lr1e-4",7
215,0.038366412007406696,0.015220055356621742,1e-06,"MLP v3 [256,128,64] lr1e-4",7
216,0.037635303128921556,0.014887813478708267,1e-06,"MLP v3 [256,128,64] lr1e-4",7
217,0.03646157517113649,0.014828349463641644,1e-06,"MLP v3 [256,128,64] lr1e-4",7
218,0.03804563962707253,0.014990238472819328,1e-06,"MLP v3 [256,128,64] lr1e-4",7
219,0.036440578857422246,0.015357235446572304,1e-06,"MLP v3 [256,128,64] lr1e-4",7
220,0.03686514977295545,0.014530148357152939,1e-06,"MLP v3 [256,128,64] lr1e-4",7
221,0.03748655209864772,0.015144879929721355,1e-06,"MLP v3 [256,128,64] lr1e-4",7
222,0.03722801488520975,0.01490733027458191,1e-06,"MLP v3 [256,128,64] lr1e-4",7
223,0.03815078889450634,0.014914905652403831,1e-06,"MLP v3 [256,128,64] lr1e-4",7
224,0.03717411622909328,0.014841178432106972,1e-06,"MLP v3 [256,128,64] lr1e-4",7
225,0.03670357646067203,0.015295170247554779,1e-06,"MLP v3 [256,128,64] lr1e-4",7
226,0.03780202729678678,0.014855142682790756,1e-06,"MLP v3 [256,128,64] lr1e-4",7
227,0.039561164684188646,0.015073893591761589,1e-06,"MLP v3 [256,128,64] lr1e-4",7
228,0.03870568575209449,0.015102599747478962,1e-06,"MLP v3 [256,128,64] lr1e-4",7
229,0.0369700137832028,0.01590803451836109,1e-06,"MLP v3 [256,128,64] lr1e-4",7
230,0.037690757553084306,0.015304716303944588,1e-06,"MLP v3 [256,128,64] lr1e-4",7
231,0.0369571187071521,0.015210225246846676,1e-06,"MLP v3 [256,128,64] lr1e-4",7
232,0.03637921916727514,0.016792627051472664,1e-06,"MLP v3 [256,128,64] lr1e-4",7
233,0.03617403813830361,0.015499938279390335,1e-06,"MLP v3 [256,128,64] lr1e-4",7
234,0.037307078943066015,0.016072528436779976,1e-06,"MLP v3 [256,128,64] lr1e-4",7
235,0.037432082493176026,0.014722845517098904,1e-06,"MLP v3 [256,128,64] lr1e-4",7
236,0.03816796179476812,0.01535031571984291,1e-06,"MLP v3 [256,128,64] lr1e-4",7
237,0.037075722505372354,0.015277101658284664,1e-06,"MLP v3 [256,128,64] lr1e-4",7
238,0.038047412029266016,0.015286611393094063,1e-06,"MLP v3 [256,128,64] lr1e-4",7
239,0.03751577443227424,0.01558107603341341,1e-06,"MLP v3 [256,128,64] lr1e-4",7
240,0.03781759497424241,0.015094387345016003,1e-06,"MLP v3 [256,128,64] lr1e-4",7
1,0.710714477816364,0.266801655292511,0.0001,"MLP v3 [256,128,64] lr1e-4",2026
2,0.29893213501035787,0.110295370221138,0.0001,"MLP v3 [256,128,64] lr1e-4",2026
3,0.22939083830807858,0.09168820828199387,0.0001,"MLP v3 [256,128,64] lr1e-4",2026
4,0.20335334198938101,0.08362801373004913,0.0001,"MLP v3 [256,128,64] lr1e-4",2026
5,0.1854184908546721,0.07898697257041931,0.0001,"MLP v3 [256,128,64] lr1e-4",2026
6,0.17245023497603285,0.07084500789642334,0.0001,"MLP v3 [256,128,64] lr1e-4",2026
7,0.15758456088594497,0.0660383403301239,0.0001,"MLP v3 [256,128,64] lr1e-4",2026
8,0.14770132890486365,0.06510002166032791,0.0001,"MLP v3 [256,128,64] lr1e-4",2026
9,0.1420758062159759,0.06316985189914703,0.0001,"MLP v3 [256,128,64] lr1e-4",2026
10,0.13266977081633008,0.060783762484788895,0.0001,"MLP v3 [256,128,64] lr1e-4",2026
11,0.1265378561093071,0.05847880616784096,0.0001,"MLP v3 [256,128,64] lr1e-4",2026
12,0.12059434352481292,0.055544041097164154,0.0001,"MLP v3 [256,128,64] lr1e-4",2026
13,0.11580277283402261,0.05565490946173668,0.0001,"MLP v3 [256,128,64] lr1e-4",2026
14,0.10975610074444891,0.052735473960638046,0.0001,"MLP v3 [256,128,64] lr1e-4",2026
15,0.10757537391432391,0.05069580301642418,0.0001,"MLP v3 [256,128,64] lr1e-4",2026
16,0.10316061414040596,0.05087486281991005,0.0001,"MLP v3 [256,128,64] lr1e-4",2026
17,0.10123197866772941,0.04663408547639847,0.0001,"MLP v3 [256,128,64] lr1e-4",2026
18,0.09531472389092611,0.046348683536052704,0.0001,"MLP v3 [256,128,64] lr1e-4",2026
19,0.09435617745273127,0.04887758195400238,0.0001,"MLP v3 [256,128,64] lr1e-4",2026
20,0.08952383766057868,0.04386763274669647,0.0001,"MLP v3 [256,128,64] lr1e-4",2026
21,0.08781180929646949,0.04309111461043358,0.0001,"MLP v3 [256,128,64] lr1e-4",2026
22,0.08516982404389302,0.04169799014925957,0.0001,"MLP v3 [256,128,64] lr1e-4",2026
23,0.0852919307688369,0.04331813380122185,0.0001,"MLP v3 [256,128,64] lr1e-4",2026
24,0.0811545889063298,0.04014411196112633,0.0001,"MLP v3 [256,128,64] lr1e-4",2026
25,0.08330847039241171,0.03966084122657776,0.0001,"MLP v3 [256,128,64] lr1e-4",2026
26,0.07772127479640259,0.03922128304839134,0.0001,"MLP v3 [256,128,64] lr1e-4",2026
27,0.07627024784099436,0.04013880714774132,0.0001,"MLP v3 [256,128,64] lr1e-4",2026
28,0.07524099898455625,0.03870688006281853,0.0001,"MLP v3 [256,128,64] lr1e-4",2026
29,0.07389492229151151,0.03714924305677414,0.0001,"MLP v3 [256,128,64] lr1e-4",2026
30,0.07271300156470122,0.036271125078201294,0.0001,"MLP v3 [256,128,64] lr1e-4",2026
31,0.06989916477906279,0.035204920917749405,0.0001,"MLP v3 [256,128,64] lr1e-4",2026
32,0.07014632712234672,0.033856939524412155,0.0001,"MLP v3 [256,128,64] lr1e-4",2026
33,0.06909357255856044,0.034112509340047836,0.0001,"MLP v3 [256,128,64] lr1e-4",2026
34,0.0669064210462038,0.03402138128876686,0.0001,"MLP v3 [256,128,64] lr1e-4",2026
35,0.0666382652239669,0.03257138282060623,0.0001,"MLP v3 [256,128,64] lr1e-4",2026
36,0.06568552413457984,0.032251182943582535,0.0001,"MLP v3 [256,128,64] lr1e-4",2026
37,0.06466546275242886,0.03177107125520706,0.0001,"MLP v3 [256,128,64] lr1e-4",2026
38,0.06562087764087508,0.03243480995297432,0.0001,"MLP v3 [256,128,64] lr1e-4",2026
39,0.06432286028360298,0.03230106085538864,0.0001,"MLP v3 [256,128,64] lr1e-4",2026
40,0.06292108078524658,0.030220437794923782,0.0001,"MLP v3 [256,128,64] lr1e-4",2026
41,0.061575991992874335,0.029552750289440155,0.0001,"MLP v3 [256,128,64] lr1e-4",2026
42,0.06249284817132288,0.029232917353510857,0.0001,"MLP v3 [256,128,64] lr1e-4",2026
43,0.06270293443214846,0.030067741870880127,0.0001,"MLP v3 [256,128,64] lr1e-4",2026
44,0.05881346659492319,0.029295042157173157,0.0001,"MLP v3 [256,128,64] lr1e-4",2026
45,0.059596552095657264,0.028248334303498268,0.0001,"MLP v3 [256,128,64] lr1e-4",2026
46,0.05848660266933701,0.02755499631166458,0.0001,"MLP v3 [256,128,64] lr1e-4",2026
47,0.057460820870347686,0.028318079188466072,0.0001,"MLP v3 [256,128,64] lr1e-4",2026
48,0.058309027223484466,0.02757001481950283,0.0001,"MLP v3 [256,128,64] lr1e-4",2026
49,0.0577898058853887,0.02773122861981392,0.0001,"MLP v3 [256,128,64] lr1e-4",2026
50,0.055751339771496385,0.026318537071347237,0.0001,"MLP v3 [256,128,64] lr1e-4",2026
51,0.05580931901931763,0.026335278525948524,0.0001,"MLP v3 [256,128,64] lr1e-4",2026
52,0.05499317236830317,0.02704472653567791,0.0001,"MLP v3 [256,128,64] lr1e-4",2026
53,0.05575725029750301,0.025511255487799644,0.0001,"MLP v3 [256,128,64] lr1e-4",2026
54,0.05349631207420319,0.02644425444304943,0.0001,"MLP v3 [256,128,64] lr1e-4",2026
55,0.05300460417584956,0.025407880544662476,0.0001,"MLP v3 [256,128,64] lr1e-4",2026
56,0.05429475302618548,0.02454742230474949,0.0001,"MLP v3 [256,128,64] lr1e-4",2026
57,0.05459746952438775,0.024580445140600204,0.0001,"MLP v3 [256,128,64] lr1e-4",2026
58,0.05262022534984151,0.02539050206542015,0.0001,"MLP v3 [256,128,64] lr1e-4",2026
59,0.05201570491276196,0.024123646318912506,0.0001,"MLP v3 [256,128,64] lr1e-4",2026
60,0.05194835568182855,0.023688456043601036,0.0001,"MLP v3 [256,128,64] lr1e-4",2026
61,0.05346260858203675,0.02368921786546707,0.0001,"MLP v3 [256,128,64] lr1e-4",2026
62,0.04996667046367686,0.02355108968913555,0.0001,"MLP v3 [256,128,64] lr1e-4",2026
63,0.04935658157102475,0.02255440689623356,0.0001,"MLP v3 [256,128,64] lr1e-4",2026
64,0.04960812024613911,0.02267944999039173,0.0001,"MLP v3 [256,128,64] lr1e-4",2026
65,0.05022820541012635,0.022207684814929962,0.0001,"MLP v3 [256,128,64] lr1e-4",2026
66,0.04935270076583846,0.022241881117224693,0.0001,"MLP v3 [256,128,64] lr1e-4",2026
67,0.05131743345747156,0.022854819893836975,0.0001,"MLP v3 [256,128,64] lr1e-4",2026
68,0.04788874361704738,0.02252351865172386,0.0001,"MLP v3 [256,128,64] lr1e-4",2026
69,0.04894307305725428,0.02116023376584053,0.0001,"MLP v3 [256,128,64] lr1e-4",2026
70,0.04852831612820458,0.022847823798656464,0.0001,"MLP v3 [256,128,64] lr1e-4",2026
71,0.04603818061247559,0.021523382514715195,0.0001,"MLP v3 [256,128,64] lr1e-4",2026
72,0.047812727350036624,0.021021228283643723,0.0001,"MLP v3 [256,128,64] lr1e-4",2026
73,0.048112037384315486,0.02080141380429268,0.0001,"MLP v3 [256,128,64] lr1e-4",2026
74,0.046942871625445894,0.020861027762293816,0.0001,"MLP v3 [256,128,64] lr1e-4",2026
75,0.0472351696360559,0.02086278609931469,0.0001,"MLP v3 [256,128,64] lr1e-4",2026
76,0.04578799249837482,0.02061024308204651,0.0001,"MLP v3 [256,128,64] lr1e-4",2026
77,0.047641563907553565,0.020151274278759956,0.0001,"MLP v3 [256,128,64] lr1e-4",2026
78,0.046713577961862325,0.020307863131165504,0.0001,"MLP v3 [256,128,64] lr1e-4",2026
79,0.046758209658165475,0.020310189574956894,0.0001,"MLP v3 [256,128,64] lr1e-4",2026
80,0.045037821217339596,0.020081382244825363,0.0001,"MLP v3 [256,128,64] lr1e-4",2026
81,0.047404485510242636,0.019752176478505135,0.0001,"MLP v3 [256,128,64] lr1e-4",2026
82,0.04489135491659157,0.020155636593699455,0.0001,"MLP v3 [256,128,64] lr1e-4",2026
83,0.045485706234320175,0.01943439245223999,0.0001,"MLP v3 [256,128,64] lr1e-4",2026
84,0.04437842368221249,0.019644157961010933,0.0001,"MLP v3 [256,128,64] lr1e-4",2026
85,0.04456346892611714,0.01948215812444687,0.0001,"MLP v3 [256,128,64] lr1e-4",2026
86,0.044714036569415944,0.0191121157258749,0.0001,"MLP v3 [256,128,64] lr1e-4",2026
87,0.043660298226336165,0.018933691084384918,0.0001,"MLP v3 [256,128,64] lr1e-4",2026
88,0.04368163856723422,0.0192961897701025,0.0001,"MLP v3 [256,128,64] lr1e-4",2026
89,0.044862747714093335,0.01836267113685608,0.0001,"MLP v3 [256,128,64] lr1e-4",2026
90,0.04389019098392587,0.018998682498931885,0.0001,"MLP v3 [256,128,64] lr1e-4",2026
91,0.044779421436401116,0.019178200513124466,0.0001,"MLP v3 [256,128,64] lr1e-4",2026
92,0.04241582432525521,0.01922055333852768,0.0001,"MLP v3 [256,128,64] lr1e-4",2026
93,0.043842531467963276,0.018203020095825195,0.0001,"MLP v3 [256,128,64] lr1e-4",2026
94,0.042635588245626174,0.018534431234002113,0.0001,"MLP v3 [256,128,64] lr1e-4",2026
95,0.04046465393674841,0.01835264079272747,0.0001,"MLP v3 [256,128,64] lr1e-4",2026
96,0.042335340527659575,0.017899371683597565,0.0001,"MLP v3 [256,128,64] lr1e-4",2026
97,0.043310620997145326,0.018022911623120308,0.0001,"MLP v3 [256,128,64] lr1e-4",2026
98,0.042115495777921945,0.017682788893580437,0.0001,"MLP v3 [256,128,64] lr1e-4",2026
99,0.04201933614740663,0.017978839576244354,0.0001,"MLP v3 [256,128,64] lr1e-4",2026
100,0.043170882140611606,0.018205665051937103,0.0001,"MLP v3 [256,128,64] lr1e-4",2026
101,0.041248192756091304,0.017411693930625916,0.0001,"MLP v3 [256,128,64] lr1e-4",2026
102,0.04132471238076866,0.016987739130854607,0.0001,"MLP v3 [256,128,64] lr1e-4",2026
103,0.04205325573815113,0.01865440234541893,0.0001,"MLP v3 [256,128,64] lr1e-4",2026
104,0.04105605884579984,0.017333608120679855,0.0001,"MLP v3 [256,128,64] lr1e-4",2026
105,0.04159260526984361,0.01673232577741146,0.0001,"MLP v3 [256,128,64] lr1e-4",2026
106,0.040771741499605975,0.01739748753607273,0.0001,"MLP v3 [256,128,64] lr1e-4",2026
107,0.0409746105677295,0.016663288697600365,0.0001,"MLP v3 [256,128,64] lr1e-4",2026
108,0.040887575846473435,0.016348710283637047,0.0001,"MLP v3 [256,128,64] lr1e-4",2026
109,0.04052810776085967,0.016169128939509392,0.0001,"MLP v3 [256,128,64] lr1e-4",2026
110,0.040784778514000516,0.017239751294255257,0.0001,"MLP v3 [256,128,64] lr1e-4",2026
111,0.04061161044018975,0.016551557928323746,0.0001,"MLP v3 [256,128,64] lr1e-4",2026
112,0.04059815022781032,0.016645582392811775,0.0001,"MLP v3 [256,128,64] lr1e-4",2026
113,0.03867928741338172,0.016446035355329514,0.0001,"MLP v3 [256,128,64] lr1e-4",2026
114,0.0393848854963031,0.016191663220524788,0.0001,"MLP v3 [256,128,64] lr1e-4",2026
115,0.03948708490023632,0.016696110367774963,0.0001,"MLP v3 [256,128,64] lr1e-4",2026
116,0.04054970957350433,0.01625671051442623,0.0001,"MLP v3 [256,128,64] lr1e-4",2026
117,0.04076516121084072,0.016199447214603424,5e-05,"MLP v3 [256,128,64] lr1e-4",2026
118,0.04027948887422136,0.01623965986073017,5e-05,"MLP v3 [256,128,64] lr1e-4",2026
119,0.03861195304605707,0.015716474503278732,5e-05,"MLP v3 [256,128,64] lr1e-4",2026
120,0.03968846811354697,0.01618731953203678,5e-05,"MLP v3 [256,128,64] lr1e-4",2026
121,0.03944441595402111,0.01593228615820408,5e-05,"MLP v3 [256,128,64] lr1e-4",2026
122,0.03945875050629457,0.016404222697019577,5e-05,"MLP v3 [256,128,64] lr1e-4",2026
123,0.03865901508857963,0.01590971276164055,5e-05,"MLP v3 [256,128,64] lr1e-4",2026
124,0.0384243394033714,0.01582985557615757,5e-05,"MLP v3 [256,128,64] lr1e-4",2026
125,0.0398697263019026,0.015539559535682201,5e-05,"MLP v3 [256,128,64] lr1e-4",2026
126,0.03930467039974357,0.015310858376324177,5e-05,"MLP v3 [256,128,64] lr1e-4",2026
127,0.03857083147670861,0.01602037623524666,5e-05,"MLP v3 [256,128,64] lr1e-4",2026
128,0.03970364710593458,0.015687456354498863,5e-05,"MLP v3 [256,128,64] lr1e-4",2026
129,0.039675296649388674,0.016142887994647026,5e-05,"MLP v3 [256,128,64] lr1e-4",2026
130,0.03866869126346294,0.015996038913726807,5e-05,"MLP v3 [256,128,64] lr1e-4",2026
131,0.039685506807732064,0.015286155045032501,5e-05,"MLP v3 [256,128,64] lr1e-4",2026
132,0.039839700723622834,0.01590699516236782,5e-05,"MLP v3 [256,128,64] lr1e-4",2026
133,0.03951501555684505,0.015496134757995605,5e-05,"MLP v3 [256,128,64] lr1e-4",2026
134,0.03837341539535819,0.014966901391744614,5e-05,"MLP v3 [256,128,64] lr1e-4",2026
135,0.038367428710344646,0.015503454022109509,5e-05,"MLP v3 [256,128,64] lr1e-4",2026
136,0.038370645456717936,0.015164035372436047,5e-05,"MLP v3 [256,128,64] lr1e-4",2026
137,0.03872542643018105,0.015537342056632042,5e-05,"MLP v3 [256,128,64] lr1e-4",2026
138,0.03733082371409037,0.014980307780206203,5e-05,"MLP v3 [256,128,64] lr1e-4",2026
139,0.03751298819051546,0.01470786053687334,5e-05,"MLP v3 [256,128,64] lr1e-4",2026
140,0.03790171901929797,0.015606669709086418,5e-05,"MLP v3 [256,128,64] lr1e-4",2026
141,0.03795547661731742,0.015521380119025707,5e-05,"MLP v3 [256,128,64] lr1e-4",2026
142,0.03937967439455587,0.015348190441727638,5e-05,"MLP v3 [256,128,64] lr1e-4",2026
143,0.03776656936276979,0.015226680785417557,5e-05,"MLP v3 [256,128,64] lr1e-4",2026
144,0.03932196115830158,0.014816724695265293,5e-05,"MLP v3 [256,128,64] lr1e-4",2026
145,0.03905494247902832,0.015490099787712097,5e-05,"MLP v3 [256,128,64] lr1e-4",2026
146,0.03729519315826625,0.01540535967797041,5e-05,"MLP v3 [256,128,64] lr1e-4",2026
147,0.036882538734689906,0.014838656410574913,2.5e-05,"MLP v3 [256,128,64] lr1e-4",2026
148,0.038604999186182085,0.015239193104207516,2.5e-05,"MLP v3 [256,128,64] lr1e-4",2026
149,0.03762507223850837,0.014538501389324665,2.5e-05,"MLP v3 [256,128,64] lr1e-4",2026
150,0.03721601561831281,0.014892964623868465,2.5e-05,"MLP v3 [256,128,64] lr1e-4",2026
151,0.03729026133974002,0.014502513222396374,2.5e-05,"MLP v3 [256,128,64] lr1e-4",2026
152,0.038919806625252795,0.015355350449681282,2.5e-05,"MLP v3 [256,128,64] lr1e-4",2026
153,0.037777513734568044,0.01556338183581829,2.5e-05,"MLP v3 [256,128,64] lr1e-4",2026
154,0.03853376331244799,0.014667161740362644,2.5e-05,"MLP v3 [256,128,64] lr1e-4",2026
155,0.0371313359676454,0.015358730219304562,2.5e-05,"MLP v3 [256,128,64] lr1e-4",2026
156,0.03597575949108659,0.015010889619588852,2.5e-05,"MLP v3 [256,128,64] lr1e-4",2026
157,0.037234541586659814,0.01442198920994997,2.5e-05,"MLP v3 [256,128,64] lr1e-4",2026
158,0.037312077414917225,0.01469999086111784,2.5e-05,"MLP v3 [256,128,64] lr1e-4",2026
159,0.037101573034178575,0.014854993671178818,2.5e-05,"MLP v3 [256,128,64] lr1e-4",2026
160,0.03816548301932778,0.014383828267455101,2.5e-05,"MLP v3 [256,128,64] lr1e-4",2026
161,0.037429598014684165,0.0145243676379323,2.5e-05,"MLP v3 [256,128,64] lr1e-4",2026
162,0.03811224224062637,0.015210808254778385,2.5e-05,"MLP v3 [256,128,64] lr1e-4",2026
163,0.037572045994147554,0.01520609762519598,2.5e-05,"MLP v3 [256,128,64] lr1e-4",2026
164,0.03812452336621502,0.014687406830489635,2.5e-05,"MLP v3 [256,128,64] lr1e-4",2026
165,0.037113449712067426,0.015601539984345436,2.5e-05,"MLP v3 [256,128,64] lr1e-4",2026
166,0.03612594095191849,0.015469980426132679,2.5e-05,"MLP v3 [256,128,64] lr1e-4",2026
167,0.0379145828642458,0.015442000702023506,2.5e-05,"MLP v3 [256,128,64] lr1e-4",2026
168,0.03636053259970975,0.014637813903391361,1.25e-05,"MLP v3 [256,128,64] lr1e-4",2026
169,0.038301353708408495,0.015275856480002403,1.25e-05,"MLP v3 [256,128,64] lr1e-4",2026
170,0.036717372764602484,0.014211486093699932,1.25e-05,"MLP v3 [256,128,64] lr1e-4",2026
171,0.03692297843285687,0.01506787445396185,1.25e-05,"MLP v3 [256,128,64] lr1e-4",2026
172,0.03615469687142092,0.014226694591343403,1.25e-05,"MLP v3 [256,128,64] lr1e-4",2026
173,0.037584429081731895,0.014291602186858654,1.25e-05,"MLP v3 [256,128,64] lr1e-4",2026
174,0.03760926199605968,0.014845447614789009,1.25e-05,"MLP v3 [256,128,64] lr1e-4",2026
175,0.03655919588303832,0.015012546442449093,1.25e-05,"MLP v3 [256,128,64] lr1e-4",2026
176,0.037715654458985184,0.014576999470591545,1.25e-05,"MLP v3 [256,128,64] lr1e-4",2026
177,0.036393258481463166,0.015678593888878822,1.25e-05,"MLP v3 [256,128,64] lr1e-4",2026
178,0.03590756953728238,0.014502009376883507,6.25e-06,"MLP v3 [256,128,64] lr1e-4",2026
179,0.03603826052649287,0.014509462751448154,6.25e-06,"MLP v3 [256,128,64] lr1e-4",2026
180,0.03568009658798541,0.015038455836474895,6.25e-06,"MLP v3 [256,128,64] lr1e-4",2026
181,0.036584809717547774,0.01467431802302599,6.25e-06,"MLP v3 [256,128,64] lr1e-4",2026
182,0.036054753079575876,0.01470762025564909,6.25e-06,"MLP v3 [256,128,64] lr1e-4",2026
183,0.03900790949761474,0.014440733008086681,6.25e-06,"MLP v3 [256,128,64] lr1e-4",2026
184,0.03776087906297896,0.014256835915148258,6.25e-06,"MLP v3 [256,128,64] lr1e-4",2026
185,0.03779350124861919,0.014086688868701458,3.125e-06,"MLP v3 [256,128,64] lr1e-4",2026
186,0.035340835841355396,0.01418315339833498,3.125e-06,"MLP v3 [256,128,64] lr1e-4",2026
187,0.038146323473116195,0.014220329001545906,3.125e-06,"MLP v3 [256,128,64] lr1e-4",2026
188,0.038053516059806336,0.014850527048110962,3.125e-06,"MLP v3 [256,128,64] lr1e-4",2026
189,0.037661144318796504,0.014375400729477406,3.125e-06,"MLP v3 [256,128,64] lr1e-4",2026
190,0.03605523505292276,0.014283334836363792,3.125e-06,"MLP v3 [256,128,64] lr1e-4",2026
191,0.03727339639710762,0.014285854063928127,3.125e-06,"MLP v3 [256,128,64] lr1e-4",2026
192,0.037334861244783246,0.014176996424794197,3.125e-06,"MLP v3 [256,128,64] lr1e-4",2026
193,0.03727128868212895,0.014097032137215137,1.5625e-06,"MLP v3 [256,128,64] lr1e-4",2026
194,0.037359073038817484,0.014281513169407845,1.5625e-06,"MLP v3 [256,128,64] lr1e-4",2026
195,0.03669083332934615,0.01462252251803875,1.5625e-06,"MLP v3 [256,128,64] lr1e-4",2026
196,0.03707650639890165,0.015417205169796944,1.5625e-06,"MLP v3 [256,128,64] lr1e-4",2026
197,0.03631667602889094,0.014370116405189037,1.5625e-06,"MLP v3 [256,128,64] lr1e-4",2026
198,0.03705125955265066,0.014558717608451843,1.5625e-06,"MLP v3 [256,128,64] lr1e-4",2026
199,0.03716091610885576,0.014254684560000896,1.5625e-06,"MLP v3 [256,128,64] lr1e-4",2026
200,0.036314243111224304,0.014246128499507904,1e-06,"MLP v3 [256,128,64] lr1e-4",2026
201,0.036795980382080797,0.014240331947803497,1e-06,"MLP v3 [256,128,64] lr1e-4",2026
202,0.03737248367841513,0.014370812103152275,1e-06,"MLP v3 [256,128,64] lr1e-4",2026
203,0.03733190509974492,0.014531785622239113,1e-06,"MLP v3 [256,128,64] lr1e-4",2026
204,0.036719381545473516,0.014131165109574795,1e-06,"MLP v3 [256,128,64] lr1e-4",2026
205,0.03601748953494836,0.014225438237190247,1e-06,"MLP v3 [256,128,64] lr1e-4",2026
1,0.517541328704144,0.258902907371521,0.001,"MLP v4 [64,32] Δ-target",42
2,0.22382686528841386,0.23144592344760895,0.001,"MLP v4 [64,32] Δ-target",42
3,0.1918231629190161,0.2189306765794754,0.001,"MLP v4 [64,32] Δ-target",42
4,0.17361365211306107,0.2108977884054184,0.001,"MLP v4 [64,32] Δ-target",42
5,0.1615327584200599,0.20806001126766205,0.001,"MLP v4 [64,32] Δ-target",42
6,0.15437320553568334,0.20200735330581665,0.001,"MLP v4 [64,32] Δ-target",42
7,0.14725067842468756,0.202937513589859,0.001,"MLP v4 [64,32] Δ-target",42
8,0.14166198634563423,0.20059148967266083,0.001,"MLP v4 [64,32] Δ-target",42
9,0.13641913939563793,0.2018800973892212,0.001,"MLP v4 [64,32] Δ-target",42
10,0.13411223424803548,0.20261116325855255,0.001,"MLP v4 [64,32] Δ-target",42
11,0.1299743169410581,0.19925253093242645,0.001,"MLP v4 [64,32] Δ-target",42
12,0.12882726016228302,0.19979768991470337,0.001,"MLP v4 [64,32] Δ-target",42
13,0.1240303065302806,0.1978769302368164,0.001,"MLP v4 [64,32] Δ-target",42
14,0.12557827662795043,0.19660110771656036,0.001,"MLP v4 [64,32] Δ-target",42
15,0.12348073087011253,0.19802214205265045,0.001,"MLP v4 [64,32] Δ-target",42
16,0.12012745614177996,0.19339478015899658,0.001,"MLP v4 [64,32] Δ-target",42
17,0.1190800843126674,0.19506919384002686,0.001,"MLP v4 [64,32] Δ-target",42
18,0.11640486239736055,0.1927305907011032,0.001,"MLP v4 [64,32] Δ-target",42
19,0.11800683960792441,0.19599317014217377,0.001,"MLP v4 [64,32] Δ-target",42
20,0.1148957088044264,0.1983633190393448,0.001,"MLP v4 [64,32] Δ-target",42
21,0.11617107564742347,0.1959773600101471,0.001,"MLP v4 [64,32] Δ-target",42
22,0.1125240761750488,0.19720833003520966,0.001,"MLP v4 [64,32] Δ-target",42
23,0.11575621423008318,0.19305773079395294,0.001,"MLP v4 [64,32] Δ-target",42
24,0.11317673460369734,0.19618290662765503,0.001,"MLP v4 [64,32] Δ-target",42
25,0.11168895365882003,0.20007915794849396,0.001,"MLP v4 [64,32] Δ-target",42
26,0.10801874317535472,0.19361835718154907,0.0005,"MLP v4 [64,32] Δ-target",42
27,0.10786061943271189,0.1944412738084793,0.0005,"MLP v4 [64,32] Δ-target",42
28,0.10763584641359955,0.19143608212471008,0.0005,"MLP v4 [64,32] Δ-target",42
29,0.10706322919856769,0.1945757269859314,0.0005,"MLP v4 [64,32] Δ-target",42
30,0.10682155636805211,0.18962983787059784,0.0005,"MLP v4 [64,32] Δ-target",42
31,0.10555826442969542,0.19428704679012299,0.0005,"MLP v4 [64,32] Δ-target",42
32,0.10451683978401827,0.19015613198280334,0.0005,"MLP v4 [64,32] Δ-target",42
33,0.10647804105423456,0.19483797252178192,0.0005,"MLP v4 [64,32] Δ-target",42
34,0.1049226550127183,0.19117440283298492,0.0005,"MLP v4 [64,32] Δ-target",42
35,0.10522489617183603,0.19650235772132874,0.0005,"MLP v4 [64,32] Δ-target",42
36,0.10445586906952345,0.19378694891929626,0.0005,"MLP v4 [64,32] Δ-target",42
37,0.10300292095602395,0.19467690587043762,0.0005,"MLP v4 [64,32] Δ-target",42
38,0.10082868186849285,0.1966276466846466,0.00025,"MLP v4 [64,32] Δ-target",42
39,0.10211644498623534,0.19456236064434052,0.00025,"MLP v4 [64,32] Δ-target",42
40,0.10257761223496731,0.18978360295295715,0.00025,"MLP v4 [64,32] Δ-target",42
41,0.10145619603160706,0.18984286487102509,0.00025,"MLP v4 [64,32] Δ-target",42
42,0.10059372237589012,0.19131308794021606,0.00025,"MLP v4 [64,32] Δ-target",42
43,0.09955166761924221,0.1930672973394394,0.00025,"MLP v4 [64,32] Δ-target",42
44,0.10281081793081656,0.19142718613147736,0.00025,"MLP v4 [64,32] Δ-target",42
45,0.1005990191092443,0.1923643797636032,0.000125,"MLP v4 [64,32] Δ-target",42
46,0.10148226596628734,0.19391238689422607,0.000125,"MLP v4 [64,32] Δ-target",42
47,0.09939869351440957,0.19013571739196777,0.000125,"MLP v4 [64,32] Δ-target",42
48,0.098760177475106,0.19151762127876282,0.000125,"MLP v4 [64,32] Δ-target",42
49,0.09993851058597283,0.19207386672496796,0.000125,"MLP v4 [64,32] Δ-target",42
50,0.09897947419319893,0.19230778515338898,0.000125,"MLP v4 [64,32] Δ-target",42
1,0.6072750030467451,0.28476452827453613,0.001,"MLP v4 [64,32] Δ-target",7
2,0.2360579011950418,0.23210051655769348,0.001,"MLP v4 [64,32] Δ-target",7
3,0.19564691549673324,0.2194085419178009,0.001,"MLP v4 [64,32] Δ-target",7
4,0.17698667205840646,0.2159239500761032,0.001,"MLP v4 [64,32] Δ-target",7
5,0.1647791990112403,0.2087080329656601,0.001,"MLP v4 [64,32] Δ-target",7
6,0.15592963157918407,0.20896829664707184,0.001,"MLP v4 [64,32] Δ-target",7
7,0.15197064344420605,0.20457081496715546,0.001,"MLP v4 [64,32] Δ-target",7
8,0.14466635787364002,0.20395606756210327,0.001,"MLP v4 [64,32] Δ-target",7
9,0.13661420863440496,0.20331108570098877,0.001,"MLP v4 [64,32] Δ-target",7
10,0.1358552859150804,0.20273754000663757,0.001,"MLP v4 [64,32] Δ-target",7
11,0.13660069745041578,0.1984604448080063,0.001,"MLP v4 [64,32] Δ-target",7
12,0.12667810061957016,0.19791100919246674,0.001,"MLP v4 [64,32] Δ-target",7
13,0.13112659924752454,0.19865679740905762,0.001,"MLP v4 [64,32] Δ-target",7
14,0.12655824469329785,0.1934170126914978,0.001,"MLP v4 [64,32] Δ-target",7
15,0.1236251839301916,0.1945798546075821,0.001,"MLP v4 [64,32] Δ-target",7
16,0.12419575320119319,0.20412607491016388,0.001,"MLP v4 [64,32] Δ-target",7
17,0.11840206399322142,0.19494925439357758,0.001,"MLP v4 [64,32] Δ-target",7
18,0.11889609923014245,0.19293905794620514,0.001,"MLP v4 [64,32] Δ-target",7
19,0.12338469734601609,0.19982612133026123,0.001,"MLP v4 [64,32] Δ-target",7
20,0.1174933064751775,0.19368307292461395,0.001,"MLP v4 [64,32] Δ-target",7
21,0.11516465012600595,0.19432736933231354,0.001,"MLP v4 [64,32] Δ-target",7
22,0.11490853176774432,0.19336281716823578,0.001,"MLP v4 [64,32] Δ-target",7
23,0.11245810451516008,0.19419127702713013,0.001,"MLP v4 [64,32] Δ-target",7
24,0.11279514293009446,0.19345727562904358,0.001,"MLP v4 [64,32] Δ-target",7
25,0.11085852654533455,0.1924324780702591,0.001,"MLP v4 [64,32] Δ-target",7
26,0.10884797248171685,0.1973772943019867,0.001,"MLP v4 [64,32] Δ-target",7
27,0.11521982997888336,0.19530998170375824,0.001,"MLP v4 [64,32] Δ-target",7
28,0.11161258089900747,0.19355376064777374,0.001,"MLP v4 [64,32] Δ-target",7
29,0.10956598355870824,0.19215422868728638,0.001,"MLP v4 [64,32] Δ-target",7
30,0.10800851816949647,0.18874475359916687,0.001,"MLP v4 [64,32] Δ-target",7
31,0.10795722258601687,0.19226212799549103,0.001,"MLP v4 [64,32] Δ-target",7
32,0.10946385118585952,0.19023841619491577,0.001,"MLP v4 [64,32] Δ-target",7
33,0.10779488355289712,0.1932506412267685,0.001,"MLP v4 [64,32] Δ-target",7
34,0.10580764871573914,0.19212143123149872,0.001,"MLP v4 [64,32] Δ-target",7
35,0.105753522897831,0.1885966658592224,0.001,"MLP v4 [64,32] Δ-target",7
36,0.10378195749805652,0.1931433230638504,0.001,"MLP v4 [64,32] Δ-target",7
37,0.10420505821322187,0.1950632929801941,0.001,"MLP v4 [64,32] Δ-target",7
38,0.10499149662677543,0.19257888197898865,0.001,"MLP v4 [64,32] Δ-target",7
39,0.10429666766785751,0.18956711888313293,0.001,"MLP v4 [64,32] Δ-target",7
40,0.10146970117323169,0.19172921776771545,0.001,"MLP v4 [64,32] Δ-target",7
41,0.10240417074684363,0.1939219832420349,0.001,"MLP v4 [64,32] Δ-target",7
42,0.10002038437776115,0.18924877047538757,0.001,"MLP v4 [64,32] Δ-target",7
43,0.09672479747073584,0.19122736155986786,0.0005,"MLP v4 [64,32] Δ-target",7
44,0.10021177939574401,0.18908701837062836,0.0005,"MLP v4 [64,32] Δ-target",7
45,0.09808477126334618,0.1869364231824875,0.0005,"MLP v4 [64,32] Δ-target",7
46,0.0964635933406153,0.18811370432376862,0.0005,"MLP v4 [64,32] Δ-target",7
47,0.09534240765462441,0.19412945210933685,0.0005,"MLP v4 [64,32] Δ-target",7
48,0.0966021346005875,0.1878952533006668,0.0005,"MLP v4 [64,32] Δ-target",7
49,0.09614431878627169,0.1928429901599884,0.0005,"MLP v4 [64,32] Δ-target",7
50,0.09547289547446852,0.19010885059833527,0.0005,"MLP v4 [64,32] Δ-target",7
51,0.09443937640891532,0.19199708104133606,0.0005,"MLP v4 [64,32] Δ-target",7
52,0.09467522424444437,0.19112679362297058,0.0005,"MLP v4 [64,32] Δ-target",7
53,0.0946424171805997,0.18955673277378082,0.00025,"MLP v4 [64,32] Δ-target",7
54,0.09229033314640261,0.1907505840063095,0.00025,"MLP v4 [64,32] Δ-target",7
55,0.09310141017667875,0.19018962979316711,0.00025,"MLP v4 [64,32] Δ-target",7
56,0.09356287458492873,0.1896335631608963,0.00025,"MLP v4 [64,32] Δ-target",7
57,0.09435838830008965,0.18963034451007843,0.00025,"MLP v4 [64,32] Δ-target",7
58,0.09218148816791343,0.19060386717319489,0.00025,"MLP v4 [64,32] Δ-target",7
59,0.0940090826691649,0.18894848227500916,0.00025,"MLP v4 [64,32] Δ-target",7
60,0.09241515445949564,0.1890777051448822,0.000125,"MLP v4 [64,32] Δ-target",7
61,0.09270781626059602,0.1912216991186142,0.000125,"MLP v4 [64,32] Δ-target",7
62,0.09406530025925769,0.19124150276184082,0.000125,"MLP v4 [64,32] Δ-target",7
63,0.09274808247325,0.19176706671714783,0.000125,"MLP v4 [64,32] Δ-target",7
64,0.09241873551628162,0.18980185687541962,0.000125,"MLP v4 [64,32] Δ-target",7
65,0.09324709324285319,0.18913686275482178,0.000125,"MLP v4 [64,32] Δ-target",7
1,0.5661428885901659,0.2935124635696411,0.001,"MLP v4 [64,32] Δ-target",2026
2,0.22947014676384403,0.23044157028198242,0.001,"MLP v4 [64,32] Δ-target",2026
3,0.1957957989225636,0.21617421507835388,0.001,"MLP v4 [64,32] Δ-target",2026
4,0.1747886231398219,0.20997481048107147,0.001,"MLP v4 [64,32] Δ-target",2026
5,0.15940279763410548,0.20733720064163208,0.001,"MLP v4 [64,32] Δ-target",2026
6,0.15523486589879015,0.2000919133424759,0.001,"MLP v4 [64,32] Δ-target",2026
7,0.14921065414994758,0.19881318509578705,0.001,"MLP v4 [64,32] Δ-target",2026
8,0.14313461090155644,0.2031305432319641,0.001,"MLP v4 [64,32] Δ-target",2026
9,0.14288337992031033,0.19583247601985931,0.001,"MLP v4 [64,32] Δ-target",2026
10,0.1375736003983254,0.1999085247516632,0.001,"MLP v4 [64,32] Δ-target",2026
11,0.13353722878707983,0.19570976495742798,0.001,"MLP v4 [64,32] Δ-target",2026
12,0.13181304903565713,0.1949591338634491,0.001,"MLP v4 [64,32] Δ-target",2026
13,0.12776638218657133,0.1948547512292862,0.001,"MLP v4 [64,32] Δ-target",2026
14,0.12730036702663775,0.198428213596344,0.001,"MLP v4 [64,32] Δ-target",2026
15,0.12256204900436293,0.20210745930671692,0.001,"MLP v4 [64,32] Δ-target",2026
16,0.12346539864817058,0.19417047500610352,0.001,"MLP v4 [64,32] Δ-target",2026
17,0.1223722378163725,0.19666644930839539,0.001,"MLP v4 [64,32] Δ-target",2026
18,0.12256964660003436,0.19475103914737701,0.001,"MLP v4 [64,32] Δ-target",2026
19,0.11968906141695078,0.19554202258586884,0.001,"MLP v4 [64,32] Δ-target",2026
20,0.1152409900033029,0.19775396585464478,0.001,"MLP v4 [64,32] Δ-target",2026
21,0.1162363994581837,0.19761033356189728,0.001,"MLP v4 [64,32] Δ-target",2026
22,0.11460894754306904,0.19827431440353394,0.001,"MLP v4 [64,32] Δ-target",2026
23,0.11459858980725883,0.19398386776447296,0.001,"MLP v4 [64,32] Δ-target",2026
24,0.11299042523508096,0.19563746452331543,0.001,"MLP v4 [64,32] Δ-target",2026
25,0.1162574316210554,0.19666792452335358,0.001,"MLP v4 [64,32] Δ-target",2026
26,0.11337539067070095,0.1923024207353592,0.001,"MLP v4 [64,32] Δ-target",2026
27,0.11078184909048336,0.19079172611236572,0.001,"MLP v4 [64,32] Δ-target",2026
28,0.11091825676095968,0.19414368271827698,0.001,"MLP v4 [64,32] Δ-target",2026
29,0.10919590400938482,0.19557605683803558,0.001,"MLP v4 [64,32] Δ-target",2026
30,0.10969966023598887,0.19484639167785645,0.001,"MLP v4 [64,32] Δ-target",2026
31,0.10929368939717878,0.1917375922203064,0.001,"MLP v4 [64,32] Δ-target",2026
32,0.10803633041704,0.1918424665927887,0.001,"MLP v4 [64,32] Δ-target",2026
33,0.11061333760227546,0.19328750669956207,0.001,"MLP v4 [64,32] Δ-target",2026
34,0.10724456213100839,0.19565869867801666,0.001,"MLP v4 [64,32] Δ-target",2026
35,0.10491441892651998,0.1918172538280487,0.0005,"MLP v4 [64,32] Δ-target",2026
36,0.10375961965334654,0.19275282323360443,0.0005,"MLP v4 [64,32] Δ-target",2026
37,0.10416315054816243,0.19018398225307465,0.0005,"MLP v4 [64,32] Δ-target",2026
38,0.10419361921514367,0.18820807337760925,0.0005,"MLP v4 [64,32] Δ-target",2026
39,0.1048408222773575,0.18932518362998962,0.0005,"MLP v4 [64,32] Δ-target",2026
40,0.10369629637756998,0.18920408189296722,0.0005,"MLP v4 [64,32] Δ-target",2026
41,0.10259395107836136,0.190654918551445,0.0005,"MLP v4 [64,32] Δ-target",2026
42,0.10219873944479607,0.18981768190860748,0.0005,"MLP v4 [64,32] Δ-target",2026
43,0.10011116705757078,0.1913795918226242,0.0005,"MLP v4 [64,32] Δ-target",2026
44,0.10368941717684005,0.18845582008361816,0.0005,"MLP v4 [64,32] Δ-target",2026
45,0.10233027856096448,0.19221924245357513,0.0005,"MLP v4 [64,32] Δ-target",2026
46,0.10143165553759144,0.18754519522190094,0.00025,"MLP v4 [64,32] Δ-target",2026
47,0.10165504955553742,0.18897219002246857,0.00025,"MLP v4 [64,32] Δ-target",2026
48,0.09982432614751299,0.18931809067726135,0.00025,"MLP v4 [64,32] Δ-target",2026
49,0.10026900884942906,0.18909238278865814,0.00025,"MLP v4 [64,32] Δ-target",2026
50,0.09837345091017385,0.19136537611484528,0.00025,"MLP v4 [64,32] Δ-target",2026
51,0.09940162359716855,0.19177468121051788,0.00025,"MLP v4 [64,32] Δ-target",2026
52,0.10101969431127719,0.18962959945201874,0.00025,"MLP v4 [64,32] Δ-target",2026
53,0.09835580135649255,0.19189594686031342,0.00025,"MLP v4 [64,32] Δ-target",2026
54,0.09819109951206634,0.188954159617424,0.000125,"MLP v4 [64,32] Δ-target",2026
55,0.09671111700129398,0.18900136649608612,0.000125,"MLP v4 [64,32] Δ-target",2026
56,0.09832985384630497,0.1905176192522049,0.000125,"MLP v4 [64,32] Δ-target",2026
57,0.09899098368970255,0.18923839926719666,0.000125,"MLP v4 [64,32] Δ-target",2026
58,0.09757466363181562,0.18890449404716492,0.000125,"MLP v4 [64,32] Δ-target",2026
59,0.09566299867729429,0.18932834267616272,0.000125,"MLP v4 [64,32] Δ-target",2026
60,0.09700073133610912,0.19116823375225067,0.000125,"MLP v4 [64,32] Δ-target",2026
61,0.09782329980464138,0.18779027462005615,6.25e-05,"MLP v4 [64,32] Δ-target",2026
62,0.09847343398051775,0.18919619917869568,6.25e-05,"MLP v4 [64,32] Δ-target",2026
63,0.096664387442607,0.18785402178764343,6.25e-05,"MLP v4 [64,32] Δ-target",2026
64,0.09533936265964661,0.18935684859752655,6.25e-05,"MLP v4 [64,32] Δ-target",2026
65,0.09626633532727077,0.18970485031604767,6.25e-05,"MLP v4 [64,32] Δ-target",2026
66,0.09623981502452962,0.1927465796470642,6.25e-05,"MLP v4 [64,32] Δ-target",2026
